solid Default
  facet normal 1.304383e-14 -9.993908e-01 -3.489950e-02
    outer loop
      vertex 3.898776e+01 -4.826000e+01 1.041400e+01
      vertex 3.967359e+01 -4.796375e+01 1.930614e+00
      vertex 4.000280e+01 -4.800334e+01 3.064194e+00
    endloop
  endfacet
  facet normal 3.770306e-01 -9.153342e-01 -1.414613e-01
    outer loop
      vertex 4.054095e+01 -4.777998e+01 3.053201e+00
      vertex 4.000280e+01 -4.800334e+01 3.064194e+00
      vertex 3.967359e+01 -4.796375e+01 1.930614e+00
    endloop
  endfacet
  facet normal -1.138422e-16 -9.993908e-01 -3.489950e-02
    outer loop
      vertex 4.025946e+01 -4.826000e+01 1.041400e+01
      vertex 3.898776e+01 -4.826000e+01 1.041400e+01
      vertex 4.000280e+01 -4.800334e+01 3.064194e+00
    endloop
  endfacet
  facet normal 3.821593e-01 -9.229718e-01 -4.557618e-02
    outer loop
      vertex 4.054095e+01 -4.777998e+01 3.053201e+00
      vertex 4.025946e+01 -4.826000e+01 1.041400e+01
      vertex 4.000280e+01 -4.800334e+01 3.064194e+00
    endloop
  endfacet
  facet normal -1.061887e-14 -9.993908e-01 -3.489950e-02
    outer loop
      vertex 3.898776e+01 -4.826000e+01 1.041400e+01
      vertex 3.926392e+01 -4.794555e+01 1.409240e+00
      vertex 3.967359e+01 -4.796375e+01 1.930614e+00
    endloop
  endfacet
  facet normal 2.996845e-01 -9.157809e-01 -2.674593e-01
    outer loop
      vertex 4.011261e+01 -4.772999e+01 1.622126e+00
      vertex 3.967359e+01 -4.796375e+01 1.930614e+00
      vertex 3.926392e+01 -4.794555e+01 1.409240e+00
    endloop
  endfacet
  facet normal 3.827938e-01 -9.121545e-01 -1.464347e-01
    outer loop
      vertex 4.011261e+01 -4.772999e+01 1.622126e+00
      vertex 4.054095e+01 -4.777998e+01 3.053201e+00
      vertex 3.967359e+01 -4.796375e+01 1.930614e+00
    endloop
  endfacet
  facet normal 5.839281e-16 -9.993908e-01 -3.489950e-02
    outer loop
      vertex 3.873358e+01 -4.800582e+01 3.135109e+00
      vertex 3.872995e+01 -4.793202e+01 1.021725e+00
      vertex 3.926392e+01 -4.794555e+01 1.409240e+00
    endloop
  endfacet
  facet normal 2.235578e-01 -9.134866e-01 -3.399473e-01
    outer loop
      vertex 3.903733e+01 -4.769372e+01 5.835422e-01
      vertex 3.926392e+01 -4.794555e+01 1.409240e+00
      vertex 3.872995e+01 -4.793202e+01 1.021725e+00
    endloop
  endfacet
  facet normal 2.162708e-15 -9.993908e-01 -3.489950e-02
    outer loop
      vertex 3.898776e+01 -4.826000e+01 1.041400e+01
      vertex 3.873358e+01 -4.800582e+01 3.135109e+00
      vertex 3.926392e+01 -4.794555e+01 1.409240e+00
    endloop
  endfacet
  facet normal 3.127456e-01 -8.811766e-01 -3.545676e-01
    outer loop
      vertex 3.903733e+01 -4.769372e+01 5.835422e-01
      vertex 4.011261e+01 -4.772999e+01 1.622126e+00
      vertex 3.926392e+01 -4.794555e+01 1.409240e+00
    endloop
  endfacet
  facet normal -1.919021e-15 -9.993908e-01 -3.489950e-02
    outer loop
      vertex 3.759127e+01 -4.796730e+01 2.032000e+00
      vertex 3.759127e+01 -4.792202e+01 7.354066e-01
      vertex 3.872995e+01 -4.793202e+01 1.021725e+00
    endloop
  endfacet
  facet normal 9.806359e-02 -9.015220e-01 -4.214754e-01
    outer loop
      vertex 3.903733e+01 -4.769372e+01 5.835422e-01
      vertex 3.872995e+01 -4.793202e+01 1.021725e+00
      vertex 3.759127e+01 -4.792202e+01 7.354066e-01
    endloop
  endfacet
  facet normal -4.198525e-15 -9.993908e-01 -3.489950e-02
    outer loop
      vertex 3.838530e+01 -4.797850e+01 2.352827e+00
      vertex 3.759127e+01 -4.796730e+01 2.032000e+00
      vertex 3.872995e+01 -4.793202e+01 1.021725e+00
    endloop
  endfacet
  facet normal 9.348997e-15 -9.993908e-01 -3.489950e-02
    outer loop
      vertex 3.873358e+01 -4.800582e+01 3.135109e+00
      vertex 3.838530e+01 -4.797850e+01 2.352827e+00
      vertex 3.872995e+01 -4.793202e+01 1.021725e+00
    endloop
  endfacet
  facet normal -1.138422e-16 -9.993908e-01 -3.489950e-02
    outer loop
      vertex -3.759127e+01 -4.796730e+01 2.032000e+00
      vertex -3.759127e+01 -4.792202e+01 7.354066e-01
      vertex 3.759127e+01 -4.792202e+01 7.354066e-01
    endloop
  endfacet
  facet normal -1.225530e-17 -9.135454e-01 -4.067366e-01
    outer loop
      vertex -3.759127e+01 -4.768981e+01 2.138632e-01
      vertex 3.759127e+01 -4.792202e+01 7.354066e-01
      vertex -3.759127e+01 -4.792202e+01 7.354066e-01
    endloop
  endfacet
  facet normal -1.138422e-16 -9.993908e-01 -3.489950e-02
    outer loop
      vertex 3.759127e+01 -4.796730e+01 2.032000e+00
      vertex -3.759127e+01 -4.796730e+01 2.032000e+00
      vertex 3.759127e+01 -4.792202e+01 7.354066e-01
    endloop
  endfacet
  facet normal 1.009912e-01 -9.088763e-01 -4.046537e-01
    outer loop
      vertex 3.759127e+01 -4.768981e+01 2.138670e-01
      vertex 3.903733e+01 -4.769372e+01 5.835422e-01
      vertex 3.759127e+01 -4.792202e+01 7.354066e-01
    endloop
  endfacet
  facet normal -2.846646e-08 -9.135470e-01 -4.067332e-01
    outer loop
      vertex -3.759127e+01 -4.768981e+01 2.138632e-01
      vertex 3.759127e+01 -4.768981e+01 2.138670e-01
      vertex 3.759127e+01 -4.792202e+01 7.354066e-01
    endloop
  endfacet
  facet normal 2.105323e-15 -9.993908e-01 -3.489950e-02
    outer loop
      vertex -3.838520e+01 -4.797849e+01 2.352727e+00
      vertex -3.871690e+01 -4.793177e+01 1.014817e+00
      vertex -3.759127e+01 -4.792202e+01 7.354066e-01
    endloop
  endfacet
  facet normal -9.264373e-02 -9.096166e-01 -4.049874e-01
    outer loop
      vertex -3.759127e+01 -4.768981e+01 2.138632e-01
      vertex -3.759127e+01 -4.792202e+01 7.354066e-01
      vertex -3.871690e+01 -4.793177e+01 1.014817e+00
    endloop
  endfacet
  facet normal -1.477969e-16 -9.993908e-01 -3.489950e-02
    outer loop
      vertex -3.759127e+01 -4.796730e+01 2.032000e+00
      vertex -3.838520e+01 -4.797849e+01 2.352727e+00
      vertex -3.759127e+01 -4.792202e+01 7.354066e-01
    endloop
  endfacet
  facet normal -7.718116e-15 -9.993908e-01 -3.489950e-02
    outer loop
      vertex -3.898776e+01 -4.826000e+01 1.041400e+01
      vertex -3.925219e+01 -4.794516e+01 1.398035e+00
      vertex -3.871690e+01 -4.793177e+01 1.014817e+00
    endloop
  endfacet
  facet normal -2.208541e-01 -9.139724e-01 -3.404084e-01
    outer loop
      vertex -3.903725e+01 -4.769372e+01 5.835006e-01
      vertex -3.871690e+01 -4.793177e+01 1.014817e+00
      vertex -3.925219e+01 -4.794516e+01 1.398035e+00
    endloop
  endfacet
  facet normal -1.752434e-14 -9.993908e-01 -3.489950e-02
    outer loop
      vertex -3.873358e+01 -4.800582e+01 3.135109e+00
      vertex -3.898776e+01 -4.826000e+01 1.041400e+01
      vertex -3.871690e+01 -4.793177e+01 1.014817e+00
    endloop
  endfacet
  facet normal 2.300661e-15 -9.993908e-01 -3.489950e-02
    outer loop
      vertex -3.838520e+01 -4.797849e+01 2.352727e+00
      vertex -3.873358e+01 -4.800582e+01 3.135109e+00
      vertex -3.871690e+01 -4.793177e+01 1.014817e+00
    endloop
  endfacet
  facet normal -7.797776e-01 5.178307e-01 3.518497e-01
    outer loop
      vertex -3.932874e+01 -3.629501e+01 1.787389e+01
      vertex -3.939861e+01 -3.629297e+01 1.771603e+01
      vertex -3.947000e+01 -3.640089e+01 1.771664e+01
    endloop
  endfacet
  facet normal -1.048561e-01 -9.015760e-01 -4.197211e-01
    outer loop
      vertex -3.903725e+01 -4.769372e+01 5.835006e-01
      vertex -3.759127e+01 -4.768981e+01 2.138632e-01
      vertex -3.871690e+01 -4.793177e+01 1.014817e+00
    endloop
  endfacet
  facet normal 2.795927e-14 -9.993908e-01 -3.489950e-02
    outer loop
      vertex -4.025946e+01 -4.826000e+01 1.041400e+01
      vertex -3.966597e+01 -4.796330e+01 1.917616e+00
      vertex -3.925219e+01 -4.794516e+01 1.398035e+00
    endloop
  endfacet
  facet normal -2.992198e-01 -9.151137e-01 -2.702487e-01
    outer loop
      vertex -4.011256e+01 -4.772999e+01 1.622045e+00
      vertex -3.925219e+01 -4.794516e+01 1.398035e+00
      vertex -3.966597e+01 -4.796330e+01 1.917616e+00
    endloop
  endfacet
  facet normal -1.138422e-16 -9.993908e-01 -3.489950e-02
    outer loop
      vertex -3.898776e+01 -4.826000e+01 1.041400e+01
      vertex -4.025946e+01 -4.826000e+01 1.041400e+01
      vertex -3.925219e+01 -4.794516e+01 1.398035e+00
    endloop
  endfacet
  facet normal -3.126850e-01 -8.812138e-01 -3.545280e-01
    outer loop
      vertex -4.011256e+01 -4.772999e+01 1.622045e+00
      vertex -3.903725e+01 -4.769372e+01 5.835006e-01
      vertex -3.925219e+01 -4.794516e+01 1.398035e+00
    endloop
  endfacet
  facet normal -2.805840e-14 -9.993908e-01 -3.489950e-02
    outer loop
      vertex -4.025946e+01 -4.826000e+01 1.041400e+01
      vertex -4.000280e+01 -4.800334e+01 3.064194e+00
      vertex -3.966597e+01 -4.796330e+01 1.917616e+00
    endloop
  endfacet
  facet normal -3.816711e-01 -9.130109e-01 -1.440079e-01
    outer loop
      vertex -4.011256e+01 -4.772999e+01 1.622045e+00
      vertex -3.966597e+01 -4.796330e+01 1.917616e+00
      vertex -4.000280e+01 -4.800334e+01 3.064194e+00
    endloop
  endfacet
  facet normal -3.821757e-01 -9.229650e-01 -4.557652e-02
    outer loop
      vertex -4.079776e+01 -4.803711e+01 1.041400e+01
      vertex -4.000280e+01 -4.800334e+01 3.064194e+00
      vertex -4.025946e+01 -4.826000e+01 1.041400e+01
    endloop
  endfacet
  facet normal -3.821566e-01 -9.229730e-01 -4.557449e-02
    outer loop
      vertex -4.054095e+01 -4.777998e+01 3.053201e+00
      vertex -4.000280e+01 -4.800334e+01 3.064194e+00
      vertex -4.079776e+01 -4.803711e+01 1.041400e+01
    endloop
  endfacet
  facet normal -3.767888e-01 -9.149208e-01 -1.447416e-01
    outer loop
      vertex -4.054095e+01 -4.777998e+01 3.053201e+00
      vertex -4.011256e+01 -4.772999e+01 1.622045e+00
      vertex -4.000280e+01 -4.800334e+01 3.064194e+00
    endloop
  endfacet
  facet normal -2.449294e-16 3.061617e-16 1.000000e+00
    outer loop
      vertex -3.898776e+01 -4.775169e+01 1.041400e+01
      vertex -4.025946e+01 -4.826000e+01 1.041400e+01
      vertex -3.898776e+01 -4.826000e+01 1.041400e+01
    endloop
  endfacet
  facet normal -2.449294e-16 3.061617e-16 1.000000e+00
    outer loop
      vertex -4.079776e+01 -4.803711e+01 1.041400e+01
      vertex -4.025946e+01 -4.826000e+01 1.041400e+01
      vertex -3.898776e+01 -4.775169e+01 1.041400e+01
    endloop
  endfacet
  facet normal 9.993908e-01 -1.117052e-16 3.489950e-02
    outer loop
      vertex -3.898776e+01 -4.775169e+01 1.041400e+01
      vertex -3.898776e+01 -4.826000e+01 1.041400e+01
      vertex -3.873358e+01 -4.800582e+01 3.135109e+00
    endloop
  endfacet
  facet normal 9.135281e-01 -8.995015e-15 4.067757e-01
    outer loop
      vertex -3.873358e+01 -4.749750e+01 3.135109e+00
      vertex -3.873358e+01 -4.800582e+01 3.135109e+00
      vertex -3.838520e+01 -4.797849e+01 2.352727e+00
    endloop
  endfacet
  facet normal 9.993908e-01 -1.110361e-14 3.489950e-02
    outer loop
      vertex -3.873358e+01 -4.749750e+01 3.135109e+00
      vertex -3.898776e+01 -4.775169e+01 1.041400e+01
      vertex -3.873358e+01 -4.800582e+01 3.135109e+00
    endloop
  endfacet
  facet normal 3.745670e-01 2.380019e-16 9.271998e-01
    outer loop
      vertex -3.838520e+01 -4.747019e+01 2.352727e+00
      vertex -3.838520e+01 -4.797849e+01 2.352727e+00
      vertex -3.759127e+01 -4.796730e+01 2.032000e+00
    endloop
  endfacet
  facet normal 9.135281e-01 1.266420e-17 4.067757e-01
    outer loop
      vertex -3.873358e+01 -4.749750e+01 3.135109e+00
      vertex -3.838520e+01 -4.797849e+01 2.352727e+00
      vertex -3.838520e+01 -4.747019e+01 2.352727e+00
    endloop
  endfacet
  facet normal -2.449294e-16 3.061617e-16 1.000000e+00
    outer loop
      vertex -3.759127e+01 -4.745898e+01 2.032000e+00
      vertex -3.759127e+01 -4.796730e+01 2.032000e+00
      vertex 3.759127e+01 -4.796730e+01 2.032000e+00
    endloop
  endfacet
  facet normal 3.745670e-01 2.380019e-16 9.271998e-01
    outer loop
      vertex -3.838520e+01 -4.747019e+01 2.352727e+00
      vertex -3.759127e+01 -4.796730e+01 2.032000e+00
      vertex -3.759127e+01 -4.745898e+01 2.032000e+00
    endloop
  endfacet
  facet normal -3.746257e-01 8.643037e-15 9.271762e-01
    outer loop
      vertex 3.759127e+01 -4.745898e+01 2.032000e+00
      vertex 3.759127e+01 -4.796730e+01 2.032000e+00
      vertex 3.838530e+01 -4.797850e+01 2.352827e+00
    endloop
  endfacet
  facet normal -2.449294e-16 3.061617e-16 1.000000e+00
    outer loop
      vertex -3.759127e+01 -4.745898e+01 2.032000e+00
      vertex 3.759127e+01 -4.796730e+01 2.032000e+00
      vertex 3.759127e+01 -4.745898e+01 2.032000e+00
    endloop
  endfacet
  facet normal -9.135538e-01 2.363995e-16 4.067179e-01
    outer loop
      vertex 3.838530e+01 -4.747019e+01 2.352827e+00
      vertex 3.838530e+01 -4.797850e+01 2.352827e+00
      vertex 3.873358e+01 -4.800582e+01 3.135109e+00
    endloop
  endfacet
  facet normal -3.746257e-01 3.297443e-16 9.271762e-01
    outer loop
      vertex 3.759127e+01 -4.745898e+01 2.032000e+00
      vertex 3.838530e+01 -4.797850e+01 2.352827e+00
      vertex 3.838530e+01 -4.747019e+01 2.352827e+00
    endloop
  endfacet
  facet normal -9.993908e-01 3.626841e-17 3.489950e-02
    outer loop
      vertex 3.873358e+01 -4.749750e+01 3.135109e+00
      vertex 3.873358e+01 -4.800582e+01 3.135109e+00
      vertex 3.898776e+01 -4.826000e+01 1.041400e+01
    endloop
  endfacet
  facet normal -9.135538e-01 -8.885106e-16 4.067179e-01
    outer loop
      vertex 3.838530e+01 -4.747019e+01 2.352827e+00
      vertex 3.873358e+01 -4.800582e+01 3.135109e+00
      vertex 3.873358e+01 -4.749750e+01 3.135109e+00
    endloop
  endfacet
  facet normal -2.449294e-16 3.061617e-16 1.000000e+00
    outer loop
      vertex 4.079776e+01 -4.803711e+01 1.041400e+01
      vertex 3.898776e+01 -4.826000e+01 1.041400e+01
      vertex 4.025946e+01 -4.826000e+01 1.041400e+01
    endloop
  endfacet
  facet normal -9.993908e-01 1.330750e-16 3.489950e-02
    outer loop
      vertex 3.873358e+01 -4.749750e+01 3.135109e+00
      vertex 3.898776e+01 -4.826000e+01 1.041400e+01
      vertex 3.898776e+01 -4.775169e+01 1.041400e+01
    endloop
  endfacet
  facet normal -2.449294e-16 3.061617e-16 1.000000e+00
    outer loop
      vertex 4.079776e+01 -4.803711e+01 1.041400e+01
      vertex 3.898776e+01 -4.775169e+01 1.041400e+01
      vertex 3.898776e+01 -4.826000e+01 1.041400e+01
    endloop
  endfacet
  facet normal 3.821758e-01 -9.229652e-01 -4.557512e-02
    outer loop
      vertex 4.054095e+01 -4.777998e+01 3.053201e+00
      vertex 4.079776e+01 -4.803711e+01 1.041400e+01
      vertex 4.025946e+01 -4.826000e+01 1.041400e+01
    endloop
  endfacet
  facet normal -1.138422e-16 -9.993908e-01 -3.489950e-02
    outer loop
      vertex 3.873358e+01 -4.749750e+01 3.135109e+00
      vertex 3.898776e+01 -4.775169e+01 1.041400e+01
      vertex -3.898776e+01 -4.775169e+01 1.041400e+01
    endloop
  endfacet
  facet normal -2.449294e-16 3.061617e-16 1.000000e+00
    outer loop
      vertex 4.102100e+01 -4.749847e+01 1.041400e+01
      vertex -3.898776e+01 -4.775169e+01 1.041400e+01
      vertex 3.898776e+01 -4.775169e+01 1.041400e+01
    endloop
  endfacet
  facet normal -1.076859e-15 -9.993908e-01 -3.489950e-02
    outer loop
      vertex 3.838530e+01 -4.747019e+01 2.352827e+00
      vertex 3.873358e+01 -4.749750e+01 3.135109e+00
      vertex -3.898776e+01 -4.775169e+01 1.041400e+01
    endloop
  endfacet
  facet normal -1.202475e-15 -9.993908e-01 -3.489950e-02
    outer loop
      vertex 3.759127e+01 -4.745898e+01 2.032000e+00
      vertex 3.838530e+01 -4.747019e+01 2.352827e+00
      vertex -3.898776e+01 -4.775169e+01 1.041400e+01
    endloop
  endfacet
  facet normal -1.138422e-16 -9.993908e-01 -3.489950e-02
    outer loop
      vertex -3.759127e+01 -4.745898e+01 2.032000e+00
      vertex 3.759127e+01 -4.745898e+01 2.032000e+00
      vertex -3.898776e+01 -4.775169e+01 1.041400e+01
    endloop
  endfacet
  facet normal 1.505997e-14 -9.993908e-01 -3.489950e-02
    outer loop
      vertex -3.838520e+01 -4.747019e+01 2.352727e+00
      vertex -3.759127e+01 -4.745898e+01 2.032000e+00
      vertex -3.898776e+01 -4.775169e+01 1.041400e+01
    endloop
  endfacet
  facet normal 3.774887e-15 -9.993908e-01 -3.489950e-02
    outer loop
      vertex -3.873358e+01 -4.749750e+01 3.135109e+00
      vertex -3.838520e+01 -4.747019e+01 2.352727e+00
      vertex -3.898776e+01 -4.775169e+01 1.041400e+01
    endloop
  endfacet
  facet normal -2.449294e-16 3.061617e-16 1.000000e+00
    outer loop
      vertex -4.102100e+01 -4.749847e+01 1.041400e+01
      vertex -3.898776e+01 -4.775169e+01 1.041400e+01
      vertex 4.102100e+01 -4.749847e+01 1.041400e+01
    endloop
  endfacet
  facet normal -2.449294e-16 3.061617e-16 1.000000e+00
    outer loop
      vertex -4.102100e+01 -4.749847e+01 1.041400e+01
      vertex -4.079776e+01 -4.803711e+01 1.041400e+01
      vertex -3.898776e+01 -4.775169e+01 1.041400e+01
    endloop
  endfacet
  facet normal -2.449294e-16 3.061617e-16 1.000000e+00
    outer loop
      vertex 4.079776e+01 -4.803711e+01 1.041400e+01
      vertex 4.102100e+01 -4.749847e+01 1.041400e+01
      vertex 3.898776e+01 -4.775169e+01 1.041400e+01
    endloop
  endfacet
  facet normal 9.993908e-01 -1.330750e-16 -3.489950e-02
    outer loop
      vertex 4.076434e+01 4.724180e+01 3.064194e+00
      vertex 4.102100e+01 -4.749847e+01 1.041400e+01
      vertex 4.076434e+01 -4.724180e+01 3.064194e+00
    endloop
  endfacet
  facet normal 9.228429e-01 -3.824699e-01 -4.558253e-02
    outer loop
      vertex 4.079776e+01 -4.803711e+01 1.041400e+01
      vertex 4.076434e+01 -4.724180e+01 3.064194e+00
      vertex 4.102100e+01 -4.749847e+01 1.041400e+01
    endloop
  endfacet
  facet normal 9.604096e-01 -2.029104e-16 -2.785918e-01
    outer loop
      vertex 4.033109e+01 -4.720218e+01 1.570620e+00
      vertex 4.076434e+01 4.724180e+01 3.064194e+00
      vertex 4.076434e+01 -4.724180e+01 3.064194e+00
    endloop
  endfacet
  facet normal 9.229643e-01 -3.821805e-01 -4.555175e-02
    outer loop
      vertex 4.054095e+01 -4.777998e+01 3.053201e+00
      vertex 4.076434e+01 -4.724180e+01 3.064194e+00
      vertex 4.079776e+01 -4.803711e+01 1.041400e+01
    endloop
  endfacet
  facet normal 8.812376e-01 -3.907293e-01 -2.659904e-01
    outer loop
      vertex 4.011261e+01 -4.772999e+01 1.622126e+00
      vertex 4.033109e+01 -4.720218e+01 1.570620e+00
      vertex 4.076434e+01 -4.724180e+01 3.064194e+00
    endloop
  endfacet
  facet normal 8.889829e-01 -3.633115e-01 -2.787726e-01
    outer loop
      vertex 4.011261e+01 -4.772999e+01 1.622126e+00
      vertex 4.076434e+01 -4.724180e+01 3.064194e+00
      vertex 4.054095e+01 -4.777998e+01 3.053201e+00
    endloop
  endfacet
  facet normal 9.993908e-01 -1.330750e-16 -3.489950e-02
    outer loop
      vertex 4.076434e+01 4.724180e+01 3.064194e+00
      vertex 4.102100e+01 4.749846e+01 1.041400e+01
      vertex 4.102100e+01 -4.749847e+01 1.041400e+01
    endloop
  endfacet
  facet normal -2.449294e-16 3.061617e-16 1.000000e+00
    outer loop
      vertex 3.974945e+01 -4.667114e+01 1.041400e+01
      vertex 4.102100e+01 -4.749847e+01 1.041400e+01
      vertex 4.102100e+01 4.749846e+01 1.041400e+01
    endloop
  endfacet
  facet normal -2.449294e-16 3.061617e-16 1.000000e+00
    outer loop
      vertex 3.943214e+01 -4.698845e+01 1.041400e+01
      vertex -4.102100e+01 -4.749847e+01 1.041400e+01
      vertex 4.102100e+01 -4.749847e+01 1.041400e+01
    endloop
  endfacet
  facet normal -2.449294e-16 3.061617e-16 1.000000e+00
    outer loop
      vertex 3.955320e+01 -4.696447e+01 1.041400e+01
      vertex 3.943214e+01 -4.698845e+01 1.041400e+01
      vertex 4.102100e+01 -4.749847e+01 1.041400e+01
    endloop
  endfacet
  facet normal -2.449294e-16 3.061617e-16 1.000000e+00
    outer loop
      vertex 3.965701e+01 -4.689506e+01 1.041400e+01
      vertex 3.955320e+01 -4.696447e+01 1.041400e+01
      vertex 4.102100e+01 -4.749847e+01 1.041400e+01
    endloop
  endfacet
  facet normal -2.449294e-16 3.061617e-16 1.000000e+00
    outer loop
      vertex 3.974945e+01 -4.667114e+01 1.041400e+01
      vertex 3.965701e+01 -4.689506e+01 1.041400e+01
      vertex 4.102100e+01 -4.749847e+01 1.041400e+01
    endloop
  endfacet
  facet normal 9.229635e-01 3.821794e-01 -4.557659e-02
    outer loop
      vertex 4.054095e+01 4.777997e+01 3.053201e+00
      vertex 4.102100e+01 4.749846e+01 1.041400e+01
      vertex 4.076434e+01 4.724180e+01 3.064194e+00
    endloop
  endfacet
  facet normal -2.449294e-16 3.061617e-16 1.000000e+00
    outer loop
      vertex 3.974945e+01 4.160675e+01 1.041400e+01
      vertex 3.974945e+01 -4.667114e+01 1.041400e+01
      vertex 4.102100e+01 4.749846e+01 1.041400e+01
    endloop
  endfacet
  facet normal -2.449294e-16 3.061617e-16 1.000000e+00
    outer loop
      vertex 3.847837e+01 4.160675e+01 1.041400e+01
      vertex 3.974945e+01 4.160675e+01 1.041400e+01
      vertex 4.102100e+01 4.749846e+01 1.041400e+01
    endloop
  endfacet
  facet normal -2.449294e-16 3.061617e-16 1.000000e+00
    outer loop
      vertex 3.837424e+01 4.182165e+01 1.041400e+01
      vertex 3.847837e+01 4.160675e+01 1.041400e+01
      vertex 4.102100e+01 4.749846e+01 1.041400e+01
    endloop
  endfacet
  facet normal -2.449294e-16 3.061617e-16 1.000000e+00
    outer loop
      vertex 3.814945e+01 4.191000e+01 1.041400e+01
      vertex 3.837424e+01 4.182165e+01 1.041400e+01
      vertex 4.102100e+01 4.749846e+01 1.041400e+01
    endloop
  endfacet
  facet normal -2.449294e-16 3.061617e-16 1.000000e+00
    outer loop
      vertex 3.721100e+01 4.191000e+01 1.041400e+01
      vertex 3.814945e+01 4.191000e+01 1.041400e+01
      vertex 4.102100e+01 4.749846e+01 1.041400e+01
    endloop
  endfacet
  facet normal -2.449294e-16 3.061617e-16 1.000000e+00
    outer loop
      vertex 3.721100e+01 4.343400e+01 1.041400e+01
      vertex 3.721100e+01 4.191000e+01 1.041400e+01
      vertex 4.102100e+01 4.749846e+01 1.041400e+01
    endloop
  endfacet
  facet normal -2.449294e-16 3.061617e-16 1.000000e+00
    outer loop
      vertex 3.916761e+01 4.780759e+01 1.041400e+01
      vertex 3.721100e+01 4.343400e+01 1.041400e+01
      vertex 4.102100e+01 4.749846e+01 1.041400e+01
    endloop
  endfacet
  facet normal -2.449294e-16 3.061617e-16 1.000000e+00
    outer loop
      vertex 4.079776e+01 4.803710e+01 1.041400e+01
      vertex 3.916761e+01 4.780759e+01 1.041400e+01
      vertex 4.102100e+01 4.749846e+01 1.041400e+01
    endloop
  endfacet
  facet normal 9.228439e-01 3.824704e-01 -4.555767e-02
    outer loop
      vertex 4.054095e+01 4.777997e+01 3.053201e+00
      vertex 4.079776e+01 4.803710e+01 1.041400e+01
      vertex 4.102100e+01 4.749846e+01 1.041400e+01
    endloop
  endfacet
  facet normal 9.604111e-01 -9.380054e-08 -2.785864e-01
    outer loop
      vertex 4.033111e+01 4.720219e+01 1.570651e+00
      vertex 4.076434e+01 4.724180e+01 3.064194e+00
      vertex 4.033109e+01 -4.720218e+01 1.570620e+00
    endloop
  endfacet
  facet normal 8.916553e-01 3.646342e-01 -2.683146e-01
    outer loop
      vertex 4.054095e+01 4.777997e+01 3.053201e+00
      vertex 4.076434e+01 4.724180e+01 3.064194e+00
      vertex 4.033111e+01 4.720219e+01 1.570651e+00
    endloop
  endfacet
  facet normal -9.228439e-01 -3.824704e-01 -4.555792e-02
    outer loop
      vertex -4.054095e+01 -4.777998e+01 3.053201e+00
      vertex -4.079776e+01 -4.803711e+01 1.041400e+01
      vertex -4.102100e+01 -4.749847e+01 1.041400e+01
    endloop
  endfacet
  facet normal -2.449294e-16 3.061617e-16 1.000000e+00
    outer loop
      vertex -3.974945e+01 4.160675e+01 1.041400e+01
      vertex -4.102100e+01 4.749846e+01 1.041400e+01
      vertex -4.102100e+01 -4.749847e+01 1.041400e+01
    endloop
  endfacet
  facet normal -9.993908e-01 1.117052e-16 -3.489950e-02
    outer loop
      vertex -4.076434e+01 -4.724180e+01 3.064194e+00
      vertex -4.102100e+01 -4.749847e+01 1.041400e+01
      vertex -4.102100e+01 4.749846e+01 1.041400e+01
    endloop
  endfacet
  facet normal -2.449294e-16 3.061617e-16 1.000000e+00
    outer loop
      vertex -3.974945e+01 -4.667114e+01 1.041400e+01
      vertex -3.974945e+01 4.160675e+01 1.041400e+01
      vertex -4.102100e+01 -4.749847e+01 1.041400e+01
    endloop
  endfacet
  facet normal -2.449294e-16 3.061617e-16 1.000000e+00
    outer loop
      vertex -3.972547e+01 -4.679221e+01 1.041400e+01
      vertex -3.974945e+01 -4.667114e+01 1.041400e+01
      vertex -4.102100e+01 -4.749847e+01 1.041400e+01
    endloop
  endfacet
  facet normal -2.449294e-16 3.061617e-16 1.000000e+00
    outer loop
      vertex -3.965606e+01 -4.689601e+01 1.041400e+01
      vertex -3.972547e+01 -4.679221e+01 1.041400e+01
      vertex -4.102100e+01 -4.749847e+01 1.041400e+01
    endloop
  endfacet
  facet normal -2.449294e-16 3.061617e-16 1.000000e+00
    outer loop
      vertex -3.943214e+01 -4.698845e+01 1.041400e+01
      vertex -3.965606e+01 -4.689601e+01 1.041400e+01
      vertex -4.102100e+01 -4.749847e+01 1.041400e+01
    endloop
  endfacet
  facet normal -2.449294e-16 3.061617e-16 1.000000e+00
    outer loop
      vertex 3.943214e+01 -4.698845e+01 1.041400e+01
      vertex -3.943214e+01 -4.698845e+01 1.041400e+01
      vertex -4.102100e+01 -4.749847e+01 1.041400e+01
    endloop
  endfacet
  facet normal -9.229623e-01 -3.821824e-01 -4.557665e-02
    outer loop
      vertex -4.054095e+01 -4.777998e+01 3.053201e+00
      vertex -4.102100e+01 -4.749847e+01 1.041400e+01
      vertex -4.076434e+01 -4.724180e+01 3.064194e+00
    endloop
  endfacet
  facet normal -2.449294e-16 3.061617e-16 1.000000e+00
    outer loop
      vertex -3.916761e+01 4.780759e+01 1.041400e+01
      vertex -4.079776e+01 4.803710e+01 1.041400e+01
      vertex -4.102100e+01 4.749846e+01 1.041400e+01
    endloop
  endfacet
  facet normal -9.228429e-01 3.824699e-01 -4.558253e-02
    outer loop
      vertex -4.076434e+01 4.724180e+01 3.064194e+00
      vertex -4.102100e+01 4.749846e+01 1.041400e+01
      vertex -4.079776e+01 4.803710e+01 1.041400e+01
    endloop
  endfacet
  facet normal -2.449294e-16 3.061617e-16 1.000000e+00
    outer loop
      vertex -3.721100e+01 4.343400e+01 1.041400e+01
      vertex -3.916761e+01 4.780759e+01 1.041400e+01
      vertex -4.102100e+01 4.749846e+01 1.041400e+01
    endloop
  endfacet
  facet normal -2.449294e-16 3.061617e-16 1.000000e+00
    outer loop
      vertex -3.974945e+01 4.160675e+01 1.041400e+01
      vertex -3.721100e+01 4.343400e+01 1.041400e+01
      vertex -4.102100e+01 4.749846e+01 1.041400e+01
    endloop
  endfacet
  facet normal -9.993908e-01 1.117052e-16 -3.489950e-02
    outer loop
      vertex -4.076434e+01 4.724180e+01 3.064194e+00
      vertex -4.076434e+01 -4.724180e+01 3.064194e+00
      vertex -4.102100e+01 4.749846e+01 1.041400e+01
    endloop
  endfacet
  facet normal -2.449294e-16 3.061617e-16 1.000000e+00
    outer loop
      vertex -3.986562e+01 4.826000e+01 1.041400e+01
      vertex -4.025946e+01 4.826000e+01 1.041400e+01
      vertex -4.079776e+01 4.803710e+01 1.041400e+01
    endloop
  endfacet
  facet normal -3.821758e-01 9.229652e-01 -4.557487e-02
    outer loop
      vertex -4.054095e+01 4.777998e+01 3.053201e+00
      vertex -4.079776e+01 4.803710e+01 1.041400e+01
      vertex -4.025946e+01 4.826000e+01 1.041400e+01
    endloop
  endfacet
  facet normal -2.449294e-16 3.061617e-16 1.000000e+00
    outer loop
      vertex -3.944979e+01 4.813701e+01 1.041400e+01
      vertex -3.986562e+01 4.826000e+01 1.041400e+01
      vertex -4.079776e+01 4.803710e+01 1.041400e+01
    endloop
  endfacet
  facet normal -2.449294e-16 3.061617e-16 1.000000e+00
    outer loop
      vertex -3.916761e+01 4.780759e+01 1.041400e+01
      vertex -3.944979e+01 4.813701e+01 1.041400e+01
      vertex -4.079776e+01 4.803710e+01 1.041400e+01
    endloop
  endfacet
  facet normal -9.229631e-01 3.821833e-01 -4.555207e-02
    outer loop
      vertex -4.054095e+01 4.777998e+01 3.053201e+00
      vertex -4.076434e+01 4.724180e+01 3.064194e+00
      vertex -4.079776e+01 4.803710e+01 1.041400e+01
    endloop
  endfacet
  facet normal 1.309380e-16 9.993908e-01 -3.489950e-02
    outer loop
      vertex -4.000280e+01 4.800334e+01 3.064194e+00
      vertex -4.025946e+01 4.826000e+01 1.041400e+01
      vertex -3.986562e+01 4.826000e+01 1.041400e+01
    endloop
  endfacet
  facet normal -3.821564e-01 9.229730e-01 -4.557613e-02
    outer loop
      vertex -4.054095e+01 4.777998e+01 3.053201e+00
      vertex -4.025946e+01 4.826000e+01 1.041400e+01
      vertex -4.000280e+01 4.800334e+01 3.064194e+00
    endloop
  endfacet
  facet normal 2.835857e-01 9.587741e-01 -1.820197e-02
    outer loop
      vertex -3.939889e+01 4.795749e+01 1.751396e+00
      vertex -3.986562e+01 4.826000e+01 1.041400e+01
      vertex -3.944979e+01 4.813701e+01 1.041400e+01
    endloop
  endfacet
  facet normal 2.105907e-16 9.993908e-01 -3.489950e-02
    outer loop
      vertex -3.966598e+01 4.796330e+01 1.917631e+00
      vertex -4.000280e+01 4.800334e+01 3.064194e+00
      vertex -3.986562e+01 4.826000e+01 1.041400e+01
    endloop
  endfacet
  facet normal 2.151972e-17 9.993908e-01 -3.489950e-02
    outer loop
      vertex -3.939889e+01 4.795749e+01 1.751396e+00
      vertex -3.966598e+01 4.796330e+01 1.917631e+00
      vertex -3.986562e+01 4.826000e+01 1.041400e+01
    endloop
  endfacet
  facet normal 7.592617e-01 6.504053e-01 2.224465e-02
    outer loop
      vertex -3.887917e+01 4.773473e+01 2.699292e+00
      vertex -3.944979e+01 4.813701e+01 1.041400e+01
      vertex -3.916761e+01 4.780759e+01 1.041400e+01
    endloop
  endfacet
  facet normal 1.438465e-01 9.894047e-01 -1.965789e-02
    outer loop
      vertex -3.918481e+01 4.793361e+01 2.115734e+00
      vertex -3.939889e+01 4.795749e+01 1.751396e+00
      vertex -3.944979e+01 4.813701e+01 1.041400e+01
    endloop
  endfacet
  facet normal 4.252491e-01 9.050354e-01 -8.604092e-03
    outer loop
      vertex -3.902471e+01 4.786147e+01 2.440637e+00
      vertex -3.918481e+01 4.793361e+01 2.115734e+00
      vertex -3.944979e+01 4.813701e+01 1.041400e+01
    endloop
  endfacet
  facet normal 6.483091e-01 7.613326e-01 8.253758e-03
    outer loop
      vertex -3.887917e+01 4.773473e+01 2.699292e+00
      vertex -3.902471e+01 4.786147e+01 2.440637e+00
      vertex -3.944979e+01 4.813701e+01 1.041400e+01
    endloop
  endfacet
  facet normal 9.122621e-01 4.081173e-01 3.489950e-02
    outer loop
      vertex -3.694716e+01 4.349033e+01 2.858676e+00
      vertex -3.916761e+01 4.780759e+01 1.041400e+01
      vertex -3.721100e+01 4.343400e+01 1.041400e+01
    endloop
  endfacet
  facet normal 9.122621e-01 4.081173e-01 3.489950e-02
    outer loop
      vertex -3.876054e+01 4.754375e+01 2.858676e+00
      vertex -3.916761e+01 4.780759e+01 1.041400e+01
      vertex -3.694716e+01 4.349033e+01 2.858676e+00
    endloop
  endfacet
  facet normal 8.391958e-01 5.431957e-01 2.624575e-02
    outer loop
      vertex -3.887917e+01 4.773473e+01 2.699292e+00
      vertex -3.916761e+01 4.780759e+01 1.041400e+01
      vertex -3.876054e+01 4.754375e+01 2.858676e+00
    endloop
  endfacet
  facet normal -2.449294e-16 3.061617e-16 1.000000e+00
    outer loop
      vertex -3.814945e+01 4.191000e+01 1.041400e+01
      vertex -3.721100e+01 4.191000e+01 1.041400e+01
      vertex -3.721100e+01 4.343400e+01 1.041400e+01
    endloop
  endfacet
  facet normal 9.993908e-01 -1.117052e-16 3.489950e-02
    outer loop
      vertex -3.694716e+01 4.164616e+01 2.858676e+00
      vertex -3.721100e+01 4.343400e+01 1.041400e+01
      vertex -3.721100e+01 4.191000e+01 1.041400e+01
    endloop
  endfacet
  facet normal -2.449294e-16 3.061617e-16 1.000000e+00
    outer loop
      vertex -3.974945e+01 4.160675e+01 1.041400e+01
      vertex -3.814945e+01 4.191000e+01 1.041400e+01
      vertex -3.721100e+01 4.343400e+01 1.041400e+01
    endloop
  endfacet
  facet normal 9.993908e-01 -1.117052e-16 3.489950e-02
    outer loop
      vertex -3.694716e+01 4.349033e+01 2.858676e+00
      vertex -3.721100e+01 4.343400e+01 1.041400e+01
      vertex -3.694716e+01 4.164616e+01 2.858676e+00
    endloop
  endfacet
  facet normal -1.309380e-16 -9.993908e-01 3.489950e-02
    outer loop
      vertex -3.788561e+01 4.164616e+01 2.858676e+00
      vertex -3.721100e+01 4.191000e+01 1.041400e+01
      vertex -3.814945e+01 4.191000e+01 1.041400e+01
    endloop
  endfacet
  facet normal -1.309380e-16 -9.993908e-01 3.489950e-02
    outer loop
      vertex -3.788561e+01 4.164616e+01 2.858676e+00
      vertex -3.694716e+01 4.164616e+01 2.858676e+00
      vertex -3.721100e+01 4.191000e+01 1.041400e+01
    endloop
  endfacet
  facet normal -2.449294e-16 3.061617e-16 1.000000e+00
    outer loop
      vertex -3.974945e+01 4.160675e+01 1.041400e+01
      vertex -3.837424e+01 4.182165e+01 1.041400e+01
      vertex -3.814945e+01 4.191000e+01 1.041400e+01
    endloop
  endfacet
  facet normal 3.654365e-01 -9.297368e-01 4.522844e-02
    outer loop
      vertex -3.788561e+01 4.164616e+01 2.858676e+00
      vertex -3.814945e+01 4.191000e+01 1.041400e+01
      vertex -3.837424e+01 4.182165e+01 1.041400e+01
    endloop
  endfacet
  facet normal -2.449294e-16 3.061617e-16 1.000000e+00
    outer loop
      vertex -3.974945e+01 4.160675e+01 1.041400e+01
      vertex -3.847837e+01 4.160675e+01 1.041400e+01
      vertex -3.837424e+01 4.182165e+01 1.041400e+01
    endloop
  endfacet
  facet normal 8.989658e-01 -4.355848e-01 4.611010e-02
    outer loop
      vertex -3.811800e+01 4.155018e+01 2.853913e+00
      vertex -3.837424e+01 4.182165e+01 1.041400e+01
      vertex -3.847837e+01 4.160675e+01 1.041400e+01
    endloop
  endfacet
  facet normal 1.923948e-01 -9.806854e-01 3.522069e-02
    outer loop
      vertex -3.801017e+01 4.162160e+01 2.855184e+00
      vertex -3.788561e+01 4.164616e+01 2.858676e+00
      vertex -3.837424e+01 4.182165e+01 1.041400e+01
    endloop
  endfacet
  facet normal 5.511657e-01 -8.329798e-01 4.859167e-02
    outer loop
      vertex -3.811800e+01 4.155018e+01 2.853913e+00
      vertex -3.801017e+01 4.162160e+01 2.855184e+00
      vertex -3.837424e+01 4.182165e+01 1.041400e+01
    endloop
  endfacet
  facet normal 1.181714e-16 9.998477e-01 1.745241e-02
    outer loop
      vertex -3.848789e+01 4.160239e+01 1.066388e+01
      vertex -3.847837e+01 4.160675e+01 1.041400e+01
      vertex -3.974945e+01 4.160675e+01 1.041400e+01
    endloop
  endfacet
  facet normal 9.992739e-01 -7.428191e-05 3.810146e-02
    outer loop
      vertex -3.819017e+01 4.144287e+01 2.855140e+00
      vertex -3.847837e+01 4.160675e+01 1.041400e+01
      vertex -3.848789e+01 4.160239e+01 1.066388e+01
    endloop
  endfacet
  facet normal 8.292592e-01 -5.571533e-01 4.369709e-02
    outer loop
      vertex -3.819017e+01 4.144287e+01 2.855140e+00
      vertex -3.811800e+01 4.155018e+01 2.853913e+00
      vertex -3.847837e+01 4.160675e+01 1.041400e+01
    endloop
  endfacet
  facet normal -9.993908e-01 -1.223019e-16 3.489950e-02
    outer loop
      vertex -3.970713e+01 4.158559e+01 1.162604e+01
      vertex -3.974945e+01 4.160675e+01 1.041400e+01
      vertex -3.974945e+01 -4.667114e+01 1.041400e+01
    endloop
  endfacet
  facet normal 2.178016e-15 9.998477e-01 1.745241e-02
    outer loop
      vertex -3.849728e+01 4.159783e+01 1.092468e+01
      vertex -3.974945e+01 4.160675e+01 1.041400e+01
      vertex -3.852178e+01 4.158559e+01 1.162604e+01
    endloop
  endfacet
  facet normal 1.441212e-16 9.998477e-01 1.745241e-02
    outer loop
      vertex -3.970713e+01 4.158559e+01 1.162604e+01
      vertex -3.852178e+01 4.158559e+01 1.162604e+01
      vertex -3.974945e+01 4.160675e+01 1.041400e+01
    endloop
  endfacet
  facet normal -1.210051e-15 9.998477e-01 1.745241e-02
    outer loop
      vertex -3.848789e+01 4.160239e+01 1.066388e+01
      vertex -3.974945e+01 4.160675e+01 1.041400e+01
      vertex -3.849728e+01 4.159783e+01 1.092468e+01
    endloop
  endfacet
  facet normal -9.801139e-01 -1.941528e-01 4.100630e-02
    outer loop
      vertex -3.969623e+01 -4.661792e+01 1.193800e+01
      vertex -3.974945e+01 -4.667114e+01 1.041400e+01
      vertex -3.972547e+01 -4.679221e+01 1.041400e+01
    endloop
  endfacet
  facet normal -9.993908e-01 -1.581931e-15 3.489950e-02
    outer loop
      vertex -3.969623e+01 -4.333135e+01 1.193800e+01
      vertex -3.974945e+01 -4.667114e+01 1.041400e+01
      vertex -3.969623e+01 -4.661792e+01 1.193800e+01
    endloop
  endfacet
  facet normal -9.993908e-01 1.330750e-16 3.489950e-02
    outer loop
      vertex -3.969623e+01 -3.642465e+01 1.193800e+01
      vertex -3.974945e+01 -4.667114e+01 1.041400e+01
      vertex -3.969623e+01 -4.333135e+01 1.193800e+01
    endloop
  endfacet
  facet normal -9.993908e-01 1.330750e-16 3.489950e-02
    outer loop
      vertex -3.969623e+01 3.286865e+01 1.193800e+01
      vertex -3.974945e+01 -4.667114e+01 1.041400e+01
      vertex -3.969623e+01 1.675349e+00 1.193800e+01
    endloop
  endfacet
  facet normal -9.993908e-01 -6.830164e-16 3.489950e-02
    outer loop
      vertex -3.969623e+01 -5.231352e+00 1.193800e+01
      vertex -3.969623e+01 1.675349e+00 1.193800e+01
      vertex -3.974945e+01 -4.667114e+01 1.041400e+01
    endloop
  endfacet
  facet normal -9.993908e-01 1.330750e-16 3.489950e-02
    outer loop
      vertex -3.969623e+01 3.977535e+01 1.193800e+01
      vertex -3.974945e+01 -4.667114e+01 1.041400e+01
      vertex -3.969623e+01 3.286865e+01 1.193800e+01
    endloop
  endfacet
  facet normal -9.993908e-01 1.330750e-16 3.489950e-02
    outer loop
      vertex -3.969623e+01 4.126814e+01 1.193800e+01
      vertex -3.974945e+01 -4.667114e+01 1.041400e+01
      vertex -3.969623e+01 3.977535e+01 1.193800e+01
    endloop
  endfacet
  facet normal -9.993908e-01 -5.216619e-16 3.489950e-02
    outer loop
      vertex -3.969939e+01 4.149019e+01 1.184744e+01
      vertex -3.974945e+01 -4.667114e+01 1.041400e+01
      vertex -3.969623e+01 4.126814e+01 1.193800e+01
    endloop
  endfacet
  facet normal -9.993908e-01 1.330750e-16 3.489950e-02
    outer loop
      vertex -3.969623e+01 -5.231352e+00 1.193800e+01
      vertex -3.974945e+01 -4.667114e+01 1.041400e+01
      vertex -3.969623e+01 -3.642465e+01 1.193800e+01
    endloop
  endfacet
  facet normal -9.993908e-01 -3.098764e-16 3.489950e-02
    outer loop
      vertex -3.970296e+01 4.156002e+01 1.174544e+01
      vertex -3.970713e+01 4.158559e+01 1.162604e+01
      vertex -3.974945e+01 -4.667114e+01 1.041400e+01
    endloop
  endfacet
  facet normal -9.993908e-01 4.296762e-16 3.489950e-02
    outer loop
      vertex -3.969939e+01 4.149019e+01 1.184744e+01
      vertex -3.970296e+01 4.156002e+01 1.174544e+01
      vertex -3.974945e+01 -4.667114e+01 1.041400e+01
    endloop
  endfacet
  facet normal -8.303302e-01 -5.551674e-01 4.838264e-02
    outer loop
      vertex -3.967225e+01 -4.673898e+01 1.193800e+01
      vertex -3.972547e+01 -4.679221e+01 1.041400e+01
      vertex -3.965606e+01 -4.689601e+01 1.041400e+01
    endloop
  endfacet
  facet normal -9.801139e-01 -1.941528e-01 4.100630e-02
    outer loop
      vertex -3.969623e+01 -4.661792e+01 1.193800e+01
      vertex -3.972547e+01 -4.679221e+01 1.041400e+01
      vertex -3.967225e+01 -4.673898e+01 1.193800e+01
    endloop
  endfacet
  facet normal -3.811887e-01 -9.233741e-01 4.555634e-02
    outer loop
      vertex -3.960284e+01 -4.684280e+01 1.193800e+01
      vertex -3.965606e+01 -4.689601e+01 1.041400e+01
      vertex -3.943214e+01 -4.698845e+01 1.041400e+01
    endloop
  endfacet
  facet normal -8.303302e-01 -5.551674e-01 4.838264e-02
    outer loop
      vertex -3.967225e+01 -4.673898e+01 1.193800e+01
      vertex -3.965606e+01 -4.689601e+01 1.041400e+01
      vertex -3.960284e+01 -4.684280e+01 1.193800e+01
    endloop
  endfacet
  facet normal -1.309380e-16 -9.993908e-01 3.489950e-02
    outer loop
      vertex -3.937893e+01 -4.693523e+01 1.193800e+01
      vertex -3.943214e+01 -4.698845e+01 1.041400e+01
      vertex 3.943214e+01 -4.698845e+01 1.041400e+01
    endloop
  endfacet
  facet normal -3.811887e-01 -9.233741e-01 4.555634e-02
    outer loop
      vertex -3.960284e+01 -4.684280e+01 1.193800e+01
      vertex -3.943214e+01 -4.698845e+01 1.041400e+01
      vertex -3.937893e+01 -4.693523e+01 1.193800e+01
    endloop
  endfacet
  facet normal 1.941528e-01 -9.801139e-01 4.100630e-02
    outer loop
      vertex 3.937893e+01 -4.693523e+01 1.193800e+01
      vertex 3.943214e+01 -4.698845e+01 1.041400e+01
      vertex 3.955320e+01 -4.696447e+01 1.041400e+01
    endloop
  endfacet
  facet normal -1.309380e-16 -9.993908e-01 3.489950e-02
    outer loop
      vertex -3.937893e+01 -4.693523e+01 1.193800e+01
      vertex 3.943214e+01 -4.698845e+01 1.041400e+01
      vertex 3.937893e+01 -4.693523e+01 1.193800e+01
    endloop
  endfacet
  facet normal 5.551674e-01 -8.303302e-01 4.838264e-02
    outer loop
      vertex 3.949998e+01 -4.691125e+01 1.193800e+01
      vertex 3.955320e+01 -4.696447e+01 1.041400e+01
      vertex 3.965701e+01 -4.689506e+01 1.041400e+01
    endloop
  endfacet
  facet normal 1.941528e-01 -9.801139e-01 4.100630e-02
    outer loop
      vertex 3.937893e+01 -4.693523e+01 1.193800e+01
      vertex 3.955320e+01 -4.696447e+01 1.041400e+01
      vertex 3.949998e+01 -4.691125e+01 1.193800e+01
    endloop
  endfacet
  facet normal 9.233741e-01 -3.811887e-01 4.555634e-02
    outer loop
      vertex 3.960380e+01 -4.684184e+01 1.193800e+01
      vertex 3.965701e+01 -4.689506e+01 1.041400e+01
      vertex 3.974945e+01 -4.667114e+01 1.041400e+01
    endloop
  endfacet
  facet normal 5.551674e-01 -8.303302e-01 4.838264e-02
    outer loop
      vertex 3.949998e+01 -4.691125e+01 1.193800e+01
      vertex 3.965701e+01 -4.689506e+01 1.041400e+01
      vertex 3.960380e+01 -4.684184e+01 1.193800e+01
    endloop
  endfacet
  facet normal 9.993908e-01 -1.117052e-16 3.489950e-02
    outer loop
      vertex 3.969623e+01 -4.661792e+01 1.193800e+01
      vertex 3.974945e+01 -4.667114e+01 1.041400e+01
      vertex 3.974945e+01 4.160675e+01 1.041400e+01
    endloop
  endfacet
  facet normal 9.233741e-01 -3.811887e-01 4.555634e-02
    outer loop
      vertex 3.960380e+01 -4.684184e+01 1.193800e+01
      vertex 3.974945e+01 -4.667114e+01 1.041400e+01
      vertex 3.969623e+01 -4.661792e+01 1.193800e+01
    endloop
  endfacet
  facet normal 1.224647e-16 1.000000e+00 -3.061617e-16
    outer loop
      vertex 3.970732e+01 4.160675e+01 1.162050e+01
      vertex 3.974945e+01 4.160675e+01 1.041400e+01
      vertex 3.847837e+01 4.160675e+01 1.041400e+01
    endloop
  endfacet
  facet normal 9.993908e-01 -1.117052e-16 3.489950e-02
    outer loop
      vertex 3.969623e+01 3.977535e+01 1.193800e+01
      vertex 3.974945e+01 4.160675e+01 1.041400e+01
      vertex 3.969623e+01 4.128925e+01 1.193800e+01
    endloop
  endfacet
  facet normal 9.993908e-01 -1.218372e-14 3.489950e-02
    outer loop
      vertex 3.969946e+01 4.151326e+01 1.184550e+01
      vertex 3.969623e+01 4.128925e+01 1.193800e+01
      vertex 3.974945e+01 4.160675e+01 1.041400e+01
    endloop
  endfacet
  facet normal 9.993908e-01 -1.117052e-16 3.489950e-02
    outer loop
      vertex 3.969623e+01 3.286865e+01 1.193800e+01
      vertex 3.974945e+01 4.160675e+01 1.041400e+01
      vertex 3.969623e+01 3.977535e+01 1.193800e+01
    endloop
  endfacet
  facet normal 9.993908e-01 -1.117052e-16 3.489950e-02
    outer loop
      vertex 3.969623e+01 1.675349e+00 1.193800e+01
      vertex 3.974945e+01 4.160675e+01 1.041400e+01
      vertex 3.969623e+01 3.286865e+01 1.193800e+01
    endloop
  endfacet
  facet normal 9.993908e-01 -1.117052e-16 3.489950e-02
    outer loop
      vertex 3.969623e+01 -5.231352e+00 1.193800e+01
      vertex 3.974945e+01 4.160675e+01 1.041400e+01
      vertex 3.969623e+01 1.675349e+00 1.193800e+01
    endloop
  endfacet
  facet normal 9.993908e-01 -1.117052e-16 3.489950e-02
    outer loop
      vertex 3.969623e+01 -3.642465e+01 1.193800e+01
      vertex 3.974945e+01 4.160675e+01 1.041400e+01
      vertex 3.969623e+01 -5.231352e+00 1.193800e+01
    endloop
  endfacet
  facet normal 9.993908e-01 -1.117052e-16 3.489950e-02
    outer loop
      vertex 3.969623e+01 -4.333135e+01 1.193800e+01
      vertex 3.974945e+01 4.160675e+01 1.041400e+01
      vertex 3.969623e+01 -3.642465e+01 1.193800e+01
    endloop
  endfacet
  facet normal 9.993908e-01 -1.117052e-16 3.489950e-02
    outer loop
      vertex 3.969623e+01 -4.661792e+01 1.193800e+01
      vertex 3.974945e+01 4.160675e+01 1.041400e+01
      vertex 3.969623e+01 -4.333135e+01 1.193800e+01
    endloop
  endfacet
  facet normal 9.993908e-01 -2.637436e-14 3.489950e-02
    outer loop
      vertex 3.970309e+01 4.158274e+01 1.174162e+01
      vertex 3.969946e+01 4.151326e+01 1.184550e+01
      vertex 3.974945e+01 4.160675e+01 1.041400e+01
    endloop
  endfacet
  facet normal 9.993908e-01 7.775500e-14 3.489950e-02
    outer loop
      vertex 3.970732e+01 4.160675e+01 1.162050e+01
      vertex 3.970309e+01 4.158274e+01 1.174162e+01
      vertex 3.974945e+01 4.160675e+01 1.041400e+01
    endloop
  endfacet
  facet normal -8.990617e-01 -4.356314e-01 4.374234e-02
    outer loop
      vertex 3.819105e+01 4.144072e+01 2.855184e+00
      vertex 3.847837e+01 4.160675e+01 1.041400e+01
      vertex 3.837424e+01 4.182165e+01 1.041400e+01
    endloop
  endfacet
  facet normal -9.975579e-01 -5.925736e-02 3.697139e-02
    outer loop
      vertex 3.849224e+01 4.160675e+01 1.078817e+01
      vertex 3.847837e+01 4.160675e+01 1.041400e+01
      vertex 3.821561e+01 4.131616e+01 2.858676e+00
    endloop
  endfacet
  facet normal -9.804824e-01 -1.921790e-01 4.148984e-02
    outer loop
      vertex 3.819105e+01 4.144072e+01 2.855184e+00
      vertex 3.821561e+01 4.131616e+01 2.858676e+00
      vertex 3.847837e+01 4.160675e+01 1.041400e+01
    endloop
  endfacet
  facet normal 1.224647e-16 1.000000e+00 -3.061617e-16
    outer loop
      vertex 3.849224e+01 4.160675e+01 1.078817e+01
      vertex 3.970732e+01 4.160675e+01 1.162050e+01
      vertex 3.847837e+01 4.160675e+01 1.041400e+01
    endloop
  endfacet
  facet normal -3.654847e-01 -9.298595e-01 4.221736e-02
    outer loop
      vertex 3.801232e+01 4.162071e+01 2.855140e+00
      vertex 3.837424e+01 4.182165e+01 1.041400e+01
      vertex 3.814945e+01 4.191000e+01 1.041400e+01
    endloop
  endfacet
  facet normal -8.330016e-01 -5.511876e-01 4.796480e-02
    outer loop
      vertex 3.811963e+01 4.154855e+01 2.853913e+00
      vertex 3.819105e+01 4.144072e+01 2.855184e+00
      vertex 3.837424e+01 4.182165e+01 1.041400e+01
    endloop
  endfacet
  facet normal -5.569845e-01 -8.290933e-01 4.870788e-02
    outer loop
      vertex 3.801232e+01 4.162071e+01 2.855140e+00
      vertex 3.811963e+01 4.154855e+01 2.853913e+00
      vertex 3.837424e+01 4.182165e+01 1.041400e+01
    endloop
  endfacet
  facet normal -1.309380e-16 -9.993908e-01 3.489950e-02
    outer loop
      vertex 3.694716e+01 4.164616e+01 2.858676e+00
      vertex 3.814945e+01 4.191000e+01 1.041400e+01
      vertex 3.721100e+01 4.191000e+01 1.041400e+01
    endloop
  endfacet
  facet normal -1.309380e-16 -9.993908e-01 3.489950e-02
    outer loop
      vertex 3.694716e+01 4.164616e+01 2.858676e+00
      vertex 3.788561e+01 4.164616e+01 2.858676e+00
      vertex 3.814945e+01 4.191000e+01 1.041400e+01
    endloop
  endfacet
  facet normal -1.017079e-01 1.848784e-01 9.774843e-01
    outer loop
      vertex -3.939861e+01 -3.629297e+01 1.771603e+01
      vertex -3.916405e+01 -3.619557e+01 1.772202e+01
      vertex -3.929127e+01 -3.622076e+01 1.771355e+01
    endloop
  endfacet
  facet normal -1.956439e-01 -9.798155e-01 4.104795e-02
    outer loop
      vertex 3.788561e+01 4.164616e+01 2.858676e+00
      vertex 3.801232e+01 4.162071e+01 2.855140e+00
      vertex 3.814945e+01 4.191000e+01 1.041400e+01
    endloop
  endfacet
  facet normal -9.993908e-01 1.330750e-16 3.489950e-02
    outer loop
      vertex 3.694716e+01 4.349033e+01 2.858676e+00
      vertex 3.721100e+01 4.191000e+01 1.041400e+01
      vertex 3.721100e+01 4.343400e+01 1.041400e+01
    endloop
  endfacet
  facet normal -9.993908e-01 1.597579e-16 3.489950e-02
    outer loop
      vertex 3.694716e+01 4.349033e+01 2.858676e+00
      vertex 3.694716e+01 4.164616e+01 2.858676e+00
      vertex 3.721100e+01 4.191000e+01 1.041400e+01
    endloop
  endfacet
  facet normal -9.122621e-01 4.081173e-01 3.489950e-02
    outer loop
      vertex 3.876054e+01 4.754375e+01 2.858676e+00
      vertex 3.721100e+01 4.343400e+01 1.041400e+01
      vertex 3.916761e+01 4.780759e+01 1.041400e+01
    endloop
  endfacet
  facet normal -9.122621e-01 4.081173e-01 3.489950e-02
    outer loop
      vertex 3.876054e+01 4.754375e+01 2.858676e+00
      vertex 3.694716e+01 4.349033e+01 2.858676e+00
      vertex 3.721100e+01 4.343400e+01 1.041400e+01
    endloop
  endfacet
  facet normal -2.449294e-16 3.061617e-16 1.000000e+00
    outer loop
      vertex 4.079776e+01 4.803710e+01 1.041400e+01
      vertex 3.944979e+01 4.813701e+01 1.041400e+01
      vertex 3.916761e+01 4.780759e+01 1.041400e+01
    endloop
  endfacet
  facet normal -7.593238e-01 6.504585e-01 1.819667e-02
    outer loop
      vertex 3.876054e+01 4.754375e+01 2.858676e+00
      vertex 3.916761e+01 4.780759e+01 1.041400e+01
      vertex 3.944979e+01 4.813701e+01 1.041400e+01
    endloop
  endfacet
  facet normal -2.449294e-16 3.061617e-16 1.000000e+00
    outer loop
      vertex 4.025946e+01 4.826000e+01 1.041400e+01
      vertex 3.986562e+01 4.826000e+01 1.041400e+01
      vertex 3.944979e+01 4.813701e+01 1.041400e+01
    endloop
  endfacet
  facet normal -2.835869e-01 9.587781e-01 -1.797101e-02
    outer loop
      vertex 3.902566e+01 4.786208e+01 2.438969e+00
      vertex 3.944979e+01 4.813701e+01 1.041400e+01
      vertex 3.986562e+01 4.826000e+01 1.041400e+01
    endloop
  endfacet
  facet normal -2.449294e-16 3.061617e-16 1.000000e+00
    outer loop
      vertex 4.079776e+01 4.803710e+01 1.041400e+01
      vertex 4.025946e+01 4.826000e+01 1.041400e+01
      vertex 3.944979e+01 4.813701e+01 1.041400e+01
    endloop
  endfacet
  facet normal -8.358961e-01 5.478806e-01 3.323675e-02
    outer loop
      vertex 3.887985e+01 4.773552e+01 2.698265e+00
      vertex 3.876054e+01 4.754375e+01 2.858676e+00
      vertex 3.944979e+01 4.813701e+01 1.041400e+01
    endloop
  endfacet
  facet normal -6.471618e-01 7.623092e-01 8.137776e-03
    outer loop
      vertex 3.902566e+01 4.786208e+01 2.438969e+00
      vertex 3.887985e+01 4.773552e+01 2.698265e+00
      vertex 3.944979e+01 4.813701e+01 1.041400e+01
    endloop
  endfacet
  facet normal 1.309380e-16 9.993908e-01 -3.489950e-02
    outer loop
      vertex 4.000280e+01 4.800334e+01 3.064194e+00
      vertex 3.986562e+01 4.826000e+01 1.041400e+01
      vertex 4.025946e+01 4.826000e+01 1.041400e+01
    endloop
  endfacet
  facet normal 1.173644e-16 9.993908e-01 -3.489950e-02
    outer loop
      vertex 4.000280e+01 4.800334e+01 3.064194e+00
      vertex 3.967360e+01 4.796375e+01 1.930638e+00
      vertex 3.986562e+01 4.826000e+01 1.041400e+01
    endloop
  endfacet
  facet normal 1.880237e-16 9.993908e-01 -3.489950e-02
    outer loop
      vertex 3.939889e+01 4.795749e+01 1.751400e+00
      vertex 3.986562e+01 4.826000e+01 1.041400e+01
      vertex 3.967360e+01 4.796375e+01 1.930638e+00
    endloop
  endfacet
  facet normal -1.543635e-01 9.876674e-01 -2.617324e-02
    outer loop
      vertex 3.918526e+01 4.793374e+01 2.114847e+00
      vertex 3.986562e+01 4.826000e+01 1.041400e+01
      vertex 3.939889e+01 4.795749e+01 1.751400e+00
    endloop
  endfacet
  facet normal -4.129129e-01 9.107683e-01 -1.954545e-03
    outer loop
      vertex 3.918526e+01 4.793374e+01 2.114847e+00
      vertex 3.902566e+01 4.786208e+01 2.438969e+00
      vertex 3.986562e+01 4.826000e+01 1.041400e+01
    endloop
  endfacet
  facet normal 3.821757e-01 9.229650e-01 -4.557652e-02
    outer loop
      vertex 4.000280e+01 4.800334e+01 3.064194e+00
      vertex 4.025946e+01 4.826000e+01 1.041400e+01
      vertex 4.079776e+01 4.803710e+01 1.041400e+01
    endloop
  endfacet
  facet normal 3.821595e-01 9.229718e-01 -4.557480e-02
    outer loop
      vertex 4.054095e+01 4.777997e+01 3.053201e+00
      vertex 4.000280e+01 4.800334e+01 3.064194e+00
      vertex 4.079776e+01 4.803710e+01 1.041400e+01
    endloop
  endfacet
  facet normal -9.595124e-01 3.127086e-17 -2.816665e-01
    outer loop
      vertex -4.032076e+01 4.720172e+01 1.553102e+00
      vertex -4.076434e+01 -4.724180e+01 3.064194e+00
      vertex -4.076434e+01 4.724180e+01 3.064194e+00
    endloop
  endfacet
  facet normal -9.595113e-01 -6.149125e-08 -2.816701e-01
    outer loop
      vertex -4.032076e+01 4.720172e+01 1.553102e+00
      vertex -4.032074e+01 -4.720172e+01 1.553082e+00
      vertex -4.076434e+01 -4.724180e+01 3.064194e+00
    endloop
  endfacet
  facet normal -8.909281e-01 -3.642769e-01 -2.711997e-01
    outer loop
      vertex -4.054095e+01 -4.777998e+01 3.053201e+00
      vertex -4.076434e+01 -4.724180e+01 3.064194e+00
      vertex -4.032074e+01 -4.720172e+01 1.553082e+00
    endloop
  endfacet
  facet normal -8.834211e-01 3.833251e-01 -2.694977e-01
    outer loop
      vertex -4.011257e+01 4.772999e+01 1.622052e+00
      vertex -4.032076e+01 4.720172e+01 1.553102e+00
      vertex -4.076434e+01 4.724180e+01 3.064194e+00
    endloop
  endfacet
  facet normal -8.889788e-01 3.633129e-01 -2.787839e-01
    outer loop
      vertex -4.011257e+01 4.772999e+01 1.622052e+00
      vertex -4.076434e+01 4.724180e+01 3.064194e+00
      vertex -4.054095e+01 4.777998e+01 3.053201e+00
    endloop
  endfacet
  facet normal 2.449294e-16 -3.061617e-16 -1.000000e+00
    outer loop
      vertex 3.759127e+01 -4.716048e+01 3.019807e-14
      vertex 3.514156e+01 -4.318000e+01 3.019807e-14
      vertex 3.514156e+01 4.089400e+01 3.552714e-15
    endloop
  endfacet
  facet normal -9.998477e-01 1.277893e-16 1.745241e-02
    outer loop
      vertex 3.515486e+01 4.089400e+01 7.620000e-01
      vertex 3.514156e+01 4.089400e+01 3.552714e-15
      vertex 3.514156e+01 -4.318000e+01 3.019807e-14
    endloop
  endfacet
  facet normal 2.449294e-16 -3.061617e-16 -1.000000e+00
    outer loop
      vertex 3.759127e+01 4.716048e+01 1.776357e-15
      vertex 3.514156e+01 4.089400e+01 3.552714e-15
      vertex 3.482283e+01 4.166349e+01 3.552714e-15
    endloop
  endfacet
  facet normal -9.237594e-01 -3.826337e-01 1.612428e-02
    outer loop
      vertex 3.483223e+01 4.167289e+01 7.620000e-01
      vertex 3.482283e+01 4.166349e+01 3.552714e-15
      vertex 3.514156e+01 4.089400e+01 3.552714e-15
    endloop
  endfacet
  facet normal 2.449294e-16 -3.061617e-16 -1.000000e+00
    outer loop
      vertex 3.759127e+01 4.716048e+01 1.776357e-15
      vertex 3.759127e+01 -4.716048e+01 3.019807e-14
      vertex 3.514156e+01 4.089400e+01 3.552714e-15
    endloop
  endfacet
  facet normal -9.237594e-01 -3.826337e-01 1.612428e-02
    outer loop
      vertex 3.483223e+01 4.167289e+01 7.620000e-01
      vertex 3.514156e+01 4.089400e+01 3.552714e-15
      vertex 3.515486e+01 4.089400e+01 7.620000e-01
    endloop
  endfacet
  facet normal 2.449294e-16 -3.061617e-16 -1.000000e+00
    outer loop
      vertex 3.759127e+01 -4.716048e+01 3.019807e-14
      vertex 3.482283e+01 -4.394949e+01 3.019807e-14
      vertex 3.514156e+01 -4.318000e+01 3.019807e-14
    endloop
  endfacet
  facet normal -9.237594e-01 3.826337e-01 1.612428e-02
    outer loop
      vertex 3.515486e+01 -4.318000e+01 7.620000e-01
      vertex 3.514156e+01 -4.318000e+01 3.019807e-14
      vertex 3.482283e+01 -4.394949e+01 3.019807e-14
    endloop
  endfacet
  facet normal -9.998477e-01 1.277893e-16 1.745241e-02
    outer loop
      vertex 3.515486e+01 -4.318000e+01 7.620000e-01
      vertex 3.515486e+01 4.089400e+01 7.620000e-01
      vertex 3.514156e+01 -4.318000e+01 3.019807e-14
    endloop
  endfacet
  facet normal 2.449294e-16 -3.061617e-16 -1.000000e+00
    outer loop
      vertex 3.759127e+01 -4.716048e+01 3.019807e-14
      vertex 3.405334e+01 -4.426823e+01 3.019807e-14
      vertex 3.482283e+01 -4.394949e+01 3.019807e-14
    endloop
  endfacet
  facet normal -3.826337e-01 9.237594e-01 1.612428e-02
    outer loop
      vertex 3.483223e+01 -4.395889e+01 7.620000e-01
      vertex 3.482283e+01 -4.394949e+01 3.019807e-14
      vertex 3.405334e+01 -4.426823e+01 3.019807e-14
    endloop
  endfacet
  facet normal -9.237594e-01 3.826337e-01 1.612428e-02
    outer loop
      vertex 3.515486e+01 -4.318000e+01 7.620000e-01
      vertex 3.482283e+01 -4.394949e+01 3.019807e-14
      vertex 3.483223e+01 -4.395889e+01 7.620000e-01
    endloop
  endfacet
  facet normal 2.449294e-16 -3.061617e-16 -1.000000e+00
    outer loop
      vertex 3.759127e+01 -4.716048e+01 3.019807e-14
      vertex -3.405334e+01 -4.426823e+01 1.243450e-14
      vertex 3.405334e+01 -4.426823e+01 3.019807e-14
    endloop
  endfacet
  facet normal 1.181714e-16 9.998477e-01 1.745241e-02
    outer loop
      vertex 3.405334e+01 -4.428152e+01 7.620000e-01
      vertex 3.405334e+01 -4.426823e+01 3.019807e-14
      vertex -3.405334e+01 -4.426823e+01 1.243450e-14
    endloop
  endfacet
  facet normal -3.826337e-01 9.237594e-01 1.612428e-02
    outer loop
      vertex 3.483223e+01 -4.395889e+01 7.620000e-01
      vertex 3.405334e+01 -4.426823e+01 3.019807e-14
      vertex 3.405334e+01 -4.428152e+01 7.620000e-01
    endloop
  endfacet
  facet normal 2.449294e-16 -3.061617e-16 -1.000000e+00
    outer loop
      vertex -3.759127e+01 -4.716048e+01 1.243450e-14
      vertex -3.482283e+01 -4.394949e+01 1.243450e-14
      vertex -3.405334e+01 -4.426823e+01 1.243450e-14
    endloop
  endfacet
  facet normal 3.826337e-01 9.237594e-01 1.612428e-02
    outer loop
      vertex -3.405334e+01 -4.428152e+01 7.620000e-01
      vertex -3.405334e+01 -4.426823e+01 1.243450e-14
      vertex -3.482283e+01 -4.394949e+01 1.243450e-14
    endloop
  endfacet
  facet normal 2.449294e-16 -3.061617e-16 -1.000000e+00
    outer loop
      vertex 3.759127e+01 -4.716048e+01 3.019807e-14
      vertex -3.759127e+01 -4.716048e+01 1.243450e-14
      vertex -3.405334e+01 -4.426823e+01 1.243450e-14
    endloop
  endfacet
  facet normal 1.181714e-16 9.998477e-01 1.745241e-02
    outer loop
      vertex 3.405334e+01 -4.428152e+01 7.620000e-01
      vertex -3.405334e+01 -4.426823e+01 1.243450e-14
      vertex -3.405334e+01 -4.428152e+01 7.620000e-01
    endloop
  endfacet
  facet normal 2.449294e-16 -3.061617e-16 -1.000000e+00
    outer loop
      vertex -3.759127e+01 -4.716048e+01 1.243450e-14
      vertex -3.514156e+01 -4.318000e+01 1.243450e-14
      vertex -3.482283e+01 -4.394949e+01 1.243450e-14
    endloop
  endfacet
  facet normal 9.237594e-01 3.826337e-01 1.612428e-02
    outer loop
      vertex -3.483223e+01 -4.395889e+01 7.620000e-01
      vertex -3.482283e+01 -4.394949e+01 1.243450e-14
      vertex -3.514156e+01 -4.318000e+01 1.243450e-14
    endloop
  endfacet
  facet normal 3.826337e-01 9.237594e-01 1.612428e-02
    outer loop
      vertex -3.405334e+01 -4.428152e+01 7.620000e-01
      vertex -3.482283e+01 -4.394949e+01 1.243450e-14
      vertex -3.483223e+01 -4.395889e+01 7.620000e-01
    endloop
  endfacet
  facet normal 2.449294e-16 -3.061617e-16 -1.000000e+00
    outer loop
      vertex -3.759127e+01 4.716048e+01 -1.598721e-14
      vertex -3.514156e+01 4.089400e+01 -1.421085e-14
      vertex -3.514156e+01 -4.318000e+01 1.243450e-14
    endloop
  endfacet
  facet normal 9.998477e-01 -1.171028e-16 1.745241e-02
    outer loop
      vertex -3.515486e+01 -4.318000e+01 7.620000e-01
      vertex -3.514156e+01 -4.318000e+01 1.243450e-14
      vertex -3.514156e+01 4.089400e+01 -1.421085e-14
    endloop
  endfacet
  facet normal 2.449294e-16 -3.061617e-16 -1.000000e+00
    outer loop
      vertex -3.759127e+01 4.716048e+01 -1.598721e-14
      vertex -3.514156e+01 -4.318000e+01 1.243450e-14
      vertex -3.759127e+01 -4.716048e+01 1.243450e-14
    endloop
  endfacet
  facet normal 9.237594e-01 3.826337e-01 1.612428e-02
    outer loop
      vertex -3.483223e+01 -4.395889e+01 7.620000e-01
      vertex -3.514156e+01 -4.318000e+01 1.243450e-14
      vertex -3.515486e+01 -4.318000e+01 7.620000e-01
    endloop
  endfacet
  facet normal 2.449294e-16 -3.061617e-16 -1.000000e+00
    outer loop
      vertex -3.759127e+01 4.716048e+01 -1.598721e-14
      vertex -3.482283e+01 4.166349e+01 -1.421085e-14
      vertex -3.514156e+01 4.089400e+01 -1.421085e-14
    endloop
  endfacet
  facet normal 9.237594e-01 -3.826337e-01 1.612428e-02
    outer loop
      vertex -3.515486e+01 4.089400e+01 7.620000e-01
      vertex -3.514156e+01 4.089400e+01 -1.421085e-14
      vertex -3.482283e+01 4.166349e+01 -1.421085e-14
    endloop
  endfacet
  facet normal 9.998477e-01 -5.003003e-17 1.745241e-02
    outer loop
      vertex -3.515486e+01 -4.318000e+01 7.620000e-01
      vertex -3.514156e+01 4.089400e+01 -1.421085e-14
      vertex -3.515486e+01 4.089400e+01 7.620000e-01
    endloop
  endfacet
  facet normal 2.449294e-16 -3.061617e-16 -1.000000e+00
    outer loop
      vertex -3.759127e+01 4.716048e+01 -1.598721e-14
      vertex -3.405334e+01 4.198222e+01 -1.421085e-14
      vertex -3.482283e+01 4.166349e+01 -1.421085e-14
    endloop
  endfacet
  facet normal 3.826337e-01 -9.237594e-01 1.612428e-02
    outer loop
      vertex -3.483223e+01 4.167289e+01 7.620000e-01
      vertex -3.482283e+01 4.166349e+01 -1.421085e-14
      vertex -3.405334e+01 4.198222e+01 -1.421085e-14
    endloop
  endfacet
  facet normal 9.237594e-01 -3.826337e-01 1.612428e-02
    outer loop
      vertex -3.515486e+01 4.089400e+01 7.620000e-01
      vertex -3.482283e+01 4.166349e+01 -1.421085e-14
      vertex -3.483223e+01 4.167289e+01 7.620000e-01
    endloop
  endfacet
  facet normal 2.449294e-16 -3.061617e-16 -1.000000e+00
    outer loop
      vertex -3.759127e+01 4.716048e+01 -1.598721e-14
      vertex 3.405334e+01 4.198222e+01 3.552714e-15
      vertex -3.405334e+01 4.198222e+01 -1.421085e-14
    endloop
  endfacet
  facet normal -1.370805e-16 -9.998477e-01 1.745241e-02
    outer loop
      vertex -3.405334e+01 4.199552e+01 7.620000e-01
      vertex -3.405334e+01 4.198222e+01 -1.421085e-14
      vertex 3.405334e+01 4.198222e+01 3.552714e-15
    endloop
  endfacet
  facet normal 3.826337e-01 -9.237594e-01 1.612428e-02
    outer loop
      vertex -3.483223e+01 4.167289e+01 7.620000e-01
      vertex -3.405334e+01 4.198222e+01 -1.421085e-14
      vertex -3.405334e+01 4.199552e+01 7.620000e-01
    endloop
  endfacet
  facet normal 2.449294e-16 -3.061617e-16 -1.000000e+00
    outer loop
      vertex 3.759127e+01 4.716048e+01 1.776357e-15
      vertex 3.482283e+01 4.166349e+01 3.552714e-15
      vertex 3.405334e+01 4.198222e+01 3.552714e-15
    endloop
  endfacet
  facet normal -3.826337e-01 -9.237594e-01 1.612428e-02
    outer loop
      vertex 3.405334e+01 4.199552e+01 7.620000e-01
      vertex 3.405334e+01 4.198222e+01 3.552714e-15
      vertex 3.482283e+01 4.166349e+01 3.552714e-15
    endloop
  endfacet
  facet normal 2.449294e-16 -3.061617e-16 -1.000000e+00
    outer loop
      vertex -3.759127e+01 4.716048e+01 -1.598721e-14
      vertex 3.759127e+01 4.716048e+01 1.776357e-15
      vertex 3.405334e+01 4.198222e+01 3.552714e-15
    endloop
  endfacet
  facet normal -1.370704e-16 -9.998477e-01 1.745241e-02
    outer loop
      vertex -3.405334e+01 4.199552e+01 7.620000e-01
      vertex 3.405334e+01 4.198222e+01 3.552714e-15
      vertex 3.405334e+01 4.199552e+01 7.620000e-01
    endloop
  endfacet
  facet normal -3.826337e-01 -9.237594e-01 1.612428e-02
    outer loop
      vertex 3.405334e+01 4.199552e+01 7.620000e-01
      vertex 3.482283e+01 4.166349e+01 3.552714e-15
      vertex 3.483223e+01 4.167289e+01 7.620000e-01
    endloop
  endfacet
  facet normal 1.812177e-16 -3.746101e-01 -9.271824e-01
    outer loop
      vertex 3.759127e+01 -4.768981e+01 2.138670e-01
      vertex -3.759127e+01 -4.716048e+01 1.243450e-14
      vertex 3.759127e+01 -4.716048e+01 3.019807e-14
    endloop
  endfacet
  facet normal -2.406045e-01 -2.677021e-16 -9.706233e-01
    outer loop
      vertex -3.907423e+01 -4.717025e+01 3.676049e-01
      vertex -3.759127e+01 4.716048e+01 -1.598721e-14
      vertex -3.759127e+01 -4.716048e+01 1.243450e-14
    endloop
  endfacet
  facet normal -2.196466e-01 -3.851881e-01 -8.963177e-01
    outer loop
      vertex -3.903725e+01 -4.769372e+01 5.835006e-01
      vertex -3.907423e+01 -4.717025e+01 3.676049e-01
      vertex -3.759127e+01 -4.716048e+01 1.243450e-14
    endloop
  endfacet
  facet normal 2.846673e-08 -3.746066e-01 -9.271839e-01
    outer loop
      vertex -3.759127e+01 -4.768981e+01 2.138632e-01
      vertex -3.759127e+01 -4.716048e+01 1.243450e-14
      vertex 3.759127e+01 -4.768981e+01 2.138670e-01
    endloop
  endfacet
  facet normal -2.296942e-01 -3.645907e-01 -9.023936e-01
    outer loop
      vertex -3.903725e+01 -4.769372e+01 5.835006e-01
      vertex -3.759127e+01 -4.716048e+01 1.243450e-14
      vertex -3.759127e+01 -4.768981e+01 2.138632e-01
    endloop
  endfacet
  facet normal 2.436363e-01 -3.267729e-16 -9.698666e-01
    outer loop
      vertex 3.909175e+01 4.717050e+01 3.769271e-01
      vertex 3.759127e+01 -4.716048e+01 3.019807e-14
      vertex 3.759127e+01 4.716048e+01 1.776357e-15
    endloop
  endfacet
  facet normal 2.436402e-01 -6.517234e-08 -9.698657e-01
    outer loop
      vertex 3.909175e+01 4.717050e+01 3.769271e-01
      vertex 3.909177e+01 -4.717050e+01 3.769392e-01
      vertex 3.759127e+01 -4.716048e+01 3.019807e-14
    endloop
  endfacet
  facet normal 2.245328e-01 -3.650450e-01 -9.035082e-01
    outer loop
      vertex 3.759127e+01 -4.768981e+01 2.138670e-01
      vertex 3.759127e+01 -4.716048e+01 3.019807e-14
      vertex 3.909177e+01 -4.717050e+01 3.769392e-01
    endloop
  endfacet
  facet normal 2.727776e-16 3.667941e-01 -9.303021e-01
    outer loop
      vertex -3.759127e+01 4.768051e+01 2.050353e-01
      vertex 3.759127e+01 4.716048e+01 1.776357e-15
      vertex -3.759127e+01 4.716048e+01 -1.598721e-14
    endloop
  endfacet
  facet normal 2.231833e-01 3.780133e-01 -8.984961e-01
    outer loop
      vertex 3.903733e+01 4.769372e+01 5.835384e-01
      vertex 3.909175e+01 4.717050e+01 3.769271e-01
      vertex 3.759127e+01 4.716048e+01 1.776357e-15
    endloop
  endfacet
  facet normal 2.144549e-08 3.667968e-01 -9.303011e-01
    outer loop
      vertex 3.759127e+01 4.768052e+01 2.050384e-01
      vertex 3.759127e+01 4.716048e+01 1.776357e-15
      vertex -3.759127e+01 4.768051e+01 2.050353e-01
    endloop
  endfacet
  facet normal 2.335145e-01 3.566560e-01 -9.045813e-01
    outer loop
      vertex 3.903733e+01 4.769372e+01 5.835384e-01
      vertex 3.759127e+01 4.716048e+01 1.776357e-15
      vertex 3.759127e+01 4.768052e+01 2.050384e-01
    endloop
  endfacet
  facet normal -2.405988e-01 -9.613219e-08 -9.706247e-01
    outer loop
      vertex -3.907420e+01 4.717025e+01 3.675875e-01
      vertex -3.759127e+01 4.716048e+01 -1.598721e-14
      vertex -3.907423e+01 -4.717025e+01 3.676049e-01
    endloop
  endfacet
  facet normal -2.224680e-01 3.576022e-01 -9.069888e-01
    outer loop
      vertex -3.759127e+01 4.768051e+01 2.050353e-01
      vertex -3.759127e+01 4.716048e+01 -1.598721e-14
      vertex -3.907420e+01 4.717025e+01 3.675875e-01
    endloop
  endfacet
  facet normal 1.138422e-16 9.993908e-01 3.489950e-02
    outer loop
      vertex 3.820267e+01 -4.577167e+01 1.193800e+01
      vertex -3.788561e+01 -4.545462e+01 2.858676e+00
      vertex -3.820267e+01 -4.577167e+01 1.193800e+01
    endloop
  endfacet
  facet normal 3.821694e-01 9.229677e-01 4.557639e-02
    outer loop
      vertex -3.811882e+01 -4.535782e+01 2.853913e+00
      vertex -3.820267e+01 -4.577167e+01 1.193800e+01
      vertex -3.788561e+01 -4.545462e+01 2.858676e+00
    endloop
  endfacet
  facet normal -2.449294e-16 3.061617e-16 1.000000e+00
    outer loop
      vertex -3.969623e+01 -4.661792e+01 1.193800e+01
      vertex 3.820267e+01 -4.577167e+01 1.193800e+01
      vertex -3.820267e+01 -4.577167e+01 1.193800e+01
    endloop
  endfacet
  facet normal -2.449294e-16 3.061617e-16 1.000000e+00
    outer loop
      vertex -3.843555e+01 -4.567553e+01 1.193800e+01
      vertex -3.969623e+01 -4.661792e+01 1.193800e+01
      vertex -3.820267e+01 -4.577167e+01 1.193800e+01
    endloop
  endfacet
  facet normal 3.812025e-01 9.233670e-01 4.558566e-02
    outer loop
      vertex -3.811882e+01 -4.535782e+01 2.853913e+00
      vertex -3.843555e+01 -4.567553e+01 1.193800e+01
      vertex -3.820267e+01 -4.577167e+01 1.193800e+01
    endloop
  endfacet
  facet normal 1.138422e-16 9.993908e-01 3.489950e-02
    outer loop
      vertex 3.820267e+01 -4.577167e+01 1.193800e+01
      vertex 3.788561e+01 -4.545462e+01 2.858676e+00
      vertex -3.788561e+01 -4.545462e+01 2.858676e+00
    endloop
  endfacet
  facet normal 3.040616e-17 9.385534e-01 3.451341e-01
    outer loop
      vertex 3.788561e+01 -4.538346e+01 2.665188e+00
      vertex -3.788561e+01 -4.545462e+01 2.858676e+00
      vertex 3.788561e+01 -4.545462e+01 2.858676e+00
    endloop
  endfacet
  facet normal 1.756136e-17 9.385534e-01 3.451341e-01
    outer loop
      vertex -3.788561e+01 -4.538346e+01 2.665188e+00
      vertex -3.788561e+01 -4.545462e+01 2.858676e+00
      vertex 3.788561e+01 -4.538346e+01 2.665188e+00
    endloop
  endfacet
  facet normal 4.453326e-01 8.403481e-01 3.090211e-01
    outer loop
      vertex -3.804659e+01 -4.528559e+01 2.631024e+00
      vertex -3.788561e+01 -4.545462e+01 2.858676e+00
      vertex -3.788561e+01 -4.538346e+01 2.665188e+00
    endloop
  endfacet
  facet normal 3.463998e-01 8.536854e-01 3.888807e-01
    outer loop
      vertex -3.804659e+01 -4.528559e+01 2.631024e+00
      vertex -3.811882e+01 -4.535782e+01 2.853913e+00
      vertex -3.788561e+01 -4.545462e+01 2.858676e+00
    endloop
  endfacet
  facet normal -3.812030e-01 9.233682e-01 4.555663e-02
    outer loop
      vertex 3.843555e+01 -4.567553e+01 1.193800e+01
      vertex 3.788561e+01 -4.545462e+01 2.858676e+00
      vertex 3.820267e+01 -4.577167e+01 1.193800e+01
    endloop
  endfacet
  facet normal -3.821684e-01 9.229667e-01 4.560534e-02
    outer loop
      vertex 3.811882e+01 -4.535782e+01 2.853913e+00
      vertex 3.788561e+01 -4.545462e+01 2.858676e+00
      vertex 3.843555e+01 -4.567553e+01 1.193800e+01
    endloop
  endfacet
  facet normal -3.572735e-01 8.766087e-01 3.223552e-01
    outer loop
      vertex 3.811882e+01 -4.535782e+01 2.853913e+00
      vertex 3.788561e+01 -4.538346e+01 2.665188e+00
      vertex 3.788561e+01 -4.545462e+01 2.858676e+00
    endloop
  endfacet
  facet normal -2.449294e-16 3.061617e-16 1.000000e+00
    outer loop
      vertex -3.969623e+01 -4.661792e+01 1.193800e+01
      vertex 3.969623e+01 -4.661792e+01 1.193800e+01
      vertex 3.820267e+01 -4.577167e+01 1.193800e+01
    endloop
  endfacet
  facet normal -2.449294e-16 3.061617e-16 1.000000e+00
    outer loop
      vertex 3.843555e+01 -4.567553e+01 1.193800e+01
      vertex 3.820267e+01 -4.577167e+01 1.193800e+01
      vertex 3.969623e+01 -4.661792e+01 1.193800e+01
    endloop
  endfacet
  facet normal -9.993908e-01 1.330750e-16 3.489950e-02
    outer loop
      vertex 3.853267e+01 2.382655e+01 1.193800e+01
      vertex 3.821561e+01 2.366807e+01 2.858676e+00
      vertex 3.821561e+01 2.225513e+01 2.858676e+00
    endloop
  endfacet
  facet normal -9.135454e-01 2.364042e-16 4.067366e-01
    outer loop
      vertex 3.811499e+01 2.366807e+01 2.632674e+00
      vertex 3.821561e+01 2.225513e+01 2.858676e+00
      vertex 3.821561e+01 2.366807e+01 2.858676e+00
    endloop
  endfacet
  facet normal -9.993908e-01 1.330750e-16 3.489950e-02
    outer loop
      vertex 3.853267e+01 2.209665e+01 1.193800e+01
      vertex 3.853267e+01 2.382655e+01 1.193800e+01
      vertex 3.821561e+01 2.225513e+01 2.858676e+00
    endloop
  endfacet
  facet normal -9.231421e-01 3.824846e-01 3.891313e-02
    outer loop
      vertex 3.811889e+01 2.202175e+01 2.857980e+00
      vertex 3.853267e+01 2.209665e+01 1.193800e+01
      vertex 3.821561e+01 2.225513e+01 2.858676e+00
    endloop
  endfacet
  facet normal -8.538744e-01 3.527511e-01 3.827075e-01
    outer loop
      vertex 3.804703e+01 2.209252e+01 2.632429e+00
      vertex 3.811889e+01 2.202175e+01 2.857980e+00
      vertex 3.821561e+01 2.225513e+01 2.858676e+00
    endloop
  endfacet
  facet normal -9.392260e-01 -1.200931e-02 3.430893e-01
    outer loop
      vertex 3.814534e+01 2.225513e+01 2.666303e+00
      vertex 3.821561e+01 2.225513e+01 2.858676e+00
      vertex 3.811499e+01 2.366807e+01 2.632674e+00
    endloop
  endfacet
  facet normal -8.413389e-01 4.446299e-01 3.073322e-01
    outer loop
      vertex 3.804703e+01 2.209252e+01 2.632429e+00
      vertex 3.821561e+01 2.225513e+01 2.858676e+00
      vertex 3.814534e+01 2.225513e+01 2.666303e+00
    endloop
  endfacet
  facet normal -9.802161e-01 -1.943217e-01 3.762180e-02
    outer loop
      vertex 3.850771e+01 2.395246e+01 1.193800e+01
      vertex 3.821561e+01 2.366807e+01 2.858676e+00
      vertex 3.853267e+01 2.382655e+01 1.193800e+01
    endloop
  endfacet
  facet normal -9.806247e-01 -1.922596e-01 3.757035e-02
    outer loop
      vertex 3.819113e+01 2.379267e+01 2.857356e+00
      vertex 3.821561e+01 2.366807e+01 2.858676e+00
      vertex 3.850771e+01 2.395246e+01 1.193800e+01
    endloop
  endfacet
  facet normal -8.998442e-01 -1.725427e-01 4.006364e-01
    outer loop
      vertex 3.819113e+01 2.379267e+01 2.857356e+00
      vertex 3.811499e+01 2.366807e+01 2.632674e+00
      vertex 3.821561e+01 2.366807e+01 2.858676e+00
    endloop
  endfacet
  facet normal -2.449294e-16 3.061617e-16 1.000000e+00
    outer loop
      vertex 3.969623e+01 3.286865e+01 1.193800e+01
      vertex 3.853267e+01 2.382655e+01 1.193800e+01
      vertex 3.853267e+01 2.209665e+01 1.193800e+01
    endloop
  endfacet
  facet normal -2.449294e-16 3.061617e-16 1.000000e+00
    outer loop
      vertex 3.850771e+01 2.395246e+01 1.193800e+01
      vertex 3.853267e+01 2.382655e+01 1.193800e+01
      vertex 3.969623e+01 3.286865e+01 1.193800e+01
    endloop
  endfacet
  facet normal -2.449294e-16 3.061617e-16 1.000000e+00
    outer loop
      vertex 3.843550e+01 2.045361e+01 1.193800e+01
      vertex 3.969623e+01 3.286865e+01 1.193800e+01
      vertex 3.853267e+01 2.209665e+01 1.193800e+01
    endloop
  endfacet
  facet normal -2.449294e-16 3.061617e-16 1.000000e+00
    outer loop
      vertex 3.850771e+01 2.197074e+01 1.193800e+01
      vertex 3.843550e+01 2.045361e+01 1.193800e+01
      vertex 3.853267e+01 2.209665e+01 1.193800e+01
    endloop
  endfacet
  facet normal -9.800009e-01 1.942790e-01 4.305670e-02
    outer loop
      vertex 3.811889e+01 2.202175e+01 2.857980e+00
      vertex 3.850771e+01 2.197074e+01 1.193800e+01
      vertex 3.853267e+01 2.209665e+01 1.193800e+01
    endloop
  endfacet
  facet normal -9.993908e-01 1.330750e-16 3.489950e-02
    outer loop
      vertex 3.853267e+01 3.253860e+01 1.193800e+01
      vertex 3.874555e+01 3.295701e+01 1.803400e+01
      vertex 3.874555e+01 3.968699e+01 1.803400e+01
    endloop
  endfacet
  facet normal -2.449294e-16 3.061617e-16 1.000000e+00
    outer loop
      vertex 3.916449e+01 3.968696e+01 1.803400e+01
      vertex 3.874555e+01 3.968699e+01 1.803400e+01
      vertex 3.874555e+01 3.295701e+01 1.803400e+01
    endloop
  endfacet
  facet normal -9.993908e-01 -7.219180e-16 3.489950e-02
    outer loop
      vertex 3.821561e+01 2.586193e+01 2.858676e+00
      vertex 3.853267e+01 3.253860e+01 1.193800e+01
      vertex 3.874555e+01 3.968699e+01 1.803400e+01
    endloop
  endfacet
  facet normal -9.993908e-01 9.768246e-15 3.489950e-02
    outer loop
      vertex 3.874238e+01 3.990903e+01 1.794344e+01
      vertex 3.821561e+01 2.586193e+01 2.858676e+00
      vertex 3.874555e+01 3.968699e+01 1.803400e+01
    endloop
  endfacet
  facet normal -4.672974e-02 3.766589e-01 9.251726e-01
    outer loop
      vertex 3.916585e+01 3.980033e+01 1.800909e+01
      vertex 3.874238e+01 3.990903e+01 1.794344e+01
      vertex 3.874555e+01 3.968699e+01 1.803400e+01
    endloop
  endfacet
  facet normal 1.202617e-05 2.146524e-01 9.766905e-01
    outer loop
      vertex 3.916585e+01 3.980033e+01 1.800909e+01
      vertex 3.874555e+01 3.968699e+01 1.803400e+01
      vertex 3.916449e+01 3.968696e+01 1.803400e+01
    endloop
  endfacet
  facet normal -9.993908e-01 -1.368125e-14 3.489950e-02
    outer loop
      vertex 3.853267e+01 3.253860e+01 1.193800e+01
      vertex 3.874238e+01 3.273497e+01 1.794344e+01
      vertex 3.874555e+01 3.295701e+01 1.803400e+01
    endloop
  endfacet
  facet normal 2.115789e-05 -3.776424e-01 9.259515e-01
    outer loop
      vertex 3.916449e+01 3.295704e+01 1.803400e+01
      vertex 3.874555e+01 3.295701e+01 1.803400e+01
      vertex 3.874238e+01 3.273497e+01 1.794344e+01
    endloop
  endfacet
  facet normal -2.449294e-16 3.061617e-16 1.000000e+00
    outer loop
      vertex 3.916449e+01 3.968696e+01 1.803400e+01
      vertex 3.874555e+01 3.295701e+01 1.803400e+01
      vertex 3.916449e+01 3.295704e+01 1.803400e+01
    endloop
  endfacet
  facet normal -9.993908e-01 3.689095e-14 3.489950e-02
    outer loop
      vertex 3.853267e+01 3.253860e+01 1.193800e+01
      vertex 3.873882e+01 3.266513e+01 1.784144e+01
      vertex 3.874238e+01 3.273497e+01 1.794344e+01
    endloop
  endfacet
  facet normal -3.166516e-04 -8.251178e-01 5.649608e-01
    outer loop
      vertex 3.916449e+01 3.273448e+01 1.794296e+01
      vertex 3.874238e+01 3.273497e+01 1.794344e+01
      vertex 3.873882e+01 3.266513e+01 1.784144e+01
    endloop
  endfacet
  facet normal 6.177386e-04 -3.786143e-01 9.255543e-01
    outer loop
      vertex 3.916449e+01 3.273448e+01 1.794296e+01
      vertex 3.916449e+01 3.295704e+01 1.803400e+01
      vertex 3.874238e+01 3.273497e+01 1.794344e+01
    endloop
  endfacet
  facet normal -9.993908e-01 -1.429375e-13 3.489950e-02
    outer loop
      vertex 3.853267e+01 3.253860e+01 1.193800e+01
      vertex 3.873465e+01 3.263956e+01 1.772204e+01
      vertex 3.873882e+01 3.266513e+01 1.784144e+01
    endloop
  endfacet
  facet normal 5.688004e-02 -9.766535e-01 2.071539e-01
    outer loop
      vertex 3.916449e+01 3.270414e+01 1.790850e+01
      vertex 3.873882e+01 3.266513e+01 1.784144e+01
      vertex 3.873465e+01 3.263956e+01 1.772204e+01
    endloop
  endfacet
  facet normal -3.526371e-02 -7.501723e-01 6.603015e-01
    outer loop
      vertex 3.916449e+01 3.270414e+01 1.790850e+01
      vertex 3.916449e+01 3.273448e+01 1.794296e+01
      vertex 3.873882e+01 3.266513e+01 1.784144e+01
    endloop
  endfacet
  facet normal -1.861567e-15 -9.998477e-01 1.745241e-02
    outer loop
      vertex 3.916405e+01 3.263956e+01 1.772202e+01
      vertex 3.873465e+01 3.263956e+01 1.772204e+01
      vertex 3.853267e+01 3.253860e+01 1.193800e+01
    endloop
  endfacet
  facet normal 1.697541e-05 -9.449369e-01 3.272527e-01
    outer loop
      vertex 3.916449e+01 3.270414e+01 1.790850e+01
      vertex 3.873465e+01 3.263956e+01 1.772204e+01
      vertex 3.916405e+01 3.263956e+01 1.772202e+01
    endloop
  endfacet
  facet normal -9.993908e-01 1.330750e-16 3.489950e-02
    outer loop
      vertex 3.821561e+01 2.586193e+01 2.858676e+00
      vertex 3.853267e+01 2.570345e+01 1.193800e+01
      vertex 3.853267e+01 3.253860e+01 1.193800e+01
    endloop
  endfacet
  facet normal -2.449294e-16 3.061617e-16 1.000000e+00
    outer loop
      vertex 3.936603e+01 3.253860e+01 1.193800e+01
      vertex 3.853267e+01 3.253860e+01 1.193800e+01
      vertex 3.853267e+01 2.570345e+01 1.193800e+01
    endloop
  endfacet
  facet normal -1.267206e-16 -9.998477e-01 1.745241e-02
    outer loop
      vertex 3.916405e+01 3.263956e+01 1.772202e+01
      vertex 3.853267e+01 3.253860e+01 1.193800e+01
      vertex 3.936603e+01 3.253860e+01 1.193800e+01
    endloop
  endfacet
  facet normal -9.231421e-01 3.824846e-01 3.891313e-02
    outer loop
      vertex 3.811889e+01 2.562855e+01 2.857980e+00
      vertex 3.853267e+01 2.570345e+01 1.193800e+01
      vertex 3.821561e+01 2.586193e+01 2.858676e+00
    endloop
  endfacet
  facet normal -2.449294e-16 3.061617e-16 1.000000e+00
    outer loop
      vertex 3.949203e+01 3.256356e+01 1.193800e+01
      vertex 3.936603e+01 3.253860e+01 1.193800e+01
      vertex 3.853267e+01 2.570345e+01 1.193800e+01
    endloop
  endfacet
  facet normal -2.449294e-16 3.061617e-16 1.000000e+00
    outer loop
      vertex 3.960004e+01 3.263576e+01 1.193800e+01
      vertex 3.949203e+01 3.256356e+01 1.193800e+01
      vertex 3.853267e+01 2.570345e+01 1.193800e+01
    endloop
  endfacet
  facet normal -2.449294e-16 3.061617e-16 1.000000e+00
    outer loop
      vertex 3.969623e+01 3.286865e+01 1.193800e+01
      vertex 3.960004e+01 3.263576e+01 1.193800e+01
      vertex 3.853267e+01 2.570345e+01 1.193800e+01
    endloop
  endfacet
  facet normal -2.449294e-16 3.061617e-16 1.000000e+00
    outer loop
      vertex 3.843550e+01 2.406041e+01 1.193800e+01
      vertex 3.969623e+01 3.286865e+01 1.193800e+01
      vertex 3.853267e+01 2.570345e+01 1.193800e+01
    endloop
  endfacet
  facet normal -2.449294e-16 3.061617e-16 1.000000e+00
    outer loop
      vertex 3.850771e+01 2.557754e+01 1.193800e+01
      vertex 3.843550e+01 2.406041e+01 1.193800e+01
      vertex 3.853267e+01 2.570345e+01 1.193800e+01
    endloop
  endfacet
  facet normal -9.800009e-01 1.942790e-01 4.305670e-02
    outer loop
      vertex 3.811889e+01 2.562855e+01 2.857980e+00
      vertex 3.850771e+01 2.557754e+01 1.193800e+01
      vertex 3.853267e+01 2.570345e+01 1.193800e+01
    endloop
  endfacet
  facet normal -9.993908e-01 1.330750e-16 3.489950e-02
    outer loop
      vertex 3.853267e+01 4.128925e+01 1.193800e+01
      vertex 3.821561e+01 4.131616e+01 2.858676e+00
      vertex 3.821561e+01 2.586193e+01 2.858676e+00
    endloop
  endfacet
  facet normal -9.135454e-01 2.364042e-16 4.067366e-01
    outer loop
      vertex 3.811499e+01 4.131616e+01 2.632674e+00
      vertex 3.821561e+01 2.586193e+01 2.858676e+00
      vertex 3.821561e+01 4.131616e+01 2.858676e+00
    endloop
  endfacet
  facet normal -9.993908e-01 1.330750e-16 3.489950e-02
    outer loop
      vertex 3.853267e+01 4.010540e+01 1.193800e+01
      vertex 3.853267e+01 4.128925e+01 1.193800e+01
      vertex 3.821561e+01 2.586193e+01 2.858676e+00
    endloop
  endfacet
  facet normal -9.993908e-01 -3.476306e-17 3.489950e-02
    outer loop
      vertex 3.873465e+01 4.000444e+01 1.772204e+01
      vertex 3.853267e+01 4.010540e+01 1.193800e+01
      vertex 3.821561e+01 2.586193e+01 2.858676e+00
    endloop
  endfacet
  facet normal -9.993908e-01 2.415559e-14 3.489950e-02
    outer loop
      vertex 3.873882e+01 3.997887e+01 1.784144e+01
      vertex 3.873465e+01 4.000444e+01 1.772204e+01
      vertex 3.821561e+01 2.586193e+01 2.858676e+00
    endloop
  endfacet
  facet normal -9.993908e-01 -1.449465e-14 3.489950e-02
    outer loop
      vertex 3.874238e+01 3.990903e+01 1.794344e+01
      vertex 3.873882e+01 3.997887e+01 1.784144e+01
      vertex 3.821561e+01 2.586193e+01 2.858676e+00
    endloop
  endfacet
  facet normal -8.538744e-01 3.527511e-01 3.827075e-01
    outer loop
      vertex 3.804703e+01 2.569932e+01 2.632429e+00
      vertex 3.811889e+01 2.562855e+01 2.857980e+00
      vertex 3.821561e+01 2.586193e+01 2.858676e+00
    endloop
  endfacet
  facet normal -9.392932e-01 -1.098062e-03 3.431138e-01
    outer loop
      vertex 3.811499e+01 4.131616e+01 2.632674e+00
      vertex 3.814534e+01 2.586193e+01 2.666303e+00
      vertex 3.821561e+01 2.586193e+01 2.858676e+00
    endloop
  endfacet
  facet normal -8.413389e-01 4.446299e-01 3.073322e-01
    outer loop
      vertex 3.804703e+01 2.569932e+01 2.632429e+00
      vertex 3.821561e+01 2.586193e+01 2.858676e+00
      vertex 3.814534e+01 2.586193e+01 2.666303e+00
    endloop
  endfacet
  facet normal -9.993908e-01 -3.508709e-14 3.489950e-02
    outer loop
      vertex 3.852158e+01 4.160675e+01 1.162050e+01
      vertex 3.850620e+01 4.160675e+01 1.117994e+01
      vertex 3.821561e+01 4.131616e+01 2.858676e+00
    endloop
  endfacet
  facet normal -9.991513e-01 -2.069550e-02 3.561383e-02
    outer loop
      vertex 3.849224e+01 4.160675e+01 1.078817e+01
      vertex 3.821561e+01 4.131616e+01 2.858676e+00
      vertex 3.850620e+01 4.160675e+01 1.117994e+01
    endloop
  endfacet
  facet normal -9.993908e-01 6.639284e-14 3.489950e-02
    outer loop
      vertex 3.852581e+01 4.158274e+01 1.174162e+01
      vertex 3.852158e+01 4.160675e+01 1.162050e+01
      vertex 3.821561e+01 4.131616e+01 2.858676e+00
    endloop
  endfacet
  facet normal -9.993908e-01 -2.007617e-14 3.489950e-02
    outer loop
      vertex 3.852944e+01 4.151326e+01 1.184550e+01
      vertex 3.852581e+01 4.158274e+01 1.174162e+01
      vertex 3.821561e+01 4.131616e+01 2.858676e+00
    endloop
  endfacet
  facet normal -9.993908e-01 1.333922e-14 3.489950e-02
    outer loop
      vertex 3.853267e+01 4.128925e+01 1.193800e+01
      vertex 3.852944e+01 4.151326e+01 1.184550e+01
      vertex 3.821561e+01 4.131616e+01 2.858676e+00
    endloop
  endfacet
  facet normal -9.008110e-01 -1.663879e-01 4.010669e-01
    outer loop
      vertex 3.811499e+01 4.131616e+01 2.632674e+00
      vertex 3.821561e+01 4.131616e+01 2.858676e+00
      vertex 3.819105e+01 4.144072e+01 2.855184e+00
    endloop
  endfacet
  facet normal 1.224647e-16 1.000000e+00 -3.061617e-16
    outer loop
      vertex 3.970732e+01 4.160675e+01 1.162050e+01
      vertex 3.850620e+01 4.160675e+01 1.117994e+01
      vertex 3.852158e+01 4.160675e+01 1.162050e+01
    endloop
  endfacet
  facet normal 1.224647e-16 1.000000e+00 -3.061617e-16
    outer loop
      vertex 3.849224e+01 4.160675e+01 1.078817e+01
      vertex 3.850620e+01 4.160675e+01 1.117994e+01
      vertex 3.970732e+01 4.160675e+01 1.162050e+01
    endloop
  endfacet
  facet normal 1.014041e-16 9.809131e-01 1.944465e-01
    outer loop
      vertex 3.970732e+01 4.160675e+01 1.162050e+01
      vertex 3.852158e+01 4.160675e+01 1.162050e+01
      vertex 3.852581e+01 4.158274e+01 1.174162e+01
    endloop
  endfacet
  facet normal -8.666687e-16 8.312184e-01 5.559460e-01
    outer loop
      vertex 3.970309e+01 4.158274e+01 1.174162e+01
      vertex 3.852581e+01 4.158274e+01 1.174162e+01
      vertex 3.852944e+01 4.151326e+01 1.184550e+01
    endloop
  endfacet
  facet normal -2.169700e-16 9.809131e-01 1.944465e-01
    outer loop
      vertex 3.970732e+01 4.160675e+01 1.162050e+01
      vertex 3.852581e+01 4.158274e+01 1.174162e+01
      vertex 3.970309e+01 4.158274e+01 1.174162e+01
    endloop
  endfacet
  facet normal 1.491156e-15 3.816592e-01 9.243031e-01
    outer loop
      vertex 3.969946e+01 4.151326e+01 1.184550e+01
      vertex 3.852944e+01 4.151326e+01 1.184550e+01
      vertex 3.853267e+01 4.128925e+01 1.193800e+01
    endloop
  endfacet
  facet normal 9.671568e-16 8.312184e-01 5.559460e-01
    outer loop
      vertex 3.970309e+01 4.158274e+01 1.174162e+01
      vertex 3.852944e+01 4.151326e+01 1.184550e+01
      vertex 3.969946e+01 4.151326e+01 1.184550e+01
    endloop
  endfacet
  facet normal -2.449294e-16 3.061617e-16 1.000000e+00
    outer loop
      vertex 3.969623e+01 4.128925e+01 1.193800e+01
      vertex 3.853267e+01 4.128925e+01 1.193800e+01
      vertex 3.853267e+01 4.010540e+01 1.193800e+01
    endloop
  endfacet
  facet normal 2.854443e-16 3.816592e-01 9.243031e-01
    outer loop
      vertex 3.969946e+01 4.151326e+01 1.184550e+01
      vertex 3.853267e+01 4.128925e+01 1.193800e+01
      vertex 3.969623e+01 4.128925e+01 1.193800e+01
    endloop
  endfacet
  facet normal 1.181714e-16 9.998477e-01 1.745241e-02
    outer loop
      vertex 3.936603e+01 4.010540e+01 1.193800e+01
      vertex 3.853267e+01 4.010540e+01 1.193800e+01
      vertex 3.873465e+01 4.000444e+01 1.772204e+01
    endloop
  endfacet
  facet normal -2.449294e-16 3.061617e-16 1.000000e+00
    outer loop
      vertex 3.936603e+01 4.010540e+01 1.193800e+01
      vertex 3.969623e+01 4.128925e+01 1.193800e+01
      vertex 3.853267e+01 4.010540e+01 1.193800e+01
    endloop
  endfacet
  facet normal 1.050583e-05 9.778317e-01 2.093921e-01
    outer loop
      vertex 3.916405e+01 4.000444e+01 1.772202e+01
      vertex 3.873465e+01 4.000444e+01 1.772204e+01
      vertex 3.873882e+01 3.997887e+01 1.784144e+01
    endloop
  endfacet
  facet normal -1.616689e-15 9.998477e-01 1.745241e-02
    outer loop
      vertex 3.916405e+01 4.000444e+01 1.772202e+01
      vertex 3.936603e+01 4.010540e+01 1.193800e+01
      vertex 3.873465e+01 4.000444e+01 1.772204e+01
    endloop
  endfacet
  facet normal -3.166516e-04 8.251178e-01 5.649608e-01
    outer loop
      vertex 3.916449e+01 3.990952e+01 1.794296e+01
      vertex 3.873882e+01 3.997887e+01 1.784144e+01
      vertex 3.874238e+01 3.990903e+01 1.794344e+01
    endloop
  endfacet
  facet normal 5.549186e-02 9.174297e-01 3.940095e-01
    outer loop
      vertex 3.916449e+01 3.990952e+01 1.794296e+01
      vertex 3.916405e+01 4.000444e+01 1.772202e+01
      vertex 3.873882e+01 3.997887e+01 1.784144e+01
    endloop
  endfacet
  facet normal 3.745808e-04 5.180079e-01 8.553757e-01
    outer loop
      vertex 3.916585e+01 3.980033e+01 1.800909e+01
      vertex 3.916449e+01 3.990952e+01 1.794296e+01
      vertex 3.874238e+01 3.990903e+01 1.794344e+01
    endloop
  endfacet
  facet normal -9.993908e-01 1.330750e-16 3.489950e-02
    outer loop
      vertex 3.853267e+01 -5.561400e+00 1.193800e+01
      vertex 3.874555e+01 -5.142985e+00 1.803400e+01
      vertex 3.874555e+01 1.586985e+00 1.803400e+01
    endloop
  endfacet
  facet normal -2.449294e-16 3.061617e-16 1.000000e+00
    outer loop
      vertex 3.916449e+01 1.586961e+00 1.803400e+01
      vertex 3.874555e+01 1.586985e+00 1.803400e+01
      vertex 3.874555e+01 -5.142985e+00 1.803400e+01
    endloop
  endfacet
  facet normal -9.993908e-01 9.159759e-15 3.489950e-02
    outer loop
      vertex 3.874238e+01 1.809031e+00 1.794344e+01
      vertex 3.853267e+01 -5.561400e+00 1.193800e+01
      vertex 3.874555e+01 1.586985e+00 1.803400e+01
    endloop
  endfacet
  facet normal -4.672974e-02 3.766589e-01 9.251726e-01
    outer loop
      vertex 3.916585e+01 1.700326e+00 1.800909e+01
      vertex 3.874238e+01 1.809031e+00 1.794344e+01
      vertex 3.874555e+01 1.586985e+00 1.803400e+01
    endloop
  endfacet
  facet normal 1.202617e-05 2.146524e-01 9.766905e-01
    outer loop
      vertex 3.916585e+01 1.700326e+00 1.800909e+01
      vertex 3.874555e+01 1.586985e+00 1.803400e+01
      vertex 3.916449e+01 1.586961e+00 1.803400e+01
    endloop
  endfacet
  facet normal -9.993908e-01 -1.261861e-14 3.489950e-02
    outer loop
      vertex 3.853267e+01 -5.561400e+00 1.193800e+01
      vertex 3.874238e+01 -5.365034e+00 1.794344e+01
      vertex 3.874555e+01 -5.142985e+00 1.803400e+01
    endloop
  endfacet
  facet normal 2.115789e-05 -3.776424e-01 9.259515e-01
    outer loop
      vertex 3.916449e+01 -5.142961e+00 1.803400e+01
      vertex 3.874555e+01 -5.142985e+00 1.803400e+01
      vertex 3.874238e+01 -5.365034e+00 1.794344e+01
    endloop
  endfacet
  facet normal -2.449294e-16 3.061617e-16 1.000000e+00
    outer loop
      vertex 3.916449e+01 1.586961e+00 1.803400e+01
      vertex 3.874555e+01 -5.142985e+00 1.803400e+01
      vertex 3.916449e+01 -5.142961e+00 1.803400e+01
    endloop
  endfacet
  facet normal -9.993908e-01 3.794117e-14 3.489950e-02
    outer loop
      vertex 3.853267e+01 -5.561400e+00 1.193800e+01
      vertex 3.873882e+01 -5.434870e+00 1.784144e+01
      vertex 3.874238e+01 -5.365034e+00 1.794344e+01
    endloop
  endfacet
  facet normal -3.166516e-04 -8.251178e-01 5.649608e-01
    outer loop
      vertex 3.916449e+01 -5.365525e+00 1.794296e+01
      vertex 3.874238e+01 -5.365034e+00 1.794344e+01
      vertex 3.873882e+01 -5.434870e+00 1.784144e+01
    endloop
  endfacet
  facet normal 6.177386e-04 -3.786143e-01 9.255543e-01
    outer loop
      vertex 3.916449e+01 -5.365525e+00 1.794296e+01
      vertex 3.916449e+01 -5.142961e+00 1.803400e+01
      vertex 3.874238e+01 -5.365034e+00 1.794344e+01
    endloop
  endfacet
  facet normal -9.993908e-01 -1.552889e-13 3.489950e-02
    outer loop
      vertex 3.853267e+01 -5.561400e+00 1.193800e+01
      vertex 3.873465e+01 -5.460438e+00 1.772204e+01
      vertex 3.873882e+01 -5.434870e+00 1.784144e+01
    endloop
  endfacet
  facet normal 5.688004e-02 -9.766535e-01 2.071539e-01
    outer loop
      vertex 3.916449e+01 -5.395858e+00 1.790850e+01
      vertex 3.873882e+01 -5.434870e+00 1.784144e+01
      vertex 3.873465e+01 -5.460438e+00 1.772204e+01
    endloop
  endfacet
  facet normal -3.526371e-02 -7.501723e-01 6.603015e-01
    outer loop
      vertex 3.916449e+01 -5.395858e+00 1.790850e+01
      vertex 3.916449e+01 -5.365525e+00 1.794296e+01
      vertex 3.873882e+01 -5.434870e+00 1.784144e+01
    endloop
  endfacet
  facet normal -2.156023e-14 -9.998477e-01 1.745241e-02
    outer loop
      vertex 3.916405e+01 -5.460438e+00 1.772202e+01
      vertex 3.873465e+01 -5.460438e+00 1.772204e+01
      vertex 3.853267e+01 -5.561400e+00 1.193800e+01
    endloop
  endfacet
  facet normal 1.697541e-05 -9.449369e-01 3.272527e-01
    outer loop
      vertex 3.916449e+01 -5.395858e+00 1.790850e+01
      vertex 3.873465e+01 -5.460438e+00 1.772204e+01
      vertex 3.916405e+01 -5.460438e+00 1.772202e+01
    endloop
  endfacet
  facet normal -9.993908e-01 1.330750e-16 3.489950e-02
    outer loop
      vertex 3.821561e+01 -4.512462e+01 2.858676e+00
      vertex 3.853267e+01 -3.609460e+01 1.193800e+01
      vertex 3.853267e+01 -5.561400e+00 1.193800e+01
    endloop
  endfacet
  facet normal -2.449294e-16 3.061617e-16 1.000000e+00
    outer loop
      vertex 3.936603e+01 -5.561400e+00 1.193800e+01
      vertex 3.853267e+01 -5.561400e+00 1.193800e+01
      vertex 3.853267e+01 -3.609460e+01 1.193800e+01
    endloop
  endfacet
  facet normal -9.993908e-01 1.330750e-16 3.489950e-02
    outer loop
      vertex 3.853267e+01 2.005398e+00 1.193800e+01
      vertex 3.821561e+01 -4.512462e+01 2.858676e+00
      vertex 3.853267e+01 -5.561400e+00 1.193800e+01
    endloop
  endfacet
  facet normal -9.993908e-01 1.330750e-16 3.489950e-02
    outer loop
      vertex 3.873465e+01 1.904438e+00 1.772204e+01
      vertex 3.853267e+01 2.005398e+00 1.193800e+01
      vertex 3.853267e+01 -5.561400e+00 1.193800e+01
    endloop
  endfacet
  facet normal -9.993908e-01 1.939510e-14 3.489950e-02
    outer loop
      vertex 3.873882e+01 1.878867e+00 1.784144e+01
      vertex 3.873465e+01 1.904438e+00 1.772204e+01
      vertex 3.853267e+01 -5.561400e+00 1.193800e+01
    endloop
  endfacet
  facet normal -9.993908e-01 -1.294613e-14 3.489950e-02
    outer loop
      vertex 3.874238e+01 1.809031e+00 1.794344e+01
      vertex 3.873882e+01 1.878867e+00 1.784144e+01
      vertex 3.853267e+01 -5.561400e+00 1.193800e+01
    endloop
  endfacet
  facet normal -1.267206e-16 -9.998477e-01 1.745241e-02
    outer loop
      vertex 3.916405e+01 -5.460438e+00 1.772202e+01
      vertex 3.853267e+01 -5.561400e+00 1.193800e+01
      vertex 3.936603e+01 -5.561400e+00 1.193800e+01
    endloop
  endfacet
  facet normal -9.993908e-01 -1.299926e-16 3.489950e-02
    outer loop
      vertex 3.821561e+01 -4.512462e+01 2.858676e+00
      vertex 3.873465e+01 -3.619557e+01 1.772204e+01
      vertex 3.853267e+01 -3.609460e+01 1.193800e+01
    endloop
  endfacet
  facet normal -1.341515e-14 9.998477e-01 1.745241e-02
    outer loop
      vertex 3.936603e+01 -3.609460e+01 1.193800e+01
      vertex 3.853267e+01 -3.609460e+01 1.193800e+01
      vertex 3.873465e+01 -3.619557e+01 1.772204e+01
    endloop
  endfacet
  facet normal -2.449294e-16 3.061617e-16 1.000000e+00
    outer loop
      vertex 3.949203e+01 -5.536432e+00 1.193800e+01
      vertex 3.936603e+01 -5.561400e+00 1.193800e+01
      vertex 3.853267e+01 -3.609460e+01 1.193800e+01
    endloop
  endfacet
  facet normal -2.449294e-16 3.061617e-16 1.000000e+00
    outer loop
      vertex 3.960004e+01 -5.464235e+00 1.193800e+01
      vertex 3.949203e+01 -5.536432e+00 1.193800e+01
      vertex 3.853267e+01 -3.609460e+01 1.193800e+01
    endloop
  endfacet
  facet normal -2.449294e-16 3.061617e-16 1.000000e+00
    outer loop
      vertex 3.969623e+01 -5.231352e+00 1.193800e+01
      vertex 3.960004e+01 -5.464235e+00 1.193800e+01
      vertex 3.853267e+01 -3.609460e+01 1.193800e+01
    endloop
  endfacet
  facet normal -2.449294e-16 3.061617e-16 1.000000e+00
    outer loop
      vertex 3.936603e+01 -3.609460e+01 1.193800e+01
      vertex 3.969623e+01 -5.231352e+00 1.193800e+01
      vertex 3.853267e+01 -3.609460e+01 1.193800e+01
    endloop
  endfacet
  facet normal -9.993908e-01 3.571038e-14 3.489950e-02
    outer loop
      vertex 3.821561e+01 -4.512462e+01 2.858676e+00
      vertex 3.873882e+01 -3.622113e+01 1.784144e+01
      vertex 3.873465e+01 -3.619557e+01 1.772204e+01
    endloop
  endfacet
  facet normal 1.050583e-05 9.778317e-01 2.093921e-01
    outer loop
      vertex 3.916405e+01 -3.619557e+01 1.772202e+01
      vertex 3.873465e+01 -3.619557e+01 1.772204e+01
      vertex 3.873882e+01 -3.622113e+01 1.784144e+01
    endloop
  endfacet
  facet normal 4.949691e-15 9.998477e-01 1.745241e-02
    outer loop
      vertex 3.916405e+01 -3.619557e+01 1.772202e+01
      vertex 3.936603e+01 -3.609460e+01 1.193800e+01
      vertex 3.873465e+01 -3.619557e+01 1.772204e+01
    endloop
  endfacet
  facet normal -9.993908e-01 -1.817938e-14 3.489950e-02
    outer loop
      vertex 3.821561e+01 -4.512462e+01 2.858676e+00
      vertex 3.874238e+01 -3.629097e+01 1.794344e+01
      vertex 3.873882e+01 -3.622113e+01 1.784144e+01
    endloop
  endfacet
  facet normal -3.166516e-04 8.251178e-01 5.649608e-01
    outer loop
      vertex 3.916449e+01 -3.629048e+01 1.794296e+01
      vertex 3.873882e+01 -3.622113e+01 1.784144e+01
      vertex 3.874238e+01 -3.629097e+01 1.794344e+01
    endloop
  endfacet
  facet normal 5.549186e-02 9.174297e-01 3.940095e-01
    outer loop
      vertex 3.916449e+01 -3.629048e+01 1.794296e+01
      vertex 3.916405e+01 -3.619557e+01 1.772202e+01
      vertex 3.873882e+01 -3.622113e+01 1.784144e+01
    endloop
  endfacet
  facet normal -9.993908e-01 1.010643e-14 3.489950e-02
    outer loop
      vertex 3.821561e+01 -4.512462e+01 2.858676e+00
      vertex 3.874555e+01 -3.651301e+01 1.803400e+01
      vertex 3.874238e+01 -3.629097e+01 1.794344e+01
    endloop
  endfacet
  facet normal -4.672974e-02 3.766589e-01 9.251726e-01
    outer loop
      vertex 3.916585e+01 -3.639967e+01 1.800909e+01
      vertex 3.874238e+01 -3.629097e+01 1.794344e+01
      vertex 3.874555e+01 -3.651301e+01 1.803400e+01
    endloop
  endfacet
  facet normal 3.745808e-04 5.180079e-01 8.553757e-01
    outer loop
      vertex 3.916585e+01 -3.639967e+01 1.800909e+01
      vertex 3.916449e+01 -3.629048e+01 1.794296e+01
      vertex 3.874238e+01 -3.629097e+01 1.794344e+01
    endloop
  endfacet
  facet normal -9.993908e-01 1.330750e-16 3.489950e-02
    outer loop
      vertex 3.853267e+01 -4.366140e+01 1.193800e+01
      vertex 3.874555e+01 -4.324298e+01 1.803400e+01
      vertex 3.874555e+01 -3.651301e+01 1.803400e+01
    endloop
  endfacet
  facet normal -2.449294e-16 3.061617e-16 1.000000e+00
    outer loop
      vertex 3.916449e+01 -3.651304e+01 1.803400e+01
      vertex 3.874555e+01 -3.651301e+01 1.803400e+01
      vertex 3.874555e+01 -4.324298e+01 1.803400e+01
    endloop
  endfacet
  facet normal -9.993908e-01 -2.365410e-16 3.489950e-02
    outer loop
      vertex 3.821561e+01 -4.512462e+01 2.858676e+00
      vertex 3.853267e+01 -4.366140e+01 1.193800e+01
      vertex 3.874555e+01 -3.651301e+01 1.803400e+01
    endloop
  endfacet
  facet normal 1.202617e-05 2.146524e-01 9.766905e-01
    outer loop
      vertex 3.916585e+01 -3.639967e+01 1.800909e+01
      vertex 3.874555e+01 -3.651301e+01 1.803400e+01
      vertex 3.916449e+01 -3.651304e+01 1.803400e+01
    endloop
  endfacet
  facet normal -9.993908e-01 -1.219355e-14 3.489950e-02
    outer loop
      vertex 3.853267e+01 -4.366140e+01 1.193800e+01
      vertex 3.874238e+01 -4.346503e+01 1.794344e+01
      vertex 3.874555e+01 -4.324298e+01 1.803400e+01
    endloop
  endfacet
  facet normal 2.115789e-05 -3.776424e-01 9.259515e-01
    outer loop
      vertex 3.916449e+01 -4.324296e+01 1.803400e+01
      vertex 3.874555e+01 -4.324298e+01 1.803400e+01
      vertex 3.874238e+01 -4.346503e+01 1.794344e+01
    endloop
  endfacet
  facet normal -2.449294e-16 3.061617e-16 1.000000e+00
    outer loop
      vertex 3.916449e+01 -3.651304e+01 1.803400e+01
      vertex 3.874555e+01 -4.324298e+01 1.803400e+01
      vertex 3.916449e+01 -4.324296e+01 1.803400e+01
    endloop
  endfacet
  facet normal -9.993908e-01 3.339020e-14 3.489950e-02
    outer loop
      vertex 3.853267e+01 -4.366140e+01 1.193800e+01
      vertex 3.873882e+01 -4.353487e+01 1.784144e+01
      vertex 3.874238e+01 -4.346503e+01 1.794344e+01
    endloop
  endfacet
  facet normal -3.166516e-04 -8.251178e-01 5.649608e-01
    outer loop
      vertex 3.916449e+01 -4.346552e+01 1.794296e+01
      vertex 3.874238e+01 -4.346503e+01 1.794344e+01
      vertex 3.873882e+01 -4.353487e+01 1.784144e+01
    endloop
  endfacet
  facet normal 6.177386e-04 -3.786143e-01 9.255543e-01
    outer loop
      vertex 3.916449e+01 -4.346552e+01 1.794296e+01
      vertex 3.916449e+01 -4.324296e+01 1.803400e+01
      vertex 3.874238e+01 -4.346503e+01 1.794344e+01
    endloop
  endfacet
  facet normal -9.993908e-01 -1.449960e-13 3.489950e-02
    outer loop
      vertex 3.853267e+01 -4.366140e+01 1.193800e+01
      vertex 3.873465e+01 -4.356044e+01 1.772204e+01
      vertex 3.873882e+01 -4.353487e+01 1.784144e+01
    endloop
  endfacet
  facet normal 5.688004e-02 -9.766535e-01 2.071539e-01
    outer loop
      vertex 3.916449e+01 -4.349586e+01 1.790850e+01
      vertex 3.873882e+01 -4.353487e+01 1.784144e+01
      vertex 3.873465e+01 -4.356044e+01 1.772204e+01
    endloop
  endfacet
  facet normal -3.526371e-02 -7.501723e-01 6.603015e-01
    outer loop
      vertex 3.916449e+01 -4.349586e+01 1.790850e+01
      vertex 3.916449e+01 -4.346552e+01 1.794296e+01
      vertex 3.873882e+01 -4.353487e+01 1.784144e+01
    endloop
  endfacet
  facet normal 4.704654e-15 -9.998477e-01 1.745241e-02
    outer loop
      vertex 3.916405e+01 -4.356044e+01 1.772202e+01
      vertex 3.873465e+01 -4.356044e+01 1.772204e+01
      vertex 3.853267e+01 -4.366140e+01 1.193800e+01
    endloop
  endfacet
  facet normal 1.697541e-05 -9.449369e-01 3.272527e-01
    outer loop
      vertex 3.916449e+01 -4.349586e+01 1.790850e+01
      vertex 3.873465e+01 -4.356044e+01 1.772204e+01
      vertex 3.916405e+01 -4.356044e+01 1.772202e+01
    endloop
  endfacet
  facet normal -9.993908e-01 1.330750e-16 3.489950e-02
    outer loop
      vertex 3.821561e+01 -4.512462e+01 2.858676e+00
      vertex 3.853267e+01 -4.544168e+01 1.193800e+01
      vertex 3.853267e+01 -4.366140e+01 1.193800e+01
    endloop
  endfacet
  facet normal -2.449294e-16 3.061617e-16 1.000000e+00
    outer loop
      vertex 3.936603e+01 -4.366140e+01 1.193800e+01
      vertex 3.853267e+01 -4.366140e+01 1.193800e+01
      vertex 3.853267e+01 -4.544168e+01 1.193800e+01
    endloop
  endfacet
  facet normal -1.366396e-14 -9.998477e-01 1.745241e-02
    outer loop
      vertex 3.916405e+01 -4.356044e+01 1.772202e+01
      vertex 3.853267e+01 -4.366140e+01 1.193800e+01
      vertex 3.936603e+01 -4.366140e+01 1.193800e+01
    endloop
  endfacet
  facet normal -9.229677e-01 3.821694e-01 4.557639e-02
    outer loop
      vertex 3.811882e+01 -4.535782e+01 2.853913e+00
      vertex 3.853267e+01 -4.544168e+01 1.193800e+01
      vertex 3.821561e+01 -4.512462e+01 2.858676e+00
    endloop
  endfacet
  facet normal -2.449294e-16 3.061617e-16 1.000000e+00
    outer loop
      vertex 3.949203e+01 -4.363643e+01 1.193800e+01
      vertex 3.936603e+01 -4.366140e+01 1.193800e+01
      vertex 3.853267e+01 -4.544168e+01 1.193800e+01
    endloop
  endfacet
  facet normal -2.449294e-16 3.061617e-16 1.000000e+00
    outer loop
      vertex 3.960004e+01 -4.356423e+01 1.193800e+01
      vertex 3.949203e+01 -4.363643e+01 1.193800e+01
      vertex 3.853267e+01 -4.544168e+01 1.193800e+01
    endloop
  endfacet
  facet normal -2.449294e-16 3.061617e-16 1.000000e+00
    outer loop
      vertex 3.850772e+01 -4.556759e+01 1.193800e+01
      vertex 3.960004e+01 -4.356423e+01 1.193800e+01
      vertex 3.853267e+01 -4.544168e+01 1.193800e+01
    endloop
  endfacet
  facet normal -9.798726e-01 1.941481e-01 4.643326e-02
    outer loop
      vertex 3.811882e+01 -4.535782e+01 2.853913e+00
      vertex 3.850772e+01 -4.556759e+01 1.193800e+01
      vertex 3.853267e+01 -4.544168e+01 1.193800e+01
    endloop
  endfacet
  facet normal -9.993908e-01 1.330750e-16 3.489950e-02
    outer loop
      vertex 3.853267e+01 2.005398e+00 1.193800e+01
      vertex 3.821561e+01 2.078071e+00 2.858676e+00
      vertex 3.821561e+01 -4.512462e+01 2.858676e+00
    endloop
  endfacet
  facet normal -9.135454e-01 2.364042e-16 4.067366e-01
    outer loop
      vertex 3.811499e+01 2.078071e+00 2.632674e+00
      vertex 3.821561e+01 -4.512462e+01 2.858676e+00
      vertex 3.821561e+01 2.078071e+00 2.858676e+00
    endloop
  endfacet
  facet normal -9.385533e-01 -3.482570e-04 3.451341e-01
    outer loop
      vertex 3.814446e+01 -4.512462e+01 2.665188e+00
      vertex 3.821561e+01 -4.512462e+01 2.858676e+00
      vertex 3.811499e+01 2.078071e+00 2.632674e+00
    endloop
  endfacet
  facet normal -8.403481e-01 4.453326e-01 3.090211e-01
    outer loop
      vertex 3.804659e+01 -4.528559e+01 2.631024e+00
      vertex 3.821561e+01 -4.512462e+01 2.858676e+00
      vertex 3.814446e+01 -4.512462e+01 2.665188e+00
    endloop
  endfacet
  facet normal -8.536854e-01 3.463998e-01 3.888807e-01
    outer loop
      vertex 3.804659e+01 -4.528559e+01 2.631024e+00
      vertex 3.811882e+01 -4.535782e+01 2.853913e+00
      vertex 3.821561e+01 -4.512462e+01 2.858676e+00
    endloop
  endfacet
  facet normal -9.993908e-01 6.652449e-15 3.489950e-02
    outer loop
      vertex 3.853267e+01 2.005398e+00 1.193800e+01
      vertex 3.852380e+01 2.232119e+00 1.168400e+01
      vertex 3.821561e+01 2.078071e+00 2.858676e+00
    endloop
  endfacet
  facet normal -9.235559e-01 -3.814848e-01 3.891012e-02
    outer loop
      vertex 3.842761e+01 2.465005e+00 1.168400e+01
      vertex 3.821561e+01 2.078071e+00 2.858676e+00
      vertex 3.852380e+01 2.232119e+00 1.168400e+01
    endloop
  endfacet
  facet normal -9.808040e-01 -1.923539e-01 3.199311e-02
    outer loop
      vertex 3.819113e+01 2.202670e+00 2.857356e+00
      vertex 3.821561e+01 2.078071e+00 2.858676e+00
      vertex 3.842761e+01 2.465005e+00 1.168400e+01
    endloop
  endfacet
  facet normal -8.998442e-01 -1.725427e-01 4.006364e-01
    outer loop
      vertex 3.811499e+01 2.078071e+00 2.632674e+00
      vertex 3.821561e+01 2.078071e+00 2.858676e+00
      vertex 3.819113e+01 2.202670e+00 2.857356e+00
    endloop
  endfacet
  facet normal -9.993908e-01 1.330750e-16 3.489950e-02
    outer loop
      vertex 3.853267e+01 2.021975e+01 1.193800e+01
      vertex 3.852380e+01 4.117881e+00 1.168400e+01
      vertex 3.852380e+01 2.232119e+00 1.168400e+01
    endloop
  endfacet
  facet normal -2.449294e-16 3.061617e-16 1.000000e+00
    outer loop
      vertex 3.842761e+01 3.884995e+00 1.168400e+01
      vertex 3.852380e+01 2.232119e+00 1.168400e+01
      vertex 3.852380e+01 4.117881e+00 1.168400e+01
    endloop
  endfacet
  facet normal -9.993908e-01 1.330750e-16 3.489950e-02
    outer loop
      vertex 3.853267e+01 2.005398e+00 1.193800e+01
      vertex 3.853267e+01 2.021975e+01 1.193800e+01
      vertex 3.852380e+01 2.232119e+00 1.168400e+01
    endloop
  endfacet
  facet normal -2.449294e-16 3.061617e-16 1.000000e+00
    outer loop
      vertex 3.842761e+01 2.465005e+00 1.168400e+01
      vertex 3.852380e+01 2.232119e+00 1.168400e+01
      vertex 3.842761e+01 3.884995e+00 1.168400e+01
    endloop
  endfacet
  facet normal -9.993908e-01 3.951045e-17 3.489950e-02
    outer loop
      vertex 3.853267e+01 2.021975e+01 1.193800e+01
      vertex 3.821561e+01 4.271926e+00 2.858676e+00
      vertex 3.852380e+01 4.117881e+00 1.168400e+01
    endloop
  endfacet
  facet normal -9.231421e-01 3.824846e-01 3.891313e-02
    outer loop
      vertex 3.811889e+01 4.038546e+00 2.857980e+00
      vertex 3.852380e+01 4.117881e+00 1.168400e+01
      vertex 3.821561e+01 4.271926e+00 2.858676e+00
    endloop
  endfacet
  facet normal -9.235547e-01 3.814843e-01 3.894104e-02
    outer loop
      vertex 3.811889e+01 4.038546e+00 2.857980e+00
      vertex 3.842761e+01 3.884995e+00 1.168400e+01
      vertex 3.852380e+01 4.117881e+00 1.168400e+01
    endloop
  endfacet
  facet normal -9.993908e-01 1.330750e-16 3.489950e-02
    outer loop
      vertex 3.853267e+01 2.021975e+01 1.193800e+01
      vertex 3.821561e+01 2.006127e+01 2.858676e+00
      vertex 3.821561e+01 4.271926e+00 2.858676e+00
    endloop
  endfacet
  facet normal -9.392937e-01 2.200787e-16 3.431140e-01
    outer loop
      vertex 3.814534e+01 2.006127e+01 2.666303e+00
      vertex 3.821561e+01 4.271926e+00 2.858676e+00
      vertex 3.821561e+01 2.006127e+01 2.858676e+00
    endloop
  endfacet
  facet normal -8.538744e-01 3.527511e-01 3.827075e-01
    outer loop
      vertex 3.804703e+01 4.109321e+00 2.632429e+00
      vertex 3.811889e+01 4.038546e+00 2.857980e+00
      vertex 3.821561e+01 4.271926e+00 2.858676e+00
    endloop
  endfacet
  facet normal -9.392937e-01 2.507187e-16 3.431140e-01
    outer loop
      vertex 3.814534e+01 4.271926e+00 2.666303e+00
      vertex 3.821561e+01 4.271926e+00 2.858676e+00
      vertex 3.814534e+01 2.006127e+01 2.666303e+00
    endloop
  endfacet
  facet normal -8.413389e-01 4.446299e-01 3.073322e-01
    outer loop
      vertex 3.804703e+01 4.109321e+00 2.632429e+00
      vertex 3.821561e+01 4.271926e+00 2.858676e+00
      vertex 3.814534e+01 4.271926e+00 2.666303e+00
    endloop
  endfacet
  facet normal -9.802161e-01 -1.943217e-01 3.762180e-02
    outer loop
      vertex 3.850771e+01 2.034566e+01 1.193800e+01
      vertex 3.821561e+01 2.006127e+01 2.858676e+00
      vertex 3.853267e+01 2.021975e+01 1.193800e+01
    endloop
  endfacet
  facet normal -9.230421e-01 -3.824349e-01 4.167458e-02
    outer loop
      vertex 3.811889e+01 2.029465e+01 2.857980e+00
      vertex 3.821561e+01 2.006127e+01 2.858676e+00
      vertex 3.850771e+01 2.034566e+01 1.193800e+01
    endloop
  endfacet
  facet normal -8.756086e-01 -3.619464e-01 3.198505e-01
    outer loop
      vertex 3.811889e+01 2.029465e+01 2.857980e+00
      vertex 3.814534e+01 2.006127e+01 2.666303e+00
      vertex 3.821561e+01 2.006127e+01 2.858676e+00
    endloop
  endfacet
  facet normal -2.449294e-16 3.061617e-16 1.000000e+00
    outer loop
      vertex 3.969623e+01 3.286865e+01 1.193800e+01
      vertex 3.853267e+01 2.021975e+01 1.193800e+01
      vertex 3.853267e+01 2.005398e+00 1.193800e+01
    endloop
  endfacet
  facet normal -2.449294e-16 3.061617e-16 1.000000e+00
    outer loop
      vertex 3.850771e+01 2.034566e+01 1.193800e+01
      vertex 3.853267e+01 2.021975e+01 1.193800e+01
      vertex 3.969623e+01 3.286865e+01 1.193800e+01
    endloop
  endfacet
  facet normal 1.181714e-16 9.998477e-01 1.745241e-02
    outer loop
      vertex 3.936603e+01 2.005398e+00 1.193800e+01
      vertex 3.853267e+01 2.005398e+00 1.193800e+01
      vertex 3.873465e+01 1.904438e+00 1.772204e+01
    endloop
  endfacet
  facet normal -2.449294e-16 3.061617e-16 1.000000e+00
    outer loop
      vertex 3.936603e+01 2.005398e+00 1.193800e+01
      vertex 3.969623e+01 3.286865e+01 1.193800e+01
      vertex 3.853267e+01 2.005398e+00 1.193800e+01
    endloop
  endfacet
  facet normal 1.050583e-05 9.778317e-01 2.093921e-01
    outer loop
      vertex 3.916405e+01 1.904438e+00 1.772202e+01
      vertex 3.873465e+01 1.904438e+00 1.772204e+01
      vertex 3.873882e+01 1.878867e+00 1.784144e+01
    endloop
  endfacet
  facet normal 4.949584e-15 9.998477e-01 1.745241e-02
    outer loop
      vertex 3.916405e+01 1.904438e+00 1.772202e+01
      vertex 3.936603e+01 2.005398e+00 1.193800e+01
      vertex 3.873465e+01 1.904438e+00 1.772204e+01
    endloop
  endfacet
  facet normal -3.166516e-04 8.251178e-01 5.649608e-01
    outer loop
      vertex 3.916449e+01 1.809525e+00 1.794296e+01
      vertex 3.873882e+01 1.878867e+00 1.784144e+01
      vertex 3.874238e+01 1.809031e+00 1.794344e+01
    endloop
  endfacet
  facet normal 5.549186e-02 9.174297e-01 3.940095e-01
    outer loop
      vertex 3.916449e+01 1.809525e+00 1.794296e+01
      vertex 3.916405e+01 1.904438e+00 1.772202e+01
      vertex 3.873882e+01 1.878867e+00 1.784144e+01
    endloop
  endfacet
  facet normal 3.745808e-04 5.180079e-01 8.553757e-01
    outer loop
      vertex 3.916585e+01 1.700326e+00 1.800909e+01
      vertex 3.916449e+01 1.809525e+00 1.794296e+01
      vertex 3.874238e+01 1.809031e+00 1.794344e+01
    endloop
  endfacet
  facet normal 9.993908e-01 -1.117052e-16 3.489950e-02
    outer loop
      vertex -3.853267e+01 2.209665e+01 1.193800e+01
      vertex -3.820448e+01 2.226069e+01 2.540000e+00
      vertex -3.820448e+01 2.366251e+01 2.540000e+00
    endloop
  endfacet
  facet normal -2.449294e-16 3.061617e-16 1.000000e+00
    outer loop
      vertex -1.196219e+00 2.366807e+01 2.540000e+00
      vertex -3.820448e+01 2.366251e+01 2.540000e+00
      vertex -3.820448e+01 2.226069e+01 2.540000e+00
    endloop
  endfacet
  facet normal 9.993908e-01 -1.117052e-16 3.489950e-02
    outer loop
      vertex -3.853267e+01 2.382655e+01 1.193800e+01
      vertex -3.853267e+01 2.209665e+01 1.193800e+01
      vertex -3.820448e+01 2.366251e+01 2.540000e+00
    endloop
  endfacet
  facet normal 9.707995e-01 -2.368577e-01 3.803543e-02
    outer loop
      vertex -3.816859e+01 2.381509e+01 2.574034e+00
      vertex -3.853267e+01 2.382655e+01 1.193800e+01
      vertex -3.820448e+01 2.366251e+01 2.540000e+00
    endloop
  endfacet
  facet normal 5.690283e-05 -3.785834e-01 9.255672e-01
    outer loop
      vertex -1.192914e+00 2.389948e+01 2.634652e+00
      vertex -3.820448e+01 2.366251e+01 2.540000e+00
      vertex -1.196219e+00 2.366807e+01 2.540000e+00
    endloop
  endfacet
  facet normal -1.103928e-03 -2.174489e-01 9.760711e-01
    outer loop
      vertex -1.192914e+00 2.389948e+01 2.634652e+00
      vertex -3.816859e+01 2.381509e+01 2.574034e+00
      vertex -3.820448e+01 2.366251e+01 2.540000e+00
    endloop
  endfacet
  facet normal 9.802161e-01 1.943217e-01 3.762180e-02
    outer loop
      vertex -3.850771e+01 2.197074e+01 1.193800e+01
      vertex -3.820448e+01 2.226069e+01 2.540000e+00
      vertex -3.853267e+01 2.209665e+01 1.193800e+01
    endloop
  endfacet
  facet normal 9.707465e-01 2.369783e-01 3.863231e-02
    outer loop
      vertex -3.816859e+01 2.210810e+01 2.574034e+00
      vertex -3.820448e+01 2.226069e+01 2.540000e+00
      vertex -3.850771e+01 2.197074e+01 1.193800e+01
    endloop
  endfacet
  facet normal -2.449294e-16 3.061617e-16 1.000000e+00
    outer loop
      vertex -1.196219e+00 2.366807e+01 2.540000e+00
      vertex -3.820448e+01 2.226069e+01 2.540000e+00
      vertex -1.196219e+00 2.225513e+01 2.540000e+00
    endloop
  endfacet
  facet normal 3.272188e-05 2.177038e-01 9.760149e-01
    outer loop
      vertex -3.816859e+01 2.210810e+01 2.574034e+00
      vertex -1.196219e+00 2.225513e+01 2.540000e+00
      vertex -3.820448e+01 2.226069e+01 2.540000e+00
    endloop
  endfacet
  facet normal -2.449294e-16 3.061617e-16 1.000000e+00
    outer loop
      vertex -3.969623e+01 1.675349e+00 1.193800e+01
      vertex -3.853267e+01 2.209665e+01 1.193800e+01
      vertex -3.853267e+01 2.382655e+01 1.193800e+01
    endloop
  endfacet
  facet normal -2.449294e-16 3.061617e-16 1.000000e+00
    outer loop
      vertex -3.850771e+01 2.197074e+01 1.193800e+01
      vertex -3.853267e+01 2.209665e+01 1.193800e+01
      vertex -3.969623e+01 1.675349e+00 1.193800e+01
    endloop
  endfacet
  facet normal -2.449294e-16 3.061617e-16 1.000000e+00
    outer loop
      vertex -3.850771e+01 2.557754e+01 1.193800e+01
      vertex -3.969623e+01 1.675349e+00 1.193800e+01
      vertex -3.853267e+01 2.382655e+01 1.193800e+01
    endloop
  endfacet
  facet normal -2.449294e-16 3.061617e-16 1.000000e+00
    outer loop
      vertex -3.843550e+01 2.546958e+01 1.193800e+01
      vertex -3.850771e+01 2.557754e+01 1.193800e+01
      vertex -3.853267e+01 2.382655e+01 1.193800e+01
    endloop
  endfacet
  facet normal -2.449294e-16 3.061617e-16 1.000000e+00
    outer loop
      vertex -3.850771e+01 2.395246e+01 1.193800e+01
      vertex -3.843550e+01 2.546958e+01 1.193800e+01
      vertex -3.853267e+01 2.382655e+01 1.193800e+01
    endloop
  endfacet
  facet normal 9.801890e-01 -1.943163e-01 3.834846e-02
    outer loop
      vertex -3.816859e+01 2.381509e+01 2.574034e+00
      vertex -3.850771e+01 2.395246e+01 1.193800e+01
      vertex -3.853267e+01 2.382655e+01 1.193800e+01
    endloop
  endfacet
  facet normal 9.993908e-01 -1.117052e-16 3.489950e-02
    outer loop
      vertex -3.853267e+01 4.010540e+01 1.193800e+01
      vertex -3.874555e+01 3.968699e+01 1.803400e+01
      vertex -3.874555e+01 3.295701e+01 1.803400e+01
    endloop
  endfacet
  facet normal -2.449294e-16 3.061617e-16 1.000000e+00
    outer loop
      vertex -3.916449e+01 3.295704e+01 1.803400e+01
      vertex -3.874555e+01 3.295701e+01 1.803400e+01
      vertex -3.874555e+01 3.968699e+01 1.803400e+01
    endloop
  endfacet
  facet normal 9.993908e-01 2.480220e-16 3.489950e-02
    outer loop
      vertex -3.821561e+01 4.131616e+01 2.858676e+00
      vertex -3.853267e+01 4.010540e+01 1.193800e+01
      vertex -3.874555e+01 3.295701e+01 1.803400e+01
    endloop
  endfacet
  facet normal 9.993908e-01 -1.072051e-14 3.489950e-02
    outer loop
      vertex -3.874238e+01 3.273497e+01 1.794344e+01
      vertex -3.821561e+01 4.131616e+01 2.858676e+00
      vertex -3.874555e+01 3.295701e+01 1.803400e+01
    endloop
  endfacet
  facet normal 4.672974e-02 -3.766589e-01 9.251726e-01
    outer loop
      vertex -3.916585e+01 3.284367e+01 1.800909e+01
      vertex -3.874238e+01 3.273497e+01 1.794344e+01
      vertex -3.874555e+01 3.295701e+01 1.803400e+01
    endloop
  endfacet
  facet normal -1.202617e-05 -2.146524e-01 9.766905e-01
    outer loop
      vertex -3.916585e+01 3.284367e+01 1.800909e+01
      vertex -3.874555e+01 3.295701e+01 1.803400e+01
      vertex -3.916449e+01 3.295704e+01 1.803400e+01
    endloop
  endfacet
  facet normal 9.993908e-01 1.327756e-14 3.489950e-02
    outer loop
      vertex -3.853267e+01 4.010540e+01 1.193800e+01
      vertex -3.874238e+01 3.990903e+01 1.794344e+01
      vertex -3.874555e+01 3.968699e+01 1.803400e+01
    endloop
  endfacet
  facet normal -2.115789e-05 3.776424e-01 9.259515e-01
    outer loop
      vertex -3.916449e+01 3.968696e+01 1.803400e+01
      vertex -3.874555e+01 3.968699e+01 1.803400e+01
      vertex -3.874238e+01 3.990903e+01 1.794344e+01
    endloop
  endfacet
  facet normal -2.449294e-16 3.061617e-16 1.000000e+00
    outer loop
      vertex -3.916449e+01 3.295704e+01 1.803400e+01
      vertex -3.874555e+01 3.968699e+01 1.803400e+01
      vertex -3.916449e+01 3.968696e+01 1.803400e+01
    endloop
  endfacet
  facet normal 9.993908e-01 -3.616943e-14 3.489950e-02
    outer loop
      vertex -3.853267e+01 4.010540e+01 1.193800e+01
      vertex -3.873882e+01 3.997887e+01 1.784144e+01
      vertex -3.874238e+01 3.990903e+01 1.794344e+01
    endloop
  endfacet
  facet normal 3.166516e-04 8.251178e-01 5.649608e-01
    outer loop
      vertex -3.916449e+01 3.990952e+01 1.794296e+01
      vertex -3.874238e+01 3.990903e+01 1.794344e+01
      vertex -3.873882e+01 3.997887e+01 1.784144e+01
    endloop
  endfacet
  facet normal -6.177386e-04 3.786143e-01 9.255543e-01
    outer loop
      vertex -3.916449e+01 3.990952e+01 1.794296e+01
      vertex -3.916449e+01 3.968696e+01 1.803400e+01
      vertex -3.874238e+01 3.990903e+01 1.794344e+01
    endloop
  endfacet
  facet normal 9.993908e-01 1.450174e-13 3.489950e-02
    outer loop
      vertex -3.853267e+01 4.010540e+01 1.193800e+01
      vertex -3.873465e+01 4.000444e+01 1.772204e+01
      vertex -3.873882e+01 3.997887e+01 1.784144e+01
    endloop
  endfacet
  facet normal -5.688004e-02 9.766535e-01 2.071539e-01
    outer loop
      vertex -3.916449e+01 3.993986e+01 1.790850e+01
      vertex -3.873882e+01 3.997887e+01 1.784144e+01
      vertex -3.873465e+01 4.000444e+01 1.772204e+01
    endloop
  endfacet
  facet normal 3.526371e-02 7.501723e-01 6.603015e-01
    outer loop
      vertex -3.916449e+01 3.993986e+01 1.790850e+01
      vertex -3.916449e+01 3.990952e+01 1.794296e+01
      vertex -3.873882e+01 3.997887e+01 1.784144e+01
    endloop
  endfacet
  facet normal 1.853018e-15 9.998477e-01 1.745241e-02
    outer loop
      vertex -3.916405e+01 4.000444e+01 1.772202e+01
      vertex -3.873465e+01 4.000444e+01 1.772204e+01
      vertex -3.853267e+01 4.010540e+01 1.193800e+01
    endloop
  endfacet
  facet normal -1.697541e-05 9.449369e-01 3.272527e-01
    outer loop
      vertex -3.916449e+01 3.993986e+01 1.790850e+01
      vertex -3.873465e+01 4.000444e+01 1.772204e+01
      vertex -3.916405e+01 4.000444e+01 1.772202e+01
    endloop
  endfacet
  facet normal 9.993908e-01 -1.117052e-16 3.489950e-02
    outer loop
      vertex -3.821561e+01 4.131616e+01 2.858676e+00
      vertex -3.853267e+01 4.126814e+01 1.193800e+01
      vertex -3.853267e+01 4.010540e+01 1.193800e+01
    endloop
  endfacet
  facet normal -2.449294e-16 3.061617e-16 1.000000e+00
    outer loop
      vertex -3.936603e+01 4.010540e+01 1.193800e+01
      vertex -3.853267e+01 4.010540e+01 1.193800e+01
      vertex -3.853267e+01 4.126814e+01 1.193800e+01
    endloop
  endfacet
  facet normal 1.181714e-16 9.998477e-01 1.745241e-02
    outer loop
      vertex -3.916405e+01 4.000444e+01 1.772202e+01
      vertex -3.853267e+01 4.010540e+01 1.193800e+01
      vertex -3.936603e+01 4.010540e+01 1.193800e+01
    endloop
  endfacet
  facet normal 9.993908e-01 1.323230e-14 3.489950e-02
    outer loop
      vertex -3.821561e+01 4.131616e+01 2.858676e+00
      vertex -3.852951e+01 4.149019e+01 1.184744e+01
      vertex -3.853267e+01 4.126814e+01 1.193800e+01
    endloop
  endfacet
  facet normal 2.770751e-16 3.776421e-01 9.259517e-01
    outer loop
      vertex -3.969623e+01 4.126814e+01 1.193800e+01
      vertex -3.853267e+01 4.126814e+01 1.193800e+01
      vertex -3.852951e+01 4.149019e+01 1.184744e+01
    endloop
  endfacet
  facet normal -2.449294e-16 3.061617e-16 1.000000e+00
    outer loop
      vertex -3.949203e+01 4.008043e+01 1.193800e+01
      vertex -3.936603e+01 4.010540e+01 1.193800e+01
      vertex -3.853267e+01 4.126814e+01 1.193800e+01
    endloop
  endfacet
  facet normal -2.449294e-16 3.061617e-16 1.000000e+00
    outer loop
      vertex -3.960004e+01 4.000824e+01 1.193800e+01
      vertex -3.949203e+01 4.008043e+01 1.193800e+01
      vertex -3.853267e+01 4.126814e+01 1.193800e+01
    endloop
  endfacet
  facet normal -2.449294e-16 3.061617e-16 1.000000e+00
    outer loop
      vertex -3.969623e+01 4.126814e+01 1.193800e+01
      vertex -3.960004e+01 4.000824e+01 1.193800e+01
      vertex -3.853267e+01 4.126814e+01 1.193800e+01
    endloop
  endfacet
  facet normal 9.993908e-01 -4.301536e-14 3.489950e-02
    outer loop
      vertex -3.849728e+01 4.159783e+01 1.092468e+01
      vertex -3.852595e+01 4.156002e+01 1.174544e+01
      vertex -3.852951e+01 4.149019e+01 1.184744e+01
    endloop
  endfacet
  facet normal 1.127363e-15 8.251229e-01 5.649533e-01
    outer loop
      vertex -3.969939e+01 4.149019e+01 1.184744e+01
      vertex -3.852951e+01 4.149019e+01 1.184744e+01
      vertex -3.852595e+01 4.156002e+01 1.174544e+01
    endloop
  endfacet
  facet normal 9.993908e-01 8.796843e-16 3.489950e-02
    outer loop
      vertex -3.821561e+01 4.131616e+01 2.858676e+00
      vertex -3.849728e+01 4.159783e+01 1.092468e+01
      vertex -3.852951e+01 4.149019e+01 1.184744e+01
    endloop
  endfacet
  facet normal 5.535974e-16 3.776421e-01 9.259517e-01
    outer loop
      vertex -3.969939e+01 4.149019e+01 1.184744e+01
      vertex -3.969623e+01 4.126814e+01 1.193800e+01
      vertex -3.852951e+01 4.149019e+01 1.184744e+01
    endloop
  endfacet
  facet normal 9.993908e-01 -1.261105e-13 3.489950e-02
    outer loop
      vertex -3.849728e+01 4.159783e+01 1.092468e+01
      vertex -3.852178e+01 4.158559e+01 1.162604e+01
      vertex -3.852595e+01 4.156002e+01 1.174544e+01
    endloop
  endfacet
  facet normal 1.625281e-16 9.778317e-01 2.093925e-01
    outer loop
      vertex -3.970296e+01 4.156002e+01 1.174544e+01
      vertex -3.852595e+01 4.156002e+01 1.174544e+01
      vertex -3.852178e+01 4.158559e+01 1.162604e+01
    endloop
  endfacet
  facet normal 2.180743e-16 8.251229e-01 5.649533e-01
    outer loop
      vertex -3.969939e+01 4.149019e+01 1.184744e+01
      vertex -3.852595e+01 4.156002e+01 1.174544e+01
      vertex -3.970296e+01 4.156002e+01 1.174544e+01
    endloop
  endfacet
  facet normal 3.780580e-16 9.778317e-01 2.093925e-01
    outer loop
      vertex -3.970296e+01 4.156002e+01 1.174544e+01
      vertex -3.852178e+01 4.158559e+01 1.162604e+01
      vertex -3.970713e+01 4.158559e+01 1.162604e+01
    endloop
  endfacet
  facet normal -5.333914e-01 -2.202670e-01 8.166860e-01
    outer loop
      vertex -3.932595e+01 -4.339307e+01 1.794157e+01
      vertex -3.928869e+01 -4.323050e+01 1.800975e+01
      vertex -3.939470e+01 -4.323050e+01 1.794051e+01
    endloop
  endfacet
  facet normal 9.991521e-01 -2.066344e-02 3.561274e-02
    outer loop
      vertex -3.821561e+01 4.131616e+01 2.858676e+00
      vertex -3.848789e+01 4.160239e+01 1.066388e+01
      vertex -3.849728e+01 4.159783e+01 1.092468e+01
    endloop
  endfacet
  facet normal 9.993908e-01 -1.077195e-16 3.489950e-02
    outer loop
      vertex -3.853267e+01 3.253860e+01 1.193800e+01
      vertex -3.821561e+01 2.586193e+01 2.858676e+00
      vertex -3.821561e+01 4.131616e+01 2.858676e+00
    endloop
  endfacet
  facet normal 9.392937e-01 2.109585e-17 3.431140e-01
    outer loop
      vertex -3.814534e+01 2.586193e+01 2.666303e+00
      vertex -3.821561e+01 4.131616e+01 2.858676e+00
      vertex -3.821561e+01 2.586193e+01 2.858676e+00
    endloop
  endfacet
  facet normal 9.993908e-01 1.587943e-16 3.489950e-02
    outer loop
      vertex -3.873465e+01 3.263956e+01 1.772204e+01
      vertex -3.853267e+01 3.253860e+01 1.193800e+01
      vertex -3.821561e+01 4.131616e+01 2.858676e+00
    endloop
  endfacet
  facet normal 9.993908e-01 -3.623036e-14 3.489950e-02
    outer loop
      vertex -3.873882e+01 3.266513e+01 1.784144e+01
      vertex -3.873465e+01 3.263956e+01 1.772204e+01
      vertex -3.821561e+01 4.131616e+01 2.858676e+00
    endloop
  endfacet
  facet normal 9.993908e-01 1.913386e-14 3.489950e-02
    outer loop
      vertex -3.874238e+01 3.273497e+01 1.794344e+01
      vertex -3.873882e+01 3.266513e+01 1.784144e+01
      vertex -3.821561e+01 4.131616e+01 2.858676e+00
    endloop
  endfacet
  facet normal -5.468215e-01 -3.315401e-05 8.372492e-01
    outer loop
      vertex -3.939470e+01 -4.323050e+01 1.794051e+01
      vertex -3.928869e+01 -4.323050e+01 1.800975e+01
      vertex -3.939386e+01 -3.652549e+01 1.794133e+01
    endloop
  endfacet
  facet normal 9.741631e-01 1.618374e-03 2.258397e-01
    outer loop
      vertex -3.818702e+01 4.131616e+01 2.735345e+00
      vertex -3.821561e+01 4.131616e+01 2.858676e+00
      vertex -3.814534e+01 2.586193e+01 2.666303e+00
    endloop
  endfacet
  facet normal 9.993908e-01 -1.117052e-16 3.489950e-02
    outer loop
      vertex -3.853267e+01 3.253860e+01 1.193800e+01
      vertex -3.853267e+01 2.570345e+01 1.193800e+01
      vertex -3.821561e+01 2.586193e+01 2.858676e+00
    endloop
  endfacet
  facet normal 9.802161e-01 1.943217e-01 3.762180e-02
    outer loop
      vertex -3.850771e+01 2.557754e+01 1.193800e+01
      vertex -3.821561e+01 2.586193e+01 2.858676e+00
      vertex -3.853267e+01 2.570345e+01 1.193800e+01
    endloop
  endfacet
  facet normal 9.230421e-01 3.824349e-01 4.167458e-02
    outer loop
      vertex -3.811889e+01 2.562855e+01 2.857980e+00
      vertex -3.821561e+01 2.586193e+01 2.858676e+00
      vertex -3.850771e+01 2.557754e+01 1.193800e+01
    endloop
  endfacet
  facet normal 8.756086e-01 3.619464e-01 3.198505e-01
    outer loop
      vertex -3.811889e+01 2.562855e+01 2.857980e+00
      vertex -3.814534e+01 2.586193e+01 2.666303e+00
      vertex -3.821561e+01 2.586193e+01 2.858676e+00
    endloop
  endfacet
  facet normal -2.449294e-16 3.061617e-16 1.000000e+00
    outer loop
      vertex -3.969623e+01 1.675349e+00 1.193800e+01
      vertex -3.853267e+01 2.570345e+01 1.193800e+01
      vertex -3.853267e+01 3.253860e+01 1.193800e+01
    endloop
  endfacet
  facet normal -2.449294e-16 3.061617e-16 1.000000e+00
    outer loop
      vertex -3.850771e+01 2.557754e+01 1.193800e+01
      vertex -3.853267e+01 2.570345e+01 1.193800e+01
      vertex -3.969623e+01 1.675349e+00 1.193800e+01
    endloop
  endfacet
  facet normal -1.267206e-16 -9.998477e-01 1.745241e-02
    outer loop
      vertex -3.936603e+01 3.253860e+01 1.193800e+01
      vertex -3.853267e+01 3.253860e+01 1.193800e+01
      vertex -3.873465e+01 3.263956e+01 1.772204e+01
    endloop
  endfacet
  facet normal -2.449294e-16 3.061617e-16 1.000000e+00
    outer loop
      vertex -3.936603e+01 3.253860e+01 1.193800e+01
      vertex -3.969623e+01 1.675349e+00 1.193800e+01
      vertex -3.853267e+01 3.253860e+01 1.193800e+01
    endloop
  endfacet
  facet normal -1.050583e-05 -9.778317e-01 2.093921e-01
    outer loop
      vertex -3.916405e+01 3.263956e+01 1.772202e+01
      vertex -3.873465e+01 3.263956e+01 1.772204e+01
      vertex -3.873882e+01 3.266513e+01 1.784144e+01
    endloop
  endfacet
  facet normal -4.900853e-15 -9.998477e-01 1.745241e-02
    outer loop
      vertex -3.916405e+01 3.263956e+01 1.772202e+01
      vertex -3.936603e+01 3.253860e+01 1.193800e+01
      vertex -3.873465e+01 3.263956e+01 1.772204e+01
    endloop
  endfacet
  facet normal 3.166516e-04 -8.251178e-01 5.649608e-01
    outer loop
      vertex -3.916449e+01 3.273448e+01 1.794296e+01
      vertex -3.873882e+01 3.266513e+01 1.784144e+01
      vertex -3.874238e+01 3.273497e+01 1.794344e+01
    endloop
  endfacet
  facet normal -5.549186e-02 -9.174297e-01 3.940095e-01
    outer loop
      vertex -3.916449e+01 3.273448e+01 1.794296e+01
      vertex -3.916405e+01 3.263956e+01 1.772202e+01
      vertex -3.873882e+01 3.266513e+01 1.784144e+01
    endloop
  endfacet
  facet normal -3.745808e-04 -5.180079e-01 8.553757e-01
    outer loop
      vertex -3.916585e+01 3.284367e+01 1.800909e+01
      vertex -3.916449e+01 3.273448e+01 1.794296e+01
      vertex -3.874238e+01 3.273497e+01 1.794344e+01
    endloop
  endfacet
  facet normal 9.993908e-01 -1.117052e-16 3.489950e-02
    outer loop
      vertex -3.821561e+01 2.078071e+00 2.858676e+00
      vertex -3.874555e+01 1.586985e+00 1.803400e+01
      vertex -3.874555e+01 -5.142985e+00 1.803400e+01
    endloop
  endfacet
  facet normal -2.449294e-16 3.061617e-16 1.000000e+00
    outer loop
      vertex -3.916449e+01 -5.142961e+00 1.803400e+01
      vertex -3.874555e+01 -5.142985e+00 1.803400e+01
      vertex -3.874555e+01 1.586985e+00 1.803400e+01
    endloop
  endfacet
  facet normal 9.993908e-01 -1.136364e-14 3.489950e-02
    outer loop
      vertex -3.874238e+01 -5.365034e+00 1.794344e+01
      vertex -3.821561e+01 2.078071e+00 2.858676e+00
      vertex -3.874555e+01 -5.142985e+00 1.803400e+01
    endloop
  endfacet
  facet normal -6.193166e-04 -3.776496e-01 9.259484e-01
    outer loop
      vertex -3.916449e+01 -5.365525e+00 1.794296e+01
      vertex -3.874238e+01 -5.365034e+00 1.794344e+01
      vertex -3.874555e+01 -5.142985e+00 1.803400e+01
    endloop
  endfacet
  facet normal -2.121235e-05 -3.786144e-01 9.255545e-01
    outer loop
      vertex -3.916449e+01 -5.365525e+00 1.794296e+01
      vertex -3.874555e+01 -5.142985e+00 1.803400e+01
      vertex -3.916449e+01 -5.142961e+00 1.803400e+01
    endloop
  endfacet
  facet normal 9.993908e-01 1.199777e-14 3.489950e-02
    outer loop
      vertex -3.821561e+01 2.078071e+00 2.858676e+00
      vertex -3.874238e+01 1.809031e+00 1.794344e+01
      vertex -3.874555e+01 1.586985e+00 1.803400e+01
    endloop
  endfacet
  facet normal 4.672974e-02 3.766589e-01 9.251726e-01
    outer loop
      vertex -3.916585e+01 1.700326e+00 1.800909e+01
      vertex -3.874555e+01 1.586985e+00 1.803400e+01
      vertex -3.874238e+01 1.809031e+00 1.794344e+01
    endloop
  endfacet
  facet normal -2.449294e-16 3.061617e-16 1.000000e+00
    outer loop
      vertex -3.916449e+01 -5.142961e+00 1.803400e+01
      vertex -3.874555e+01 1.586985e+00 1.803400e+01
      vertex -3.916449e+01 1.586961e+00 1.803400e+01
    endloop
  endfacet
  facet normal -1.202617e-05 2.146524e-01 9.766905e-01
    outer loop
      vertex -3.916585e+01 1.700326e+00 1.800909e+01
      vertex -3.916449e+01 1.586961e+00 1.803400e+01
      vertex -3.874555e+01 1.586985e+00 1.803400e+01
    endloop
  endfacet
  facet normal 9.993908e-01 -3.390496e-14 3.489950e-02
    outer loop
      vertex -3.821561e+01 2.078071e+00 2.858676e+00
      vertex -3.873882e+01 1.878867e+00 1.784144e+01
      vertex -3.874238e+01 1.809031e+00 1.794344e+01
    endloop
  endfacet
  facet normal 3.166516e-04 8.251178e-01 5.649608e-01
    outer loop
      vertex -3.916449e+01 1.809525e+00 1.794296e+01
      vertex -3.874238e+01 1.809031e+00 1.794344e+01
      vertex -3.873882e+01 1.878867e+00 1.784144e+01
    endloop
  endfacet
  facet normal -3.745808e-04 5.180079e-01 8.553757e-01
    outer loop
      vertex -3.916449e+01 1.809525e+00 1.794296e+01
      vertex -3.916585e+01 1.700326e+00 1.800909e+01
      vertex -3.874238e+01 1.809031e+00 1.794344e+01
    endloop
  endfacet
  facet normal 9.993908e-01 1.866669e-13 3.489950e-02
    outer loop
      vertex -3.821561e+01 2.078071e+00 2.858676e+00
      vertex -3.873465e+01 1.904438e+00 1.772204e+01
      vertex -3.873882e+01 1.878867e+00 1.784144e+01
    endloop
  endfacet
  facet normal -1.097016e-01 9.727075e-01 2.044643e-01
    outer loop
      vertex -3.916449e+01 1.809525e+00 1.794296e+01
      vertex -3.873882e+01 1.878867e+00 1.784144e+01
      vertex -3.873465e+01 1.904438e+00 1.772204e+01
    endloop
  endfacet
  facet normal 9.993908e-01 -4.631101e-14 3.489950e-02
    outer loop
      vertex -3.821561e+01 2.078071e+00 2.858676e+00
      vertex -3.853267e+01 2.005398e+00 1.193800e+01
      vertex -3.873465e+01 1.904438e+00 1.772204e+01
    endloop
  endfacet
  facet normal -3.567061e-15 9.998477e-01 1.745241e-02
    outer loop
      vertex -3.916405e+01 1.904438e+00 1.772202e+01
      vertex -3.873465e+01 1.904438e+00 1.772204e+01
      vertex -3.853267e+01 2.005398e+00 1.193800e+01
    endloop
  endfacet
  facet normal -2.068522e-05 9.188058e-01 3.947099e-01
    outer loop
      vertex -3.916449e+01 1.809525e+00 1.794296e+01
      vertex -3.873465e+01 1.904438e+00 1.772204e+01
      vertex -3.916405e+01 1.904438e+00 1.772202e+01
    endloop
  endfacet
  facet normal 9.993908e-01 -1.117052e-16 3.489950e-02
    outer loop
      vertex -3.852380e+01 4.117881e+00 1.168400e+01
      vertex -3.853267e+01 2.021975e+01 1.193800e+01
      vertex -3.853267e+01 2.005398e+00 1.193800e+01
    endloop
  endfacet
  facet normal -2.449294e-16 3.061617e-16 1.000000e+00
    outer loop
      vertex -3.936603e+01 2.005398e+00 1.193800e+01
      vertex -3.853267e+01 2.005398e+00 1.193800e+01
      vertex -3.853267e+01 2.021975e+01 1.193800e+01
    endloop
  endfacet
  facet normal 9.993908e-01 -1.117052e-16 3.489950e-02
    outer loop
      vertex -3.852380e+01 2.232119e+00 1.168400e+01
      vertex -3.852380e+01 4.117881e+00 1.168400e+01
      vertex -3.853267e+01 2.005398e+00 1.193800e+01
    endloop
  endfacet
  facet normal 9.993908e-01 6.193497e-15 3.489950e-02
    outer loop
      vertex -3.821561e+01 2.078071e+00 2.858676e+00
      vertex -3.852380e+01 2.232119e+00 1.168400e+01
      vertex -3.853267e+01 2.005398e+00 1.193800e+01
    endloop
  endfacet
  facet normal 1.181714e-16 9.998477e-01 1.745241e-02
    outer loop
      vertex -3.916405e+01 1.904438e+00 1.772202e+01
      vertex -3.853267e+01 2.005398e+00 1.193800e+01
      vertex -3.936603e+01 2.005398e+00 1.193800e+01
    endloop
  endfacet
  facet normal 9.993908e-01 -1.944182e-16 3.489950e-02
    outer loop
      vertex -3.852380e+01 4.117881e+00 1.168400e+01
      vertex -3.820448e+01 2.005571e+01 2.540000e+00
      vertex -3.853267e+01 2.021975e+01 1.193800e+01
    endloop
  endfacet
  facet normal 9.707995e-01 -2.368577e-01 3.803543e-02
    outer loop
      vertex -3.816859e+01 2.020830e+01 2.574034e+00
      vertex -3.853267e+01 2.021975e+01 1.193800e+01
      vertex -3.820448e+01 2.005571e+01 2.540000e+00
    endloop
  endfacet
  facet normal -2.449294e-16 3.061617e-16 1.000000e+00
    outer loop
      vertex -3.843550e+01 2.186279e+01 1.193800e+01
      vertex -3.969623e+01 1.675349e+00 1.193800e+01
      vertex -3.853267e+01 2.021975e+01 1.193800e+01
    endloop
  endfacet
  facet normal -2.449294e-16 3.061617e-16 1.000000e+00
    outer loop
      vertex -3.960004e+01 1.908235e+00 1.193800e+01
      vertex -3.853267e+01 2.021975e+01 1.193800e+01
      vertex -3.969623e+01 1.675349e+00 1.193800e+01
    endloop
  endfacet
  facet normal -2.449294e-16 3.061617e-16 1.000000e+00
    outer loop
      vertex -3.850771e+01 2.034566e+01 1.193800e+01
      vertex -3.843550e+01 2.186279e+01 1.193800e+01
      vertex -3.853267e+01 2.021975e+01 1.193800e+01
    endloop
  endfacet
  facet normal 9.801890e-01 -1.943163e-01 3.834846e-02
    outer loop
      vertex -3.816859e+01 2.020830e+01 2.574034e+00
      vertex -3.850771e+01 2.034566e+01 1.193800e+01
      vertex -3.853267e+01 2.021975e+01 1.193800e+01
    endloop
  endfacet
  facet normal -2.449294e-16 3.061617e-16 1.000000e+00
    outer loop
      vertex -3.949203e+01 1.980433e+00 1.193800e+01
      vertex -3.936603e+01 2.005398e+00 1.193800e+01
      vertex -3.853267e+01 2.021975e+01 1.193800e+01
    endloop
  endfacet
  facet normal -2.449294e-16 3.061617e-16 1.000000e+00
    outer loop
      vertex -3.960004e+01 1.908235e+00 1.193800e+01
      vertex -3.949203e+01 1.980433e+00 1.193800e+01
      vertex -3.853267e+01 2.021975e+01 1.193800e+01
    endloop
  endfacet
  facet normal 9.993908e-01 -1.117052e-16 3.489950e-02
    outer loop
      vertex -3.852380e+01 4.117881e+00 1.168400e+01
      vertex -3.820448e+01 4.277488e+00 2.540000e+00
      vertex -3.820448e+01 2.005571e+01 2.540000e+00
    endloop
  endfacet
  facet normal -2.449294e-16 3.061617e-16 1.000000e+00
    outer loop
      vertex 3.788561e+01 2.006127e+01 2.540000e+00
      vertex -3.820448e+01 2.005571e+01 2.540000e+00
      vertex -3.820448e+01 4.277488e+00 2.540000e+00
    endloop
  endfacet
  facet normal 1.416266e-05 -1.937322e-01 9.810544e-01
    outer loop
      vertex 3.788561e+01 2.018679e+01 2.564786e+00
      vertex -3.820448e+01 2.005571e+01 2.540000e+00
      vertex 3.788561e+01 2.006127e+01 2.540000e+00
    endloop
  endfacet
  facet normal 5.710960e-05 -2.177092e-01 9.760137e-01
    outer loop
      vertex 3.788561e+01 2.018679e+01 2.564786e+00
      vertex -3.816859e+01 2.020830e+01 2.574034e+00
      vertex -3.820448e+01 2.005571e+01 2.540000e+00
    endloop
  endfacet
  facet normal 9.235559e-01 3.814848e-01 3.891012e-02
    outer loop
      vertex -3.842761e+01 3.884995e+00 1.168400e+01
      vertex -3.820448e+01 4.277488e+00 2.540000e+00
      vertex -3.852380e+01 4.117881e+00 1.168400e+01
    endloop
  endfacet
  facet normal 9.711630e-01 2.360045e-01 3.382720e-02
    outer loop
      vertex -3.816859e+01 4.124903e+00 2.574034e+00
      vertex -3.820448e+01 4.277488e+00 2.540000e+00
      vertex -3.842761e+01 3.884995e+00 1.168400e+01
    endloop
  endfacet
  facet normal -2.449294e-16 3.061617e-16 1.000000e+00
    outer loop
      vertex 3.788561e+01 2.006127e+01 2.540000e+00
      vertex -3.820448e+01 4.277488e+00 2.540000e+00
      vertex -1.962782e+01 4.271926e+00 2.540000e+00
    endloop
  endfacet
  facet normal 6.519043e-05 2.177110e-01 9.760132e-01
    outer loop
      vertex -3.816859e+01 4.124903e+00 2.574034e+00
      vertex -1.962782e+01 4.271926e+00 2.540000e+00
      vertex -3.820448e+01 4.277488e+00 2.540000e+00
    endloop
  endfacet
  facet normal -2.449294e-16 3.061617e-16 1.000000e+00
    outer loop
      vertex -3.842761e+01 2.465005e+00 1.168400e+01
      vertex -3.852380e+01 4.117881e+00 1.168400e+01
      vertex -3.852380e+01 2.232119e+00 1.168400e+01
    endloop
  endfacet
  facet normal -2.449294e-16 3.061617e-16 1.000000e+00
    outer loop
      vertex -3.842761e+01 3.884995e+00 1.168400e+01
      vertex -3.852380e+01 4.117881e+00 1.168400e+01
      vertex -3.842761e+01 2.465005e+00 1.168400e+01
    endloop
  endfacet
  facet normal 9.799219e-01 -1.957971e-01 3.763728e-02
    outer loop
      vertex -3.819023e+01 2.204874e+00 2.857350e+00
      vertex -3.852380e+01 2.232119e+00 1.168400e+01
      vertex -3.821561e+01 2.078071e+00 2.858676e+00
    endloop
  endfacet
  facet normal 9.236538e-01 -3.815252e-01 3.608411e-02
    outer loop
      vertex -3.819023e+01 2.204874e+00 2.857350e+00
      vertex -3.842761e+01 2.465005e+00 1.168400e+01
      vertex -3.852380e+01 2.232119e+00 1.168400e+01
    endloop
  endfacet
  facet normal 9.993908e-01 -1.117052e-16 3.489950e-02
    outer loop
      vertex -3.853267e+01 -4.366140e+01 1.193800e+01
      vertex -3.821561e+01 -4.512462e+01 2.858676e+00
      vertex -3.821561e+01 2.078071e+00 2.858676e+00
    endloop
  endfacet
  facet normal 9.385534e-01 -9.272796e-18 3.451341e-01
    outer loop
      vertex -3.814446e+01 -4.512462e+01 2.665188e+00
      vertex -3.821561e+01 2.078071e+00 2.858676e+00
      vertex -3.821561e+01 -4.512462e+01 2.858676e+00
    endloop
  endfacet
  facet normal 9.993908e-01 -1.117052e-16 3.489950e-02
    outer loop
      vertex -3.853267e+01 -3.609460e+01 1.193800e+01
      vertex -3.853267e+01 -4.366140e+01 1.193800e+01
      vertex -3.821561e+01 2.078071e+00 2.858676e+00
    endloop
  endfacet
  facet normal 9.993908e-01 -1.117052e-16 3.489950e-02
    outer loop
      vertex -3.853267e+01 -5.561400e+00 1.193800e+01
      vertex -3.853267e+01 -3.609460e+01 1.193800e+01
      vertex -3.821561e+01 2.078071e+00 2.858676e+00
    endloop
  endfacet
  facet normal 9.993908e-01 1.982730e-16 3.489950e-02
    outer loop
      vertex -3.873465e+01 -5.460438e+00 1.772204e+01
      vertex -3.853267e+01 -5.561400e+00 1.193800e+01
      vertex -3.821561e+01 2.078071e+00 2.858676e+00
    endloop
  endfacet
  facet normal 9.993908e-01 -3.949786e-14 3.489950e-02
    outer loop
      vertex -3.873882e+01 -5.434870e+00 1.784144e+01
      vertex -3.873465e+01 -5.460438e+00 1.772204e+01
      vertex -3.821561e+01 2.078071e+00 2.858676e+00
    endloop
  endfacet
  facet normal 9.993908e-01 2.077129e-14 3.489950e-02
    outer loop
      vertex -3.874238e+01 -5.365034e+00 1.794344e+01
      vertex -3.873882e+01 -5.434870e+00 1.784144e+01
      vertex -3.821561e+01 2.078071e+00 2.858676e+00
    endloop
  endfacet
  facet normal 9.064862e-01 -1.774795e-01 3.831237e-01
    outer loop
      vertex -3.811616e+01 2.240824e+00 2.698756e+00
      vertex -3.819023e+01 2.204874e+00 2.857350e+00
      vertex -3.821561e+01 2.078071e+00 2.858676e+00
    endloop
  endfacet
  facet normal 9.741669e-01 5.427277e-04 2.258287e-01
    outer loop
      vertex -3.814446e+01 -4.512462e+01 2.665188e+00
      vertex -3.818703e+01 2.078071e+00 2.735352e+00
      vertex -3.821561e+01 2.078071e+00 2.858676e+00
    endloop
  endfacet
  facet normal 9.126214e-01 -3.498054e-01 2.115614e-01
    outer loop
      vertex -3.811616e+01 2.240824e+00 2.698756e+00
      vertex -3.821561e+01 2.078071e+00 2.858676e+00
      vertex -3.818703e+01 2.078071e+00 2.735352e+00
    endloop
  endfacet
  facet normal 9.993908e-01 -1.117052e-16 3.489950e-02
    outer loop
      vertex -3.853267e+01 -4.366140e+01 1.193800e+01
      vertex -3.853267e+01 -4.544168e+01 1.193800e+01
      vertex -3.821561e+01 -4.512462e+01 2.858676e+00
    endloop
  endfacet
  facet normal 9.801056e-01 1.941943e-01 4.100746e-02
    outer loop
      vertex -3.850772e+01 -4.556759e+01 1.193800e+01
      vertex -3.821561e+01 -4.512462e+01 2.858676e+00
      vertex -3.853267e+01 -4.544168e+01 1.193800e+01
    endloop
  endfacet
  facet normal 9.228678e-01 3.820717e-01 4.833252e-02
    outer loop
      vertex -3.811882e+01 -4.535782e+01 2.853913e+00
      vertex -3.821561e+01 -4.512462e+01 2.858676e+00
      vertex -3.850772e+01 -4.556759e+01 1.193800e+01
    endloop
  endfacet
  facet normal 8.766087e-01 3.572735e-01 3.223552e-01
    outer loop
      vertex -3.811882e+01 -4.535782e+01 2.853913e+00
      vertex -3.814446e+01 -4.512462e+01 2.665188e+00
      vertex -3.821561e+01 -4.512462e+01 2.858676e+00
    endloop
  endfacet
  facet normal -2.449294e-16 3.061617e-16 1.000000e+00
    outer loop
      vertex -3.969623e+01 -4.661792e+01 1.193800e+01
      vertex -3.853267e+01 -4.544168e+01 1.193800e+01
      vertex -3.853267e+01 -4.366140e+01 1.193800e+01
    endloop
  endfacet
  facet normal -2.449294e-16 3.061617e-16 1.000000e+00
    outer loop
      vertex -3.850772e+01 -4.556759e+01 1.193800e+01
      vertex -3.853267e+01 -4.544168e+01 1.193800e+01
      vertex -3.969623e+01 -4.661792e+01 1.193800e+01
    endloop
  endfacet
  facet normal 9.993908e-01 -1.117052e-16 3.489950e-02
    outer loop
      vertex -3.853267e+01 -3.609460e+01 1.193800e+01
      vertex -3.873465e+01 -4.356044e+01 1.772204e+01
      vertex -3.853267e+01 -4.366140e+01 1.193800e+01
    endloop
  endfacet
  facet normal -1.267206e-16 -9.998477e-01 1.745241e-02
    outer loop
      vertex -3.936603e+01 -4.366140e+01 1.193800e+01
      vertex -3.853267e+01 -4.366140e+01 1.193800e+01
      vertex -3.873465e+01 -4.356044e+01 1.772204e+01
    endloop
  endfacet
  facet normal -2.449294e-16 3.061617e-16 1.000000e+00
    outer loop
      vertex -3.936603e+01 -4.366140e+01 1.193800e+01
      vertex -3.969623e+01 -4.661792e+01 1.193800e+01
      vertex -3.853267e+01 -4.366140e+01 1.193800e+01
    endloop
  endfacet
  facet normal 9.993908e-01 -1.907946e-14 3.489950e-02
    outer loop
      vertex -3.853267e+01 -3.609460e+01 1.193800e+01
      vertex -3.873882e+01 -4.353487e+01 1.784144e+01
      vertex -3.873465e+01 -4.356044e+01 1.772204e+01
    endloop
  endfacet
  facet normal -1.050583e-05 -9.778317e-01 2.093921e-01
    outer loop
      vertex -3.916405e+01 -4.356044e+01 1.772202e+01
      vertex -3.873465e+01 -4.356044e+01 1.772204e+01
      vertex -3.873882e+01 -4.353487e+01 1.784144e+01
    endloop
  endfacet
  facet normal -4.958240e-15 -9.998477e-01 1.745241e-02
    outer loop
      vertex -3.916405e+01 -4.356044e+01 1.772202e+01
      vertex -3.936603e+01 -4.366140e+01 1.193800e+01
      vertex -3.873465e+01 -4.356044e+01 1.772204e+01
    endloop
  endfacet
  facet normal 9.993908e-01 1.349723e-14 3.489950e-02
    outer loop
      vertex -3.853267e+01 -3.609460e+01 1.193800e+01
      vertex -3.874238e+01 -4.346503e+01 1.794344e+01
      vertex -3.873882e+01 -4.353487e+01 1.784144e+01
    endloop
  endfacet
  facet normal 1.344287e-02 -8.248295e-01 5.652218e-01
    outer loop
      vertex -3.916449e+01 -4.349586e+01 1.790850e+01
      vertex -3.873882e+01 -4.353487e+01 1.784144e+01
      vertex -3.874238e+01 -4.346503e+01 1.794344e+01
    endloop
  endfacet
  facet normal -3.504578e-02 -9.443816e-01 3.269787e-01
    outer loop
      vertex -3.916449e+01 -4.349586e+01 1.790850e+01
      vertex -3.916405e+01 -4.356044e+01 1.772202e+01
      vertex -3.873882e+01 -4.353487e+01 1.784144e+01
    endloop
  endfacet
  facet normal 9.993908e-01 -9.614397e-15 3.489950e-02
    outer loop
      vertex -3.853267e+01 -3.609460e+01 1.193800e+01
      vertex -3.874555e+01 -4.324298e+01 1.803400e+01
      vertex -3.874238e+01 -4.346503e+01 1.794344e+01
    endloop
  endfacet
  facet normal -6.193166e-04 -3.776496e-01 9.259484e-01
    outer loop
      vertex -3.916449e+01 -4.346552e+01 1.794296e+01
      vertex -3.874238e+01 -4.346503e+01 1.794344e+01
      vertex -3.874555e+01 -4.324298e+01 1.803400e+01
    endloop
  endfacet
  facet normal 1.200203e-04 -7.506391e-01 6.607124e-01
    outer loop
      vertex -3.916449e+01 -4.346552e+01 1.794296e+01
      vertex -3.916449e+01 -4.349586e+01 1.790850e+01
      vertex -3.874238e+01 -4.346503e+01 1.794344e+01
    endloop
  endfacet
  facet normal 9.993908e-01 -1.117052e-16 3.489950e-02
    outer loop
      vertex -3.853267e+01 -3.609460e+01 1.193800e+01
      vertex -3.874555e+01 -3.651301e+01 1.803400e+01
      vertex -3.874555e+01 -4.324298e+01 1.803400e+01
    endloop
  endfacet
  facet normal -2.449294e-16 3.061617e-16 1.000000e+00
    outer loop
      vertex -3.916449e+01 -4.324296e+01 1.803400e+01
      vertex -3.874555e+01 -4.324298e+01 1.803400e+01
      vertex -3.874555e+01 -3.651301e+01 1.803400e+01
    endloop
  endfacet
  facet normal -2.121235e-05 -3.786144e-01 9.255545e-01
    outer loop
      vertex -3.916449e+01 -4.346552e+01 1.794296e+01
      vertex -3.874555e+01 -4.324298e+01 1.803400e+01
      vertex -3.916449e+01 -4.324296e+01 1.803400e+01
    endloop
  endfacet
  facet normal 9.993908e-01 1.221492e-14 3.489950e-02
    outer loop
      vertex -3.853267e+01 -3.609460e+01 1.193800e+01
      vertex -3.874238e+01 -3.629097e+01 1.794344e+01
      vertex -3.874555e+01 -3.651301e+01 1.803400e+01
    endloop
  endfacet
  facet normal 4.672974e-02 3.766589e-01 9.251726e-01
    outer loop
      vertex -3.916585e+01 -3.639967e+01 1.800909e+01
      vertex -3.874555e+01 -3.651301e+01 1.803400e+01
      vertex -3.874238e+01 -3.629097e+01 1.794344e+01
    endloop
  endfacet
  facet normal -2.449294e-16 3.061617e-16 1.000000e+00
    outer loop
      vertex -3.916449e+01 -4.324296e+01 1.803400e+01
      vertex -3.874555e+01 -3.651301e+01 1.803400e+01
      vertex -3.916449e+01 -3.651304e+01 1.803400e+01
    endloop
  endfacet
  facet normal -1.202617e-05 2.146524e-01 9.766905e-01
    outer loop
      vertex -3.916585e+01 -3.639967e+01 1.800909e+01
      vertex -3.916449e+01 -3.651304e+01 1.803400e+01
      vertex -3.874555e+01 -3.651301e+01 1.803400e+01
    endloop
  endfacet
  facet normal 9.993908e-01 -3.336883e-14 3.489950e-02
    outer loop
      vertex -3.853267e+01 -3.609460e+01 1.193800e+01
      vertex -3.873882e+01 -3.622113e+01 1.784144e+01
      vertex -3.874238e+01 -3.629097e+01 1.794344e+01
    endloop
  endfacet
  facet normal 3.166516e-04 8.251178e-01 5.649608e-01
    outer loop
      vertex -3.916449e+01 -3.629048e+01 1.794296e+01
      vertex -3.874238e+01 -3.629097e+01 1.794344e+01
      vertex -3.873882e+01 -3.622113e+01 1.784144e+01
    endloop
  endfacet
  facet normal -3.745808e-04 5.180079e-01 8.553757e-01
    outer loop
      vertex -3.916449e+01 -3.629048e+01 1.794296e+01
      vertex -3.916585e+01 -3.639967e+01 1.800909e+01
      vertex -3.874238e+01 -3.629097e+01 1.794344e+01
    endloop
  endfacet
  facet normal 9.993908e-01 1.450174e-13 3.489950e-02
    outer loop
      vertex -3.853267e+01 -3.609460e+01 1.193800e+01
      vertex -3.873465e+01 -3.619557e+01 1.772204e+01
      vertex -3.873882e+01 -3.622113e+01 1.784144e+01
    endloop
  endfacet
  facet normal -1.097016e-01 9.727075e-01 2.044643e-01
    outer loop
      vertex -3.916449e+01 -3.629048e+01 1.794296e+01
      vertex -3.873882e+01 -3.622113e+01 1.784144e+01
      vertex -3.873465e+01 -3.619557e+01 1.772204e+01
    endloop
  endfacet
  facet normal -4.713310e-15 9.998477e-01 1.745241e-02
    outer loop
      vertex -3.916405e+01 -3.619557e+01 1.772202e+01
      vertex -3.873465e+01 -3.619557e+01 1.772204e+01
      vertex -3.853267e+01 -3.609460e+01 1.193800e+01
    endloop
  endfacet
  facet normal -2.068522e-05 9.188058e-01 3.947099e-01
    outer loop
      vertex -3.916449e+01 -3.629048e+01 1.794296e+01
      vertex -3.873465e+01 -3.619557e+01 1.772204e+01
      vertex -3.916405e+01 -3.619557e+01 1.772202e+01
    endloop
  endfacet
  facet normal -2.449294e-16 3.061617e-16 1.000000e+00
    outer loop
      vertex -3.936603e+01 -3.609460e+01 1.193800e+01
      vertex -3.853267e+01 -3.609460e+01 1.193800e+01
      vertex -3.853267e+01 -5.561400e+00 1.193800e+01
    endloop
  endfacet
  facet normal 1.181714e-16 9.998477e-01 1.745241e-02
    outer loop
      vertex -3.916405e+01 -3.619557e+01 1.772202e+01
      vertex -3.853267e+01 -3.609460e+01 1.193800e+01
      vertex -3.936603e+01 -3.609460e+01 1.193800e+01
    endloop
  endfacet
  facet normal -1.267206e-16 -9.998477e-01 1.745241e-02
    outer loop
      vertex -3.936603e+01 -5.561400e+00 1.193800e+01
      vertex -3.853267e+01 -5.561400e+00 1.193800e+01
      vertex -3.873465e+01 -5.460438e+00 1.772204e+01
    endloop
  endfacet
  facet normal -2.449294e-16 3.061617e-16 1.000000e+00
    outer loop
      vertex -3.936603e+01 -5.561400e+00 1.193800e+01
      vertex -3.969623e+01 -3.642465e+01 1.193800e+01
      vertex -3.853267e+01 -5.561400e+00 1.193800e+01
    endloop
  endfacet
  facet normal -2.449294e-16 3.061617e-16 1.000000e+00
    outer loop
      vertex -3.960004e+01 -3.619176e+01 1.193800e+01
      vertex -3.853267e+01 -5.561400e+00 1.193800e+01
      vertex -3.969623e+01 -3.642465e+01 1.193800e+01
    endloop
  endfacet
  facet normal -2.449294e-16 3.061617e-16 1.000000e+00
    outer loop
      vertex -3.949203e+01 -3.611956e+01 1.193800e+01
      vertex -3.936603e+01 -3.609460e+01 1.193800e+01
      vertex -3.853267e+01 -5.561400e+00 1.193800e+01
    endloop
  endfacet
  facet normal -2.449294e-16 3.061617e-16 1.000000e+00
    outer loop
      vertex -3.960004e+01 -3.619176e+01 1.193800e+01
      vertex -3.949203e+01 -3.611956e+01 1.193800e+01
      vertex -3.853267e+01 -5.561400e+00 1.193800e+01
    endloop
  endfacet
  facet normal -1.050583e-05 -9.778317e-01 2.093921e-01
    outer loop
      vertex -3.916405e+01 -5.460438e+00 1.772202e+01
      vertex -3.873465e+01 -5.460438e+00 1.772204e+01
      vertex -3.873882e+01 -5.434870e+00 1.784144e+01
    endloop
  endfacet
  facet normal -4.958240e-15 -9.998477e-01 1.745241e-02
    outer loop
      vertex -3.916405e+01 -5.460438e+00 1.772202e+01
      vertex -3.936603e+01 -5.561400e+00 1.193800e+01
      vertex -3.873465e+01 -5.460438e+00 1.772204e+01
    endloop
  endfacet
  facet normal 1.344287e-02 -8.248295e-01 5.652218e-01
    outer loop
      vertex -3.916449e+01 -5.395858e+00 1.790850e+01
      vertex -3.873882e+01 -5.434870e+00 1.784144e+01
      vertex -3.874238e+01 -5.365034e+00 1.794344e+01
    endloop
  endfacet
  facet normal -3.504578e-02 -9.443816e-01 3.269787e-01
    outer loop
      vertex -3.916449e+01 -5.395858e+00 1.790850e+01
      vertex -3.916405e+01 -5.460438e+00 1.772202e+01
      vertex -3.873882e+01 -5.434870e+00 1.784144e+01
    endloop
  endfacet
  facet normal 1.200203e-04 -7.506391e-01 6.607124e-01
    outer loop
      vertex -3.916449e+01 -5.365525e+00 1.794296e+01
      vertex -3.916449e+01 -5.395858e+00 1.790850e+01
      vertex -3.874238e+01 -5.365034e+00 1.794344e+01
    endloop
  endfacet
  facet normal -1.826212e-16 -9.647297e-01 2.632427e-01
    outer loop
      vertex 3.690771e+01 4.160628e+01 2.712515e+00
      vertex 3.788561e+01 4.164616e+01 2.858676e+00
      vertex 3.694716e+01 4.164616e+01 2.858676e+00
    endloop
  endfacet
  facet normal -7.101852e-01 -2.961991e-01 6.386729e-01
    outer loop
      vertex -3.932595e+01 -4.339307e+01 1.794157e+01
      vertex -3.939470e+01 -4.323050e+01 1.794051e+01
      vertex -3.942421e+01 -4.323050e+01 1.790770e+01
    endloop
  endfacet
  facet normal 5.975031e-03 -9.741471e-01 2.258360e-01
    outer loop
      vertex 3.690771e+01 4.160628e+01 2.712515e+00
      vertex 3.788561e+01 4.161757e+01 2.735345e+00
      vertex 3.788561e+01 4.164616e+01 2.858676e+00
    endloop
  endfacet
  facet normal -9.738657e-01 3.608444e-16 2.271246e-01
    outer loop
      vertex 3.691821e+01 4.349671e+01 2.734551e+00
      vertex 3.694716e+01 4.164616e+01 2.858676e+00
      vertex 3.694716e+01 4.349033e+01 2.858676e+00
    endloop
  endfacet
  facet normal -9.656107e-01 2.333018e-03 2.599816e-01
    outer loop
      vertex 3.691821e+01 4.349671e+01 2.734551e+00
      vertex 3.690771e+01 4.160628e+01 2.712515e+00
      vertex 3.694716e+01 4.164616e+01 2.858676e+00
    endloop
  endfacet
  facet normal -8.338562e-01 3.730409e-01 4.068469e-01
    outer loop
      vertex 3.856066e+01 4.734351e+01 2.632618e+00
      vertex 3.694716e+01 4.349033e+01 2.858676e+00
      vertex 3.876054e+01 4.754375e+01 2.858676e+00
    endloop
  endfacet
  facet normal -8.932064e-01 3.874148e-01 2.282369e-01
    outer loop
      vertex 3.856066e+01 4.734351e+01 2.632618e+00
      vertex 3.691821e+01 4.349671e+01 2.734551e+00
      vertex 3.694716e+01 4.349033e+01 2.858676e+00
    endloop
  endfacet
  facet normal -7.788646e-01 6.092350e-01 1.490060e-01
    outer loop
      vertex 3.856066e+01 4.734351e+01 2.632618e+00
      vertex 3.876054e+01 4.754375e+01 2.858676e+00
      vertex 3.887985e+01 4.773552e+01 2.698265e+00
    endloop
  endfacet
  facet normal -2.114988e-16 -9.135454e-01 4.067366e-01
    outer loop
      vertex -3.788561e+01 4.154554e+01 2.632674e+00
      vertex -3.694716e+01 4.164616e+01 2.858676e+00
      vertex -3.788561e+01 4.164616e+01 2.858676e+00
    endloop
  endfacet
  facet normal 9.647297e-01 -3.755048e-17 2.632427e-01
    outer loop
      vertex -3.690728e+01 4.160671e+01 2.712515e+00
      vertex -3.694716e+01 4.349033e+01 2.858676e+00
      vertex -3.694716e+01 4.164616e+01 2.858676e+00
    endloop
  endfacet
  facet normal 3.811774e-02 -9.620864e-01 2.700681e-01
    outer loop
      vertex -3.788561e+01 4.154554e+01 2.632674e+00
      vertex -3.690728e+01 4.160671e+01 2.712515e+00
      vertex -3.694716e+01 4.164616e+01 2.858676e+00
    endloop
  endfacet
  facet normal 1.663879e-01 -9.008110e-01 4.010669e-01
    outer loop
      vertex -3.788561e+01 4.154554e+01 2.632674e+00
      vertex -3.788561e+01 4.164616e+01 2.858676e+00
      vertex -3.801017e+01 4.162160e+01 2.855184e+00
    endloop
  endfacet
  facet normal 8.889624e-01 3.976937e-01 2.271246e-01
    outer loop
      vertex -3.691813e+01 4.349632e+01 2.734551e+00
      vertex -3.876054e+01 4.754375e+01 2.858676e+00
      vertex -3.694716e+01 4.349033e+01 2.858676e+00
    endloop
  endfacet
  facet normal 9.736859e-01 2.934006e-03 2.278753e-01
    outer loop
      vertex -3.690728e+01 4.160671e+01 2.712515e+00
      vertex -3.691813e+01 4.349632e+01 2.734551e+00
      vertex -3.694716e+01 4.349033e+01 2.858676e+00
    endloop
  endfacet
  facet normal -3.769385e-01 9.151810e-01 -1.426919e-01
    outer loop
      vertex -4.054095e+01 4.777998e+01 3.053201e+00
      vertex -4.000280e+01 4.800334e+01 3.064194e+00
      vertex -3.966598e+01 4.796330e+01 1.917631e+00
    endloop
  endfacet
  facet normal -5.633129e-17 9.993908e-01 -3.489950e-02
    outer loop
      vertex -3.939889e+01 4.795749e+01 1.751396e+00
      vertex -3.925218e+01 4.794515e+01 1.398030e+00
      vertex -3.966598e+01 4.796330e+01 1.917631e+00
    endloop
  endfacet
  facet normal -2.992195e-01 9.151143e-01 -2.702472e-01
    outer loop
      vertex -4.011257e+01 4.772999e+01 1.622052e+00
      vertex -3.966598e+01 4.796330e+01 1.917631e+00
      vertex -3.925218e+01 4.794515e+01 1.398030e+00
    endloop
  endfacet
  facet normal -3.805695e-01 9.131843e-01 -1.458120e-01
    outer loop
      vertex -4.011257e+01 4.772999e+01 1.622052e+00
      vertex -4.054095e+01 4.777998e+01 3.053201e+00
      vertex -3.966598e+01 4.796330e+01 1.917631e+00
    endloop
  endfacet
  facet normal 1.303978e-16 9.993908e-01 -3.489950e-02
    outer loop
      vertex 3.939889e+01 4.795749e+01 1.751400e+00
      vertex -3.871688e+01 4.793177e+01 1.014805e+00
      vertex -3.925218e+01 4.794515e+01 1.398030e+00
    endloop
  endfacet
  facet normal -2.208501e-01 9.139736e-01 -3.404079e-01
    outer loop
      vertex -3.903726e+01 4.769372e+01 5.835044e-01
      vertex -3.925218e+01 4.794515e+01 1.398030e+00
      vertex -3.871688e+01 4.793177e+01 1.014805e+00
    endloop
  endfacet
  facet normal 1.306626e-16 9.993908e-01 -3.489950e-02
    outer loop
      vertex -3.939889e+01 4.795749e+01 1.751396e+00
      vertex 3.939889e+01 4.795749e+01 1.751400e+00
      vertex -3.925218e+01 4.794515e+01 1.398030e+00
    endloop
  endfacet
  facet normal -3.126857e-01 8.812139e-01 -3.545274e-01
    outer loop
      vertex -3.903726e+01 4.769372e+01 5.835044e-01
      vertex -4.011257e+01 4.772999e+01 1.622052e+00
      vertex -3.925218e+01 4.794515e+01 1.398030e+00
    endloop
  endfacet
  facet normal 1.311309e-16 9.993908e-01 -3.489950e-02
    outer loop
      vertex 3.939889e+01 4.795749e+01 1.751400e+00
      vertex -3.759127e+01 4.792202e+01 7.354066e-01
      vertex -3.871688e+01 4.793177e+01 1.014805e+00
    endloop
  endfacet
  facet normal -9.754261e-02 9.002038e-01 -4.244037e-01
    outer loop
      vertex -3.903726e+01 4.769372e+01 5.835044e-01
      vertex -3.871688e+01 4.793177e+01 1.014805e+00
      vertex -3.759127e+01 4.792202e+01 7.354066e-01
    endloop
  endfacet
  facet normal 1.309380e-16 9.993908e-01 -3.489950e-02
    outer loop
      vertex 3.939889e+01 4.795749e+01 1.751400e+00
      vertex 3.759127e+01 4.792202e+01 7.354066e-01
      vertex -3.759127e+01 4.792202e+01 7.354066e-01
    endloop
  endfacet
  facet normal 2.129540e-16 9.100929e-01 -4.144042e-01
    outer loop
      vertex 3.759127e+01 4.768052e+01 2.050384e-01
      vertex -3.759127e+01 4.792202e+01 7.354066e-01
      vertex 3.759127e+01 4.792202e+01 7.354066e-01
    endloop
  endfacet
  facet normal -9.965537e-02 9.055613e-01 -4.123439e-01
    outer loop
      vertex -3.759127e+01 4.768051e+01 2.050353e-01
      vertex -3.903726e+01 4.769372e+01 5.835044e-01
      vertex -3.759127e+01 4.792202e+01 7.354066e-01
    endloop
  endfacet
  facet normal -2.235734e-08 9.100918e-01 -4.144068e-01
    outer loop
      vertex 3.759127e+01 4.768052e+01 2.050384e-01
      vertex -3.759127e+01 4.768051e+01 2.050353e-01
      vertex -3.759127e+01 4.792202e+01 7.354066e-01
    endloop
  endfacet
  facet normal 1.036024e-16 9.993908e-01 -3.489950e-02
    outer loop
      vertex 3.939889e+01 4.795749e+01 1.751400e+00
      vertex 3.872993e+01 4.793201e+01 1.021716e+00
      vertex 3.759127e+01 4.792202e+01 7.354066e-01
    endloop
  endfacet
  facet normal 9.576651e-02 9.059100e-01 -4.124995e-01
    outer loop
      vertex 3.759127e+01 4.768052e+01 2.050384e-01
      vertex 3.759127e+01 4.792202e+01 7.354066e-01
      vertex 3.872993e+01 4.793201e+01 1.021716e+00
    endloop
  endfacet
  facet normal 2.817086e-16 9.993908e-01 -3.489950e-02
    outer loop
      vertex 3.939889e+01 4.795749e+01 1.751400e+00
      vertex 3.926392e+01 4.794555e+01 1.409243e+00
      vertex 3.872993e+01 4.793201e+01 1.021716e+00
    endloop
  endfacet
  facet normal 2.235560e-01 9.134871e-01 -3.399470e-01
    outer loop
      vertex 3.903733e+01 4.769372e+01 5.835384e-01
      vertex 3.872993e+01 4.793201e+01 1.021716e+00
      vertex 3.926392e+01 4.794555e+01 1.409243e+00
    endloop
  endfacet
  facet normal -7.797776e-01 5.178307e-01 3.518497e-01
    outer loop
      vertex -3.932874e+01 1.804992e+00 1.787389e+01
      vertex -3.939861e+01 1.807036e+00 1.771603e+01
      vertex -3.947000e+01 1.699103e+00 1.771664e+01
    endloop
  endfacet
  facet normal 1.015313e-01 9.021199e-01 -4.193700e-01
    outer loop
      vertex 3.903733e+01 4.769372e+01 5.835384e-01
      vertex 3.759127e+01 4.768052e+01 2.050384e-01
      vertex 3.872993e+01 4.793201e+01 1.021716e+00
    endloop
  endfacet
  facet normal 3.030654e-16 9.993908e-01 -3.489950e-02
    outer loop
      vertex 3.939889e+01 4.795749e+01 1.751400e+00
      vertex 3.967360e+01 4.796375e+01 1.930638e+00
      vertex 3.926392e+01 4.794555e+01 1.409243e+00
    endloop
  endfacet
  facet normal 2.996839e-01 9.157823e-01 -2.674553e-01
    outer loop
      vertex 4.011261e+01 4.772999e+01 1.622120e+00
      vertex 3.926392e+01 4.794555e+01 1.409243e+00
      vertex 3.967360e+01 4.796375e+01 1.930638e+00
    endloop
  endfacet
  facet normal 3.127449e-01 8.811765e-01 -3.545682e-01
    outer loop
      vertex 4.011261e+01 4.772999e+01 1.622120e+00
      vertex 3.903733e+01 4.769372e+01 5.835384e-01
      vertex 3.926392e+01 4.794555e+01 1.409243e+00
    endloop
  endfacet
  facet normal 3.846549e-01 9.118299e-01 -1.435509e-01
    outer loop
      vertex 4.011261e+01 4.772999e+01 1.622120e+00
      vertex 3.967360e+01 4.796375e+01 1.930638e+00
      vertex 4.000280e+01 4.800334e+01 3.064194e+00
    endloop
  endfacet
  facet normal 3.767922e-01 9.149204e-01 -1.447354e-01
    outer loop
      vertex 4.054095e+01 4.777997e+01 3.053201e+00
      vertex 4.011261e+01 4.772999e+01 1.622120e+00
      vertex 4.000280e+01 4.800334e+01 3.064194e+00
    endloop
  endfacet
  facet normal -8.442821e-09 9.924626e-01 1.225482e-01
    outer loop
      vertex -3.912903e+01 4.792810e+01 1.989414e+00
      vertex 3.939889e+01 4.795749e+01 1.751400e+00
      vertex -3.939889e+01 4.795749e+01 1.751396e+00
    endloop
  endfacet
  facet normal 7.546428e-07 9.924319e-01 1.227962e-01
    outer loop
      vertex 3.912873e+01 4.792802e+01 1.989635e+00
      vertex 3.939889e+01 4.795749e+01 1.751400e+00
      vertex -3.912903e+01 4.792810e+01 1.989414e+00
    endloop
  endfacet
  facet normal 1.171256e-01 9.606951e-01 2.516873e-01
    outer loop
      vertex 3.908595e+01 4.790167e+01 2.110103e+00
      vertex 3.939889e+01 4.795749e+01 1.751400e+00
      vertex 3.912873e+01 4.792802e+01 1.989635e+00
    endloop
  endfacet
  facet normal -3.002695e-01 9.469455e-01 -1.145961e-01
    outer loop
      vertex 3.908595e+01 4.790167e+01 2.110103e+00
      vertex 3.918526e+01 4.793374e+01 2.114847e+00
      vertex 3.939889e+01 4.795749e+01 1.751400e+00
    endloop
  endfacet
  facet normal 2.997277e-01 9.471870e-01 -1.140178e-01
    outer loop
      vertex -3.908600e+01 4.790167e+01 2.110109e+00
      vertex -3.939889e+01 4.795749e+01 1.751396e+00
      vertex -3.918481e+01 4.793361e+01 2.115734e+00
    endloop
  endfacet
  facet normal -1.181026e-01 9.603664e-01 2.524841e-01
    outer loop
      vertex -3.908600e+01 4.790167e+01 2.110109e+00
      vertex -3.912903e+01 4.792810e+01 1.989414e+00
      vertex -3.939889e+01 4.795749e+01 1.751396e+00
    endloop
  endfacet
  facet normal 7.447070e-01 6.347237e-01 2.062456e-01
    outer loop
      vertex -3.878810e+01 4.771626e+01 2.427315e+00
      vertex -3.887917e+01 4.773473e+01 2.699292e+00
      vertex -3.876054e+01 4.754375e+01 2.858676e+00
    endloop
  endfacet
  facet normal 8.339466e-01 3.669762e-01 4.121425e-01
    outer loop
      vertex -3.856076e+01 4.734358e+01 2.632684e+00
      vertex -3.876054e+01 4.754375e+01 2.858676e+00
      vertex -3.691813e+01 4.349632e+01 2.734551e+00
    endloop
  endfacet
  facet normal 7.913378e-01 5.834261e-01 1.827521e-01
    outer loop
      vertex -3.878810e+01 4.771626e+01 2.427315e+00
      vertex -3.876054e+01 4.754375e+01 2.858676e+00
      vertex -3.856076e+01 4.734358e+01 2.632684e+00
    endloop
  endfacet
  facet normal -2.449294e-16 3.061617e-16 1.000000e+00
    outer loop
      vertex 2.194728e+01 2.517830e+00 1.168400e+01
      vertex 1.945162e+01 3.457683e+00 1.168400e+01
      vertex 1.945162e+01 2.517830e+00 1.168400e+01
    endloop
  endfacet
  facet normal -9.998477e-01 1.277893e-16 1.745241e-02
    outer loop
      vertex 1.929767e+01 -9.707629e+00 2.864437e+00
      vertex 1.945162e+01 2.517830e+00 1.168400e+01
      vertex 1.945162e+01 3.457683e+00 1.168400e+01
    endloop
  endfacet
  facet normal 1.181714e-16 9.998477e-01 1.745241e-02
    outer loop
      vertex 2.192512e+01 2.495663e+00 1.295400e+01
      vertex 2.194728e+01 2.517830e+00 1.168400e+01
      vertex 1.945162e+01 2.517830e+00 1.168400e+01
    endloop
  endfacet
  facet normal -9.998477e-01 -3.235465e-17 1.745241e-02
    outer loop
      vertex 1.929767e+01 -9.707629e+00 2.864437e+00
      vertex 1.947379e+01 2.495663e+00 1.295400e+01
      vertex 1.945162e+01 2.517830e+00 1.168400e+01
    endloop
  endfacet
  facet normal 1.181714e-16 9.998477e-01 1.745241e-02
    outer loop
      vertex 2.192512e+01 2.495663e+00 1.295400e+01
      vertex 1.945162e+01 2.517830e+00 1.168400e+01
      vertex 1.947379e+01 2.495663e+00 1.295400e+01
    endloop
  endfacet
  facet normal -2.449294e-16 3.061617e-16 1.000000e+00
    outer loop
      vertex 2.194728e+01 2.517830e+00 1.168400e+01
      vertex 1.954783e+01 3.690651e+00 1.168400e+01
      vertex 1.945162e+01 3.457683e+00 1.168400e+01
    endloop
  endfacet
  facet normal -9.240506e-01 3.815901e-01 2.279004e-02
    outer loop
      vertex 1.929767e+01 3.611629e+00 2.864437e+00
      vertex 1.945162e+01 3.457683e+00 1.168400e+01
      vertex 1.954783e+01 3.690651e+00 1.168400e+01
    endloop
  endfacet
  facet normal -9.998477e-01 1.277893e-16 1.745241e-02
    outer loop
      vertex 1.929767e+01 3.611629e+00 2.864437e+00
      vertex 1.929767e+01 -9.707629e+00 2.864437e+00
      vertex 1.945162e+01 3.457683e+00 1.168400e+01
    endloop
  endfacet
  facet normal -2.449294e-16 3.061617e-16 1.000000e+00
    outer loop
      vertex 2.194728e+01 2.517830e+00 1.168400e+01
      vertex 1.965582e+01 3.762867e+00 1.168400e+01
      vertex 1.954783e+01 3.690651e+00 1.168400e+01
    endloop
  endfacet
  facet normal -5.557174e-01 8.310183e-01 2.422417e-02
    outer loop
      vertex 1.939443e+01 3.845232e+00 2.862051e+00
      vertex 1.954783e+01 3.690651e+00 1.168400e+01
      vertex 1.965582e+01 3.762867e+00 1.168400e+01
    endloop
  endfacet
  facet normal -9.235650e-01 3.827654e-01 2.276574e-02
    outer loop
      vertex 1.939443e+01 3.845232e+00 2.862051e+00
      vertex 1.929767e+01 3.611629e+00 2.864437e+00
      vertex 1.954783e+01 3.690651e+00 1.168400e+01
    endloop
  endfacet
  facet normal -2.449294e-16 3.061617e-16 1.000000e+00
    outer loop
      vertex 2.194728e+01 2.517830e+00 1.168400e+01
      vertex 1.978177e+01 3.787832e+00 1.168400e+01
      vertex 1.965582e+01 3.762867e+00 1.168400e+01
    endloop
  endfacet
  facet normal -1.944044e-01 9.808081e-01 1.491737e-02
    outer loop
      vertex 1.939443e+01 3.845232e+00 2.862051e+00
      vertex 1.965582e+01 3.762867e+00 1.168400e+01
      vertex 1.978177e+01 3.787832e+00 1.168400e+01
    endloop
  endfacet
  facet normal -2.449294e-16 3.061617e-16 1.000000e+00
    outer loop
      vertex 3.819360e+01 2.562168e+00 1.168400e+01
      vertex 3.819360e+01 3.787832e+00 1.168400e+01
      vertex 1.978177e+01 3.787832e+00 1.168400e+01
    endloop
  endfacet
  facet normal 1.181714e-16 9.998477e-01 1.745241e-02
    outer loop
      vertex 3.788561e+01 3.941777e+00 2.864437e+00
      vertex 1.978177e+01 3.787832e+00 1.168400e+01
      vertex 3.819360e+01 3.787832e+00 1.168400e+01
    endloop
  endfacet
  facet normal -2.449294e-16 3.061617e-16 1.000000e+00
    outer loop
      vertex 2.227743e+01 2.562168e+00 1.168400e+01
      vertex 3.819360e+01 2.562168e+00 1.168400e+01
      vertex 1.978177e+01 3.787832e+00 1.168400e+01
    endloop
  endfacet
  facet normal -2.449294e-16 3.061617e-16 1.000000e+00
    outer loop
      vertex 2.204447e+01 2.465962e+00 1.168400e+01
      vertex 2.227743e+01 2.562168e+00 1.168400e+01
      vertex 1.978177e+01 3.787832e+00 1.168400e+01
    endloop
  endfacet
  facet normal -2.449294e-16 3.061617e-16 1.000000e+00
    outer loop
      vertex 2.194728e+01 2.517830e+00 1.168400e+01
      vertex 2.204447e+01 2.465962e+00 1.168400e+01
      vertex 1.978177e+01 3.787832e+00 1.168400e+01
    endloop
  endfacet
  facet normal 1.181714e-16 9.998477e-01 1.745241e-02
    outer loop
      vertex 3.788561e+01 3.941777e+00 2.864437e+00
      vertex 1.962782e+01 3.941777e+00 2.864437e+00
      vertex 1.978177e+01 3.787832e+00 1.168400e+01
    endloop
  endfacet
  facet normal -3.823442e-01 9.237386e-01 2.279776e-02
    outer loop
      vertex 1.939443e+01 3.845232e+00 2.862051e+00
      vertex 1.978177e+01 3.787832e+00 1.168400e+01
      vertex 1.962782e+01 3.941777e+00 2.864437e+00
    endloop
  endfacet
  facet normal -2.449294e-16 3.061617e-16 1.000000e+00
    outer loop
      vertex 3.831960e+01 2.537203e+00 1.168400e+01
      vertex 3.831960e+01 3.812794e+00 1.168400e+01
      vertex 3.819360e+01 3.787832e+00 1.168400e+01
    endloop
  endfacet
  facet normal -1.942915e-01 9.806526e-01 2.390216e-02
    outer loop
      vertex 3.788561e+01 3.941777e+00 2.864437e+00
      vertex 3.819360e+01 3.787832e+00 1.168400e+01
      vertex 3.831960e+01 3.812794e+00 1.168400e+01
    endloop
  endfacet
  facet normal -2.449294e-16 3.061617e-16 1.000000e+00
    outer loop
      vertex 3.819360e+01 2.562168e+00 1.168400e+01
      vertex 3.831960e+01 2.537203e+00 1.168400e+01
      vertex 3.819360e+01 3.787832e+00 1.168400e+01
    endloop
  endfacet
  facet normal -2.449294e-16 3.061617e-16 1.000000e+00
    outer loop
      vertex 3.842761e+01 2.465005e+00 1.168400e+01
      vertex 3.842761e+01 3.884995e+00 1.168400e+01
      vertex 3.831960e+01 3.812794e+00 1.168400e+01
    endloop
  endfacet
  facet normal -5.554284e-01 8.308738e-01 3.388311e-02
    outer loop
      vertex 3.811889e+01 4.038546e+00 2.857980e+00
      vertex 3.831960e+01 3.812794e+00 1.168400e+01
      vertex 3.842761e+01 3.884995e+00 1.168400e+01
    endloop
  endfacet
  facet normal -2.449294e-16 3.061617e-16 1.000000e+00
    outer loop
      vertex 3.831960e+01 2.537203e+00 1.168400e+01
      vertex 3.842761e+01 2.465005e+00 1.168400e+01
      vertex 3.831960e+01 3.812794e+00 1.168400e+01
    endloop
  endfacet
  facet normal -3.822090e-01 9.235108e-01 3.231338e-02
    outer loop
      vertex 3.811889e+01 4.038546e+00 2.857980e+00
      vertex 3.788561e+01 3.941777e+00 2.864437e+00
      vertex 3.831960e+01 3.812794e+00 1.168400e+01
    endloop
  endfacet
  facet normal -5.554285e-01 -8.308740e-01 3.387693e-02
    outer loop
      vertex 3.801240e+01 2.382806e+00 2.860453e+00
      vertex 3.842761e+01 2.465005e+00 1.168400e+01
      vertex 3.831960e+01 2.537203e+00 1.168400e+01
    endloop
  endfacet
  facet normal -8.332975e-01 -5.514676e-01 3.871447e-02
    outer loop
      vertex 3.811974e+01 2.310603e+00 2.857965e+00
      vertex 3.819113e+01 2.202670e+00 2.857356e+00
      vertex 3.842761e+01 2.465005e+00 1.168400e+01
    endloop
  endfacet
  facet normal -5.572892e-01 -8.296239e-01 3.395285e-02
    outer loop
      vertex 3.801240e+01 2.382806e+00 2.860453e+00
      vertex 3.811974e+01 2.310603e+00 2.857965e+00
      vertex 3.842761e+01 2.465005e+00 1.168400e+01
    endloop
  endfacet
  facet normal -1.942915e-01 -9.806526e-01 2.390216e-02
    outer loop
      vertex 3.788561e+01 2.408223e+00 2.864437e+00
      vertex 3.831960e+01 2.537203e+00 1.168400e+01
      vertex 3.819360e+01 2.562168e+00 1.168400e+01
    endloop
  endfacet
  facet normal -1.957677e-01 -9.803573e-01 2.397048e-02
    outer loop
      vertex 3.788561e+01 2.408223e+00 2.864437e+00
      vertex 3.801240e+01 2.382806e+00 2.860453e+00
      vertex 3.831960e+01 2.537203e+00 1.168400e+01
    endloop
  endfacet
  facet normal -1.267206e-16 -9.998477e-01 1.745241e-02
    outer loop
      vertex 3.788561e+01 2.408223e+00 2.864437e+00
      vertex 3.819360e+01 2.562168e+00 1.168400e+01
      vertex 2.227743e+01 2.562168e+00 1.168400e+01
    endloop
  endfacet
  facet normal -3.811397e-01 9.067383e-01 1.804388e-01
    outer loop
      vertex -3.932874e+01 1.804992e+00 1.787389e+01
      vertex -3.916405e+01 1.904438e+00 1.772202e+01
      vertex -3.939861e+01 1.807036e+00 1.771603e+01
    endloop
  endfacet
  facet normal 3.815901e-01 -9.240506e-01 2.279004e-02
    outer loop
      vertex 2.243138e+01 2.408223e+00 2.864437e+00
      vertex 2.227743e+01 2.562168e+00 1.168400e+01
      vertex 2.204447e+01 2.465962e+00 1.168400e+01
    endloop
  endfacet
  facet normal -1.267206e-16 -9.998477e-01 1.745241e-02
    outer loop
      vertex 2.243138e+01 2.408223e+00 2.864437e+00
      vertex 3.788561e+01 2.408223e+00 2.864437e+00
      vertex 2.227743e+01 2.562168e+00 1.168400e+01
    endloop
  endfacet
  facet normal -2.449294e-16 3.061617e-16 1.000000e+00
    outer loop
      vertex 2.194728e+01 2.517830e+00 1.168400e+01
      vertex 2.197225e+01 2.357971e+00 1.168400e+01
      vertex 2.204447e+01 2.465962e+00 1.168400e+01
    endloop
  endfacet
  facet normal 8.310190e-01 -5.557178e-01 2.419029e-02
    outer loop
      vertex 2.219796e+01 2.311487e+00 2.862051e+00
      vertex 2.204447e+01 2.465962e+00 1.168400e+01
      vertex 2.197225e+01 2.357971e+00 1.168400e+01
    endloop
  endfacet
  facet normal 3.825543e-01 -9.236509e-01 2.282973e-02
    outer loop
      vertex 2.219796e+01 2.311487e+00 2.862051e+00
      vertex 2.243138e+01 2.408223e+00 2.864437e+00
      vertex 2.204447e+01 2.465962e+00 1.168400e+01
    endloop
  endfacet
  facet normal -2.449294e-16 3.061617e-16 1.000000e+00
    outer loop
      vertex 2.194728e+01 2.517830e+00 1.168400e+01
      vertex 2.194728e+01 2.232016e+00 1.168400e+01
      vertex 2.197225e+01 2.357971e+00 1.168400e+01
    endloop
  endfacet
  facet normal 9.805827e-01 -1.943597e-01 2.611294e-02
    outer loop
      vertex 2.219796e+01 2.311487e+00 2.862051e+00
      vertex 2.197225e+01 2.357971e+00 1.168400e+01
      vertex 2.194728e+01 2.232016e+00 1.168400e+01
    endloop
  endfacet
  facet normal 9.998477e-01 -1.171028e-16 1.745241e-02
    outer loop
      vertex 2.192512e+01 2.495663e+00 1.295400e+01
      vertex 2.194728e+01 2.232016e+00 1.168400e+01
      vertex 2.194728e+01 2.517830e+00 1.168400e+01
    endloop
  endfacet
  facet normal 9.998477e-01 -1.396428e-16 1.745241e-02
    outer loop
      vertex 2.192512e+01 -9.531513e+00 1.295400e+01
      vertex 2.210123e+01 2.078071e+00 2.864437e+00
      vertex 2.194728e+01 2.232016e+00 1.168400e+01
    endloop
  endfacet
  facet normal 9.236515e-01 -3.825548e-01 2.279991e-02
    outer loop
      vertex 2.219796e+01 2.311487e+00 2.862051e+00
      vertex 2.194728e+01 2.232016e+00 1.168400e+01
      vertex 2.210123e+01 2.078071e+00 2.864437e+00
    endloop
  endfacet
  facet normal 9.998477e-01 -1.171028e-16 1.745241e-02
    outer loop
      vertex 2.192512e+01 2.495663e+00 1.295400e+01
      vertex 2.192512e+01 -9.531513e+00 1.295400e+01
      vertex 2.194728e+01 2.232016e+00 1.168400e+01
    endloop
  endfacet
  facet normal -2.449294e-16 3.061617e-16 1.000000e+00
    outer loop
      vertex 1.947658e+01 -9.679639e+00 1.168400e+01
      vertex 1.945162e+01 -1.247831e+00 1.168400e+01
      vertex 1.945162e+01 -9.553683e+00 1.168400e+01
    endloop
  endfacet
  facet normal -9.998477e-01 1.277893e-16 1.745241e-02
    outer loop
      vertex 1.929767e+01 -9.707629e+00 2.864437e+00
      vertex 1.945162e+01 -9.553683e+00 1.168400e+01
      vertex 1.945162e+01 -1.247831e+00 1.168400e+01
    endloop
  endfacet
  facet normal -9.808081e-01 -1.944044e-01 1.491737e-02
    outer loop
      vertex 1.939422e+01 -9.941021e+00 2.862051e+00
      vertex 1.947658e+01 -9.679639e+00 1.168400e+01
      vertex 1.945162e+01 -9.553683e+00 1.168400e+01
    endloop
  endfacet
  facet normal -9.237386e-01 -3.823442e-01 2.279776e-02
    outer loop
      vertex 1.939422e+01 -9.941021e+00 2.862051e+00
      vertex 1.945162e+01 -9.553683e+00 1.168400e+01
      vertex 1.929767e+01 -9.707629e+00 2.864437e+00
    endloop
  endfacet
  facet normal -2.449294e-16 3.061617e-16 1.000000e+00
    outer loop
      vertex 2.097562e+01 -9.883835e+00 1.168400e+01
      vertex 2.097562e+01 -1.247831e+00 1.168400e+01
      vertex 1.945162e+01 -1.247831e+00 1.168400e+01
    endloop
  endfacet
  facet normal -1.267206e-16 -9.998477e-01 1.745241e-02
    outer loop
      vertex 1.947379e+01 -1.225664e+00 1.295400e+01
      vertex 1.945162e+01 -1.247831e+00 1.168400e+01
      vertex 2.097562e+01 -1.247831e+00 1.168400e+01
    endloop
  endfacet
  facet normal -2.449294e-16 3.061617e-16 1.000000e+00
    outer loop
      vertex 1.978177e+01 -9.883835e+00 1.168400e+01
      vertex 2.097562e+01 -9.883835e+00 1.168400e+01
      vertex 1.945162e+01 -1.247831e+00 1.168400e+01
    endloop
  endfacet
  facet normal -2.449294e-16 3.061617e-16 1.000000e+00
    outer loop
      vertex 1.954880e+01 -9.787626e+00 1.168400e+01
      vertex 1.978177e+01 -9.883835e+00 1.168400e+01
      vertex 1.945162e+01 -1.247831e+00 1.168400e+01
    endloop
  endfacet
  facet normal -2.449294e-16 3.061617e-16 1.000000e+00
    outer loop
      vertex 1.947658e+01 -9.679639e+00 1.168400e+01
      vertex 1.954880e+01 -9.787626e+00 1.168400e+01
      vertex 1.945162e+01 -1.247831e+00 1.168400e+01
    endloop
  endfacet
  facet normal -9.998477e-01 1.277893e-16 1.745241e-02
    outer loop
      vertex 1.947379e+01 -1.225664e+00 1.295400e+01
      vertex 1.947379e+01 2.495663e+00 1.295400e+01
      vertex 1.945162e+01 -1.247831e+00 1.168400e+01
    endloop
  endfacet
  facet normal -9.998477e-01 2.408349e-16 1.745241e-02
    outer loop
      vertex 1.929767e+01 -9.707629e+00 2.864437e+00
      vertex 1.945162e+01 -1.247831e+00 1.168400e+01
      vertex 1.947379e+01 2.495663e+00 1.295400e+01
    endloop
  endfacet
  facet normal -9.998477e-01 1.277893e-16 1.745241e-02
    outer loop
      vertex 2.099779e+01 -9.861665e+00 1.295400e+01
      vertex 2.097562e+01 -1.247831e+00 1.168400e+01
      vertex 2.097562e+01 -9.883835e+00 1.168400e+01
    endloop
  endfacet
  facet normal -1.267206e-16 -9.998477e-01 1.745241e-02
    outer loop
      vertex 2.099779e+01 -1.225664e+00 1.295400e+01
      vertex 1.947379e+01 -1.225664e+00 1.295400e+01
      vertex 2.097562e+01 -1.247831e+00 1.168400e+01
    endloop
  endfacet
  facet normal -9.998477e-01 1.277893e-16 1.745241e-02
    outer loop
      vertex 2.099779e+01 -1.225664e+00 1.295400e+01
      vertex 2.097562e+01 -1.247831e+00 1.168400e+01
      vertex 2.099779e+01 -9.861665e+00 1.295400e+01
    endloop
  endfacet
  facet normal -1.267206e-16 -9.998477e-01 1.745241e-02
    outer loop
      vertex 1.962782e+01 -1.003778e+01 2.864437e+00
      vertex 2.097562e+01 -9.883835e+00 1.168400e+01
      vertex 1.978177e+01 -9.883835e+00 1.168400e+01
    endloop
  endfacet
  facet normal -4.229008e-15 -9.998477e-01 1.745241e-02
    outer loop
      vertex 2.159497e+01 -9.861665e+00 1.295400e+01
      vertex 2.097562e+01 -9.883835e+00 1.168400e+01
      vertex 1.962782e+01 -1.003778e+01 2.864437e+00
    endloop
  endfacet
  facet normal -1.267206e-16 -9.998477e-01 1.745241e-02
    outer loop
      vertex 2.159497e+01 -9.861665e+00 1.295400e+01
      vertex 2.099779e+01 -9.861665e+00 1.295400e+01
      vertex 2.097562e+01 -9.883835e+00 1.168400e+01
    endloop
  endfacet
  facet normal -3.815901e-01 -9.240506e-01 2.279004e-02
    outer loop
      vertex 1.962782e+01 -1.003778e+01 2.864437e+00
      vertex 1.978177e+01 -9.883835e+00 1.168400e+01
      vertex 1.954880e+01 -9.787626e+00 1.168400e+01
    endloop
  endfacet
  facet normal -8.310183e-01 -5.557174e-01 2.422417e-02
    outer loop
      vertex 1.939422e+01 -9.941021e+00 2.862051e+00
      vertex 1.954880e+01 -9.787626e+00 1.168400e+01
      vertex 1.947658e+01 -9.679639e+00 1.168400e+01
    endloop
  endfacet
  facet normal -3.827654e-01 -9.235650e-01 2.276574e-02
    outer loop
      vertex 1.939422e+01 -9.941021e+00 2.862051e+00
      vertex 1.962782e+01 -1.003778e+01 2.864437e+00
      vertex 1.954880e+01 -9.787626e+00 1.168400e+01
    endloop
  endfacet
  facet normal 3.475869e-17 9.439579e-01 3.300658e-01
    outer loop
      vertex 3.788561e+01 4.010120e+00 2.668978e+00
      vertex 1.962782e+01 3.941777e+00 2.864437e+00
      vertex 3.788561e+01 3.941777e+00 2.864437e+00
    endloop
  endfacet
  facet normal -3.418496e-01 8.148389e-01 4.681630e-01
    outer loop
      vertex 1.941263e+01 3.984347e+00 2.633211e+00
      vertex 1.939443e+01 3.845232e+00 2.862051e+00
      vertex 1.962782e+01 3.941777e+00 2.864437e+00
    endloop
  endfacet
  facet normal 4.275927e-03 7.498402e-01 6.616052e-01
    outer loop
      vertex 3.788561e+01 4.010120e+00 2.668978e+00
      vertex 3.788561e+01 4.039667e+00 2.635493e+00
      vertex 1.962782e+01 3.941777e+00 2.864437e+00
    endloop
  endfacet
  facet normal 2.379019e-05 9.187909e-01 3.947446e-01
    outer loop
      vertex 1.962782e+01 4.040487e+00 2.634684e+00
      vertex 1.962782e+01 3.941777e+00 2.864437e+00
      vertex 3.788561e+01 4.039667e+00 2.635493e+00
    endloop
  endfacet
  facet normal -2.355764e-01 8.929322e-01 3.836348e-01
    outer loop
      vertex 1.941263e+01 3.984347e+00 2.633211e+00
      vertex 1.962782e+01 3.941777e+00 2.864437e+00
      vertex 1.962782e+01 4.040487e+00 2.634684e+00
    endloop
  endfacet
  facet normal -3.572161e-01 8.816772e-01 3.082887e-01
    outer loop
      vertex 3.811889e+01 4.038546e+00 2.857980e+00
      vertex 3.788561e+01 4.010120e+00 2.668978e+00
      vertex 3.788561e+01 3.941777e+00 2.864437e+00
    endloop
  endfacet
  facet normal -2.449294e-16 3.061617e-16 1.000000e+00
    outer loop
      vertex 2.192512e+01 2.495663e+00 1.295400e+01
      vertex 1.947379e+01 2.495663e+00 1.295400e+01
      vertex 1.947379e+01 -1.225664e+00 1.295400e+01
    endloop
  endfacet
  facet normal -2.449294e-16 3.061617e-16 1.000000e+00
    outer loop
      vertex 2.099779e+01 -1.225664e+00 1.295400e+01
      vertex 2.192512e+01 2.495663e+00 1.295400e+01
      vertex 1.947379e+01 -1.225664e+00 1.295400e+01
    endloop
  endfacet
  facet normal -9.187916e-01 2.333747e-16 3.947429e-01
    outer loop
      vertex 1.919896e+01 3.611629e+00 2.634685e+00
      vertex 1.929767e+01 -9.707629e+00 2.864437e+00
      vertex 1.929767e+01 3.611629e+00 2.864437e+00
    endloop
  endfacet
  facet normal -8.148389e-01 -3.418496e-01 4.681630e-01
    outer loop
      vertex 1.925510e+01 -9.922823e+00 2.633211e+00
      vertex 1.939422e+01 -9.941021e+00 2.862051e+00
      vertex 1.929767e+01 -9.707629e+00 2.864437e+00
    endloop
  endfacet
  facet normal -9.187909e-01 3.520799e-08 3.947446e-01
    outer loop
      vertex 1.919896e+01 -9.707629e+00 2.634684e+00
      vertex 1.929767e+01 -9.707629e+00 2.864437e+00
      vertex 1.919896e+01 3.611629e+00 2.634685e+00
    endloop
  endfacet
  facet normal -8.929322e-01 -2.355764e-01 3.836348e-01
    outer loop
      vertex 1.925510e+01 -9.922823e+00 2.633211e+00
      vertex 1.929767e+01 -9.707629e+00 2.864437e+00
      vertex 1.919896e+01 -9.707629e+00 2.634684e+00
    endloop
  endfacet
  facet normal -8.575582e-01 3.589561e-01 3.684350e-01
    outer loop
      vertex 1.919896e+01 3.611629e+00 2.634685e+00
      vertex 1.929767e+01 3.611629e+00 2.864437e+00
      vertex 1.939443e+01 3.845232e+00 2.862051e+00
    endloop
  endfacet
  facet normal -1.267206e-16 -9.998477e-01 1.745241e-02
    outer loop
      vertex 2.177108e+01 -1.003778e+01 2.864437e+00
      vertex 2.159497e+01 -9.861665e+00 1.295400e+01
      vertex 1.962782e+01 -1.003778e+01 2.864437e+00
    endloop
  endfacet
  facet normal -2.092037e-16 -9.187916e-01 3.947429e-01
    outer loop
      vertex 1.962782e+01 -1.013649e+01 2.634685e+00
      vertex 2.177108e+01 -1.003778e+01 2.864437e+00
      vertex 1.962782e+01 -1.003778e+01 2.864437e+00
    endloop
  endfacet
  facet normal -3.589561e-01 -8.575582e-01 3.684351e-01
    outer loop
      vertex 1.962782e+01 -1.013649e+01 2.634685e+00
      vertex 1.962782e+01 -1.003778e+01 2.864437e+00
      vertex 1.939422e+01 -9.941021e+00 2.862051e+00
    endloop
  endfacet
  facet normal -2.449294e-16 3.061617e-16 1.000000e+00
    outer loop
      vertex 2.172092e+01 -9.836703e+00 1.295400e+01
      vertex 2.099779e+01 -9.861665e+00 1.295400e+01
      vertex 2.159497e+01 -9.861665e+00 1.295400e+01
    endloop
  endfacet
  facet normal -2.449294e-16 3.061617e-16 1.000000e+00
    outer loop
      vertex 2.099779e+01 -1.225664e+00 1.295400e+01
      vertex 2.099779e+01 -9.861665e+00 1.295400e+01
      vertex 2.192512e+01 -9.531513e+00 1.295400e+01
    endloop
  endfacet
  facet normal -2.449294e-16 3.061617e-16 1.000000e+00
    outer loop
      vertex 2.182891e+01 -9.764487e+00 1.295400e+01
      vertex 2.192512e+01 -9.531513e+00 1.295400e+01
      vertex 2.099779e+01 -9.861665e+00 1.295400e+01
    endloop
  endfacet
  facet normal -2.449294e-16 3.061617e-16 1.000000e+00
    outer loop
      vertex 2.172092e+01 -9.836703e+00 1.295400e+01
      vertex 2.182891e+01 -9.764487e+00 1.295400e+01
      vertex 2.099779e+01 -9.861665e+00 1.295400e+01
    endloop
  endfacet
  facet normal 3.823442e-01 -9.237386e-01 2.279776e-02
    outer loop
      vertex 2.200447e+01 -9.941232e+00 2.862051e+00
      vertex 2.159497e+01 -9.861665e+00 1.295400e+01
      vertex 2.177108e+01 -1.003778e+01 2.864437e+00
    endloop
  endfacet
  facet normal 1.944023e-01 -9.807976e-01 1.562142e-02
    outer loop
      vertex 2.200447e+01 -9.941232e+00 2.862051e+00
      vertex 2.172092e+01 -9.836703e+00 1.295400e+01
      vertex 2.159497e+01 -9.861665e+00 1.295400e+01
    endloop
  endfacet
  facet normal 3.418496e-01 -8.148389e-01 4.681630e-01
    outer loop
      vertex 2.198627e+01 -1.008035e+01 2.633211e+00
      vertex 2.200447e+01 -9.941232e+00 2.862051e+00
      vertex 2.177108e+01 -1.003778e+01 2.864437e+00
    endloop
  endfacet
  facet normal -2.187999e-07 -9.187909e-01 3.947446e-01
    outer loop
      vertex 2.177108e+01 -1.013649e+01 2.634684e+00
      vertex 2.177108e+01 -1.003778e+01 2.864437e+00
      vertex 1.962782e+01 -1.013649e+01 2.634685e+00
    endloop
  endfacet
  facet normal 2.355764e-01 -8.929322e-01 3.836348e-01
    outer loop
      vertex 2.198627e+01 -1.008035e+01 2.633211e+00
      vertex 2.177108e+01 -1.003778e+01 2.864437e+00
      vertex 2.177108e+01 -1.013649e+01 2.634684e+00
    endloop
  endfacet
  facet normal 9.998477e-01 -1.171028e-16 1.745241e-02
    outer loop
      vertex 2.192512e+01 -9.531513e+00 1.295400e+01
      vertex 2.210123e+01 -9.707629e+00 2.864437e+00
      vertex 2.210123e+01 2.078071e+00 2.864437e+00
    endloop
  endfacet
  facet normal 9.187916e-01 8.335641e-18 3.947429e-01
    outer loop
      vertex 2.219994e+01 -9.707629e+00 2.634685e+00
      vertex 2.210123e+01 2.078071e+00 2.864437e+00
      vertex 2.210123e+01 -9.707629e+00 2.864437e+00
    endloop
  endfacet
  facet normal 8.584058e-01 -3.519336e-01 3.732055e-01
    outer loop
      vertex 2.226833e+01 2.241121e+00 2.633850e+00
      vertex 2.219796e+01 2.311487e+00 2.862051e+00
      vertex 2.210123e+01 2.078071e+00 2.864437e+00
    endloop
  endfacet
  facet normal 9.440587e-01 1.478128e-03 3.297742e-01
    outer loop
      vertex 2.216945e+01 2.078071e+00 2.669140e+00
      vertex 2.210123e+01 2.078071e+00 2.864437e+00
      vertex 2.219994e+01 -9.707629e+00 2.634685e+00
    endloop
  endfacet
  facet normal 8.440091e-01 -4.480253e-01 2.948253e-01
    outer loop
      vertex 2.226833e+01 2.241121e+00 2.633850e+00
      vertex 2.210123e+01 2.078071e+00 2.864437e+00
      vertex 2.216945e+01 2.078071e+00 2.669140e+00
    endloop
  endfacet
  facet normal 9.240506e-01 -3.815901e-01 2.279004e-02
    outer loop
      vertex 2.182891e+01 -9.764487e+00 1.295400e+01
      vertex 2.210123e+01 -9.707629e+00 2.864437e+00
      vertex 2.192512e+01 -9.531513e+00 1.295400e+01
    endloop
  endfacet
  facet normal 9.235649e-01 -3.827654e-01 2.277031e-02
    outer loop
      vertex 2.200447e+01 -9.941232e+00 2.862051e+00
      vertex 2.210123e+01 -9.707629e+00 2.864437e+00
      vertex 2.182891e+01 -9.764487e+00 1.295400e+01
    endloop
  endfacet
  facet normal 8.575582e-01 -3.589561e-01 3.684351e-01
    outer loop
      vertex 2.219994e+01 -9.707629e+00 2.634685e+00
      vertex 2.210123e+01 -9.707629e+00 2.864437e+00
      vertex 2.200447e+01 -9.941232e+00 2.862051e+00
    endloop
  endfacet
  facet normal -2.449294e-16 3.061617e-16 1.000000e+00
    outer loop
      vertex 2.099779e+01 -1.225664e+00 1.295400e+01
      vertex 2.192512e+01 -9.531513e+00 1.295400e+01
      vertex 2.192512e+01 2.495663e+00 1.295400e+01
    endloop
  endfacet
  facet normal -1.963854e-16 -9.440597e-01 3.297746e-01
    outer loop
      vertex 2.243138e+01 2.340001e+00 2.669140e+00
      vertex 3.788561e+01 2.408223e+00 2.864437e+00
      vertex 2.243138e+01 2.408223e+00 2.864437e+00
    endloop
  endfacet
  facet normal -1.017079e-01 1.848784e-01 9.774843e-01
    outer loop
      vertex -3.939861e+01 1.807036e+00 1.771603e+01
      vertex -3.916405e+01 1.904438e+00 1.772202e+01
      vertex -3.929127e+01 1.879240e+00 1.771355e+01
    endloop
  endfacet
  facet normal 1.649178e-03 -9.774952e-01 2.109513e-01
    outer loop
      vertex 3.788561e+01 2.381214e+00 2.739293e+00
      vertex 3.788561e+01 2.408223e+00 2.864437e+00
      vertex 2.243138e+01 2.340001e+00 2.669140e+00
    endloop
  endfacet
  facet normal 3.616250e-01 -8.801692e-01 3.074566e-01
    outer loop
      vertex 2.219796e+01 2.311487e+00 2.862051e+00
      vertex 2.243138e+01 2.340001e+00 2.669140e+00
      vertex 2.243138e+01 2.408223e+00 2.864437e+00
    endloop
  endfacet
  facet normal 5.557174e-01 -8.310183e-01 2.422183e-02
    outer loop
      vertex 2.200447e+01 -9.941232e+00 2.862051e+00
      vertex 2.182891e+01 -9.764487e+00 1.295400e+01
      vertex 2.172092e+01 -9.836703e+00 1.295400e+01
    endloop
  endfacet
  facet normal -2.449294e-16 3.061617e-16 1.000000e+00
    outer loop
      vertex 3.967127e+01 3.990125e+01 1.193800e+01
      vertex 3.969623e+01 3.977535e+01 1.193800e+01
      vertex 3.969623e+01 4.128925e+01 1.193800e+01
    endloop
  endfacet
  facet normal -2.449294e-16 3.061617e-16 1.000000e+00
    outer loop
      vertex 3.959906e+01 4.000921e+01 1.193800e+01
      vertex 3.967127e+01 3.990125e+01 1.193800e+01
      vertex 3.969623e+01 4.128925e+01 1.193800e+01
    endloop
  endfacet
  facet normal -2.449294e-16 3.061617e-16 1.000000e+00
    outer loop
      vertex 3.936603e+01 4.010540e+01 1.193800e+01
      vertex 3.959906e+01 4.000921e+01 1.193800e+01
      vertex 3.969623e+01 4.128925e+01 1.193800e+01
    endloop
  endfacet
  facet normal 9.802161e-01 1.943217e-01 3.762180e-02
    outer loop
      vertex 3.949448e+01 3.967450e+01 1.771532e+01
      vertex 3.969623e+01 3.977535e+01 1.193800e+01
      vertex 3.967127e+01 3.990125e+01 1.193800e+01
    endloop
  endfacet
  facet normal 9.993908e-01 -1.117052e-16 3.489950e-02
    outer loop
      vertex 3.949448e+01 3.296949e+01 1.771532e+01
      vertex 3.969623e+01 3.286865e+01 1.193800e+01
      vertex 3.969623e+01 3.977535e+01 1.193800e+01
    endloop
  endfacet
  facet normal 9.993908e-01 -1.117052e-16 3.489950e-02
    outer loop
      vertex 3.949448e+01 3.967450e+01 1.771532e+01
      vertex 3.949448e+01 3.296949e+01 1.771532e+01
      vertex 3.969623e+01 3.977535e+01 1.193800e+01
    endloop
  endfacet
  facet normal 8.305703e-01 5.555718e-01 3.863909e-02
    outer loop
      vertex 3.939861e+01 3.990703e+01 1.771603e+01
      vertex 3.967127e+01 3.990125e+01 1.193800e+01
      vertex 3.959906e+01 4.000921e+01 1.193800e+01
    endloop
  endfacet
  facet normal 9.806252e-01 1.922599e-01 3.755339e-02
    outer loop
      vertex 3.947000e+01 3.979910e+01 1.771664e+01
      vertex 3.949448e+01 3.967450e+01 1.771532e+01
      vertex 3.967127e+01 3.990125e+01 1.193800e+01
    endloop
  endfacet
  facet normal 8.332955e-01 5.514666e-01 3.877180e-02
    outer loop
      vertex 3.939861e+01 3.990703e+01 1.771603e+01
      vertex 3.947000e+01 3.979910e+01 1.771664e+01
      vertex 3.967127e+01 3.990125e+01 1.193800e+01
    endloop
  endfacet
  facet normal 3.814242e-01 9.240587e-01 2.512222e-02
    outer loop
      vertex 3.929127e+01 3.997924e+01 1.771355e+01
      vertex 3.959906e+01 4.000921e+01 1.193800e+01
      vertex 3.936603e+01 4.010540e+01 1.193800e+01
    endloop
  endfacet
  facet normal 5.572874e-01 8.296232e-01 3.400440e-02
    outer loop
      vertex 3.929127e+01 3.997924e+01 1.771355e+01
      vertex 3.939861e+01 3.990703e+01 1.771603e+01
      vertex 3.959906e+01 4.000921e+01 1.193800e+01
    endloop
  endfacet
  facet normal -7.101852e-01 -2.961991e-01 6.386729e-01
    outer loop
      vertex -3.932595e+01 -5.293067e+00 1.794157e+01
      vertex -3.939470e+01 -5.130504e+00 1.794051e+01
      vertex -3.942421e+01 -5.130504e+00 1.790770e+01
    endloop
  endfacet
  facet normal 1.957685e-01 9.803576e-01 2.394859e-02
    outer loop
      vertex 3.916405e+01 4.000444e+01 1.772202e+01
      vertex 3.929127e+01 3.997924e+01 1.771355e+01
      vertex 3.936603e+01 4.010540e+01 1.193800e+01
    endloop
  endfacet
  facet normal 1.942915e-01 -9.806526e-01 2.390216e-02
    outer loop
      vertex 3.916405e+01 3.263956e+01 1.772202e+01
      vertex 3.936603e+01 3.253860e+01 1.193800e+01
      vertex 3.949203e+01 3.256356e+01 1.193800e+01
    endloop
  endfacet
  facet normal 5.554285e-01 -8.308740e-01 3.387476e-02
    outer loop
      vertex 3.939776e+01 3.273611e+01 1.771602e+01
      vertex 3.949203e+01 3.256356e+01 1.193800e+01
      vertex 3.960004e+01 3.263576e+01 1.193800e+01
    endloop
  endfacet
  facet normal 3.823525e-01 -9.233977e-01 3.381388e-02
    outer loop
      vertex 3.939776e+01 3.273611e+01 1.771602e+01
      vertex 3.916405e+01 3.263956e+01 1.772202e+01
      vertex 3.949203e+01 3.256356e+01 1.193800e+01
    endloop
  endfacet
  facet normal 9.235541e-01 -3.814841e-01 3.895736e-02
    outer loop
      vertex 3.939776e+01 3.273611e+01 1.771602e+01
      vertex 3.960004e+01 3.263576e+01 1.193800e+01
      vertex 3.969623e+01 3.286865e+01 1.193800e+01
    endloop
  endfacet
  facet normal -2.449294e-16 3.061617e-16 1.000000e+00
    outer loop
      vertex 3.967127e+01 1.801256e+00 1.193800e+01
      vertex 3.969623e+01 1.675349e+00 1.193800e+01
      vertex 3.969623e+01 3.286865e+01 1.193800e+01
    endloop
  endfacet
  facet normal -2.449294e-16 3.061617e-16 1.000000e+00
    outer loop
      vertex 3.959906e+01 1.909210e+00 1.193800e+01
      vertex 3.967127e+01 1.801256e+00 1.193800e+01
      vertex 3.969623e+01 3.286865e+01 1.193800e+01
    endloop
  endfacet
  facet normal -2.449294e-16 3.061617e-16 1.000000e+00
    outer loop
      vertex 3.936603e+01 2.005398e+00 1.193800e+01
      vertex 3.959906e+01 1.909210e+00 1.193800e+01
      vertex 3.969623e+01 3.286865e+01 1.193800e+01
    endloop
  endfacet
  facet normal -2.449294e-16 3.061617e-16 1.000000e+00
    outer loop
      vertex 3.843550e+01 2.045361e+01 1.193800e+01
      vertex 3.850771e+01 2.034566e+01 1.193800e+01
      vertex 3.969623e+01 3.286865e+01 1.193800e+01
    endloop
  endfacet
  facet normal -2.449294e-16 3.061617e-16 1.000000e+00
    outer loop
      vertex 3.843550e+01 2.406041e+01 1.193800e+01
      vertex 3.850771e+01 2.395246e+01 1.193800e+01
      vertex 3.969623e+01 3.286865e+01 1.193800e+01
    endloop
  endfacet
  facet normal 9.231421e-01 -3.824846e-01 3.891313e-02
    outer loop
      vertex 3.939776e+01 3.273611e+01 1.771602e+01
      vertex 3.969623e+01 3.286865e+01 1.193800e+01
      vertex 3.949448e+01 3.296949e+01 1.771532e+01
    endloop
  endfacet
  facet normal 9.802161e-01 1.943217e-01 3.762180e-02
    outer loop
      vertex 3.949448e+01 1.574504e+00 1.771532e+01
      vertex 3.969623e+01 1.675349e+00 1.193800e+01
      vertex 3.967127e+01 1.801256e+00 1.193800e+01
    endloop
  endfacet
  facet normal 9.993908e-01 -1.117052e-16 3.489950e-02
    outer loop
      vertex 3.949448e+01 -5.130504e+00 1.771532e+01
      vertex 3.969623e+01 -5.231352e+00 1.193800e+01
      vertex 3.969623e+01 1.675349e+00 1.193800e+01
    endloop
  endfacet
  facet normal 9.993908e-01 -1.043662e-16 3.489950e-02
    outer loop
      vertex 3.949448e+01 1.574504e+00 1.771532e+01
      vertex 3.949448e+01 -5.130504e+00 1.771532e+01
      vertex 3.969623e+01 1.675349e+00 1.193800e+01
    endloop
  endfacet
  facet normal 8.305703e-01 5.555718e-01 3.863909e-02
    outer loop
      vertex 3.939861e+01 1.807036e+00 1.771603e+01
      vertex 3.967127e+01 1.801256e+00 1.193800e+01
      vertex 3.959906e+01 1.909210e+00 1.193800e+01
    endloop
  endfacet
  facet normal 9.806252e-01 1.922599e-01 3.755339e-02
    outer loop
      vertex 3.947000e+01 1.699103e+00 1.771664e+01
      vertex 3.949448e+01 1.574504e+00 1.771532e+01
      vertex 3.967127e+01 1.801256e+00 1.193800e+01
    endloop
  endfacet
  facet normal 8.332955e-01 5.514666e-01 3.877180e-02
    outer loop
      vertex 3.939861e+01 1.807036e+00 1.771603e+01
      vertex 3.947000e+01 1.699103e+00 1.771664e+01
      vertex 3.967127e+01 1.801256e+00 1.193800e+01
    endloop
  endfacet
  facet normal 3.814242e-01 9.240587e-01 2.512222e-02
    outer loop
      vertex 3.929127e+01 1.879240e+00 1.771355e+01
      vertex 3.959906e+01 1.909210e+00 1.193800e+01
      vertex 3.936603e+01 2.005398e+00 1.193800e+01
    endloop
  endfacet
  facet normal 5.572874e-01 8.296232e-01 3.400440e-02
    outer loop
      vertex 3.929127e+01 1.879240e+00 1.771355e+01
      vertex 3.939861e+01 1.807036e+00 1.771603e+01
      vertex 3.959906e+01 1.909210e+00 1.193800e+01
    endloop
  endfacet
  facet normal -5.468215e-01 -3.315401e-05 8.372492e-01
    outer loop
      vertex -3.939470e+01 -5.130504e+00 1.794051e+01
      vertex -3.928869e+01 -5.130504e+00 1.800975e+01
      vertex -3.939386e+01 1.574504e+00 1.794133e+01
    endloop
  endfacet
  facet normal 1.957685e-01 9.803576e-01 2.394859e-02
    outer loop
      vertex 3.916405e+01 1.904438e+00 1.772202e+01
      vertex 3.929127e+01 1.879240e+00 1.771355e+01
      vertex 3.936603e+01 2.005398e+00 1.193800e+01
    endloop
  endfacet
  facet normal -8.305687e-01 -5.555707e-01 3.868728e-02
    outer loop
      vertex 3.811889e+01 2.029465e+01 2.857980e+00
      vertex 3.850771e+01 2.034566e+01 1.193800e+01
      vertex 3.843550e+01 2.045361e+01 1.193800e+01
    endloop
  endfacet
  facet normal -2.449294e-16 3.061617e-16 1.000000e+00
    outer loop
      vertex 3.850771e+01 2.197074e+01 1.193800e+01
      vertex 3.820247e+01 2.054980e+01 1.193800e+01
      vertex 3.843550e+01 2.045361e+01 1.193800e+01
    endloop
  endfacet
  facet normal -3.813788e-01 -9.239489e-01 2.947367e-02
    outer loop
      vertex 3.811889e+01 2.029465e+01 2.857980e+00
      vertex 3.843550e+01 2.045361e+01 1.193800e+01
      vertex 3.820247e+01 2.054980e+01 1.193800e+01
    endloop
  endfacet
  facet normal -2.449294e-16 3.061617e-16 1.000000e+00
    outer loop
      vertex 3.843550e+01 2.186279e+01 1.193800e+01
      vertex 3.703527e+01 2.054980e+01 1.193800e+01
      vertex 3.820247e+01 2.054980e+01 1.193800e+01
    endloop
  endfacet
  facet normal -1.267206e-16 -9.998477e-01 1.745241e-02
    outer loop
      vertex 3.788561e+01 2.039142e+01 2.864437e+00
      vertex 3.820247e+01 2.054980e+01 1.193800e+01
      vertex 3.703527e+01 2.054980e+01 1.193800e+01
    endloop
  endfacet
  facet normal -2.449294e-16 3.061617e-16 1.000000e+00
    outer loop
      vertex 3.850771e+01 2.197074e+01 1.193800e+01
      vertex 3.843550e+01 2.186279e+01 1.193800e+01
      vertex 3.820247e+01 2.054980e+01 1.193800e+01
    endloop
  endfacet
  facet normal -3.823098e-01 -9.235641e-01 2.947142e-02
    outer loop
      vertex 3.811889e+01 2.029465e+01 2.857980e+00
      vertex 3.820247e+01 2.054980e+01 1.193800e+01
      vertex 3.788561e+01 2.039142e+01 2.864437e+00
    endloop
  endfacet
  facet normal -2.449294e-16 3.061617e-16 1.000000e+00
    outer loop
      vertex 3.820247e+01 2.176660e+01 1.193800e+01
      vertex 3.703527e+01 2.176660e+01 1.193800e+01
      vertex 3.703527e+01 2.054980e+01 1.193800e+01
    endloop
  endfacet
  facet normal -9.998477e-01 1.277893e-16 1.745241e-02
    outer loop
      vertex 3.689783e+01 2.190404e+01 4.064000e+00
      vertex 3.703527e+01 2.054980e+01 1.193800e+01
      vertex 3.703527e+01 2.176660e+01 1.193800e+01
    endloop
  endfacet
  facet normal -2.449294e-16 3.061617e-16 1.000000e+00
    outer loop
      vertex 3.843550e+01 2.186279e+01 1.193800e+01
      vertex 3.820247e+01 2.176660e+01 1.193800e+01
      vertex 3.703527e+01 2.054980e+01 1.193800e+01
    endloop
  endfacet
  facet normal -9.998477e-01 1.277893e-16 1.745241e-02
    outer loop
      vertex 3.689783e+01 2.041236e+01 4.064000e+00
      vertex 3.703527e+01 2.054980e+01 1.193800e+01
      vertex 3.689783e+01 2.190404e+01 4.064000e+00
    endloop
  endfacet
  facet normal 1.110425e-15 -9.998477e-01 1.745241e-02
    outer loop
      vertex 3.788561e+01 2.039142e+01 2.864437e+00
      vertex 3.703527e+01 2.054980e+01 1.193800e+01
      vertex 3.689783e+01 2.041236e+01 4.064000e+00
    endloop
  endfacet
  facet normal 1.181714e-16 9.998477e-01 1.745241e-02
    outer loop
      vertex 3.788561e+01 2.192498e+01 2.864437e+00
      vertex 3.703527e+01 2.176660e+01 1.193800e+01
      vertex 3.820247e+01 2.176660e+01 1.193800e+01
    endloop
  endfacet
  facet normal 1.355317e-15 9.998477e-01 1.745241e-02
    outer loop
      vertex 3.788561e+01 2.192498e+01 2.864437e+00
      vertex 3.689783e+01 2.190404e+01 4.064000e+00
      vertex 3.703527e+01 2.176660e+01 1.193800e+01
    endloop
  endfacet
  facet normal -3.813792e-01 9.239495e-01 2.944565e-02
    outer loop
      vertex 3.788561e+01 2.192498e+01 2.864437e+00
      vertex 3.820247e+01 2.176660e+01 1.193800e+01
      vertex 3.843550e+01 2.186279e+01 1.193800e+01
    endloop
  endfacet
  facet normal -8.305687e-01 5.555707e-01 3.868728e-02
    outer loop
      vertex 3.811889e+01 2.202175e+01 2.857980e+00
      vertex 3.843550e+01 2.186279e+01 1.193800e+01
      vertex 3.850771e+01 2.197074e+01 1.193800e+01
    endloop
  endfacet
  facet normal -3.823088e-01 9.235637e-01 2.949935e-02
    outer loop
      vertex 3.811889e+01 2.202175e+01 2.857980e+00
      vertex 3.788561e+01 2.192498e+01 2.864437e+00
      vertex 3.843550e+01 2.186279e+01 1.193800e+01
    endloop
  endfacet
  facet normal -8.305695e-01 -5.555713e-01 3.866182e-02
    outer loop
      vertex 3.811974e+01 2.390060e+01 2.857965e+00
      vertex 3.850771e+01 2.395246e+01 1.193800e+01
      vertex 3.843550e+01 2.406041e+01 1.193800e+01
    endloop
  endfacet
  facet normal -8.332961e-01 -5.514669e-01 3.875488e-02
    outer loop
      vertex 3.811974e+01 2.390060e+01 2.857965e+00
      vertex 3.819113e+01 2.379267e+01 2.857356e+00
      vertex 3.850771e+01 2.395246e+01 1.193800e+01
    endloop
  endfacet
  facet normal -2.449294e-16 3.061617e-16 1.000000e+00
    outer loop
      vertex 3.850771e+01 2.557754e+01 1.193800e+01
      vertex 3.820247e+01 2.415660e+01 1.193800e+01
      vertex 3.843550e+01 2.406041e+01 1.193800e+01
    endloop
  endfacet
  facet normal -3.814086e-01 -9.240209e-01 2.669506e-02
    outer loop
      vertex 3.801240e+01 2.397281e+01 2.860453e+00
      vertex 3.843550e+01 2.406041e+01 1.193800e+01
      vertex 3.820247e+01 2.415660e+01 1.193800e+01
    endloop
  endfacet
  facet normal -5.572882e-01 -8.296235e-01 3.398175e-02
    outer loop
      vertex 3.801240e+01 2.397281e+01 2.860453e+00
      vertex 3.811974e+01 2.390060e+01 2.857965e+00
      vertex 3.843550e+01 2.406041e+01 1.193800e+01
    endloop
  endfacet
  facet normal -2.449294e-16 3.061617e-16 1.000000e+00
    outer loop
      vertex 3.843550e+01 2.546958e+01 1.193800e+01
      vertex 3.703527e+01 2.415660e+01 1.193800e+01
      vertex 3.820247e+01 2.415660e+01 1.193800e+01
    endloop
  endfacet
  facet normal -1.267206e-16 -9.998477e-01 1.745241e-02
    outer loop
      vertex 3.788561e+01 2.399822e+01 2.864437e+00
      vertex 3.820247e+01 2.415660e+01 1.193800e+01
      vertex 3.703527e+01 2.415660e+01 1.193800e+01
    endloop
  endfacet
  facet normal -2.449294e-16 3.061617e-16 1.000000e+00
    outer loop
      vertex 3.850771e+01 2.557754e+01 1.193800e+01
      vertex 3.843550e+01 2.546958e+01 1.193800e+01
      vertex 3.820247e+01 2.415660e+01 1.193800e+01
    endloop
  endfacet
  facet normal -2.041252e-01 -9.056436e-01 3.716752e-01
    outer loop
      vertex -3.932874e+01 3.273901e+01 1.787389e+01
      vertex -3.929127e+01 3.266476e+01 1.771355e+01
      vertex -3.916405e+01 3.263956e+01 1.772202e+01
    endloop
  endfacet
  facet normal -1.957685e-01 -9.803576e-01 2.394859e-02
    outer loop
      vertex 3.788561e+01 2.399822e+01 2.864437e+00
      vertex 3.801240e+01 2.397281e+01 2.860453e+00
      vertex 3.820247e+01 2.415660e+01 1.193800e+01
    endloop
  endfacet
  facet normal -2.449294e-16 3.061617e-16 1.000000e+00
    outer loop
      vertex 3.820247e+01 2.537340e+01 1.193800e+01
      vertex 3.703527e+01 2.537340e+01 1.193800e+01
      vertex 3.703527e+01 2.415660e+01 1.193800e+01
    endloop
  endfacet
  facet normal -9.998477e-01 1.277893e-16 1.745241e-02
    outer loop
      vertex 3.689783e+01 2.551084e+01 4.064000e+00
      vertex 3.703527e+01 2.415660e+01 1.193800e+01
      vertex 3.703527e+01 2.537340e+01 1.193800e+01
    endloop
  endfacet
  facet normal -2.449294e-16 3.061617e-16 1.000000e+00
    outer loop
      vertex 3.843550e+01 2.546958e+01 1.193800e+01
      vertex 3.820247e+01 2.537340e+01 1.193800e+01
      vertex 3.703527e+01 2.415660e+01 1.193800e+01
    endloop
  endfacet
  facet normal -9.998477e-01 1.277893e-16 1.745241e-02
    outer loop
      vertex 3.689783e+01 2.401916e+01 4.064000e+00
      vertex 3.703527e+01 2.415660e+01 1.193800e+01
      vertex 3.689783e+01 2.551084e+01 4.064000e+00
    endloop
  endfacet
  facet normal -1.685260e-15 -9.998477e-01 1.745241e-02
    outer loop
      vertex 3.788561e+01 2.399822e+01 2.864437e+00
      vertex 3.703527e+01 2.415660e+01 1.193800e+01
      vertex 3.689783e+01 2.401916e+01 4.064000e+00
    endloop
  endfacet
  facet normal 1.181714e-16 9.998477e-01 1.745241e-02
    outer loop
      vertex 3.788561e+01 2.553178e+01 2.864437e+00
      vertex 3.703527e+01 2.537340e+01 1.193800e+01
      vertex 3.820247e+01 2.537340e+01 1.193800e+01
    endloop
  endfacet
  facet normal -1.440368e-15 9.998477e-01 1.745241e-02
    outer loop
      vertex 3.788561e+01 2.553178e+01 2.864437e+00
      vertex 3.689783e+01 2.551084e+01 4.064000e+00
      vertex 3.703527e+01 2.537340e+01 1.193800e+01
    endloop
  endfacet
  facet normal -3.813792e-01 9.239495e-01 2.944565e-02
    outer loop
      vertex 3.788561e+01 2.553178e+01 2.864437e+00
      vertex 3.820247e+01 2.537340e+01 1.193800e+01
      vertex 3.843550e+01 2.546958e+01 1.193800e+01
    endloop
  endfacet
  facet normal -8.305687e-01 5.555707e-01 3.868728e-02
    outer loop
      vertex 3.811889e+01 2.562855e+01 2.857980e+00
      vertex 3.843550e+01 2.546958e+01 1.193800e+01
      vertex 3.850771e+01 2.557754e+01 1.193800e+01
    endloop
  endfacet
  facet normal -3.823088e-01 9.235637e-01 2.949935e-02
    outer loop
      vertex 3.811889e+01 2.562855e+01 2.857980e+00
      vertex 3.788561e+01 2.553178e+01 2.864437e+00
      vertex 3.843550e+01 2.546958e+01 1.193800e+01
    endloop
  endfacet
  facet normal 1.942915e-01 -9.806526e-01 2.390216e-02
    outer loop
      vertex 3.916405e+01 -5.460438e+00 1.772202e+01
      vertex 3.936603e+01 -5.561400e+00 1.193800e+01
      vertex 3.949203e+01 -5.536432e+00 1.193800e+01
    endloop
  endfacet
  facet normal 5.554285e-01 -8.308740e-01 3.387476e-02
    outer loop
      vertex 3.939776e+01 -5.363883e+00 1.771602e+01
      vertex 3.949203e+01 -5.536432e+00 1.193800e+01
      vertex 3.960004e+01 -5.464235e+00 1.193800e+01
    endloop
  endfacet
  facet normal 3.823525e-01 -9.233977e-01 3.381388e-02
    outer loop
      vertex 3.939776e+01 -5.363883e+00 1.771602e+01
      vertex 3.916405e+01 -5.460438e+00 1.772202e+01
      vertex 3.949203e+01 -5.536432e+00 1.193800e+01
    endloop
  endfacet
  facet normal 9.235541e-01 -3.814841e-01 3.895736e-02
    outer loop
      vertex 3.939776e+01 -5.363883e+00 1.771602e+01
      vertex 3.960004e+01 -5.464235e+00 1.193800e+01
      vertex 3.969623e+01 -5.231352e+00 1.193800e+01
    endloop
  endfacet
  facet normal -2.449294e-16 3.061617e-16 1.000000e+00
    outer loop
      vertex 3.967127e+01 -3.629874e+01 1.193800e+01
      vertex 3.969623e+01 -3.642465e+01 1.193800e+01
      vertex 3.969623e+01 -5.231352e+00 1.193800e+01
    endloop
  endfacet
  facet normal -2.449294e-16 3.061617e-16 1.000000e+00
    outer loop
      vertex 3.959906e+01 -3.619079e+01 1.193800e+01
      vertex 3.967127e+01 -3.629874e+01 1.193800e+01
      vertex 3.969623e+01 -5.231352e+00 1.193800e+01
    endloop
  endfacet
  facet normal -2.449294e-16 3.061617e-16 1.000000e+00
    outer loop
      vertex 3.936603e+01 -3.609460e+01 1.193800e+01
      vertex 3.959906e+01 -3.619079e+01 1.193800e+01
      vertex 3.969623e+01 -5.231352e+00 1.193800e+01
    endloop
  endfacet
  facet normal 9.231421e-01 -3.824846e-01 3.891313e-02
    outer loop
      vertex 3.939776e+01 -5.363883e+00 1.771602e+01
      vertex 3.969623e+01 -5.231352e+00 1.193800e+01
      vertex 3.949448e+01 -5.130504e+00 1.771532e+01
    endloop
  endfacet
  facet normal 9.802161e-01 1.943217e-01 3.762180e-02
    outer loop
      vertex 3.949448e+01 -3.652549e+01 1.771532e+01
      vertex 3.969623e+01 -3.642465e+01 1.193800e+01
      vertex 3.967127e+01 -3.629874e+01 1.193800e+01
    endloop
  endfacet
  facet normal 9.993908e-01 -1.117052e-16 3.489950e-02
    outer loop
      vertex 3.949448e+01 -4.323050e+01 1.771532e+01
      vertex 3.969623e+01 -4.333135e+01 1.193800e+01
      vertex 3.969623e+01 -3.642465e+01 1.193800e+01
    endloop
  endfacet
  facet normal 9.993908e-01 -1.117052e-16 3.489950e-02
    outer loop
      vertex 3.949448e+01 -3.652549e+01 1.771532e+01
      vertex 3.949448e+01 -4.323050e+01 1.771532e+01
      vertex 3.969623e+01 -3.642465e+01 1.193800e+01
    endloop
  endfacet
  facet normal 8.305703e-01 5.555718e-01 3.863909e-02
    outer loop
      vertex 3.939861e+01 -3.629297e+01 1.771603e+01
      vertex 3.967127e+01 -3.629874e+01 1.193800e+01
      vertex 3.959906e+01 -3.619079e+01 1.193800e+01
    endloop
  endfacet
  facet normal 9.806252e-01 1.922599e-01 3.755339e-02
    outer loop
      vertex 3.947000e+01 -3.640089e+01 1.771664e+01
      vertex 3.949448e+01 -3.652549e+01 1.771532e+01
      vertex 3.967127e+01 -3.629874e+01 1.193800e+01
    endloop
  endfacet
  facet normal 8.332955e-01 5.514666e-01 3.877180e-02
    outer loop
      vertex 3.939861e+01 -3.629297e+01 1.771603e+01
      vertex 3.947000e+01 -3.640089e+01 1.771664e+01
      vertex 3.967127e+01 -3.629874e+01 1.193800e+01
    endloop
  endfacet
  facet normal 3.814242e-01 9.240587e-01 2.512222e-02
    outer loop
      vertex 3.929127e+01 -3.622076e+01 1.771355e+01
      vertex 3.959906e+01 -3.619079e+01 1.193800e+01
      vertex 3.936603e+01 -3.609460e+01 1.193800e+01
    endloop
  endfacet
  facet normal 5.572874e-01 8.296232e-01 3.400440e-02
    outer loop
      vertex 3.929127e+01 -3.622076e+01 1.771355e+01
      vertex 3.939861e+01 -3.629297e+01 1.771603e+01
      vertex 3.959906e+01 -3.619079e+01 1.193800e+01
    endloop
  endfacet
  facet normal -7.797776e-01 -5.178307e-01 3.518497e-01
    outer loop
      vertex -3.932874e+01 3.273901e+01 1.787389e+01
      vertex -3.947000e+01 3.284489e+01 1.771664e+01
      vertex -3.939861e+01 3.273696e+01 1.771603e+01
    endloop
  endfacet
  facet normal 1.957685e-01 9.803576e-01 2.394859e-02
    outer loop
      vertex 3.916405e+01 -3.619557e+01 1.772202e+01
      vertex 3.929127e+01 -3.622076e+01 1.771355e+01
      vertex 3.936603e+01 -3.609460e+01 1.193800e+01
    endloop
  endfacet
  facet normal 1.942915e-01 -9.806526e-01 2.390216e-02
    outer loop
      vertex 3.916405e+01 -4.356044e+01 1.772202e+01
      vertex 3.936603e+01 -4.366140e+01 1.193800e+01
      vertex 3.949203e+01 -4.363643e+01 1.193800e+01
    endloop
  endfacet
  facet normal 5.554285e-01 -8.308740e-01 3.387476e-02
    outer loop
      vertex 3.939776e+01 -4.346388e+01 1.771602e+01
      vertex 3.949203e+01 -4.363643e+01 1.193800e+01
      vertex 3.960004e+01 -4.356423e+01 1.193800e+01
    endloop
  endfacet
  facet normal 3.823525e-01 -9.233977e-01 3.381388e-02
    outer loop
      vertex 3.939776e+01 -4.346388e+01 1.771602e+01
      vertex 3.916405e+01 -4.356044e+01 1.772202e+01
      vertex 3.949203e+01 -4.363643e+01 1.193800e+01
    endloop
  endfacet
  facet normal -2.449294e-16 3.061617e-16 1.000000e+00
    outer loop
      vertex 3.969623e+01 -4.661792e+01 1.193800e+01
      vertex 3.969623e+01 -4.333135e+01 1.193800e+01
      vertex 3.960004e+01 -4.356423e+01 1.193800e+01
    endloop
  endfacet
  facet normal 9.235541e-01 -3.814841e-01 3.895736e-02
    outer loop
      vertex 3.939776e+01 -4.346388e+01 1.771602e+01
      vertex 3.960004e+01 -4.356423e+01 1.193800e+01
      vertex 3.969623e+01 -4.333135e+01 1.193800e+01
    endloop
  endfacet
  facet normal -2.449294e-16 3.061617e-16 1.000000e+00
    outer loop
      vertex 3.850772e+01 -4.556759e+01 1.193800e+01
      vertex 3.969623e+01 -4.661792e+01 1.193800e+01
      vertex 3.960004e+01 -4.356423e+01 1.193800e+01
    endloop
  endfacet
  facet normal 9.231421e-01 -3.824846e-01 3.891313e-02
    outer loop
      vertex 3.939776e+01 -4.346388e+01 1.771602e+01
      vertex 3.969623e+01 -4.333135e+01 1.193800e+01
      vertex 3.949448e+01 -4.323050e+01 1.771532e+01
    endloop
  endfacet
  facet normal -2.449294e-16 3.061617e-16 1.000000e+00
    outer loop
      vertex -3.967225e+01 -4.673898e+01 1.193800e+01
      vertex 3.960380e+01 -4.684184e+01 1.193800e+01
      vertex 3.969623e+01 -4.661792e+01 1.193800e+01
    endloop
  endfacet
  facet normal -2.449294e-16 3.061617e-16 1.000000e+00
    outer loop
      vertex -3.969623e+01 -4.661792e+01 1.193800e+01
      vertex -3.967225e+01 -4.673898e+01 1.193800e+01
      vertex 3.969623e+01 -4.661792e+01 1.193800e+01
    endloop
  endfacet
  facet normal -2.449294e-16 3.061617e-16 1.000000e+00
    outer loop
      vertex 3.850772e+01 -4.556759e+01 1.193800e+01
      vertex 3.843555e+01 -4.567553e+01 1.193800e+01
      vertex 3.969623e+01 -4.661792e+01 1.193800e+01
    endloop
  endfacet
  facet normal -2.449294e-16 3.061617e-16 1.000000e+00
    outer loop
      vertex -3.960284e+01 -4.684280e+01 1.193800e+01
      vertex 3.949998e+01 -4.691125e+01 1.193800e+01
      vertex 3.960380e+01 -4.684184e+01 1.193800e+01
    endloop
  endfacet
  facet normal -2.449294e-16 3.061617e-16 1.000000e+00
    outer loop
      vertex -3.967225e+01 -4.673898e+01 1.193800e+01
      vertex -3.960284e+01 -4.684280e+01 1.193800e+01
      vertex 3.960380e+01 -4.684184e+01 1.193800e+01
    endloop
  endfacet
  facet normal -2.449294e-16 3.061617e-16 1.000000e+00
    outer loop
      vertex -3.937893e+01 -4.693523e+01 1.193800e+01
      vertex 3.937893e+01 -4.693523e+01 1.193800e+01
      vertex 3.949998e+01 -4.691125e+01 1.193800e+01
    endloop
  endfacet
  facet normal -2.449294e-16 3.061617e-16 1.000000e+00
    outer loop
      vertex -3.960284e+01 -4.684280e+01 1.193800e+01
      vertex -3.937893e+01 -4.693523e+01 1.193800e+01
      vertex 3.949998e+01 -4.691125e+01 1.193800e+01
    endloop
  endfacet
  facet normal -2.449294e-16 3.061617e-16 1.000000e+00
    outer loop
      vertex -3.967127e+01 -4.345726e+01 1.193800e+01
      vertex -3.969623e+01 -4.333135e+01 1.193800e+01
      vertex -3.969623e+01 -4.661792e+01 1.193800e+01
    endloop
  endfacet
  facet normal -2.449294e-16 3.061617e-16 1.000000e+00
    outer loop
      vertex -3.959906e+01 -4.356521e+01 1.193800e+01
      vertex -3.967127e+01 -4.345726e+01 1.193800e+01
      vertex -3.969623e+01 -4.661792e+01 1.193800e+01
    endloop
  endfacet
  facet normal -2.449294e-16 3.061617e-16 1.000000e+00
    outer loop
      vertex -3.936603e+01 -4.366140e+01 1.193800e+01
      vertex -3.959906e+01 -4.356521e+01 1.193800e+01
      vertex -3.969623e+01 -4.661792e+01 1.193800e+01
    endloop
  endfacet
  facet normal -2.449294e-16 3.061617e-16 1.000000e+00
    outer loop
      vertex -3.843555e+01 -4.567553e+01 1.193800e+01
      vertex -3.850772e+01 -4.556759e+01 1.193800e+01
      vertex -3.969623e+01 -4.661792e+01 1.193800e+01
    endloop
  endfacet
  facet normal -9.802161e-01 -1.943217e-01 3.762180e-02
    outer loop
      vertex -3.949448e+01 -4.323050e+01 1.771532e+01
      vertex -3.969623e+01 -4.333135e+01 1.193800e+01
      vertex -3.967127e+01 -4.345726e+01 1.193800e+01
    endloop
  endfacet
  facet normal -9.993908e-01 1.330750e-16 3.489950e-02
    outer loop
      vertex -3.949448e+01 -3.652549e+01 1.771532e+01
      vertex -3.969623e+01 -3.642465e+01 1.193800e+01
      vertex -3.969623e+01 -4.333135e+01 1.193800e+01
    endloop
  endfacet
  facet normal -9.993908e-01 1.257360e-16 3.489950e-02
    outer loop
      vertex -3.949448e+01 -4.323050e+01 1.771532e+01
      vertex -3.949448e+01 -3.652549e+01 1.771532e+01
      vertex -3.969623e+01 -4.333135e+01 1.193800e+01
    endloop
  endfacet
  facet normal -8.305690e-01 -5.555709e-01 3.867910e-02
    outer loop
      vertex -3.939776e+01 -4.346388e+01 1.771602e+01
      vertex -3.967127e+01 -4.345726e+01 1.193800e+01
      vertex -3.959906e+01 -4.356521e+01 1.193800e+01
    endloop
  endfacet
  facet normal -9.229819e-01 -3.824052e-01 4.325235e-02
    outer loop
      vertex -3.939776e+01 -4.346388e+01 1.771602e+01
      vertex -3.949448e+01 -4.323050e+01 1.771532e+01
      vertex -3.967127e+01 -4.345726e+01 1.193800e+01
    endloop
  endfacet
  facet normal -3.813787e-01 -9.239484e-01 2.948967e-02
    outer loop
      vertex -3.939776e+01 -4.346388e+01 1.771602e+01
      vertex -3.959906e+01 -4.356521e+01 1.193800e+01
      vertex -3.936603e+01 -4.366140e+01 1.193800e+01
    endloop
  endfacet
  facet normal -3.823098e-01 -9.235641e-01 2.947142e-02
    outer loop
      vertex -3.939776e+01 -4.346388e+01 1.771602e+01
      vertex -3.936603e+01 -4.366140e+01 1.193800e+01
      vertex -3.916405e+01 -4.356044e+01 1.772202e+01
    endloop
  endfacet
  facet normal 8.303159e-01 5.551901e-01 4.836806e-02
    outer loop
      vertex -3.811882e+01 -4.535782e+01 2.853913e+00
      vertex -3.850772e+01 -4.556759e+01 1.193800e+01
      vertex -3.843555e+01 -4.567553e+01 1.193800e+01
    endloop
  endfacet
  facet normal -8.303159e-01 5.551901e-01 4.836806e-02
    outer loop
      vertex 3.811882e+01 -4.535782e+01 2.853913e+00
      vertex 3.843555e+01 -4.567553e+01 1.193800e+01
      vertex 3.850772e+01 -4.556759e+01 1.193800e+01
    endloop
  endfacet
  facet normal -2.449294e-16 3.061617e-16 1.000000e+00
    outer loop
      vertex -3.967127e+01 3.274274e+01 1.193800e+01
      vertex -3.969623e+01 3.286865e+01 1.193800e+01
      vertex -3.969623e+01 1.675349e+00 1.193800e+01
    endloop
  endfacet
  facet normal -2.449294e-16 3.061617e-16 1.000000e+00
    outer loop
      vertex -3.959906e+01 3.263479e+01 1.193800e+01
      vertex -3.967127e+01 3.274274e+01 1.193800e+01
      vertex -3.969623e+01 1.675349e+00 1.193800e+01
    endloop
  endfacet
  facet normal -2.449294e-16 3.061617e-16 1.000000e+00
    outer loop
      vertex -3.936603e+01 3.253860e+01 1.193800e+01
      vertex -3.959906e+01 3.263479e+01 1.193800e+01
      vertex -3.969623e+01 1.675349e+00 1.193800e+01
    endloop
  endfacet
  facet normal -2.449294e-16 3.061617e-16 1.000000e+00
    outer loop
      vertex -3.843550e+01 2.186279e+01 1.193800e+01
      vertex -3.850771e+01 2.197074e+01 1.193800e+01
      vertex -3.969623e+01 1.675349e+00 1.193800e+01
    endloop
  endfacet
  facet normal -9.235570e-01 3.814853e-01 3.887816e-02
    outer loop
      vertex -3.939861e+01 1.807036e+00 1.771603e+01
      vertex -3.960004e+01 1.908235e+00 1.193800e+01
      vertex -3.969623e+01 1.675349e+00 1.193800e+01
    endloop
  endfacet
  facet normal -9.993908e-01 -6.833227e-16 3.489950e-02
    outer loop
      vertex -3.949448e+01 1.574504e+00 1.771532e+01
      vertex -3.969623e+01 1.675349e+00 1.193800e+01
      vertex -3.969623e+01 -5.231352e+00 1.193800e+01
    endloop
  endfacet
  facet normal -9.806235e-01 1.922591e-01 3.760003e-02
    outer loop
      vertex -3.947000e+01 1.699103e+00 1.771664e+01
      vertex -3.969623e+01 1.675349e+00 1.193800e+01
      vertex -3.949448e+01 1.574504e+00 1.771532e+01
    endloop
  endfacet
  facet normal -8.335599e-01 5.515941e-01 3.036548e-02
    outer loop
      vertex -3.947000e+01 1.699103e+00 1.771664e+01
      vertex -3.939861e+01 1.807036e+00 1.771603e+01
      vertex -3.969623e+01 1.675349e+00 1.193800e+01
    endloop
  endfacet
  facet normal -9.802161e-01 -1.943217e-01 3.762180e-02
    outer loop
      vertex -3.949448e+01 3.296949e+01 1.771532e+01
      vertex -3.969623e+01 3.286865e+01 1.193800e+01
      vertex -3.967127e+01 3.274274e+01 1.193800e+01
    endloop
  endfacet
  facet normal -9.993908e-01 1.330750e-16 3.489950e-02
    outer loop
      vertex -3.949448e+01 3.967450e+01 1.771532e+01
      vertex -3.969623e+01 3.977535e+01 1.193800e+01
      vertex -3.969623e+01 3.286865e+01 1.193800e+01
    endloop
  endfacet
  facet normal -9.993908e-01 1.330750e-16 3.489950e-02
    outer loop
      vertex -3.949448e+01 3.296949e+01 1.771532e+01
      vertex -3.949448e+01 3.967450e+01 1.771532e+01
      vertex -3.969623e+01 3.286865e+01 1.193800e+01
    endloop
  endfacet
  facet normal -8.305703e-01 -5.555718e-01 3.863909e-02
    outer loop
      vertex -3.939861e+01 3.273696e+01 1.771603e+01
      vertex -3.967127e+01 3.274274e+01 1.193800e+01
      vertex -3.959906e+01 3.263479e+01 1.193800e+01
    endloop
  endfacet
  facet normal -9.806252e-01 -1.922599e-01 3.755339e-02
    outer loop
      vertex -3.947000e+01 3.284489e+01 1.771664e+01
      vertex -3.949448e+01 3.296949e+01 1.771532e+01
      vertex -3.967127e+01 3.274274e+01 1.193800e+01
    endloop
  endfacet
  facet normal -8.332955e-01 -5.514666e-01 3.877180e-02
    outer loop
      vertex -3.939861e+01 3.273696e+01 1.771603e+01
      vertex -3.947000e+01 3.284489e+01 1.771664e+01
      vertex -3.967127e+01 3.274274e+01 1.193800e+01
    endloop
  endfacet
  facet normal -3.814242e-01 -9.240587e-01 2.512222e-02
    outer loop
      vertex -3.929127e+01 3.266476e+01 1.771355e+01
      vertex -3.959906e+01 3.263479e+01 1.193800e+01
      vertex -3.936603e+01 3.253860e+01 1.193800e+01
    endloop
  endfacet
  facet normal -5.572874e-01 -8.296232e-01 3.400440e-02
    outer loop
      vertex -3.929127e+01 3.266476e+01 1.771355e+01
      vertex -3.939861e+01 3.273696e+01 1.771603e+01
      vertex -3.959906e+01 3.263479e+01 1.193800e+01
    endloop
  endfacet
  facet normal -8.012643e-01 -3.650922e-01 4.740075e-01
    outer loop
      vertex -3.932874e+01 3.273901e+01 1.787389e+01
      vertex -3.939386e+01 3.296949e+01 1.794133e+01
      vertex -3.947000e+01 3.284489e+01 1.771664e+01
    endloop
  endfacet
  facet normal -1.957685e-01 -9.803576e-01 2.394859e-02
    outer loop
      vertex -3.916405e+01 3.263956e+01 1.772202e+01
      vertex -3.929127e+01 3.266476e+01 1.771355e+01
      vertex -3.936603e+01 3.253860e+01 1.193800e+01
    endloop
  endfacet
  facet normal 8.305687e-01 5.555707e-01 3.868728e-02
    outer loop
      vertex -3.811889e+01 2.562855e+01 2.857980e+00
      vertex -3.850771e+01 2.557754e+01 1.193800e+01
      vertex -3.843550e+01 2.546958e+01 1.193800e+01
    endloop
  endfacet
  facet normal -2.449294e-16 3.061617e-16 1.000000e+00
    outer loop
      vertex -3.850771e+01 2.395246e+01 1.193800e+01
      vertex -3.820247e+01 2.537340e+01 1.193800e+01
      vertex -3.843550e+01 2.546958e+01 1.193800e+01
    endloop
  endfacet
  facet normal 3.813788e-01 9.239489e-01 2.947367e-02
    outer loop
      vertex -3.811889e+01 2.562855e+01 2.857980e+00
      vertex -3.843550e+01 2.546958e+01 1.193800e+01
      vertex -3.820247e+01 2.537340e+01 1.193800e+01
    endloop
  endfacet
  facet normal -2.449294e-16 3.061617e-16 1.000000e+00
    outer loop
      vertex -3.843550e+01 2.406041e+01 1.193800e+01
      vertex -3.703527e+01 2.537340e+01 1.193800e+01
      vertex -3.820247e+01 2.537340e+01 1.193800e+01
    endloop
  endfacet
  facet normal 1.181714e-16 9.998477e-01 1.745241e-02
    outer loop
      vertex -3.788561e+01 2.553178e+01 2.864437e+00
      vertex -3.820247e+01 2.537340e+01 1.193800e+01
      vertex -3.703527e+01 2.537340e+01 1.193800e+01
    endloop
  endfacet
  facet normal -2.449294e-16 3.061617e-16 1.000000e+00
    outer loop
      vertex -3.850771e+01 2.395246e+01 1.193800e+01
      vertex -3.843550e+01 2.406041e+01 1.193800e+01
      vertex -3.820247e+01 2.537340e+01 1.193800e+01
    endloop
  endfacet
  facet normal 3.823098e-01 9.235641e-01 2.947142e-02
    outer loop
      vertex -3.811889e+01 2.562855e+01 2.857980e+00
      vertex -3.820247e+01 2.537340e+01 1.193800e+01
      vertex -3.788561e+01 2.553178e+01 2.864437e+00
    endloop
  endfacet
  facet normal -2.449294e-16 3.061617e-16 1.000000e+00
    outer loop
      vertex -3.820247e+01 2.415660e+01 1.193800e+01
      vertex -3.703527e+01 2.415660e+01 1.193800e+01
      vertex -3.703527e+01 2.537340e+01 1.193800e+01
    endloop
  endfacet
  facet normal 9.998477e-01 -1.171028e-16 1.745241e-02
    outer loop
      vertex -3.689783e+01 2.401916e+01 4.064000e+00
      vertex -3.703527e+01 2.537340e+01 1.193800e+01
      vertex -3.703527e+01 2.415660e+01 1.193800e+01
    endloop
  endfacet
  facet normal -2.449294e-16 3.061617e-16 1.000000e+00
    outer loop
      vertex -3.843550e+01 2.406041e+01 1.193800e+01
      vertex -3.820247e+01 2.415660e+01 1.193800e+01
      vertex -3.703527e+01 2.537340e+01 1.193800e+01
    endloop
  endfacet
  facet normal 9.998477e-01 -1.171028e-16 1.745241e-02
    outer loop
      vertex -3.689783e+01 2.551084e+01 4.064000e+00
      vertex -3.703527e+01 2.537340e+01 1.193800e+01
      vertex -3.689783e+01 2.401916e+01 4.064000e+00
    endloop
  endfacet
  facet normal 1.676711e-15 9.998477e-01 1.745241e-02
    outer loop
      vertex -3.788561e+01 2.553178e+01 2.864437e+00
      vertex -3.703527e+01 2.537340e+01 1.193800e+01
      vertex -3.689783e+01 2.551084e+01 4.064000e+00
    endloop
  endfacet
  facet normal -1.267206e-16 -9.998477e-01 1.745241e-02
    outer loop
      vertex -3.788561e+01 2.399822e+01 2.864437e+00
      vertex -3.703527e+01 2.415660e+01 1.193800e+01
      vertex -3.820247e+01 2.415660e+01 1.193800e+01
    endloop
  endfacet
  facet normal 1.431819e-15 -9.998477e-01 1.745241e-02
    outer loop
      vertex -3.788561e+01 2.399822e+01 2.864437e+00
      vertex -3.689783e+01 2.401916e+01 4.064000e+00
      vertex -3.703527e+01 2.415660e+01 1.193800e+01
    endloop
  endfacet
  facet normal 3.813792e-01 -9.239495e-01 2.944565e-02
    outer loop
      vertex -3.788561e+01 2.399822e+01 2.864437e+00
      vertex -3.820247e+01 2.415660e+01 1.193800e+01
      vertex -3.843550e+01 2.406041e+01 1.193800e+01
    endloop
  endfacet
  facet normal 8.305834e-01 -5.555805e-01 3.822991e-02
    outer loop
      vertex -3.816859e+01 2.381509e+01 2.574034e+00
      vertex -3.843550e+01 2.406041e+01 1.193800e+01
      vertex -3.850771e+01 2.395246e+01 1.193800e+01
    endloop
  endfacet
  facet normal 3.411591e-01 -9.396144e-01 2.711557e-02
    outer loop
      vertex -3.808989e+01 2.391799e+01 2.654393e+00
      vertex -3.788561e+01 2.399822e+01 2.864437e+00
      vertex -3.843550e+01 2.406041e+01 1.193800e+01
    endloop
  endfacet
  facet normal 7.789361e-01 -6.259140e-01 3.860039e-02
    outer loop
      vertex -3.816859e+01 2.381509e+01 2.574034e+00
      vertex -3.808989e+01 2.391799e+01 2.654393e+00
      vertex -3.843550e+01 2.406041e+01 1.193800e+01
    endloop
  endfacet
  facet normal 8.305834e-01 5.555805e-01 3.822991e-02
    outer loop
      vertex -3.816859e+01 2.210810e+01 2.574034e+00
      vertex -3.850771e+01 2.197074e+01 1.193800e+01
      vertex -3.843550e+01 2.186279e+01 1.193800e+01
    endloop
  endfacet
  facet normal -2.449294e-16 3.061617e-16 1.000000e+00
    outer loop
      vertex -3.850771e+01 2.034566e+01 1.193800e+01
      vertex -3.820247e+01 2.176660e+01 1.193800e+01
      vertex -3.843550e+01 2.186279e+01 1.193800e+01
    endloop
  endfacet
  facet normal 3.813910e-01 9.239783e-01 2.837344e-02
    outer loop
      vertex -3.808989e+01 2.200521e+01 2.654393e+00
      vertex -3.843550e+01 2.186279e+01 1.193800e+01
      vertex -3.820247e+01 2.176660e+01 1.193800e+01
    endloop
  endfacet
  facet normal 7.789361e-01 6.259140e-01 3.860039e-02
    outer loop
      vertex -3.808989e+01 2.200521e+01 2.654393e+00
      vertex -3.816859e+01 2.210810e+01 2.574034e+00
      vertex -3.843550e+01 2.186279e+01 1.193800e+01
    endloop
  endfacet
  facet normal -2.449294e-16 3.061617e-16 1.000000e+00
    outer loop
      vertex -3.843550e+01 2.045361e+01 1.193800e+01
      vertex -3.703527e+01 2.176660e+01 1.193800e+01
      vertex -3.820247e+01 2.176660e+01 1.193800e+01
    endloop
  endfacet
  facet normal 1.181714e-16 9.998477e-01 1.745241e-02
    outer loop
      vertex -3.788561e+01 2.192498e+01 2.864437e+00
      vertex -3.820247e+01 2.176660e+01 1.193800e+01
      vertex -3.703527e+01 2.176660e+01 1.193800e+01
    endloop
  endfacet
  facet normal -2.449294e-16 3.061617e-16 1.000000e+00
    outer loop
      vertex -3.850771e+01 2.034566e+01 1.193800e+01
      vertex -3.843550e+01 2.045361e+01 1.193800e+01
      vertex -3.820247e+01 2.176660e+01 1.193800e+01
    endloop
  endfacet
  facet normal 3.400960e-01 9.399653e-01 2.828357e-02
    outer loop
      vertex -3.808989e+01 2.200521e+01 2.654393e+00
      vertex -3.820247e+01 2.176660e+01 1.193800e+01
      vertex -3.788561e+01 2.192498e+01 2.864437e+00
    endloop
  endfacet
  facet normal -2.449294e-16 3.061617e-16 1.000000e+00
    outer loop
      vertex -3.820247e+01 2.054980e+01 1.193800e+01
      vertex -3.703527e+01 2.054980e+01 1.193800e+01
      vertex -3.703527e+01 2.176660e+01 1.193800e+01
    endloop
  endfacet
  facet normal 9.998477e-01 -1.171028e-16 1.745241e-02
    outer loop
      vertex -3.689783e+01 2.041236e+01 4.064000e+00
      vertex -3.703527e+01 2.176660e+01 1.193800e+01
      vertex -3.703527e+01 2.054980e+01 1.193800e+01
    endloop
  endfacet
  facet normal -2.449294e-16 3.061617e-16 1.000000e+00
    outer loop
      vertex -3.843550e+01 2.045361e+01 1.193800e+01
      vertex -3.820247e+01 2.054980e+01 1.193800e+01
      vertex -3.703527e+01 2.176660e+01 1.193800e+01
    endloop
  endfacet
  facet normal 9.998477e-01 -1.171028e-16 1.745241e-02
    outer loop
      vertex -3.689783e+01 2.190404e+01 4.064000e+00
      vertex -3.703527e+01 2.176660e+01 1.193800e+01
      vertex -3.689783e+01 2.041236e+01 4.064000e+00
    endloop
  endfacet
  facet normal -1.118974e-15 9.998477e-01 1.745241e-02
    outer loop
      vertex -3.788561e+01 2.192498e+01 2.864437e+00
      vertex -3.703527e+01 2.176660e+01 1.193800e+01
      vertex -3.689783e+01 2.190404e+01 4.064000e+00
    endloop
  endfacet
  facet normal -1.267206e-16 -9.998477e-01 1.745241e-02
    outer loop
      vertex -3.788561e+01 2.039142e+01 2.864437e+00
      vertex -3.703527e+01 2.054980e+01 1.193800e+01
      vertex -3.820247e+01 2.054980e+01 1.193800e+01
    endloop
  endfacet
  facet normal -1.363866e-15 -9.998477e-01 1.745241e-02
    outer loop
      vertex -3.788561e+01 2.039142e+01 2.864437e+00
      vertex -3.689783e+01 2.041236e+01 4.064000e+00
      vertex -3.703527e+01 2.054980e+01 1.193800e+01
    endloop
  endfacet
  facet normal 3.813792e-01 -9.239495e-01 2.944565e-02
    outer loop
      vertex -3.788561e+01 2.039142e+01 2.864437e+00
      vertex -3.820247e+01 2.054980e+01 1.193800e+01
      vertex -3.843550e+01 2.045361e+01 1.193800e+01
    endloop
  endfacet
  facet normal 8.305834e-01 -5.555805e-01 3.822991e-02
    outer loop
      vertex -3.816859e+01 2.020830e+01 2.574034e+00
      vertex -3.843550e+01 2.045361e+01 1.193800e+01
      vertex -3.850771e+01 2.034566e+01 1.193800e+01
    endloop
  endfacet
  facet normal 3.411591e-01 -9.396144e-01 2.711557e-02
    outer loop
      vertex -3.808989e+01 2.031119e+01 2.654393e+00
      vertex -3.788561e+01 2.039142e+01 2.864437e+00
      vertex -3.843550e+01 2.045361e+01 1.193800e+01
    endloop
  endfacet
  facet normal 7.789361e-01 -6.259140e-01 3.860039e-02
    outer loop
      vertex -3.816859e+01 2.020830e+01 2.574034e+00
      vertex -3.808989e+01 2.031119e+01 2.654393e+00
      vertex -3.843550e+01 2.045361e+01 1.193800e+01
    endloop
  endfacet
  facet normal -1.942915e-01 9.806526e-01 2.390216e-02
    outer loop
      vertex -3.916405e+01 1.904438e+00 1.772202e+01
      vertex -3.936603e+01 2.005398e+00 1.193800e+01
      vertex -3.949203e+01 1.980433e+00 1.193800e+01
    endloop
  endfacet
  facet normal -5.554287e-01 8.308743e-01 3.386533e-02
    outer loop
      vertex -3.929127e+01 1.879240e+00 1.771355e+01
      vertex -3.949203e+01 1.980433e+00 1.193800e+01
      vertex -3.960004e+01 1.908235e+00 1.193800e+01
    endloop
  endfacet
  facet normal -7.435511e-01 -1.197000e-05 6.686791e-01
    outer loop
      vertex -3.939470e+01 3.967450e+01 1.794051e+01
      vertex -3.942421e+01 3.967450e+01 1.790770e+01
      vertex -3.939386e+01 3.296949e+01 1.794133e+01
    endloop
  endfacet
  facet normal -1.957705e-01 9.803565e-01 2.398214e-02
    outer loop
      vertex -3.929127e+01 1.879240e+00 1.771355e+01
      vertex -3.916405e+01 1.904438e+00 1.772202e+01
      vertex -3.949203e+01 1.980433e+00 1.193800e+01
    endloop
  endfacet
  facet normal -5.572890e-01 8.296239e-01 3.395851e-02
    outer loop
      vertex -3.939861e+01 1.807036e+00 1.771603e+01
      vertex -3.929127e+01 1.879240e+00 1.771355e+01
      vertex -3.960004e+01 1.908235e+00 1.193800e+01
    endloop
  endfacet
  facet normal -1.942915e-01 9.806526e-01 2.390216e-02
    outer loop
      vertex -3.916405e+01 4.000444e+01 1.772202e+01
      vertex -3.936603e+01 4.010540e+01 1.193800e+01
      vertex -3.949203e+01 4.008043e+01 1.193800e+01
    endloop
  endfacet
  facet normal -5.554285e-01 8.308740e-01 3.387476e-02
    outer loop
      vertex -3.939776e+01 3.990789e+01 1.771602e+01
      vertex -3.949203e+01 4.008043e+01 1.193800e+01
      vertex -3.960004e+01 4.000824e+01 1.193800e+01
    endloop
  endfacet
  facet normal -3.823525e-01 9.233977e-01 3.381388e-02
    outer loop
      vertex -3.939776e+01 3.990789e+01 1.771602e+01
      vertex -3.916405e+01 4.000444e+01 1.772202e+01
      vertex -3.949203e+01 4.008043e+01 1.193800e+01
    endloop
  endfacet
  facet normal -2.449294e-16 3.061617e-16 1.000000e+00
    outer loop
      vertex -3.969623e+01 4.126814e+01 1.193800e+01
      vertex -3.969623e+01 3.977535e+01 1.193800e+01
      vertex -3.960004e+01 4.000824e+01 1.193800e+01
    endloop
  endfacet
  facet normal -9.235541e-01 3.814841e-01 3.895736e-02
    outer loop
      vertex -3.939776e+01 3.990789e+01 1.771602e+01
      vertex -3.960004e+01 4.000824e+01 1.193800e+01
      vertex -3.969623e+01 3.977535e+01 1.193800e+01
    endloop
  endfacet
  facet normal -9.231421e-01 3.824846e-01 3.891313e-02
    outer loop
      vertex -3.939776e+01 3.990789e+01 1.771602e+01
      vertex -3.969623e+01 3.977535e+01 1.193800e+01
      vertex -3.949448e+01 3.967450e+01 1.771532e+01
    endloop
  endfacet
  facet normal -2.449294e-16 3.061617e-16 1.000000e+00
    outer loop
      vertex -3.967127e+01 -5.357258e+00 1.193800e+01
      vertex -3.969623e+01 -5.231352e+00 1.193800e+01
      vertex -3.969623e+01 -3.642465e+01 1.193800e+01
    endloop
  endfacet
  facet normal -2.449294e-16 3.061617e-16 1.000000e+00
    outer loop
      vertex -3.959906e+01 -5.465210e+00 1.193800e+01
      vertex -3.967127e+01 -5.357258e+00 1.193800e+01
      vertex -3.969623e+01 -3.642465e+01 1.193800e+01
    endloop
  endfacet
  facet normal -2.449294e-16 3.061617e-16 1.000000e+00
    outer loop
      vertex -3.936603e+01 -5.561400e+00 1.193800e+01
      vertex -3.959906e+01 -5.465210e+00 1.193800e+01
      vertex -3.969623e+01 -3.642465e+01 1.193800e+01
    endloop
  endfacet
  facet normal -9.235570e-01 3.814853e-01 3.887816e-02
    outer loop
      vertex -3.939861e+01 -3.629297e+01 1.771603e+01
      vertex -3.960004e+01 -3.619176e+01 1.193800e+01
      vertex -3.969623e+01 -3.642465e+01 1.193800e+01
    endloop
  endfacet
  facet normal -9.806235e-01 1.922591e-01 3.760003e-02
    outer loop
      vertex -3.947000e+01 -3.640089e+01 1.771664e+01
      vertex -3.969623e+01 -3.642465e+01 1.193800e+01
      vertex -3.949448e+01 -3.652549e+01 1.771532e+01
    endloop
  endfacet
  facet normal -8.335599e-01 5.515941e-01 3.036548e-02
    outer loop
      vertex -3.947000e+01 -3.640089e+01 1.771664e+01
      vertex -3.939861e+01 -3.629297e+01 1.771603e+01
      vertex -3.969623e+01 -3.642465e+01 1.193800e+01
    endloop
  endfacet
  facet normal -9.802161e-01 -1.943217e-01 3.762180e-02
    outer loop
      vertex -3.949448e+01 -5.130504e+00 1.771532e+01
      vertex -3.969623e+01 -5.231352e+00 1.193800e+01
      vertex -3.967127e+01 -5.357258e+00 1.193800e+01
    endloop
  endfacet
  facet normal -9.993908e-01 1.330750e-16 3.489950e-02
    outer loop
      vertex -3.949448e+01 -5.130504e+00 1.771532e+01
      vertex -3.949448e+01 1.574504e+00 1.771532e+01
      vertex -3.969623e+01 -5.231352e+00 1.193800e+01
    endloop
  endfacet
  facet normal -8.305690e-01 -5.555709e-01 3.867910e-02
    outer loop
      vertex -3.939776e+01 -5.363883e+00 1.771602e+01
      vertex -3.967127e+01 -5.357258e+00 1.193800e+01
      vertex -3.959906e+01 -5.465210e+00 1.193800e+01
    endloop
  endfacet
  facet normal -9.229819e-01 -3.824052e-01 4.325235e-02
    outer loop
      vertex -3.939776e+01 -5.363883e+00 1.771602e+01
      vertex -3.949448e+01 -5.130504e+00 1.771532e+01
      vertex -3.967127e+01 -5.357258e+00 1.193800e+01
    endloop
  endfacet
  facet normal -3.813787e-01 -9.239484e-01 2.948967e-02
    outer loop
      vertex -3.939776e+01 -5.363883e+00 1.771602e+01
      vertex -3.959906e+01 -5.465210e+00 1.193800e+01
      vertex -3.936603e+01 -5.561400e+00 1.193800e+01
    endloop
  endfacet
  facet normal -3.823098e-01 -9.235641e-01 2.947142e-02
    outer loop
      vertex -3.939776e+01 -5.363883e+00 1.771602e+01
      vertex -3.936603e+01 -5.561400e+00 1.193800e+01
      vertex -3.916405e+01 -5.460438e+00 1.772202e+01
    endloop
  endfacet
  facet normal -1.942915e-01 9.806526e-01 2.390216e-02
    outer loop
      vertex -3.916405e+01 -3.619557e+01 1.772202e+01
      vertex -3.936603e+01 -3.609460e+01 1.193800e+01
      vertex -3.949203e+01 -3.611956e+01 1.193800e+01
    endloop
  endfacet
  facet normal -5.554287e-01 8.308743e-01 3.386533e-02
    outer loop
      vertex -3.929127e+01 -3.622076e+01 1.771355e+01
      vertex -3.949203e+01 -3.611956e+01 1.193800e+01
      vertex -3.960004e+01 -3.619176e+01 1.193800e+01
    endloop
  endfacet
  facet normal 5.367495e-01 8.064662e-01 2.480169e-01
    outer loop
      vertex 3.932874e+01 -3.629501e+01 1.787389e+01
      vertex 3.939861e+01 -3.629297e+01 1.771603e+01
      vertex 3.929127e+01 -3.622076e+01 1.771355e+01
    endloop
  endfacet
  facet normal -1.957705e-01 9.803565e-01 2.398214e-02
    outer loop
      vertex -3.929127e+01 -3.622076e+01 1.771355e+01
      vertex -3.916405e+01 -3.619557e+01 1.772202e+01
      vertex -3.949203e+01 -3.611956e+01 1.193800e+01
    endloop
  endfacet
  facet normal -5.572890e-01 8.296239e-01 3.395851e-02
    outer loop
      vertex -3.939861e+01 -3.629297e+01 1.771603e+01
      vertex -3.929127e+01 -3.622076e+01 1.771355e+01
      vertex -3.960004e+01 -3.619176e+01 1.193800e+01
    endloop
  endfacet
  facet normal -9.135454e-01 2.364042e-16 4.067366e-01
    outer loop
      vertex -3.939386e+01 3.296949e+01 1.794133e+01
      vertex -3.949448e+01 3.967450e+01 1.771532e+01
      vertex -3.949448e+01 3.296949e+01 1.771532e+01
    endloop
  endfacet
  facet normal -8.539068e-01 3.527647e-01 3.826228e-01
    outer loop
      vertex -3.932595e+01 3.983707e+01 1.794157e+01
      vertex -3.939776e+01 3.990789e+01 1.771602e+01
      vertex -3.949448e+01 3.967450e+01 1.771532e+01
    endloop
  endfacet
  facet normal -9.392907e-01 -2.530892e-03 3.431129e-01
    outer loop
      vertex -3.942421e+01 3.967450e+01 1.790770e+01
      vertex -3.949448e+01 3.967450e+01 1.771532e+01
      vertex -3.939386e+01 3.296949e+01 1.794133e+01
    endloop
  endfacet
  facet normal -8.413796e-01 4.445427e-01 3.073470e-01
    outer loop
      vertex -3.932595e+01 3.983707e+01 1.794157e+01
      vertex -3.949448e+01 3.967450e+01 1.771532e+01
      vertex -3.942421e+01 3.967450e+01 1.790770e+01
    endloop
  endfacet
  facet normal -8.998442e-01 -1.725427e-01 4.006364e-01
    outer loop
      vertex -3.947000e+01 3.284489e+01 1.771664e+01
      vertex -3.939386e+01 3.296949e+01 1.794133e+01
      vertex -3.949448e+01 3.296949e+01 1.771532e+01
    endloop
  endfacet
  facet normal -9.392937e-01 2.200787e-16 3.431140e-01
    outer loop
      vertex -3.942421e+01 -5.130504e+00 1.790770e+01
      vertex -3.949448e+01 1.574504e+00 1.771532e+01
      vertex -3.949448e+01 -5.130504e+00 1.771532e+01
    endloop
  endfacet
  facet normal -9.135454e-01 6.508310e-05 4.067366e-01
    outer loop
      vertex -3.939470e+01 -5.130504e+00 1.794051e+01
      vertex -3.939386e+01 1.574504e+00 1.794133e+01
      vertex -3.949448e+01 1.574504e+00 1.771532e+01
    endloop
  endfacet
  facet normal -8.547778e-01 3.528740e-01 3.805716e-01
    outer loop
      vertex -3.932874e+01 1.804992e+00 1.787389e+01
      vertex -3.949448e+01 1.574504e+00 1.771532e+01
      vertex -3.939386e+01 1.574504e+00 1.794133e+01
    endloop
  endfacet
  facet normal -7.435029e-01 1.139150e-02 6.686358e-01
    outer loop
      vertex -3.942421e+01 -5.130504e+00 1.790770e+01
      vertex -3.939470e+01 -5.130504e+00 1.794051e+01
      vertex -3.949448e+01 1.574504e+00 1.771532e+01
    endloop
  endfacet
  facet normal -7.830593e-01 1.474418e-01 6.042178e-01
    outer loop
      vertex -3.932874e+01 1.804992e+00 1.787389e+01
      vertex -3.947000e+01 1.699103e+00 1.771664e+01
      vertex -3.949448e+01 1.574504e+00 1.771532e+01
    endloop
  endfacet
  facet normal -8.756086e-01 -3.619464e-01 3.198505e-01
    outer loop
      vertex -3.942421e+01 -5.130504e+00 1.790770e+01
      vertex -3.949448e+01 -5.130504e+00 1.771532e+01
      vertex -3.939776e+01 -5.363883e+00 1.771602e+01
    endloop
  endfacet
  facet normal -9.392937e-01 1.484482e-16 3.431140e-01
    outer loop
      vertex -3.942421e+01 -4.323050e+01 1.790770e+01
      vertex -3.949448e+01 -3.652549e+01 1.771532e+01
      vertex -3.949448e+01 -4.323050e+01 1.771532e+01
    endloop
  endfacet
  facet normal -9.135454e-01 6.508310e-05 4.067366e-01
    outer loop
      vertex -3.939470e+01 -4.323050e+01 1.794051e+01
      vertex -3.939386e+01 -3.652549e+01 1.794133e+01
      vertex -3.949448e+01 -3.652549e+01 1.771532e+01
    endloop
  endfacet
  facet normal -8.547778e-01 3.528740e-01 3.805716e-01
    outer loop
      vertex -3.932874e+01 -3.629501e+01 1.787389e+01
      vertex -3.949448e+01 -3.652549e+01 1.771532e+01
      vertex -3.939386e+01 -3.652549e+01 1.794133e+01
    endloop
  endfacet
  facet normal -7.435029e-01 1.139150e-02 6.686358e-01
    outer loop
      vertex -3.942421e+01 -4.323050e+01 1.790770e+01
      vertex -3.939470e+01 -4.323050e+01 1.794051e+01
      vertex -3.949448e+01 -3.652549e+01 1.771532e+01
    endloop
  endfacet
  facet normal -7.830593e-01 1.474418e-01 6.042178e-01
    outer loop
      vertex -3.932874e+01 -3.629501e+01 1.787389e+01
      vertex -3.947000e+01 -3.640089e+01 1.771664e+01
      vertex -3.949448e+01 -3.652549e+01 1.771532e+01
    endloop
  endfacet
  facet normal -8.756086e-01 -3.619464e-01 3.198505e-01
    outer loop
      vertex -3.942421e+01 -4.323050e+01 1.790770e+01
      vertex -3.949448e+01 -4.323050e+01 1.771532e+01
      vertex -3.939776e+01 -4.346388e+01 1.771602e+01
    endloop
  endfacet
  facet normal 9.135454e-01 1.265013e-17 4.067366e-01
    outer loop
      vertex 3.939386e+01 3.967450e+01 1.794133e+01
      vertex 3.949448e+01 3.296949e+01 1.771532e+01
      vertex 3.949448e+01 3.967450e+01 1.771532e+01
    endloop
  endfacet
  facet normal 8.539068e-01 -3.527647e-01 3.826228e-01
    outer loop
      vertex 3.932595e+01 3.280693e+01 1.794157e+01
      vertex 3.939776e+01 3.273611e+01 1.771602e+01
      vertex 3.949448e+01 3.296949e+01 1.771532e+01
    endloop
  endfacet
  facet normal 9.392907e-01 2.530892e-03 3.431129e-01
    outer loop
      vertex 3.942421e+01 3.296949e+01 1.790770e+01
      vertex 3.949448e+01 3.296949e+01 1.771532e+01
      vertex 3.939386e+01 3.967450e+01 1.794133e+01
    endloop
  endfacet
  facet normal 8.413796e-01 -4.445427e-01 3.073470e-01
    outer loop
      vertex 3.932595e+01 3.280693e+01 1.794157e+01
      vertex 3.949448e+01 3.296949e+01 1.771532e+01
      vertex 3.942421e+01 3.296949e+01 1.790770e+01
    endloop
  endfacet
  facet normal 8.998441e-01 1.725427e-01 4.006364e-01
    outer loop
      vertex 3.947000e+01 3.979910e+01 1.771664e+01
      vertex 3.939386e+01 3.967450e+01 1.794133e+01
      vertex 3.949448e+01 3.967450e+01 1.771532e+01
    endloop
  endfacet
  facet normal 9.135454e-01 1.265013e-17 4.067366e-01
    outer loop
      vertex 3.939386e+01 -3.652549e+01 1.794133e+01
      vertex 3.949448e+01 -4.323050e+01 1.771532e+01
      vertex 3.949448e+01 -3.652549e+01 1.771532e+01
    endloop
  endfacet
  facet normal 8.539068e-01 -3.527647e-01 3.826228e-01
    outer loop
      vertex 3.932595e+01 -4.339307e+01 1.794157e+01
      vertex 3.939776e+01 -4.346388e+01 1.771602e+01
      vertex 3.949448e+01 -4.323050e+01 1.771532e+01
    endloop
  endfacet
  facet normal 9.392907e-01 2.530892e-03 3.431129e-01
    outer loop
      vertex 3.942421e+01 -4.323050e+01 1.790770e+01
      vertex 3.949448e+01 -4.323050e+01 1.771532e+01
      vertex 3.939386e+01 -3.652549e+01 1.794133e+01
    endloop
  endfacet
  facet normal 8.413796e-01 -4.445427e-01 3.073470e-01
    outer loop
      vertex 3.932595e+01 -4.339307e+01 1.794157e+01
      vertex 3.949448e+01 -4.323050e+01 1.771532e+01
      vertex 3.942421e+01 -4.323050e+01 1.790770e+01
    endloop
  endfacet
  facet normal 8.998441e-01 1.725427e-01 4.006364e-01
    outer loop
      vertex 3.947000e+01 -3.640089e+01 1.771664e+01
      vertex 3.939386e+01 -3.652549e+01 1.794133e+01
      vertex 3.949448e+01 -3.652549e+01 1.771532e+01
    endloop
  endfacet
  facet normal 9.135454e-01 9.962418e-17 4.067366e-01
    outer loop
      vertex 3.939386e+01 1.574504e+00 1.794133e+01
      vertex 3.949448e+01 -5.130504e+00 1.771532e+01
      vertex 3.949448e+01 1.574504e+00 1.771532e+01
    endloop
  endfacet
  facet normal 8.539068e-01 -3.527647e-01 3.826228e-01
    outer loop
      vertex 3.932595e+01 -5.293067e+00 1.794157e+01
      vertex 3.939776e+01 -5.363883e+00 1.771602e+01
      vertex 3.949448e+01 -5.130504e+00 1.771532e+01
    endloop
  endfacet
  facet normal 9.392907e-01 2.530892e-03 3.431129e-01
    outer loop
      vertex 3.942421e+01 -5.130504e+00 1.790770e+01
      vertex 3.949448e+01 -5.130504e+00 1.771532e+01
      vertex 3.939386e+01 1.574504e+00 1.794133e+01
    endloop
  endfacet
  facet normal 8.413796e-01 -4.445427e-01 3.073470e-01
    outer loop
      vertex 3.932595e+01 -5.293067e+00 1.794157e+01
      vertex 3.949448e+01 -5.130504e+00 1.771532e+01
      vertex 3.942421e+01 -5.130504e+00 1.790770e+01
    endloop
  endfacet
  facet normal 8.998441e-01 1.725427e-01 4.006364e-01
    outer loop
      vertex 3.947000e+01 1.699103e+00 1.771664e+01
      vertex 3.939386e+01 1.574504e+00 1.794133e+01
      vertex 3.949448e+01 1.574504e+00 1.771532e+01
    endloop
  endfacet
  facet normal 9.798048e-01 -1.956332e-01 4.135411e-02
    outer loop
      vertex -3.821561e+01 4.131616e+01 2.858676e+00
      vertex -3.819017e+01 4.144287e+01 2.855140e+00
      vertex -3.848789e+01 4.160239e+01 1.066388e+01
    endloop
  endfacet
  facet normal -2.449294e-16 3.061617e-16 1.000000e+00
    outer loop
      vertex -2.194728e+01 2.517830e+00 1.168400e+01
      vertex -2.197225e+01 2.357971e+00 1.168400e+01
      vertex -2.194728e+01 2.232016e+00 1.168400e+01
    endloop
  endfacet
  facet normal -9.807108e-01 -1.943851e-01 2.051138e-02
    outer loop
      vertex -2.210123e+01 2.078071e+00 2.864437e+00
      vertex -2.194728e+01 2.232016e+00 1.168400e+01
      vertex -2.197225e+01 2.357971e+00 1.168400e+01
    endloop
  endfacet
  facet normal -9.998477e-01 1.277893e-16 1.745241e-02
    outer loop
      vertex -2.192512e+01 2.495663e+00 1.295400e+01
      vertex -2.194728e+01 2.517830e+00 1.168400e+01
      vertex -2.194728e+01 2.232016e+00 1.168400e+01
    endloop
  endfacet
  facet normal -9.998477e-01 1.277893e-16 1.745241e-02
    outer loop
      vertex -2.192512e+01 -9.531513e+00 1.295400e+01
      vertex -2.192512e+01 2.495663e+00 1.295400e+01
      vertex -2.194728e+01 2.232016e+00 1.168400e+01
    endloop
  endfacet
  facet normal -9.998477e-01 1.035672e-16 1.745241e-02
    outer loop
      vertex -2.210123e+01 2.078071e+00 2.864437e+00
      vertex -2.192512e+01 -9.531513e+00 1.295400e+01
      vertex -2.194728e+01 2.232016e+00 1.168400e+01
    endloop
  endfacet
  facet normal -2.449294e-16 3.061617e-16 1.000000e+00
    outer loop
      vertex -2.194728e+01 2.517830e+00 1.168400e+01
      vertex -2.204447e+01 2.465962e+00 1.168400e+01
      vertex -2.197225e+01 2.357971e+00 1.168400e+01
    endloop
  endfacet
  facet normal -8.310190e-01 -5.557178e-01 2.419029e-02
    outer loop
      vertex -2.219796e+01 2.311487e+00 2.862051e+00
      vertex -2.197225e+01 2.357971e+00 1.168400e+01
      vertex -2.204447e+01 2.465962e+00 1.168400e+01
    endloop
  endfacet
  facet normal -9.235981e-01 -3.825036e-01 2.564630e-02
    outer loop
      vertex -2.219796e+01 2.311487e+00 2.862051e+00
      vertex -2.210123e+01 2.078071e+00 2.864437e+00
      vertex -2.197225e+01 2.357971e+00 1.168400e+01
    endloop
  endfacet
  facet normal -2.449294e-16 3.061617e-16 1.000000e+00
    outer loop
      vertex -2.194728e+01 2.517830e+00 1.168400e+01
      vertex -2.227743e+01 2.562168e+00 1.168400e+01
      vertex -2.204447e+01 2.465962e+00 1.168400e+01
    endloop
  endfacet
  facet normal -3.815899e-01 -9.240500e-01 2.281993e-02
    outer loop
      vertex -2.219796e+01 2.311487e+00 2.862051e+00
      vertex -2.204447e+01 2.465962e+00 1.168400e+01
      vertex -2.227743e+01 2.562168e+00 1.168400e+01
    endloop
  endfacet
  facet normal -2.449294e-16 3.061617e-16 1.000000e+00
    outer loop
      vertex -3.819360e+01 3.787832e+00 1.168400e+01
      vertex -3.819360e+01 2.562168e+00 1.168400e+01
      vertex -2.227743e+01 2.562168e+00 1.168400e+01
    endloop
  endfacet
  facet normal -1.267206e-16 -9.998477e-01 1.745241e-02
    outer loop
      vertex -2.243138e+01 2.408223e+00 2.864437e+00
      vertex -2.227743e+01 2.562168e+00 1.168400e+01
      vertex -3.819360e+01 2.562168e+00 1.168400e+01
    endloop
  endfacet
  facet normal -2.449294e-16 3.061617e-16 1.000000e+00
    outer loop
      vertex -1.978177e+01 3.787832e+00 1.168400e+01
      vertex -3.819360e+01 3.787832e+00 1.168400e+01
      vertex -2.227743e+01 2.562168e+00 1.168400e+01
    endloop
  endfacet
  facet normal -2.449294e-16 3.061617e-16 1.000000e+00
    outer loop
      vertex -2.194728e+01 2.517830e+00 1.168400e+01
      vertex -1.978177e+01 3.787832e+00 1.168400e+01
      vertex -2.227743e+01 2.562168e+00 1.168400e+01
    endloop
  endfacet
  facet normal -3.825548e-01 -9.236515e-01 2.279991e-02
    outer loop
      vertex -2.219796e+01 2.311487e+00 2.862051e+00
      vertex -2.227743e+01 2.562168e+00 1.168400e+01
      vertex -2.243138e+01 2.408223e+00 2.864437e+00
    endloop
  endfacet
  facet normal -2.449294e-16 3.061617e-16 1.000000e+00
    outer loop
      vertex -3.831960e+01 3.812794e+00 1.168400e+01
      vertex -3.831960e+01 2.537203e+00 1.168400e+01
      vertex -3.819360e+01 2.562168e+00 1.168400e+01
    endloop
  endfacet
  facet normal 1.942915e-01 -9.806526e-01 2.390216e-02
    outer loop
      vertex -3.788561e+01 2.408223e+00 2.864437e+00
      vertex -3.819360e+01 2.562168e+00 1.168400e+01
      vertex -3.831960e+01 2.537203e+00 1.168400e+01
    endloop
  endfacet
  facet normal -2.449294e-16 3.061617e-16 1.000000e+00
    outer loop
      vertex -3.819360e+01 3.787832e+00 1.168400e+01
      vertex -3.831960e+01 3.812794e+00 1.168400e+01
      vertex -3.819360e+01 2.562168e+00 1.168400e+01
    endloop
  endfacet
  facet normal -1.267206e-16 -9.998477e-01 1.745241e-02
    outer loop
      vertex -3.788561e+01 2.408223e+00 2.864437e+00
      vertex -2.243138e+01 2.408223e+00 2.864437e+00
      vertex -3.819360e+01 2.562168e+00 1.168400e+01
    endloop
  endfacet
  facet normal -2.449294e-16 3.061617e-16 1.000000e+00
    outer loop
      vertex -3.842761e+01 3.884995e+00 1.168400e+01
      vertex -3.842761e+01 2.465005e+00 1.168400e+01
      vertex -3.831960e+01 2.537203e+00 1.168400e+01
    endloop
  endfacet
  facet normal 5.554405e-01 -8.308920e-01 3.323132e-02
    outer loop
      vertex -3.808456e+01 2.341360e+00 2.858657e+00
      vertex -3.831960e+01 2.537203e+00 1.168400e+01
      vertex -3.842761e+01 2.465005e+00 1.168400e+01
    endloop
  endfacet
  facet normal -2.449294e-16 3.061617e-16 1.000000e+00
    outer loop
      vertex -3.831960e+01 3.812794e+00 1.168400e+01
      vertex -3.842761e+01 3.884995e+00 1.168400e+01
      vertex -3.831960e+01 2.537203e+00 1.168400e+01
    endloop
  endfacet
  facet normal 3.176648e-01 -9.477443e-01 2.949175e-02
    outer loop
      vertex -3.808456e+01 2.341360e+00 2.858657e+00
      vertex -3.788561e+01 2.408223e+00 2.864437e+00
      vertex -3.831960e+01 2.537203e+00 1.168400e+01
    endloop
  endfacet
  facet normal 6.547040e-01 -7.550263e-01 3.602687e-02
    outer loop
      vertex -3.811806e+01 2.312274e+00 2.857995e+00
      vertex -3.808456e+01 2.341360e+00 2.858657e+00
      vertex -3.842761e+01 2.465005e+00 1.168400e+01
    endloop
  endfacet
  facet normal 8.293062e-01 -5.574505e-01 3.873152e-02
    outer loop
      vertex -3.819023e+01 2.204874e+00 2.857350e+00
      vertex -3.811806e+01 2.312274e+00 2.857995e+00
      vertex -3.842761e+01 2.465005e+00 1.168400e+01
    endloop
  endfacet
  facet normal 5.554377e-01 8.308879e-01 3.338154e-02
    outer loop
      vertex -3.808989e+01 4.022008e+00 2.654393e+00
      vertex -3.842761e+01 3.884995e+00 1.168400e+01
      vertex -3.831960e+01 3.812794e+00 1.168400e+01
    endloop
  endfacet
  facet normal 7.789238e-01 6.259277e-01 3.863002e-02
    outer loop
      vertex -3.808989e+01 4.022008e+00 2.654393e+00
      vertex -3.816859e+01 4.124903e+00 2.574034e+00
      vertex -3.842761e+01 3.884995e+00 1.168400e+01
    endloop
  endfacet
  facet normal 1.942727e-01 9.805575e-01 2.766145e-02
    outer loop
      vertex -3.808989e+01 4.022008e+00 2.654393e+00
      vertex -3.831960e+01 3.812794e+00 1.168400e+01
      vertex -3.819360e+01 3.787832e+00 1.168400e+01
    endloop
  endfacet
  facet normal 1.181714e-16 9.998477e-01 1.745241e-02
    outer loop
      vertex -3.788561e+01 3.941777e+00 2.864437e+00
      vertex -3.819360e+01 3.787832e+00 1.168400e+01
      vertex -1.978177e+01 3.787832e+00 1.168400e+01
    endloop
  endfacet
  facet normal 3.400960e-01 9.399653e-01 2.828357e-02
    outer loop
      vertex -3.808989e+01 4.022008e+00 2.654393e+00
      vertex -3.819360e+01 3.787832e+00 1.168400e+01
      vertex -3.788561e+01 3.941777e+00 2.864437e+00
    endloop
  endfacet
  facet normal -2.449294e-16 3.061617e-16 1.000000e+00
    outer loop
      vertex -1.945162e+01 2.517830e+00 1.168400e+01
      vertex -1.965582e+01 3.762867e+00 1.168400e+01
      vertex -1.978177e+01 3.787832e+00 1.168400e+01
    endloop
  endfacet
  facet normal 1.943851e-01 9.807108e-01 2.051138e-02
    outer loop
      vertex -1.962782e+01 3.941777e+00 2.864437e+00
      vertex -1.978177e+01 3.787832e+00 1.168400e+01
      vertex -1.965582e+01 3.762867e+00 1.168400e+01
    endloop
  endfacet
  facet normal -2.449294e-16 3.061617e-16 1.000000e+00
    outer loop
      vertex -2.194728e+01 2.517830e+00 1.168400e+01
      vertex -1.945162e+01 2.517830e+00 1.168400e+01
      vertex -1.978177e+01 3.787832e+00 1.168400e+01
    endloop
  endfacet
  facet normal 1.181714e-16 9.998477e-01 1.745241e-02
    outer loop
      vertex -1.962782e+01 3.941777e+00 2.864437e+00
      vertex -3.788561e+01 3.941777e+00 2.864437e+00
      vertex -1.978177e+01 3.787832e+00 1.168400e+01
    endloop
  endfacet
  facet normal -2.449294e-16 3.061617e-16 1.000000e+00
    outer loop
      vertex -1.945162e+01 2.517830e+00 1.168400e+01
      vertex -1.954783e+01 3.690651e+00 1.168400e+01
      vertex -1.965582e+01 3.762867e+00 1.168400e+01
    endloop
  endfacet
  facet normal 5.557174e-01 8.310183e-01 2.422439e-02
    outer loop
      vertex -1.939444e+01 3.845241e+00 2.862051e+00
      vertex -1.965582e+01 3.762867e+00 1.168400e+01
      vertex -1.954783e+01 3.690651e+00 1.168400e+01
    endloop
  endfacet
  facet normal 3.823287e-01 9.238108e-01 1.995364e-02
    outer loop
      vertex -1.939444e+01 3.845241e+00 2.862051e+00
      vertex -1.962782e+01 3.941777e+00 2.864437e+00
      vertex -1.965582e+01 3.762867e+00 1.168400e+01
    endloop
  endfacet
  facet normal -2.449294e-16 3.061617e-16 1.000000e+00
    outer loop
      vertex -1.945162e+01 2.517830e+00 1.168400e+01
      vertex -1.945162e+01 3.457683e+00 1.168400e+01
      vertex -1.954783e+01 3.690651e+00 1.168400e+01
    endloop
  endfacet
  facet normal 9.240514e-01 3.815904e-01 2.275318e-02
    outer loop
      vertex -1.939444e+01 3.845241e+00 2.862051e+00
      vertex -1.954783e+01 3.690651e+00 1.168400e+01
      vertex -1.945162e+01 3.457683e+00 1.168400e+01
    endloop
  endfacet
  facet normal 9.998477e-01 -1.171028e-16 1.745241e-02
    outer loop
      vertex -1.929767e+01 3.611629e+00 2.864437e+00
      vertex -1.945162e+01 3.457683e+00 1.168400e+01
      vertex -1.945162e+01 2.517830e+00 1.168400e+01
    endloop
  endfacet
  facet normal 9.235584e-01 3.827793e-01 2.280221e-02
    outer loop
      vertex -1.939444e+01 3.845241e+00 2.862051e+00
      vertex -1.945162e+01 3.457683e+00 1.168400e+01
      vertex -1.929767e+01 3.611629e+00 2.864437e+00
    endloop
  endfacet
  facet normal 1.181714e-16 9.998477e-01 1.745241e-02
    outer loop
      vertex -1.947379e+01 2.495663e+00 1.295400e+01
      vertex -1.945162e+01 2.517830e+00 1.168400e+01
      vertex -2.194728e+01 2.517830e+00 1.168400e+01
    endloop
  endfacet
  facet normal 9.998477e-01 -1.911826e-16 1.745241e-02
    outer loop
      vertex -1.947379e+01 -1.225664e+00 1.295400e+01
      vertex -1.929767e+01 3.611629e+00 2.864437e+00
      vertex -1.945162e+01 2.517830e+00 1.168400e+01
    endloop
  endfacet
  facet normal 9.998477e-01 -1.171028e-16 1.745241e-02
    outer loop
      vertex -1.947379e+01 2.495663e+00 1.295400e+01
      vertex -1.947379e+01 -1.225664e+00 1.295400e+01
      vertex -1.945162e+01 2.517830e+00 1.168400e+01
    endloop
  endfacet
  facet normal 1.181714e-16 9.998477e-01 1.745241e-02
    outer loop
      vertex -2.192512e+01 2.495663e+00 1.295400e+01
      vertex -1.947379e+01 2.495663e+00 1.295400e+01
      vertex -2.194728e+01 2.517830e+00 1.168400e+01
    endloop
  endfacet
  facet normal -2.449294e-16 3.061617e-16 1.000000e+00
    outer loop
      vertex -2.097562e+01 -1.247831e+00 1.168400e+01
      vertex -2.097562e+01 -9.883835e+00 1.168400e+01
      vertex -1.978177e+01 -9.883835e+00 1.168400e+01
    endloop
  endfacet
  facet normal -1.267206e-16 -9.998477e-01 1.745241e-02
    outer loop
      vertex -2.177108e+01 -1.003778e+01 2.864437e+00
      vertex -1.978177e+01 -9.883835e+00 1.168400e+01
      vertex -2.097562e+01 -9.883835e+00 1.168400e+01
    endloop
  endfacet
  facet normal -2.449294e-16 3.061617e-16 1.000000e+00
    outer loop
      vertex -1.954880e+01 -9.787626e+00 1.168400e+01
      vertex -2.097562e+01 -1.247831e+00 1.168400e+01
      vertex -1.978177e+01 -9.883835e+00 1.168400e+01
    endloop
  endfacet
  facet normal 3.815904e-01 -9.240514e-01 2.275318e-02
    outer loop
      vertex -1.939421e+01 -9.941014e+00 2.862051e+00
      vertex -1.954880e+01 -9.787626e+00 1.168400e+01
      vertex -1.978177e+01 -9.883835e+00 1.168400e+01
    endloop
  endfacet
  facet normal -1.267206e-16 -9.998477e-01 1.745241e-02
    outer loop
      vertex -2.177108e+01 -1.003778e+01 2.864437e+00
      vertex -1.962782e+01 -1.003778e+01 2.864437e+00
      vertex -1.978177e+01 -9.883835e+00 1.168400e+01
    endloop
  endfacet
  facet normal 3.827793e-01 -9.235584e-01 2.280221e-02
    outer loop
      vertex -1.939421e+01 -9.941014e+00 2.862051e+00
      vertex -1.978177e+01 -9.883835e+00 1.168400e+01
      vertex -1.962782e+01 -1.003778e+01 2.864437e+00
    endloop
  endfacet
  facet normal 9.998477e-01 -1.171028e-16 1.745241e-02
    outer loop
      vertex -2.099779e+01 -9.861665e+00 1.295400e+01
      vertex -2.097562e+01 -9.883835e+00 1.168400e+01
      vertex -2.097562e+01 -1.247831e+00 1.168400e+01
    endloop
  endfacet
  facet normal 1.263409e-14 -9.998477e-01 1.745241e-02
    outer loop
      vertex -2.099779e+01 -9.861665e+00 1.295400e+01
      vertex -2.177108e+01 -1.003778e+01 2.864437e+00
      vertex -2.097562e+01 -9.883835e+00 1.168400e+01
    endloop
  endfacet
  facet normal -2.449294e-16 3.061617e-16 1.000000e+00
    outer loop
      vertex -1.945162e+01 -9.553683e+00 1.168400e+01
      vertex -1.945162e+01 -1.247831e+00 1.168400e+01
      vertex -2.097562e+01 -1.247831e+00 1.168400e+01
    endloop
  endfacet
  facet normal -1.267206e-16 -9.998477e-01 1.745241e-02
    outer loop
      vertex -1.947379e+01 -1.225664e+00 1.295400e+01
      vertex -2.097562e+01 -1.247831e+00 1.168400e+01
      vertex -1.945162e+01 -1.247831e+00 1.168400e+01
    endloop
  endfacet
  facet normal -2.449294e-16 3.061617e-16 1.000000e+00
    outer loop
      vertex -1.947658e+01 -9.679639e+00 1.168400e+01
      vertex -1.945162e+01 -9.553683e+00 1.168400e+01
      vertex -2.097562e+01 -1.247831e+00 1.168400e+01
    endloop
  endfacet
  facet normal -2.449294e-16 3.061617e-16 1.000000e+00
    outer loop
      vertex -1.954880e+01 -9.787626e+00 1.168400e+01
      vertex -1.947658e+01 -9.679639e+00 1.168400e+01
      vertex -2.097562e+01 -1.247831e+00 1.168400e+01
    endloop
  endfacet
  facet normal -1.267206e-16 -9.998477e-01 1.745241e-02
    outer loop
      vertex -2.099779e+01 -1.225664e+00 1.295400e+01
      vertex -2.097562e+01 -1.247831e+00 1.168400e+01
      vertex -1.947379e+01 -1.225664e+00 1.295400e+01
    endloop
  endfacet
  facet normal 9.998477e-01 -1.171028e-16 1.745241e-02
    outer loop
      vertex -2.099779e+01 -1.225664e+00 1.295400e+01
      vertex -2.099779e+01 -9.861665e+00 1.295400e+01
      vertex -2.097562e+01 -1.247831e+00 1.168400e+01
    endloop
  endfacet
  facet normal 9.998477e-01 -1.171028e-16 1.745241e-02
    outer loop
      vertex -1.929767e+01 3.611629e+00 2.864437e+00
      vertex -1.945162e+01 -1.247831e+00 1.168400e+01
      vertex -1.945162e+01 -9.553683e+00 1.168400e+01
    endloop
  endfacet
  facet normal 9.998477e-01 2.508734e-16 1.745241e-02
    outer loop
      vertex -1.947379e+01 -1.225664e+00 1.295400e+01
      vertex -1.945162e+01 -1.247831e+00 1.168400e+01
      vertex -1.929767e+01 3.611629e+00 2.864437e+00
    endloop
  endfacet
  facet normal 9.807108e-01 -1.943851e-01 2.051138e-02
    outer loop
      vertex -1.929767e+01 -9.707629e+00 2.864437e+00
      vertex -1.945162e+01 -9.553683e+00 1.168400e+01
      vertex -1.947658e+01 -9.679639e+00 1.168400e+01
    endloop
  endfacet
  facet normal 9.998477e-01 -1.171028e-16 1.745241e-02
    outer loop
      vertex -1.929767e+01 -9.707629e+00 2.864437e+00
      vertex -1.929767e+01 3.611629e+00 2.864437e+00
      vertex -1.945162e+01 -9.553683e+00 1.168400e+01
    endloop
  endfacet
  facet normal 8.310183e-01 -5.557174e-01 2.422439e-02
    outer loop
      vertex -1.939421e+01 -9.941014e+00 2.862051e+00
      vertex -1.947658e+01 -9.679639e+00 1.168400e+01
      vertex -1.954880e+01 -9.787626e+00 1.168400e+01
    endloop
  endfacet
  facet normal 9.238108e-01 -3.823287e-01 1.995364e-02
    outer loop
      vertex -1.939421e+01 -9.941014e+00 2.862051e+00
      vertex -1.929767e+01 -9.707629e+00 2.864437e+00
      vertex -1.947658e+01 -9.679639e+00 1.168400e+01
    endloop
  endfacet
  facet normal 1.583493e-17 9.187909e-01 3.947445e-01
    outer loop
      vertex -1.962782e+01 4.040487e+00 2.634684e+00
      vertex -3.788561e+01 3.941777e+00 2.864437e+00
      vertex -1.962782e+01 3.941777e+00 2.864437e+00
    endloop
  endfacet
  facet normal -5.534146e-04 9.339908e-01 3.572966e-01
    outer loop
      vertex -1.962782e+01 4.040487e+00 2.634684e+00
      vertex -3.808989e+01 4.022008e+00 2.654393e+00
      vertex -3.788561e+01 3.941777e+00 2.864437e+00
    endloop
  endfacet
  facet normal 3.585465e-01 8.577023e-01 3.684986e-01
    outer loop
      vertex -1.962782e+01 4.040487e+00 2.634684e+00
      vertex -1.962782e+01 3.941777e+00 2.864437e+00
      vertex -1.939444e+01 3.845241e+00 2.862051e+00
    endloop
  endfacet
  facet normal 9.187909e-01 8.336196e-18 3.947445e-01
    outer loop
      vertex -1.919896e+01 -9.707629e+00 2.634684e+00
      vertex -1.929767e+01 3.611629e+00 2.864437e+00
      vertex -1.929767e+01 -9.707629e+00 2.864437e+00
    endloop
  endfacet
  facet normal 8.145554e-01 3.421800e-01 4.684147e-01
    outer loop
      vertex -1.925511e+01 3.826829e+00 2.633211e+00
      vertex -1.939444e+01 3.845241e+00 2.862051e+00
      vertex -1.929767e+01 3.611629e+00 2.864437e+00
    endloop
  endfacet
  facet normal 9.187916e-01 3.189943e-08 3.947428e-01
    outer loop
      vertex -1.919896e+01 -9.707629e+00 2.634684e+00
      vertex -1.919896e+01 3.611629e+00 2.634685e+00
      vertex -1.929767e+01 3.611629e+00 2.864437e+00
    endloop
  endfacet
  facet normal 8.929317e-01 2.355821e-01 3.836326e-01
    outer loop
      vertex -1.925511e+01 3.826829e+00 2.633211e+00
      vertex -1.929767e+01 3.611629e+00 2.864437e+00
      vertex -1.919896e+01 3.611629e+00 2.634685e+00
    endloop
  endfacet
  facet normal 8.577023e-01 -3.585465e-01 3.684986e-01
    outer loop
      vertex -1.919896e+01 -9.707629e+00 2.634684e+00
      vertex -1.929767e+01 -9.707629e+00 2.864437e+00
      vertex -1.939421e+01 -9.941014e+00 2.862051e+00
    endloop
  endfacet
  facet normal -2.449294e-16 3.061617e-16 1.000000e+00
    outer loop
      vertex -2.099779e+01 -1.225664e+00 1.295400e+01
      vertex -1.947379e+01 -1.225664e+00 1.295400e+01
      vertex -1.947379e+01 2.495663e+00 1.295400e+01
    endloop
  endfacet
  facet normal -2.449294e-16 3.061617e-16 1.000000e+00
    outer loop
      vertex -2.099779e+01 -1.225664e+00 1.295400e+01
      vertex -1.947379e+01 2.495663e+00 1.295400e+01
      vertex -2.192512e+01 2.495663e+00 1.295400e+01
    endloop
  endfacet
  facet normal -2.092039e-16 -9.187909e-01 3.947445e-01
    outer loop
      vertex -2.177108e+01 -1.013649e+01 2.634684e+00
      vertex -1.962782e+01 -1.003778e+01 2.864437e+00
      vertex -2.177108e+01 -1.003778e+01 2.864437e+00
    endloop
  endfacet
  facet normal 3.421800e-01 -8.145554e-01 4.684147e-01
    outer loop
      vertex -1.941262e+01 -1.008035e+01 2.633211e+00
      vertex -1.939421e+01 -9.941014e+00 2.862051e+00
      vertex -1.962782e+01 -1.003778e+01 2.864437e+00
    endloop
  endfacet
  facet normal 1.982388e-07 -9.187916e-01 3.947428e-01
    outer loop
      vertex -1.962782e+01 -1.013649e+01 2.634685e+00
      vertex -1.962782e+01 -1.003778e+01 2.864437e+00
      vertex -2.177108e+01 -1.013649e+01 2.634684e+00
    endloop
  endfacet
  facet normal 2.355821e-01 -8.929317e-01 3.836326e-01
    outer loop
      vertex -1.941262e+01 -1.008035e+01 2.633211e+00
      vertex -1.962782e+01 -1.003778e+01 2.864437e+00
      vertex -1.962782e+01 -1.013649e+01 2.634685e+00
    endloop
  endfacet
  facet normal -1.267206e-16 -9.998477e-01 1.745241e-02
    outer loop
      vertex -2.099779e+01 -9.861665e+00 1.295400e+01
      vertex -2.159497e+01 -9.861665e+00 1.295400e+01
      vertex -2.177108e+01 -1.003778e+01 2.864437e+00
    endloop
  endfacet
  facet normal -1.943851e-01 -9.807108e-01 2.051138e-02
    outer loop
      vertex -2.172092e+01 -9.836703e+00 1.295400e+01
      vertex -2.177108e+01 -1.003778e+01 2.864437e+00
      vertex -2.159497e+01 -9.861665e+00 1.295400e+01
    endloop
  endfacet
  facet normal -3.823291e-01 -9.238029e-01 2.031160e-02
    outer loop
      vertex -2.200446e+01 -9.941239e+00 2.862051e+00
      vertex -2.177108e+01 -1.003778e+01 2.864437e+00
      vertex -2.172092e+01 -9.836703e+00 1.295400e+01
    endloop
  endfacet
  facet normal -3.585465e-01 -8.577023e-01 3.684986e-01
    outer loop
      vertex -2.177108e+01 -1.013649e+01 2.634684e+00
      vertex -2.177108e+01 -1.003778e+01 2.864437e+00
      vertex -2.200446e+01 -9.941239e+00 2.862051e+00
    endloop
  endfacet
  facet normal -2.449294e-16 3.061617e-16 1.000000e+00
    outer loop
      vertex -2.099779e+01 -1.225664e+00 1.295400e+01
      vertex -2.159497e+01 -9.861665e+00 1.295400e+01
      vertex -2.099779e+01 -9.861665e+00 1.295400e+01
    endloop
  endfacet
  facet normal 8.037425e-15 -2.665623e-16 1.000000e+00
    outer loop
      vertex -2.172092e+01 -9.836703e+00 1.295400e+01
      vertex -2.159497e+01 -9.861665e+00 1.295400e+01
      vertex -2.099779e+01 -1.225664e+00 1.295400e+01
    endloop
  endfacet
  facet normal -2.449294e-16 3.061617e-16 1.000000e+00
    outer loop
      vertex -2.099779e+01 -1.225664e+00 1.295400e+01
      vertex -2.192512e+01 2.495663e+00 1.295400e+01
      vertex -2.192512e+01 -9.531513e+00 1.295400e+01
    endloop
  endfacet
  facet normal -9.998477e-01 1.277893e-16 1.745241e-02
    outer loop
      vertex -2.210123e+01 2.078071e+00 2.864437e+00
      vertex -2.210123e+01 -9.707629e+00 2.864437e+00
      vertex -2.192512e+01 -9.531513e+00 1.295400e+01
    endloop
  endfacet
  facet normal -9.235584e-01 -3.827793e-01 2.280221e-02
    outer loop
      vertex -2.200446e+01 -9.941239e+00 2.862051e+00
      vertex -2.192512e+01 -9.531513e+00 1.295400e+01
      vertex -2.210123e+01 -9.707629e+00 2.864437e+00
    endloop
  endfacet
  facet normal -2.449294e-16 3.061617e-16 1.000000e+00
    outer loop
      vertex -2.182891e+01 -9.764487e+00 1.295400e+01
      vertex -2.099779e+01 -1.225664e+00 1.295400e+01
      vertex -2.192512e+01 -9.531513e+00 1.295400e+01
    endloop
  endfacet
  facet normal -9.240513e-01 -3.815904e-01 2.275782e-02
    outer loop
      vertex -2.200446e+01 -9.941239e+00 2.862051e+00
      vertex -2.182891e+01 -9.764487e+00 1.295400e+01
      vertex -2.192512e+01 -9.531513e+00 1.295400e+01
    endloop
  endfacet
  facet normal -9.440597e-01 2.165783e-16 3.297746e-01
    outer loop
      vertex -2.216945e+01 2.078071e+00 2.669140e+00
      vertex -2.210123e+01 -9.707629e+00 2.864437e+00
      vertex -2.210123e+01 2.078071e+00 2.864437e+00
    endloop
  endfacet
  facet normal -8.145554e-01 -3.421800e-01 4.684147e-01
    outer loop
      vertex -2.214380e+01 -9.922829e+00 2.633211e+00
      vertex -2.200446e+01 -9.941239e+00 2.862051e+00
      vertex -2.210123e+01 -9.707629e+00 2.864437e+00
    endloop
  endfacet
  facet normal -7.500844e-01 6.616547e-03 6.613090e-01
    outer loop
      vertex -2.216945e+01 2.078071e+00 2.669140e+00
      vertex -2.219908e+01 2.078071e+00 2.635528e+00
      vertex -2.210123e+01 -9.707629e+00 2.864437e+00
    endloop
  endfacet
  facet normal -9.187916e-01 3.839518e-05 3.947428e-01
    outer loop
      vertex -2.219994e+01 -9.707629e+00 2.634685e+00
      vertex -2.210123e+01 -9.707629e+00 2.864437e+00
      vertex -2.219908e+01 2.078071e+00 2.635528e+00
    endloop
  endfacet
  facet normal -8.929317e-01 -2.355821e-01 3.836326e-01
    outer loop
      vertex -2.214380e+01 -9.922829e+00 2.633211e+00
      vertex -2.210123e+01 -9.707629e+00 2.864437e+00
      vertex -2.219994e+01 -9.707629e+00 2.634685e+00
    endloop
  endfacet
  facet normal -8.801692e-01 -3.616250e-01 3.074566e-01
    outer loop
      vertex -2.216945e+01 2.078071e+00 2.669140e+00
      vertex -2.210123e+01 2.078071e+00 2.864437e+00
      vertex -2.219796e+01 2.311487e+00 2.862051e+00
    endloop
  endfacet
  facet normal -2.092038e-16 -9.187912e-01 3.947439e-01
    outer loop
      vertex -3.788561e+01 2.309513e+00 2.634684e+00
      vertex -2.243138e+01 2.408223e+00 2.864437e+00
      vertex -3.788561e+01 2.408223e+00 2.864437e+00
    endloop
  endfacet
  facet normal -3.519336e-01 -8.584058e-01 3.732055e-01
    outer loop
      vertex -2.226833e+01 2.241121e+00 2.633850e+00
      vertex -2.219796e+01 2.311487e+00 2.862051e+00
      vertex -2.243138e+01 2.408223e+00 2.864437e+00
    endloop
  endfacet
  facet normal 1.127269e-03 -9.440591e-01 3.297743e-01
    outer loop
      vertex -2.243138e+01 2.340001e+00 2.669140e+00
      vertex -2.243138e+01 2.408223e+00 2.864437e+00
      vertex -3.788561e+01 2.309513e+00 2.634684e+00
    endloop
  endfacet
  facet normal -4.480253e-01 -8.440091e-01 2.948253e-01
    outer loop
      vertex -2.226833e+01 2.241121e+00 2.633850e+00
      vertex -2.243138e+01 2.408223e+00 2.864437e+00
      vertex -2.243138e+01 2.340001e+00 2.669140e+00
    endloop
  endfacet
  facet normal 2.849920e-01 -8.806888e-01 3.783738e-01
    outer loop
      vertex -3.788561e+01 2.309513e+00 2.634684e+00
      vertex -3.788561e+01 2.408223e+00 2.864437e+00
      vertex -3.808456e+01 2.341360e+00 2.858657e+00
    endloop
  endfacet
  facet normal -9.438868e-15 1.201050e-15 1.000000e+00
    outer loop
      vertex -2.182891e+01 -9.764487e+00 1.295400e+01
      vertex -2.172092e+01 -9.836703e+00 1.295400e+01
      vertex -2.099779e+01 -1.225664e+00 1.295400e+01
    endloop
  endfacet
  facet normal -5.557174e-01 -8.310183e-01 2.422202e-02
    outer loop
      vertex -2.200446e+01 -9.941239e+00 2.862051e+00
      vertex -2.172092e+01 -9.836703e+00 1.295400e+01
      vertex -2.182891e+01 -9.764487e+00 1.295400e+01
    endloop
  endfacet
  facet normal 1.916265e-01 2.770204e-16 9.814679e-01
    outer loop
      vertex 3.928869e+01 3.296949e+01 1.800975e+01
      vertex 3.916449e+01 3.968696e+01 1.803400e+01
      vertex 3.916449e+01 3.295704e+01 1.803400e+01
    endloop
  endfacet
  facet normal 1.750997e-01 -3.727651e-01 9.112554e-01
    outer loop
      vertex 3.932595e+01 3.280693e+01 1.794157e+01
      vertex 3.916449e+01 3.295704e+01 1.803400e+01
      vertex 3.916449e+01 3.273448e+01 1.794296e+01
    endloop
  endfacet
  facet normal 1.320931e-01 -9.755927e-01 1.754144e-01
    outer loop
      vertex 3.928869e+01 3.296949e+01 1.800975e+01
      vertex 3.916449e+01 3.295704e+01 1.803400e+01
      vertex 3.942421e+01 3.296949e+01 1.790770e+01
    endloop
  endfacet
  facet normal 4.390188e-01 -7.887313e-02 8.950092e-01
    outer loop
      vertex 3.932595e+01 3.280693e+01 1.794157e+01
      vertex 3.942421e+01 3.296949e+01 1.790770e+01
      vertex 3.916449e+01 3.295704e+01 1.803400e+01
    endloop
  endfacet
  facet normal 5.618308e-01 1.711132e-01 8.093618e-01
    outer loop
      vertex 3.932874e+01 3.990499e+01 1.787389e+01
      vertex 3.916585e+01 3.980033e+01 1.800909e+01
      vertex 3.916449e+01 3.968696e+01 1.803400e+01
    endloop
  endfacet
  facet normal 3.747714e-01 3.582553e-03 9.271103e-01
    outer loop
      vertex 3.928869e+01 3.296949e+01 1.800975e+01
      vertex 3.939386e+01 3.967450e+01 1.794133e+01
      vertex 3.916449e+01 3.968696e+01 1.803400e+01
    endloop
  endfacet
  facet normal 3.666972e-01 3.552023e-01 8.598630e-01
    outer loop
      vertex 3.932874e+01 3.990499e+01 1.787389e+01
      vertex 3.916449e+01 3.968696e+01 1.803400e+01
      vertex 3.939386e+01 3.967450e+01 1.794133e+01
    endloop
  endfacet
  facet normal 1.916265e-01 2.770204e-16 9.814679e-01
    outer loop
      vertex 3.928869e+01 -5.130504e+00 1.800975e+01
      vertex 3.916449e+01 1.586961e+00 1.803400e+01
      vertex 3.916449e+01 -5.142961e+00 1.803400e+01
    endloop
  endfacet
  facet normal 1.750997e-01 -3.727651e-01 9.112554e-01
    outer loop
      vertex 3.932595e+01 -5.293067e+00 1.794157e+01
      vertex 3.916449e+01 -5.142961e+00 1.803400e+01
      vertex 3.916449e+01 -5.365525e+00 1.794296e+01
    endloop
  endfacet
  facet normal 1.320931e-01 -9.755927e-01 1.754144e-01
    outer loop
      vertex 3.928869e+01 -5.130504e+00 1.800975e+01
      vertex 3.916449e+01 -5.142961e+00 1.803400e+01
      vertex 3.942421e+01 -5.130504e+00 1.790770e+01
    endloop
  endfacet
  facet normal 4.390188e-01 -7.887313e-02 8.950092e-01
    outer loop
      vertex 3.932595e+01 -5.293067e+00 1.794157e+01
      vertex 3.942421e+01 -5.130504e+00 1.790770e+01
      vertex 3.916449e+01 -5.142961e+00 1.803400e+01
    endloop
  endfacet
  facet normal 5.618308e-01 1.711132e-01 8.093618e-01
    outer loop
      vertex 3.932874e+01 1.804992e+00 1.787389e+01
      vertex 3.916585e+01 1.700326e+00 1.800909e+01
      vertex 3.916449e+01 1.586961e+00 1.803400e+01
    endloop
  endfacet
  facet normal 3.747714e-01 3.582553e-03 9.271103e-01
    outer loop
      vertex 3.928869e+01 -5.130504e+00 1.800975e+01
      vertex 3.939386e+01 1.574504e+00 1.794133e+01
      vertex 3.916449e+01 1.586961e+00 1.803400e+01
    endloop
  endfacet
  facet normal 3.666972e-01 3.552023e-01 8.598630e-01
    outer loop
      vertex 3.932874e+01 1.804992e+00 1.787389e+01
      vertex 3.916449e+01 1.586961e+00 1.803400e+01
      vertex 3.939386e+01 1.574504e+00 1.794133e+01
    endloop
  endfacet
  facet normal 1.916265e-01 2.770204e-16 9.814679e-01
    outer loop
      vertex 3.928869e+01 -4.323050e+01 1.800975e+01
      vertex 3.916449e+01 -3.651304e+01 1.803400e+01
      vertex 3.916449e+01 -4.324296e+01 1.803400e+01
    endloop
  endfacet
  facet normal 1.750997e-01 -3.727651e-01 9.112554e-01
    outer loop
      vertex 3.932595e+01 -4.339307e+01 1.794157e+01
      vertex 3.916449e+01 -4.324296e+01 1.803400e+01
      vertex 3.916449e+01 -4.346552e+01 1.794296e+01
    endloop
  endfacet
  facet normal 1.320931e-01 -9.755927e-01 1.754144e-01
    outer loop
      vertex 3.928869e+01 -4.323050e+01 1.800975e+01
      vertex 3.916449e+01 -4.324296e+01 1.803400e+01
      vertex 3.942421e+01 -4.323050e+01 1.790770e+01
    endloop
  endfacet
  facet normal 4.390188e-01 -7.887313e-02 8.950092e-01
    outer loop
      vertex 3.932595e+01 -4.339307e+01 1.794157e+01
      vertex 3.942421e+01 -4.323050e+01 1.790770e+01
      vertex 3.916449e+01 -4.324296e+01 1.803400e+01
    endloop
  endfacet
  facet normal 5.618308e-01 1.711132e-01 8.093618e-01
    outer loop
      vertex 3.932874e+01 -3.629501e+01 1.787389e+01
      vertex 3.916585e+01 -3.639967e+01 1.800909e+01
      vertex 3.916449e+01 -3.651304e+01 1.803400e+01
    endloop
  endfacet
  facet normal 3.747714e-01 3.582553e-03 9.271103e-01
    outer loop
      vertex 3.928869e+01 -4.323050e+01 1.800975e+01
      vertex 3.939386e+01 -3.652549e+01 1.794133e+01
      vertex 3.916449e+01 -3.651304e+01 1.803400e+01
    endloop
  endfacet
  facet normal 3.666972e-01 3.552023e-01 8.598630e-01
    outer loop
      vertex 3.932874e+01 -3.629501e+01 1.787389e+01
      vertex 3.916449e+01 -3.651304e+01 1.803400e+01
      vertex 3.939386e+01 -3.652549e+01 1.794133e+01
    endloop
  endfacet
  facet normal -1.916265e-01 1.635440e-16 9.814679e-01
    outer loop
      vertex -3.928869e+01 3.967450e+01 1.800975e+01
      vertex -3.916449e+01 3.295704e+01 1.803400e+01
      vertex -3.916449e+01 3.968696e+01 1.803400e+01
    endloop
  endfacet
  facet normal -1.750997e-01 3.727651e-01 9.112554e-01
    outer loop
      vertex -3.932595e+01 3.983707e+01 1.794157e+01
      vertex -3.916449e+01 3.968696e+01 1.803400e+01
      vertex -3.916449e+01 3.990952e+01 1.794296e+01
    endloop
  endfacet
  facet normal -1.320931e-01 9.755927e-01 1.754144e-01
    outer loop
      vertex -3.928869e+01 3.967450e+01 1.800975e+01
      vertex -3.916449e+01 3.968696e+01 1.803400e+01
      vertex -3.942421e+01 3.967450e+01 1.790770e+01
    endloop
  endfacet
  facet normal -4.390188e-01 7.887313e-02 8.950092e-01
    outer loop
      vertex -3.932595e+01 3.983707e+01 1.794157e+01
      vertex -3.942421e+01 3.967450e+01 1.790770e+01
      vertex -3.916449e+01 3.968696e+01 1.803400e+01
    endloop
  endfacet
  facet normal -5.618308e-01 -1.711132e-01 8.093618e-01
    outer loop
      vertex -3.932874e+01 3.273901e+01 1.787389e+01
      vertex -3.916585e+01 3.284367e+01 1.800909e+01
      vertex -3.916449e+01 3.295704e+01 1.803400e+01
    endloop
  endfacet
  facet normal -3.747714e-01 -3.582553e-03 9.271103e-01
    outer loop
      vertex -3.928869e+01 3.967450e+01 1.800975e+01
      vertex -3.939386e+01 3.296949e+01 1.794133e+01
      vertex -3.916449e+01 3.295704e+01 1.803400e+01
    endloop
  endfacet
  facet normal -3.666972e-01 -3.552023e-01 8.598630e-01
    outer loop
      vertex -3.932874e+01 3.273901e+01 1.787389e+01
      vertex -3.916449e+01 3.295704e+01 1.803400e+01
      vertex -3.939386e+01 3.296949e+01 1.794133e+01
    endloop
  endfacet
  facet normal -3.746066e-01 3.297443e-16 9.271839e-01
    outer loop
      vertex -3.939386e+01 1.574504e+00 1.794133e+01
      vertex -3.916449e+01 -5.142961e+00 1.803400e+01
      vertex -3.916449e+01 1.586961e+00 1.803400e+01
    endloop
  endfacet
  facet normal -3.765139e-01 1.945297e-01 9.057568e-01
    outer loop
      vertex -3.939386e+01 1.574504e+00 1.794133e+01
      vertex -3.916449e+01 1.586961e+00 1.803400e+01
      vertex -3.916585e+01 1.700326e+00 1.800909e+01
    endloop
  endfacet
  facet normal -1.750997e-01 -3.727651e-01 9.112554e-01
    outer loop
      vertex -3.932595e+01 -5.293067e+00 1.794157e+01
      vertex -3.916449e+01 -5.365525e+00 1.794296e+01
      vertex -3.916449e+01 -5.142961e+00 1.803400e+01
    endloop
  endfacet
  facet normal -1.909433e-01 7.021800e-03 9.815760e-01
    outer loop
      vertex -3.928869e+01 -5.130504e+00 1.800975e+01
      vertex -3.916449e+01 -5.142961e+00 1.803400e+01
      vertex -3.939386e+01 1.574504e+00 1.794133e+01
    endloop
  endfacet
  facet normal -2.128356e-01 -3.360153e-01 9.174937e-01
    outer loop
      vertex -3.932595e+01 -5.293067e+00 1.794157e+01
      vertex -3.916449e+01 -5.142961e+00 1.803400e+01
      vertex -3.928869e+01 -5.130504e+00 1.800975e+01
    endloop
  endfacet
  facet normal -3.746066e-01 3.297443e-16 9.271839e-01
    outer loop
      vertex -3.939386e+01 -3.652549e+01 1.794133e+01
      vertex -3.916449e+01 -4.324296e+01 1.803400e+01
      vertex -3.916449e+01 -3.651304e+01 1.803400e+01
    endloop
  endfacet
  facet normal -3.765139e-01 1.945297e-01 9.057568e-01
    outer loop
      vertex -3.939386e+01 -3.652549e+01 1.794133e+01
      vertex -3.916449e+01 -3.651304e+01 1.803400e+01
      vertex -3.916585e+01 -3.639967e+01 1.800909e+01
    endloop
  endfacet
  facet normal -1.750997e-01 -3.727651e-01 9.112554e-01
    outer loop
      vertex -3.932595e+01 -4.339307e+01 1.794157e+01
      vertex -3.916449e+01 -4.346552e+01 1.794296e+01
      vertex -3.916449e+01 -4.324296e+01 1.803400e+01
    endloop
  endfacet
  facet normal -1.909433e-01 7.021800e-03 9.815760e-01
    outer loop
      vertex -3.928869e+01 -4.323050e+01 1.800975e+01
      vertex -3.916449e+01 -4.324296e+01 1.803400e+01
      vertex -3.939386e+01 -3.652549e+01 1.794133e+01
    endloop
  endfacet
  facet normal -2.128356e-01 -3.360153e-01 9.174937e-01
    outer loop
      vertex -3.932595e+01 -4.339307e+01 1.794157e+01
      vertex -3.916449e+01 -4.324296e+01 1.803400e+01
      vertex -3.928869e+01 -4.323050e+01 1.800975e+01
    endloop
  endfacet
  facet normal -5.333914e-01 -2.202670e-01 8.166860e-01
    outer loop
      vertex -3.932595e+01 -5.293067e+00 1.794157e+01
      vertex -3.928869e+01 -5.130504e+00 1.800975e+01
      vertex -3.939470e+01 -5.130504e+00 1.794051e+01
    endloop
  endfacet
  facet normal 3.704931e-01 -8.779575e-01 3.031922e-01
    outer loop
      vertex 3.939776e+01 3.273611e+01 1.771602e+01
      vertex 3.916449e+01 3.270414e+01 1.790850e+01
      vertex 3.916405e+01 3.263956e+01 1.772202e+01
    endloop
  endfacet
  facet normal -3.704931e-01 8.779575e-01 3.031922e-01
    outer loop
      vertex -3.939776e+01 3.990789e+01 1.771602e+01
      vertex -3.916449e+01 3.993986e+01 1.790850e+01
      vertex -3.916405e+01 4.000444e+01 1.772202e+01
    endloop
  endfacet
  facet normal -5.468215e-01 3.315401e-05 8.372492e-01
    outer loop
      vertex -3.928869e+01 3.967450e+01 1.800975e+01
      vertex -3.939470e+01 3.967450e+01 1.794051e+01
      vertex -3.939386e+01 3.296949e+01 1.794133e+01
    endloop
  endfacet
  facet normal -8.212749e-01 -4.148099e-01 3.917143e-01
    outer loop
      vertex -3.932595e+01 -5.293067e+00 1.794157e+01
      vertex -3.942421e+01 -5.130504e+00 1.790770e+01
      vertex -3.939776e+01 -5.363883e+00 1.771602e+01
    endloop
  endfacet
  facet normal 3.704931e-01 -8.779575e-01 3.031922e-01
    outer loop
      vertex 3.939776e+01 -5.363883e+00 1.771602e+01
      vertex 3.916449e+01 -5.395858e+00 1.790850e+01
      vertex 3.916405e+01 -5.460438e+00 1.772202e+01
    endloop
  endfacet
  facet normal 2.041252e-01 9.056436e-01 3.716752e-01
    outer loop
      vertex 3.932874e+01 -3.629501e+01 1.787389e+01
      vertex 3.929127e+01 -3.622076e+01 1.771355e+01
      vertex 3.916405e+01 -3.619557e+01 1.772202e+01
    endloop
  endfacet
  facet normal -3.704931e-01 -8.779575e-01 3.031922e-01
    outer loop
      vertex -3.939776e+01 -5.363883e+00 1.771602e+01
      vertex -3.916405e+01 -5.460438e+00 1.772202e+01
      vertex -3.916449e+01 -5.395858e+00 1.790850e+01
    endloop
  endfacet
  facet normal 1.224647e-16 1.000000e+00 -3.061617e-16
    outer loop
      vertex -3.928869e+01 3.967450e+01 1.800975e+01
      vertex -3.942421e+01 3.967450e+01 1.790770e+01
      vertex -3.939470e+01 3.967450e+01 1.794051e+01
    endloop
  endfacet
  facet normal 3.704931e-01 -8.779575e-01 3.031922e-01
    outer loop
      vertex 3.939776e+01 -4.346388e+01 1.771602e+01
      vertex 3.916449e+01 -4.349586e+01 1.790850e+01
      vertex 3.916405e+01 -4.356044e+01 1.772202e+01
    endloop
  endfacet
  facet normal 7.797776e-01 5.178307e-01 3.518497e-01
    outer loop
      vertex 3.932874e+01 -3.629501e+01 1.787389e+01
      vertex 3.947000e+01 -3.640089e+01 1.771664e+01
      vertex 3.939861e+01 -3.629297e+01 1.771603e+01
    endloop
  endfacet
  facet normal -3.704931e-01 -8.779575e-01 3.031922e-01
    outer loop
      vertex -3.939776e+01 -4.346388e+01 1.771602e+01
      vertex -3.916405e+01 -4.356044e+01 1.772202e+01
      vertex -3.916449e+01 -4.349586e+01 1.790850e+01
    endloop
  endfacet
  facet normal -2.449294e-16 3.061617e-16 1.000000e+00
    outer loop
      vertex -8.984532e-01 -1.281875e+01 8.128000e+00
      vertex -2.395502e+00 -1.197626e+01 8.128000e+00
      vertex -2.960902e+00 -1.371600e+01 8.128000e+00
    endloop
  endfacet
  facet normal -9.509055e-01 3.090359e-01 1.659812e-02
    outer loop
      vertex -3.052778e+00 -1.371600e+01 2.864437e+00
      vertex -2.960902e+00 -1.371600e+01 8.128000e+00
      vertex -2.395502e+00 -1.197626e+01 8.128000e+00
    endloop
  endfacet
  facet normal -2.449294e-16 3.061617e-16 1.000000e+00
    outer loop
      vertex -1.270000e+00 -1.371600e+01 8.128000e+00
      vertex -2.960902e+00 -1.371600e+01 8.128000e+00
      vertex -2.395502e+00 -1.545574e+01 8.128000e+00
    endloop
  endfacet
  facet normal -9.500752e-01 -3.087661e-01 4.495111e-02
    outer loop
      vertex -2.900942e+00 -1.466679e+01 2.864437e+00
      vertex -2.395502e+00 -1.545574e+01 8.128000e+00
      vertex -2.960902e+00 -1.371600e+01 8.128000e+00
    endloop
  endfacet
  facet normal -2.449294e-16 3.061617e-16 1.000000e+00
    outer loop
      vertex -8.984532e-01 -1.281875e+01 8.128000e+00
      vertex -2.960902e+00 -1.371600e+01 8.128000e+00
      vertex -1.270000e+00 -1.371600e+01 8.128000e+00
    endloop
  endfacet
  facet normal -9.873408e-01 -1.576739e-01 1.723410e-02
    outer loop
      vertex -2.900942e+00 -1.466679e+01 2.864437e+00
      vertex -2.960902e+00 -1.371600e+01 8.128000e+00
      vertex -3.052778e+00 -1.371600e+01 2.864437e+00
    endloop
  endfacet
  facet normal -2.449294e-16 3.061617e-16 1.000000e+00
    outer loop
      vertex 9.141783e-01 -1.089990e+01 8.128000e+00
      vertex -9.141783e-01 -1.089990e+01 8.128000e+00
      vertex -2.395502e+00 -1.197626e+01 8.128000e+00
    endloop
  endfacet
  facet normal -5.877401e-01 8.088685e-01 1.712658e-02
    outer loop
      vertex -2.465323e+00 -1.191555e+01 2.864437e+00
      vertex -2.395502e+00 -1.197626e+01 8.128000e+00
      vertex -9.141783e-01 -1.089990e+01 8.128000e+00
    endloop
  endfacet
  facet normal -2.449294e-16 3.061617e-16 1.000000e+00
    outer loop
      vertex 2.395502e+00 -1.197626e+01 8.128000e+00
      vertex 9.141783e-01 -1.089990e+01 8.128000e+00
      vertex -2.395502e+00 -1.197626e+01 8.128000e+00
    endloop
  endfacet
  facet normal -2.449294e-16 3.061617e-16 1.000000e+00
    outer loop
      vertex -7.440308e-16 -1.244644e+01 8.128000e+00
      vertex 2.395502e+00 -1.197626e+01 8.128000e+00
      vertex -2.395502e+00 -1.197626e+01 8.128000e+00
    endloop
  endfacet
  facet normal -2.449294e-16 3.061617e-16 1.000000e+00
    outer loop
      vertex -8.984532e-01 -1.281875e+01 8.128000e+00
      vertex -7.440308e-16 -1.244644e+01 8.128000e+00
      vertex -2.395502e+00 -1.197626e+01 8.128000e+00
    endloop
  endfacet
  facet normal -9.850091e-01 1.571942e-01 7.104421e-02
    outer loop
      vertex -2.901144e+00 -1.276584e+01 2.864437e+00
      vertex -3.052778e+00 -1.371600e+01 2.864437e+00
      vertex -2.395502e+00 -1.197626e+01 8.128000e+00
    endloop
  endfacet
  facet normal -8.897831e-01 4.560646e-01 1.706359e-02
    outer loop
      vertex -2.465323e+00 -1.191555e+01 2.864437e+00
      vertex -2.901144e+00 -1.276584e+01 2.864437e+00
      vertex -2.395502e+00 -1.197626e+01 8.128000e+00
    endloop
  endfacet
  facet normal 1.183779e-16 9.998620e-01 1.661647e-02
    outer loop
      vertex -9.427172e-01 -1.081242e+01 2.864437e+00
      vertex -9.141783e-01 -1.089990e+01 8.128000e+00
      vertex 9.141783e-01 -1.089990e+01 8.128000e+00
    endloop
  endfacet
  facet normal -5.866178e-01 8.096931e-01 1.663672e-02
    outer loop
      vertex -9.427172e-01 -1.081242e+01 2.864437e+00
      vertex -2.465323e+00 -1.191555e+01 2.864437e+00
      vertex -9.141783e-01 -1.089990e+01 8.128000e+00
    endloop
  endfacet
  facet normal 5.877395e-01 8.088675e-01 1.719395e-02
    outer loop
      vertex 2.464640e+00 -1.191461e+01 2.864437e+00
      vertex 9.141783e-01 -1.089990e+01 8.128000e+00
      vertex 2.395502e+00 -1.197626e+01 8.128000e+00
    endloop
  endfacet
  facet normal -1.914618e-04 9.998608e-01 1.668400e-02
    outer loop
      vertex 9.416051e-01 -1.081207e+01 2.864437e+00
      vertex -9.427172e-01 -1.081242e+01 2.864437e+00
      vertex 9.141783e-01 -1.089990e+01 8.128000e+00
    endloop
  endfacet
  facet normal 5.863098e-01 8.099174e-01 1.657043e-02
    outer loop
      vertex 2.464640e+00 -1.191461e+01 2.864437e+00
      vertex 9.416051e-01 -1.081207e+01 2.864437e+00
      vertex 9.141783e-01 -1.089990e+01 8.128000e+00
    endloop
  endfacet
  facet normal -2.449294e-16 3.061617e-16 1.000000e+00
    outer loop
      vertex 1.270000e+00 -1.371600e+01 8.128000e+00
      vertex 2.960902e+00 -1.371600e+01 8.128000e+00
      vertex 2.395502e+00 -1.197626e+01 8.128000e+00
    endloop
  endfacet
  facet normal 9.500752e-01 3.087661e-01 4.495111e-02
    outer loop
      vertex 2.900942e+00 -1.276522e+01 2.864437e+00
      vertex 2.395502e+00 -1.197626e+01 8.128000e+00
      vertex 2.960902e+00 -1.371600e+01 8.128000e+00
    endloop
  endfacet
  facet normal -2.449294e-16 3.061617e-16 1.000000e+00
    outer loop
      vertex 8.984532e-01 -1.281875e+01 8.128000e+00
      vertex 1.270000e+00 -1.371600e+01 8.128000e+00
      vertex 2.395502e+00 -1.197626e+01 8.128000e+00
    endloop
  endfacet
  facet normal -2.449294e-16 3.061617e-16 1.000000e+00
    outer loop
      vertex -7.440308e-16 -1.244644e+01 8.128000e+00
      vertex 8.984532e-01 -1.281875e+01 8.128000e+00
      vertex 2.395502e+00 -1.197626e+01 8.128000e+00
    endloop
  endfacet
  facet normal 8.896486e-01 4.563280e-01 1.703046e-02
    outer loop
      vertex 2.900942e+00 -1.276522e+01 2.864437e+00
      vertex 2.464640e+00 -1.191461e+01 2.864437e+00
      vertex 2.395502e+00 -1.197626e+01 8.128000e+00
    endloop
  endfacet
  facet normal -2.449294e-16 3.061617e-16 1.000000e+00
    outer loop
      vertex 8.984532e-01 -1.461325e+01 8.128000e+00
      vertex 2.395502e+00 -1.545574e+01 8.128000e+00
      vertex 2.960902e+00 -1.371600e+01 8.128000e+00
    endloop
  endfacet
  facet normal 9.509055e-01 -3.090359e-01 1.659812e-02
    outer loop
      vertex 3.052778e+00 -1.371600e+01 2.864437e+00
      vertex 2.960902e+00 -1.371600e+01 8.128000e+00
      vertex 2.395502e+00 -1.545574e+01 8.128000e+00
    endloop
  endfacet
  facet normal -2.449294e-16 3.061617e-16 1.000000e+00
    outer loop
      vertex 1.270000e+00 -1.371600e+01 8.128000e+00
      vertex 8.984532e-01 -1.461325e+01 8.128000e+00
      vertex 2.960902e+00 -1.371600e+01 8.128000e+00
    endloop
  endfacet
  facet normal 9.873408e-01 1.576739e-01 1.723410e-02
    outer loop
      vertex 2.900942e+00 -1.276522e+01 2.864437e+00
      vertex 2.960902e+00 -1.371600e+01 8.128000e+00
      vertex 3.052778e+00 -1.371600e+01 2.864437e+00
    endloop
  endfacet
  facet normal -2.449294e-16 3.061617e-16 1.000000e+00
    outer loop
      vertex -9.141783e-01 -1.653210e+01 8.128000e+00
      vertex 9.141783e-01 -1.653210e+01 8.128000e+00
      vertex 2.395502e+00 -1.545574e+01 8.128000e+00
    endloop
  endfacet
  facet normal 5.877401e-01 -8.088685e-01 1.712658e-02
    outer loop
      vertex 2.465323e+00 -1.551646e+01 2.864437e+00
      vertex 2.395502e+00 -1.545574e+01 8.128000e+00
      vertex 9.141783e-01 -1.653210e+01 8.128000e+00
    endloop
  endfacet
  facet normal -2.449294e-16 3.061617e-16 1.000000e+00
    outer loop
      vertex -2.395502e+00 -1.545574e+01 8.128000e+00
      vertex -9.141783e-01 -1.653210e+01 8.128000e+00
      vertex 2.395502e+00 -1.545574e+01 8.128000e+00
    endloop
  endfacet
  facet normal -2.449294e-16 3.061617e-16 1.000000e+00
    outer loop
      vertex -1.341387e-15 -1.498556e+01 8.128000e+00
      vertex -2.395502e+00 -1.545574e+01 8.128000e+00
      vertex 2.395502e+00 -1.545574e+01 8.128000e+00
    endloop
  endfacet
  facet normal -2.449294e-16 3.061617e-16 1.000000e+00
    outer loop
      vertex 8.984532e-01 -1.461325e+01 8.128000e+00
      vertex -1.341387e-15 -1.498556e+01 8.128000e+00
      vertex 2.395502e+00 -1.545574e+01 8.128000e+00
    endloop
  endfacet
  facet normal 9.850091e-01 -1.571942e-01 7.104421e-02
    outer loop
      vertex 2.901144e+00 -1.466617e+01 2.864437e+00
      vertex 3.052778e+00 -1.371600e+01 2.864437e+00
      vertex 2.395502e+00 -1.545574e+01 8.128000e+00
    endloop
  endfacet
  facet normal 8.897831e-01 -4.560646e-01 1.706359e-02
    outer loop
      vertex 2.465323e+00 -1.551646e+01 2.864437e+00
      vertex 2.901144e+00 -1.466617e+01 2.864437e+00
      vertex 2.395502e+00 -1.545574e+01 8.128000e+00
    endloop
  endfacet
  facet normal -1.265176e-16 -9.998620e-01 1.661647e-02
    outer loop
      vertex 9.427172e-01 -1.661957e+01 2.864437e+00
      vertex 9.141783e-01 -1.653210e+01 8.128000e+00
      vertex -9.141783e-01 -1.653210e+01 8.128000e+00
    endloop
  endfacet
  facet normal 5.866178e-01 -8.096931e-01 1.663672e-02
    outer loop
      vertex 9.427172e-01 -1.661957e+01 2.864437e+00
      vertex 2.465323e+00 -1.551646e+01 2.864437e+00
      vertex 9.141783e-01 -1.653210e+01 8.128000e+00
    endloop
  endfacet
  facet normal -5.877395e-01 -8.088675e-01 1.719395e-02
    outer loop
      vertex -2.464640e+00 -1.551739e+01 2.864437e+00
      vertex -9.141783e-01 -1.653210e+01 8.128000e+00
      vertex -2.395502e+00 -1.545574e+01 8.128000e+00
    endloop
  endfacet
  facet normal 1.914618e-04 -9.998608e-01 1.668400e-02
    outer loop
      vertex -9.416051e-01 -1.661994e+01 2.864437e+00
      vertex 9.427172e-01 -1.661957e+01 2.864437e+00
      vertex -9.141783e-01 -1.653210e+01 8.128000e+00
    endloop
  endfacet
  facet normal -5.863098e-01 -8.099174e-01 1.657043e-02
    outer loop
      vertex -2.464640e+00 -1.551739e+01 2.864437e+00
      vertex -9.416051e-01 -1.661994e+01 2.864437e+00
      vertex -9.141783e-01 -1.653210e+01 8.128000e+00
    endloop
  endfacet
  facet normal -2.449294e-16 3.061617e-16 1.000000e+00
    outer loop
      vertex -8.984532e-01 -1.461325e+01 8.128000e+00
      vertex -1.270000e+00 -1.371600e+01 8.128000e+00
      vertex -2.395502e+00 -1.545574e+01 8.128000e+00
    endloop
  endfacet
  facet normal -2.449294e-16 3.061617e-16 1.000000e+00
    outer loop
      vertex -1.341387e-15 -1.498556e+01 8.128000e+00
      vertex -8.984532e-01 -1.461325e+01 8.128000e+00
      vertex -2.395502e+00 -1.545574e+01 8.128000e+00
    endloop
  endfacet
  facet normal -8.896486e-01 -4.563280e-01 1.703046e-02
    outer loop
      vertex -2.900942e+00 -1.466679e+01 2.864437e+00
      vertex -2.464640e+00 -1.551739e+01 2.864437e+00
      vertex -2.395502e+00 -1.545574e+01 8.128000e+00
    endloop
  endfacet
  facet normal 9.239183e-01 3.825898e-01 1.091604e-16
    outer loop
      vertex -1.270000e+00 -1.371600e+01 3.479800e+00
      vertex -1.270000e+00 -1.371600e+01 8.128000e+00
      vertex -8.984532e-01 -1.461325e+01 8.128000e+00
    endloop
  endfacet
  facet normal 9.239183e-01 -3.825898e-01 7.833930e-05
    outer loop
      vertex -8.978223e-01 -1.281818e+01 3.479800e+00
      vertex -8.984532e-01 -1.281875e+01 8.128000e+00
      vertex -1.270000e+00 -1.371600e+01 8.128000e+00
    endloop
  endfacet
  facet normal 9.237749e-01 -3.829360e-01 3.434999e-16
    outer loop
      vertex -8.978223e-01 -1.281818e+01 3.479800e+00
      vertex -1.270000e+00 -1.371600e+01 8.128000e+00
      vertex -1.270000e+00 -1.371600e+01 3.479800e+00
    endloop
  endfacet
  facet normal 3.828243e-01 9.238212e-01 -6.166145e-05
    outer loop
      vertex -8.978223e-01 -1.461382e+01 3.479800e+00
      vertex -8.984532e-01 -1.461325e+01 8.128000e+00
      vertex -1.341387e-15 -1.498556e+01 8.128000e+00
    endloop
  endfacet
  facet normal 9.237749e-01 3.829360e-01 7.827726e-05
    outer loop
      vertex -8.978223e-01 -1.461382e+01 3.479800e+00
      vertex -1.270000e+00 -1.371600e+01 3.479800e+00
      vertex -8.984532e-01 -1.461325e+01 8.128000e+00
    endloop
  endfacet
  facet normal -3.828243e-01 9.238212e-01 -8.694352e-05
    outer loop
      vertex -1.368666e-16 -1.498600e+01 3.479800e+00
      vertex -1.341387e-15 -1.498556e+01 8.128000e+00
      vertex 8.984532e-01 -1.461325e+01 8.128000e+00
    endloop
  endfacet
  facet normal 3.829360e-01 9.237749e-01 -8.693917e-05
    outer loop
      vertex -1.368666e-16 -1.498600e+01 3.479800e+00
      vertex -8.978223e-01 -1.461382e+01 3.479800e+00
      vertex -1.341387e-15 -1.498556e+01 8.128000e+00
    endloop
  endfacet
  facet normal -9.239183e-01 3.825898e-01 7.833930e-05
    outer loop
      vertex 8.978223e-01 -1.461382e+01 3.479800e+00
      vertex 8.984532e-01 -1.461325e+01 8.128000e+00
      vertex 1.270000e+00 -1.371600e+01 8.128000e+00
    endloop
  endfacet
  facet normal -3.829360e-01 9.237749e-01 -6.164060e-05
    outer loop
      vertex 8.978223e-01 -1.461382e+01 3.479800e+00
      vertex -1.368666e-16 -1.498600e+01 3.479800e+00
      vertex 8.984532e-01 -1.461325e+01 8.128000e+00
    endloop
  endfacet
  facet normal -9.239183e-01 -3.825898e-01 -1.091604e-16
    outer loop
      vertex 1.270000e+00 -1.371600e+01 3.479800e+00
      vertex 1.270000e+00 -1.371600e+01 8.128000e+00
      vertex 8.984532e-01 -1.281875e+01 8.128000e+00
    endloop
  endfacet
  facet normal -9.237749e-01 3.829360e-01 -3.434999e-16
    outer loop
      vertex 8.978223e-01 -1.461382e+01 3.479800e+00
      vertex 1.270000e+00 -1.371600e+01 8.128000e+00
      vertex 1.270000e+00 -1.371600e+01 3.479800e+00
    endloop
  endfacet
  facet normal -3.828243e-01 -9.238212e-01 -6.166145e-05
    outer loop
      vertex 8.978223e-01 -1.281818e+01 3.479800e+00
      vertex 8.984532e-01 -1.281875e+01 8.128000e+00
      vertex -7.440308e-16 -1.244644e+01 8.128000e+00
    endloop
  endfacet
  facet normal -9.237749e-01 -3.829360e-01 7.827726e-05
    outer loop
      vertex 8.978223e-01 -1.281818e+01 3.479800e+00
      vertex 1.270000e+00 -1.371600e+01 3.479800e+00
      vertex 8.984532e-01 -1.281875e+01 8.128000e+00
    endloop
  endfacet
  facet normal 3.828243e-01 -9.238212e-01 -8.694352e-05
    outer loop
      vertex 1.741934e-16 -1.244600e+01 3.479800e+00
      vertex -7.440308e-16 -1.244644e+01 8.128000e+00
      vertex -8.984532e-01 -1.281875e+01 8.128000e+00
    endloop
  endfacet
  facet normal -3.829360e-01 -9.237749e-01 -8.693917e-05
    outer loop
      vertex 1.741934e-16 -1.244600e+01 3.479800e+00
      vertex 8.978223e-01 -1.281818e+01 3.479800e+00
      vertex -7.440308e-16 -1.244644e+01 8.128000e+00
    endloop
  endfacet
  facet normal 3.829360e-01 -9.237749e-01 -6.164060e-05
    outer loop
      vertex -8.978223e-01 -1.281818e+01 3.479800e+00
      vertex 1.741934e-16 -1.244600e+01 3.479800e+00
      vertex -8.984532e-01 -1.281875e+01 8.128000e+00
    endloop
  endfacet
  facet normal -7.372164e-01 -1.177301e-01 -6.653207e-01
    outer loop
      vertex -2.549609e+00 -1.556840e+01 2.634682e+00
      vertex -2.900942e+00 -1.466679e+01 2.864437e+00
      vertex -3.052778e+00 -1.371600e+01 2.864437e+00
    endloop
  endfacet
  facet normal -9.090686e-01 1.450751e-01 3.905733e-01
    outer loop
      vertex -3.151491e+00 -1.371600e+01 2.634682e+00
      vertex -3.052778e+00 -1.371600e+01 2.864437e+00
      vertex -2.901144e+00 -1.276584e+01 2.864437e+00
    endloop
  endfacet
  facet normal -8.803948e-01 -2.860576e-01 3.782539e-01
    outer loop
      vertex -2.549609e+00 -1.556840e+01 2.634682e+00
      vertex -3.052778e+00 -1.371600e+01 2.864437e+00
      vertex -3.151491e+00 -1.371600e+01 2.634682e+00
    endloop
  endfacet
  facet normal 9.090686e-01 -1.450751e-01 3.905733e-01
    outer loop
      vertex 3.151491e+00 -1.371600e+01 2.634682e+00
      vertex 3.052778e+00 -1.371600e+01 2.864437e+00
      vertex 2.901144e+00 -1.466617e+01 2.864437e+00
    endloop
  endfacet
  facet normal 7.372164e-01 1.177301e-01 -6.653207e-01
    outer loop
      vertex 2.549609e+00 -1.186360e+01 2.634682e+00
      vertex 2.900942e+00 -1.276522e+01 2.864437e+00
      vertex 3.052778e+00 -1.371600e+01 2.864437e+00
    endloop
  endfacet
  facet normal 8.803948e-01 2.860576e-01 3.782539e-01
    outer loop
      vertex 2.549609e+00 -1.186360e+01 2.634682e+00
      vertex 3.052778e+00 -1.371600e+01 2.864437e+00
      vertex 3.151491e+00 -1.371600e+01 2.634682e+00
    endloop
  endfacet
  facet normal 8.176564e-01 -4.190955e-01 3.947113e-01
    outer loop
      vertex 2.549609e+00 -1.556840e+01 2.634682e+00
      vertex 2.901144e+00 -1.466617e+01 2.864437e+00
      vertex 2.465323e+00 -1.551646e+01 2.864437e+00
    endloop
  endfacet
  facet normal 9.244446e-01 -3.003702e-01 -2.349041e-01
    outer loop
      vertex 3.151491e+00 -1.371600e+01 2.634682e+00
      vertex 2.901144e+00 -1.466617e+01 2.864437e+00
      vertex 2.549609e+00 -1.556840e+01 2.634682e+00
    endloop
  endfacet
  facet normal 5.429021e-01 -7.493535e-01 3.791130e-01
    outer loop
      vertex 9.738641e-01 -1.671325e+01 2.634682e+00
      vertex 2.465323e+00 -1.551646e+01 2.864437e+00
      vertex 9.427172e-01 -1.661957e+01 2.864437e+00
    endloop
  endfacet
  facet normal 5.460195e-01 -7.515313e-01 3.702207e-01
    outer loop
      vertex 2.549609e+00 -1.556840e+01 2.634682e+00
      vertex 2.465323e+00 -1.551646e+01 2.864437e+00
      vertex 9.738641e-01 -1.671325e+01 2.634682e+00
    endloop
  endfacet
  facet normal 1.772964e-04 -9.259881e-01 3.775528e-01
    outer loop
      vertex 9.738641e-01 -1.671325e+01 2.634682e+00
      vertex 9.427172e-01 -1.661957e+01 2.864437e+00
      vertex -9.416051e-01 -1.661994e+01 2.864437e+00
    endloop
  endfacet
  facet normal -5.423086e-01 -7.491351e-01 3.803921e-01
    outer loop
      vertex -9.738642e-01 -1.671325e+01 2.634682e+00
      vertex -9.416051e-01 -1.661994e+01 2.864437e+00
      vertex -2.464640e+00 -1.551739e+01 2.864437e+00
    endloop
  endfacet
  facet normal -2.310086e-09 -9.265043e-01 3.762843e-01
    outer loop
      vertex 9.738641e-01 -1.671325e+01 2.634682e+00
      vertex -9.416051e-01 -1.661994e+01 2.864437e+00
      vertex -9.738642e-01 -1.671325e+01 2.634682e+00
    endloop
  endfacet
  facet normal -8.172956e-01 -4.192158e-01 3.953303e-01
    outer loop
      vertex -2.549609e+00 -1.556840e+01 2.634682e+00
      vertex -2.464640e+00 -1.551739e+01 2.864437e+00
      vertex -2.900942e+00 -1.466679e+01 2.864437e+00
    endloop
  endfacet
  facet normal -5.463091e-01 -7.519299e-01 3.689820e-01
    outer loop
      vertex -9.738642e-01 -1.671325e+01 2.634682e+00
      vertex -2.464640e+00 -1.551739e+01 2.864437e+00
      vertex -2.549609e+00 -1.556840e+01 2.634682e+00
    endloop
  endfacet
  facet normal -8.176564e-01 4.190955e-01 3.947113e-01
    outer loop
      vertex -2.549609e+00 -1.186360e+01 2.634682e+00
      vertex -2.901144e+00 -1.276584e+01 2.864437e+00
      vertex -2.465323e+00 -1.191555e+01 2.864437e+00
    endloop
  endfacet
  facet normal -9.244446e-01 3.003702e-01 -2.349041e-01
    outer loop
      vertex -2.549609e+00 -1.186360e+01 2.634682e+00
      vertex -3.151491e+00 -1.371600e+01 2.634682e+00
      vertex -2.901144e+00 -1.276584e+01 2.864437e+00
    endloop
  endfacet
  facet normal -5.429021e-01 7.493535e-01 3.791130e-01
    outer loop
      vertex -9.738641e-01 -1.071875e+01 2.634682e+00
      vertex -2.465323e+00 -1.191555e+01 2.864437e+00
      vertex -9.427172e-01 -1.081242e+01 2.864437e+00
    endloop
  endfacet
  facet normal -5.460195e-01 7.515313e-01 3.702207e-01
    outer loop
      vertex -2.549609e+00 -1.186360e+01 2.634682e+00
      vertex -2.465323e+00 -1.191555e+01 2.864437e+00
      vertex -9.738641e-01 -1.071875e+01 2.634682e+00
    endloop
  endfacet
  facet normal -1.772964e-04 9.259881e-01 3.775528e-01
    outer loop
      vertex -9.738641e-01 -1.071875e+01 2.634682e+00
      vertex -9.427172e-01 -1.081242e+01 2.864437e+00
      vertex 9.416051e-01 -1.081207e+01 2.864437e+00
    endloop
  endfacet
  facet normal 5.423086e-01 7.491351e-01 3.803920e-01
    outer loop
      vertex 9.738642e-01 -1.071875e+01 2.634682e+00
      vertex 9.416051e-01 -1.081207e+01 2.864437e+00
      vertex 2.464640e+00 -1.191461e+01 2.864437e+00
    endloop
  endfacet
  facet normal 2.303542e-09 9.265043e-01 3.762843e-01
    outer loop
      vertex -9.738641e-01 -1.071875e+01 2.634682e+00
      vertex 9.416051e-01 -1.081207e+01 2.864437e+00
      vertex 9.738642e-01 -1.071875e+01 2.634682e+00
    endloop
  endfacet
  facet normal 8.172956e-01 4.192158e-01 3.953303e-01
    outer loop
      vertex 2.549609e+00 -1.186360e+01 2.634682e+00
      vertex 2.464640e+00 -1.191461e+01 2.864437e+00
      vertex 2.900942e+00 -1.276522e+01 2.864437e+00
    endloop
  endfacet
  facet normal 5.463091e-01 7.519299e-01 3.689820e-01
    outer loop
      vertex 9.738642e-01 -1.071875e+01 2.634682e+00
      vertex 2.464640e+00 -1.191461e+01 2.864437e+00
      vertex 2.549609e+00 -1.186360e+01 2.634682e+00
    endloop
  endfacet
  facet normal 2.449294e-16 -3.061617e-16 -1.000000e+00
    outer loop
      vertex -9.882984e-01 -1.272902e+01 3.479800e+00
      vertex -8.978223e-01 -1.281818e+01 3.479800e+00
      vertex -1.270000e+00 -1.371600e+01 3.479800e+00
    endloop
  endfacet
  facet normal 2.449294e-16 -3.061617e-16 -1.000000e+00
    outer loop
      vertex -1.397000e+00 -1.371600e+01 3.479800e+00
      vertex -1.270000e+00 -1.371600e+01 3.479800e+00
      vertex -8.978223e-01 -1.461382e+01 3.479800e+00
    endloop
  endfacet
  facet normal 2.449294e-16 -3.061617e-16 -1.000000e+00
    outer loop
      vertex -9.882984e-01 -1.272902e+01 3.479800e+00
      vertex -1.270000e+00 -1.371600e+01 3.479800e+00
      vertex -1.397000e+00 -1.371600e+01 3.479800e+00
    endloop
  endfacet
  facet normal 2.449294e-16 -3.061617e-16 -1.000000e+00
    outer loop
      vertex 1.397000e+00 -1.371600e+01 3.479800e+00
      vertex 1.270000e+00 -1.371600e+01 3.479800e+00
      vertex 8.978223e-01 -1.281818e+01 3.479800e+00
    endloop
  endfacet
  facet normal 2.449294e-16 -3.061617e-16 -1.000000e+00
    outer loop
      vertex 9.882984e-01 -1.470298e+01 3.479800e+00
      vertex 8.978223e-01 -1.461382e+01 3.479800e+00
      vertex 1.270000e+00 -1.371600e+01 3.479800e+00
    endloop
  endfacet
  facet normal 2.449294e-16 -3.061617e-16 -1.000000e+00
    outer loop
      vertex 1.397000e+00 -1.371600e+01 3.479800e+00
      vertex 9.882984e-01 -1.470298e+01 3.479800e+00
      vertex 1.270000e+00 -1.371600e+01 3.479800e+00
    endloop
  endfacet
  facet normal 2.449294e-16 -3.061617e-16 -1.000000e+00
    outer loop
      vertex 9.882984e-01 -1.272902e+01 3.479800e+00
      vertex 8.978223e-01 -1.281818e+01 3.479800e+00
      vertex 1.741934e-16 -1.244600e+01 3.479800e+00
    endloop
  endfacet
  facet normal 2.449294e-16 -3.061617e-16 -1.000000e+00
    outer loop
      vertex 9.882984e-01 -1.272902e+01 3.479800e+00
      vertex 1.397000e+00 -1.371600e+01 3.479800e+00
      vertex 8.978223e-01 -1.281818e+01 3.479800e+00
    endloop
  endfacet
  facet normal 2.449294e-16 -3.061617e-16 -1.000000e+00
    outer loop
      vertex -9.882984e-01 -1.272902e+01 3.479800e+00
      vertex 1.741934e-16 -1.244600e+01 3.479800e+00
      vertex -8.978223e-01 -1.281818e+01 3.479800e+00
    endloop
  endfacet
  facet normal 2.449294e-16 -3.061617e-16 -1.000000e+00
    outer loop
      vertex 1.235944e-16 -1.231948e+01 3.479800e+00
      vertex 9.882984e-01 -1.272902e+01 3.479800e+00
      vertex 1.741934e-16 -1.244600e+01 3.479800e+00
    endloop
  endfacet
  facet normal 2.449294e-16 -3.061617e-16 -1.000000e+00
    outer loop
      vertex -9.882984e-01 -1.272902e+01 3.479800e+00
      vertex 1.235944e-16 -1.231948e+01 3.479800e+00
      vertex 1.741934e-16 -1.244600e+01 3.479800e+00
    endloop
  endfacet
  facet normal 2.449294e-16 -3.061617e-16 -1.000000e+00
    outer loop
      vertex -9.882984e-01 -1.470298e+01 3.479800e+00
      vertex -8.978223e-01 -1.461382e+01 3.479800e+00
      vertex -1.368666e-16 -1.498600e+01 3.479800e+00
    endloop
  endfacet
  facet normal 2.449294e-16 -3.061617e-16 -1.000000e+00
    outer loop
      vertex -9.882984e-01 -1.470298e+01 3.479800e+00
      vertex -1.397000e+00 -1.371600e+01 3.479800e+00
      vertex -8.978223e-01 -1.461382e+01 3.479800e+00
    endloop
  endfacet
  facet normal 2.449294e-16 -3.061617e-16 -1.000000e+00
    outer loop
      vertex 9.882984e-01 -1.470298e+01 3.479800e+00
      vertex -1.368666e-16 -1.498600e+01 3.479800e+00
      vertex 8.978223e-01 -1.461382e+01 3.479800e+00
    endloop
  endfacet
  facet normal 2.449294e-16 -3.061617e-16 -1.000000e+00
    outer loop
      vertex -2.184536e-16 -1.511252e+01 3.479800e+00
      vertex -9.882984e-01 -1.470298e+01 3.479800e+00
      vertex -1.368666e-16 -1.498600e+01 3.479800e+00
    endloop
  endfacet
  facet normal 2.449294e-16 -3.061617e-16 -1.000000e+00
    outer loop
      vertex 9.882984e-01 -1.470298e+01 3.479800e+00
      vertex -2.184536e-16 -1.511252e+01 3.479800e+00
      vertex -1.368666e-16 -1.498600e+01 3.479800e+00
    endloop
  endfacet
  facet normal 2.449294e-16 -3.061617e-16 -1.000000e+00
    outer loop
      vertex -3.483223e+01 4.167289e+01 7.620000e-01
      vertex 3.483223e+01 4.167289e+01 7.620000e-01
      vertex 3.515486e+01 4.089400e+01 7.620000e-01
    endloop
  endfacet
  facet normal 2.449294e-16 -3.061617e-16 -1.000000e+00
    outer loop
      vertex -3.515486e+01 4.089400e+01 7.620000e-01
      vertex -3.483223e+01 4.167289e+01 7.620000e-01
      vertex 3.515486e+01 4.089400e+01 7.620000e-01
    endloop
  endfacet
  facet normal 2.449294e-16 -3.061617e-16 -1.000000e+00
    outer loop
      vertex 3.515486e+01 -4.318000e+01 7.620000e-01
      vertex -3.515486e+01 4.089400e+01 7.620000e-01
      vertex 3.515486e+01 4.089400e+01 7.620000e-01
    endloop
  endfacet
  facet normal 2.449294e-16 -3.061617e-16 -1.000000e+00
    outer loop
      vertex -3.405334e+01 4.199552e+01 7.620000e-01
      vertex 3.405334e+01 4.199552e+01 7.620000e-01
      vertex 3.483223e+01 4.167289e+01 7.620000e-01
    endloop
  endfacet
  facet normal 2.449294e-16 -3.061617e-16 -1.000000e+00
    outer loop
      vertex -3.483223e+01 4.167289e+01 7.620000e-01
      vertex -3.405334e+01 4.199552e+01 7.620000e-01
      vertex 3.483223e+01 4.167289e+01 7.620000e-01
    endloop
  endfacet
  facet normal 2.449294e-16 -3.061617e-16 -1.000000e+00
    outer loop
      vertex -2.363148e+00 -1.543241e+01 7.620000e-01
      vertex -3.515486e+01 -4.318000e+01 7.620000e-01
      vertex -3.515486e+01 4.089400e+01 7.620000e-01
    endloop
  endfacet
  facet normal 2.449294e-16 -3.061617e-16 -1.000000e+00
    outer loop
      vertex 2.363148e+00 -1.199959e+01 7.620000e-01
      vertex -3.515486e+01 4.089400e+01 7.620000e-01
      vertex 3.515486e+01 -4.318000e+01 7.620000e-01
    endloop
  endfacet
  facet normal 2.449294e-16 -3.061617e-16 -1.000000e+00
    outer loop
      vertex -2.363148e+00 -1.199959e+01 7.620000e-01
      vertex -2.921000e+00 -1.371600e+01 7.620000e-01
      vertex -3.515486e+01 4.089400e+01 7.620000e-01
    endloop
  endfacet
  facet normal 2.449294e-16 -3.061617e-16 -1.000000e+00
    outer loop
      vertex -2.363148e+00 -1.543241e+01 7.620000e-01
      vertex -3.515486e+01 4.089400e+01 7.620000e-01
      vertex -2.921000e+00 -1.371600e+01 7.620000e-01
    endloop
  endfacet
  facet normal 2.449294e-16 -3.061617e-16 -1.000000e+00
    outer loop
      vertex -9.017982e-01 -1.093783e+01 7.620000e-01
      vertex -2.363148e+00 -1.199959e+01 7.620000e-01
      vertex -3.515486e+01 4.089400e+01 7.620000e-01
    endloop
  endfacet
  facet normal 2.449294e-16 -3.061617e-16 -1.000000e+00
    outer loop
      vertex 9.017982e-01 -1.093783e+01 7.620000e-01
      vertex -9.017982e-01 -1.093783e+01 7.620000e-01
      vertex -3.515486e+01 4.089400e+01 7.620000e-01
    endloop
  endfacet
  facet normal 2.449294e-16 -3.061617e-16 -1.000000e+00
    outer loop
      vertex 2.363148e+00 -1.199959e+01 7.620000e-01
      vertex 9.017982e-01 -1.093783e+01 7.620000e-01
      vertex -3.515486e+01 4.089400e+01 7.620000e-01
    endloop
  endfacet
  facet normal 2.449294e-16 -3.061617e-16 -1.000000e+00
    outer loop
      vertex 3.483223e+01 -4.395889e+01 7.620000e-01
      vertex -3.483223e+01 -4.395889e+01 7.620000e-01
      vertex -3.515486e+01 -4.318000e+01 7.620000e-01
    endloop
  endfacet
  facet normal 2.449294e-16 -3.061617e-16 -1.000000e+00
    outer loop
      vertex 3.515486e+01 -4.318000e+01 7.620000e-01
      vertex 3.483223e+01 -4.395889e+01 7.620000e-01
      vertex -3.515486e+01 -4.318000e+01 7.620000e-01
    endloop
  endfacet
  facet normal 2.449294e-16 -3.061617e-16 -1.000000e+00
    outer loop
      vertex -2.363148e+00 -1.543241e+01 7.620000e-01
      vertex 3.515486e+01 -4.318000e+01 7.620000e-01
      vertex -3.515486e+01 -4.318000e+01 7.620000e-01
    endloop
  endfacet
  facet normal 2.449294e-16 -3.061617e-16 -1.000000e+00
    outer loop
      vertex 3.405334e+01 -4.428152e+01 7.620000e-01
      vertex -3.405334e+01 -4.428152e+01 7.620000e-01
      vertex -3.483223e+01 -4.395889e+01 7.620000e-01
    endloop
  endfacet
  facet normal 2.449294e-16 -3.061617e-16 -1.000000e+00
    outer loop
      vertex 3.483223e+01 -4.395889e+01 7.620000e-01
      vertex 3.405334e+01 -4.428152e+01 7.620000e-01
      vertex -3.483223e+01 -4.395889e+01 7.620000e-01
    endloop
  endfacet
  facet normal 2.449294e-16 -3.061617e-16 -1.000000e+00
    outer loop
      vertex 2.921000e+00 -1.371600e+01 7.620000e-01
      vertex 2.363148e+00 -1.199959e+01 7.620000e-01
      vertex 3.515486e+01 -4.318000e+01 7.620000e-01
    endloop
  endfacet
  facet normal 2.449294e-16 -3.061617e-16 -1.000000e+00
    outer loop
      vertex 2.363148e+00 -1.543241e+01 7.620000e-01
      vertex 2.921000e+00 -1.371600e+01 7.620000e-01
      vertex 3.515486e+01 -4.318000e+01 7.620000e-01
    endloop
  endfacet
  facet normal 2.449294e-16 -3.061617e-16 -1.000000e+00
    outer loop
      vertex 9.017982e-01 -1.649417e+01 7.620000e-01
      vertex 2.363148e+00 -1.543241e+01 7.620000e-01
      vertex 3.515486e+01 -4.318000e+01 7.620000e-01
    endloop
  endfacet
  facet normal 2.449294e-16 -3.061617e-16 -1.000000e+00
    outer loop
      vertex -9.017982e-01 -1.649417e+01 7.620000e-01
      vertex 9.017982e-01 -1.649417e+01 7.620000e-01
      vertex 3.515486e+01 -4.318000e+01 7.620000e-01
    endloop
  endfacet
  facet normal 2.449294e-16 -3.061617e-16 -1.000000e+00
    outer loop
      vertex -2.363148e+00 -1.543241e+01 7.620000e-01
      vertex -9.017982e-01 -1.649417e+01 7.620000e-01
      vertex 3.515486e+01 -4.318000e+01 7.620000e-01
    endloop
  endfacet
  facet normal 6.891420e-01 -2.239791e-01 -6.891420e-01
    outer loop
      vertex -1.397000e+00 -1.371600e+01 2.286000e+00
      vertex -2.921000e+00 -1.371600e+01 7.620000e-01
      vertex -2.363148e+00 -1.199959e+01 7.620000e-01
    endloop
  endfacet
  facet normal 7.037509e-01 2.287271e-01 -6.726207e-01
    outer loop
      vertex -1.290660e+00 -1.425061e+01 2.286000e+00
      vertex -2.363148e+00 -1.543241e+01 7.620000e-01
      vertex -2.921000e+00 -1.371600e+01 7.620000e-01
    endloop
  endfacet
  facet normal 7.002145e-01 1.392813e-01 -7.002145e-01
    outer loop
      vertex -1.290660e+00 -1.425061e+01 2.286000e+00
      vertex -2.921000e+00 -1.371600e+01 7.620000e-01
      vertex -1.397000e+00 -1.371600e+01 2.286000e+00
    endloop
  endfacet
  facet normal 4.331788e-01 -5.962012e-01 -6.759440e-01
    outer loop
      vertex -9.878282e-01 -1.272817e+01 2.286000e+00
      vertex -2.363148e+00 -1.199959e+01 7.620000e-01
      vertex -9.017982e-01 -1.093783e+01 7.620000e-01
    endloop
  endfacet
  facet normal 5.832668e-01 -3.897264e-01 -7.126802e-01
    outer loop
      vertex -1.290660e+00 -1.318139e+01 2.286000e+00
      vertex -2.363148e+00 -1.199959e+01 7.620000e-01
      vertex -9.878282e-01 -1.272817e+01 2.286000e+00
    endloop
  endfacet
  facet normal 7.504393e-01 -1.492717e-01 -6.438625e-01
    outer loop
      vertex -1.397000e+00 -1.371600e+01 2.286000e+00
      vertex -2.363148e+00 -1.199959e+01 7.620000e-01
      vertex -1.290660e+00 -1.318139e+01 2.286000e+00
    endloop
  endfacet
  facet normal 7.373452e-17 -7.409757e-01 -6.715319e-01
    outer loop
      vertex 3.966046e-16 -1.231900e+01 2.286000e+00
      vertex -9.017982e-01 -1.093783e+01 7.620000e-01
      vertex 9.017982e-01 -1.093783e+01 7.620000e-01
    endloop
  endfacet
  facet normal 1.376529e-01 -6.920278e-01 -7.086248e-01
    outer loop
      vertex -5.346087e-01 -1.242534e+01 2.286000e+00
      vertex -9.017982e-01 -1.093783e+01 7.620000e-01
      vertex 3.966046e-16 -1.231900e+01 2.286000e+00
    endloop
  endfacet
  facet normal 4.037102e-01 -6.041949e-01 -6.869982e-01
    outer loop
      vertex -9.878282e-01 -1.272817e+01 2.286000e+00
      vertex -9.017982e-01 -1.093783e+01 7.620000e-01
      vertex -5.346087e-01 -1.242534e+01 2.286000e+00
    endloop
  endfacet
  facet normal -4.301564e-01 -5.920414e-01 -6.815075e-01
    outer loop
      vertex 5.346087e-01 -1.242534e+01 2.286000e+00
      vertex 9.017982e-01 -1.093783e+01 7.620000e-01
      vertex 2.363148e+00 -1.199959e+01 7.620000e-01
    endloop
  endfacet
  facet normal -1.376529e-01 -6.920278e-01 -7.086248e-01
    outer loop
      vertex 3.966046e-16 -1.231900e+01 2.286000e+00
      vertex 9.017982e-01 -1.093783e+01 7.620000e-01
      vertex 5.346087e-01 -1.242534e+01 2.286000e+00
    endloop
  endfacet
  facet normal -7.037509e-01 -2.287271e-01 -6.726207e-01
    outer loop
      vertex 1.290660e+00 -1.318139e+01 2.286000e+00
      vertex 2.363148e+00 -1.199959e+01 7.620000e-01
      vertex 2.921000e+00 -1.371600e+01 7.620000e-01
    endloop
  endfacet
  facet normal -5.832668e-01 -3.897264e-01 -7.126802e-01
    outer loop
      vertex 9.878282e-01 -1.272817e+01 2.286000e+00
      vertex 2.363148e+00 -1.199959e+01 7.620000e-01
      vertex 1.290660e+00 -1.318139e+01 2.286000e+00
    endloop
  endfacet
  facet normal -4.131843e-01 -6.183740e-01 -6.685001e-01
    outer loop
      vertex 5.346087e-01 -1.242534e+01 2.286000e+00
      vertex 2.363148e+00 -1.199959e+01 7.620000e-01
      vertex 9.878282e-01 -1.272817e+01 2.286000e+00
    endloop
  endfacet
  facet normal -6.891420e-01 2.239791e-01 -6.891420e-01
    outer loop
      vertex 1.397000e+00 -1.371600e+01 2.286000e+00
      vertex 2.921000e+00 -1.371600e+01 7.620000e-01
      vertex 2.363148e+00 -1.543241e+01 7.620000e-01
    endloop
  endfacet
  facet normal -7.002145e-01 -1.392813e-01 -7.002145e-01
    outer loop
      vertex 1.290660e+00 -1.318139e+01 2.286000e+00
      vertex 2.921000e+00 -1.371600e+01 7.620000e-01
      vertex 1.397000e+00 -1.371600e+01 2.286000e+00
    endloop
  endfacet
  facet normal -4.331788e-01 5.962012e-01 -6.759440e-01
    outer loop
      vertex 9.878282e-01 -1.470383e+01 2.286000e+00
      vertex 2.363148e+00 -1.543241e+01 7.620000e-01
      vertex 9.017982e-01 -1.649417e+01 7.620000e-01
    endloop
  endfacet
  facet normal -7.504393e-01 1.492717e-01 -6.438625e-01
    outer loop
      vertex 1.290660e+00 -1.425061e+01 2.286000e+00
      vertex 1.397000e+00 -1.371600e+01 2.286000e+00
      vertex 2.363148e+00 -1.543241e+01 7.620000e-01
    endloop
  endfacet
  facet normal -5.832668e-01 3.897264e-01 -7.126802e-01
    outer loop
      vertex 1.290660e+00 -1.425061e+01 2.286000e+00
      vertex 2.363148e+00 -1.543241e+01 7.620000e-01
      vertex 9.878282e-01 -1.470383e+01 2.286000e+00
    endloop
  endfacet
  facet normal 2.552212e-16 7.409757e-01 -6.715319e-01
    outer loop
      vertex 5.443861e-17 -1.511300e+01 2.286000e+00
      vertex 9.017982e-01 -1.649417e+01 7.620000e-01
      vertex -9.017982e-01 -1.649417e+01 7.620000e-01
    endloop
  endfacet
  facet normal -1.376529e-01 6.920278e-01 -7.086248e-01
    outer loop
      vertex 5.346087e-01 -1.500666e+01 2.286000e+00
      vertex 9.017982e-01 -1.649417e+01 7.620000e-01
      vertex 5.443861e-17 -1.511300e+01 2.286000e+00
    endloop
  endfacet
  facet normal -4.037102e-01 6.041949e-01 -6.869982e-01
    outer loop
      vertex 9.878282e-01 -1.470383e+01 2.286000e+00
      vertex 9.017982e-01 -1.649417e+01 7.620000e-01
      vertex 5.346087e-01 -1.500666e+01 2.286000e+00
    endloop
  endfacet
  facet normal 4.301564e-01 5.920414e-01 -6.815075e-01
    outer loop
      vertex -5.346087e-01 -1.500666e+01 2.286000e+00
      vertex -9.017982e-01 -1.649417e+01 7.620000e-01
      vertex -2.363148e+00 -1.543241e+01 7.620000e-01
    endloop
  endfacet
  facet normal 1.376529e-01 6.920278e-01 -7.086248e-01
    outer loop
      vertex 5.443861e-17 -1.511300e+01 2.286000e+00
      vertex -9.017982e-01 -1.649417e+01 7.620000e-01
      vertex -5.346087e-01 -1.500666e+01 2.286000e+00
    endloop
  endfacet
  facet normal 5.832668e-01 3.897264e-01 -7.126802e-01
    outer loop
      vertex -9.878282e-01 -1.470383e+01 2.286000e+00
      vertex -2.363148e+00 -1.543241e+01 7.620000e-01
      vertex -1.290660e+00 -1.425061e+01 2.286000e+00
    endloop
  endfacet
  facet normal 4.131843e-01 6.183740e-01 -6.685001e-01
    outer loop
      vertex -5.346087e-01 -1.500666e+01 2.286000e+00
      vertex -2.363148e+00 -1.543241e+01 7.620000e-01
      vertex -9.878282e-01 -1.470383e+01 2.286000e+00
    endloop
  endfacet
  facet normal 9.239183e-01 3.825898e-01 1.091604e-16
    outer loop
      vertex -1.397000e+00 -1.371600e+01 2.286000e+00
      vertex -1.397000e+00 -1.371600e+01 3.479800e+00
      vertex -9.882984e-01 -1.470298e+01 3.479800e+00
    endloop
  endfacet
  facet normal 9.239183e-01 -3.825898e-01 9.073173e-05
    outer loop
      vertex -9.878282e-01 -1.272817e+01 2.286000e+00
      vertex -9.882984e-01 -1.272902e+01 3.479800e+00
      vertex -1.397000e+00 -1.371600e+01 3.479800e+00
    endloop
  endfacet
  facet normal 8.190603e-01 -5.472786e-01 -1.721233e-01
    outer loop
      vertex -1.290660e+00 -1.318139e+01 2.286000e+00
      vertex -9.878282e-01 -1.272817e+01 2.286000e+00
      vertex -1.397000e+00 -1.371600e+01 3.479800e+00
    endloop
  endfacet
  facet normal 9.807853e-01 -1.950903e-01 2.999523e-16
    outer loop
      vertex -1.397000e+00 -1.371600e+01 2.286000e+00
      vertex -1.290660e+00 -1.318139e+01 2.286000e+00
      vertex -1.397000e+00 -1.371600e+01 3.479800e+00
    endloop
  endfacet
  facet normal 3.828242e-01 9.238211e-01 -5.089142e-04
    outer loop
      vertex -9.878282e-01 -1.470383e+01 2.286000e+00
      vertex -9.882984e-01 -1.470298e+01 3.479800e+00
      vertex -2.184536e-16 -1.511252e+01 3.479800e+00
    endloop
  endfacet
  facet normal 9.661879e-01 1.921867e-01 -1.718872e-01
    outer loop
      vertex -1.290660e+00 -1.425061e+01 2.286000e+00
      vertex -1.397000e+00 -1.371600e+01 2.286000e+00
      vertex -9.882984e-01 -1.470298e+01 3.479800e+00
    endloop
  endfacet
  facet normal 8.314696e-01 5.555702e-01 -6.921297e-05
    outer loop
      vertex -9.878282e-01 -1.470383e+01 2.286000e+00
      vertex -1.290660e+00 -1.425061e+01 2.286000e+00
      vertex -9.882984e-01 -1.470298e+01 3.479800e+00
    endloop
  endfacet
  facet normal -3.828243e-01 9.238212e-01 -3.723773e-04
    outer loop
      vertex 5.443861e-17 -1.511300e+01 2.286000e+00
      vertex -2.184536e-16 -1.511252e+01 3.479800e+00
      vertex 9.882984e-01 -1.470298e+01 3.479800e+00
    endloop
  endfacet
  facet normal 5.472475e-01 8.190137e-01 -1.724437e-01
    outer loop
      vertex -5.346087e-01 -1.500666e+01 2.286000e+00
      vertex -9.878282e-01 -1.470383e+01 2.286000e+00
      vertex -2.184536e-16 -1.511252e+01 3.479800e+00
    endloop
  endfacet
  facet normal 1.950903e-01 9.807852e-01 -3.953385e-04
    outer loop
      vertex 5.443861e-17 -1.511300e+01 2.286000e+00
      vertex -5.346087e-01 -1.500666e+01 2.286000e+00
      vertex -2.184536e-16 -1.511252e+01 3.479800e+00
    endloop
  endfacet
  facet normal -9.239183e-01 3.825898e-01 9.073173e-05
    outer loop
      vertex 9.878282e-01 -1.470383e+01 2.286000e+00
      vertex 9.882984e-01 -1.470298e+01 3.479800e+00
      vertex 1.397000e+00 -1.371600e+01 3.479800e+00
    endloop
  endfacet
  facet normal -1.921583e-01 9.660451e-01 -1.727193e-01
    outer loop
      vertex 5.346087e-01 -1.500666e+01 2.286000e+00
      vertex 5.443861e-17 -1.511300e+01 2.286000e+00
      vertex 9.882984e-01 -1.470298e+01 3.479800e+00
    endloop
  endfacet
  facet normal -5.555702e-01 8.314696e-01 -3.749175e-04
    outer loop
      vertex 9.878282e-01 -1.470383e+01 2.286000e+00
      vertex 5.346087e-01 -1.500666e+01 2.286000e+00
      vertex 9.882984e-01 -1.470298e+01 3.479800e+00
    endloop
  endfacet
  facet normal -9.239183e-01 -3.825898e-01 -1.091604e-16
    outer loop
      vertex 1.397000e+00 -1.371600e+01 2.286000e+00
      vertex 1.397000e+00 -1.371600e+01 3.479800e+00
      vertex 9.882984e-01 -1.272902e+01 3.479800e+00
    endloop
  endfacet
  facet normal -9.807853e-01 1.950903e-01 -2.999523e-16
    outer loop
      vertex 1.290660e+00 -1.425061e+01 2.286000e+00
      vertex 1.397000e+00 -1.371600e+01 3.479800e+00
      vertex 1.397000e+00 -1.371600e+01 2.286000e+00
    endloop
  endfacet
  facet normal -8.190603e-01 5.472786e-01 -1.721233e-01
    outer loop
      vertex 1.290660e+00 -1.425061e+01 2.286000e+00
      vertex 9.878282e-01 -1.470383e+01 2.286000e+00
      vertex 1.397000e+00 -1.371600e+01 3.479800e+00
    endloop
  endfacet
  facet normal -3.828242e-01 -9.238211e-01 -5.089142e-04
    outer loop
      vertex 9.878282e-01 -1.272817e+01 2.286000e+00
      vertex 9.882984e-01 -1.272902e+01 3.479800e+00
      vertex 1.235944e-16 -1.231948e+01 3.479800e+00
    endloop
  endfacet
  facet normal -9.661879e-01 -1.921867e-01 -1.718872e-01
    outer loop
      vertex 1.290660e+00 -1.318139e+01 2.286000e+00
      vertex 1.397000e+00 -1.371600e+01 2.286000e+00
      vertex 9.882984e-01 -1.272902e+01 3.479800e+00
    endloop
  endfacet
  facet normal -8.314696e-01 -5.555702e-01 -6.921297e-05
    outer loop
      vertex 9.878282e-01 -1.272817e+01 2.286000e+00
      vertex 1.290660e+00 -1.318139e+01 2.286000e+00
      vertex 9.882984e-01 -1.272902e+01 3.479800e+00
    endloop
  endfacet
  facet normal 3.828243e-01 -9.238212e-01 -3.723773e-04
    outer loop
      vertex 3.966046e-16 -1.231900e+01 2.286000e+00
      vertex 1.235944e-16 -1.231948e+01 3.479800e+00
      vertex -9.882984e-01 -1.272902e+01 3.479800e+00
    endloop
  endfacet
  facet normal -5.472475e-01 -8.190137e-01 -1.724437e-01
    outer loop
      vertex 5.346087e-01 -1.242534e+01 2.286000e+00
      vertex 9.878282e-01 -1.272817e+01 2.286000e+00
      vertex 1.235944e-16 -1.231948e+01 3.479800e+00
    endloop
  endfacet
  facet normal -1.950903e-01 -9.807852e-01 -3.953385e-04
    outer loop
      vertex 3.966046e-16 -1.231900e+01 2.286000e+00
      vertex 5.346087e-01 -1.242534e+01 2.286000e+00
      vertex 1.235944e-16 -1.231948e+01 3.479800e+00
    endloop
  endfacet
  facet normal 1.921583e-01 -9.660451e-01 -1.727193e-01
    outer loop
      vertex -5.346087e-01 -1.242534e+01 2.286000e+00
      vertex 3.966046e-16 -1.231900e+01 2.286000e+00
      vertex -9.882984e-01 -1.272902e+01 3.479800e+00
    endloop
  endfacet
  facet normal 5.555702e-01 -8.314696e-01 -3.749175e-04
    outer loop
      vertex -9.878282e-01 -1.272817e+01 2.286000e+00
      vertex -5.346087e-01 -1.242534e+01 2.286000e+00
      vertex -9.882984e-01 -1.272902e+01 3.479800e+00
    endloop
  endfacet
  facet normal -2.449294e-16 3.061617e-16 1.000000e+00
    outer loop
      vertex 3.824343e+01 4.719596e+01 2.540000e+00
      vertex -3.824343e+01 4.719596e+01 2.540000e+00
      vertex -3.661716e+01 4.356078e+01 2.540000e+00
    endloop
  endfacet
  facet normal 3.419664e-01 1.529850e-01 9.271756e-01
    outer loop
      vertex -3.856076e+01 4.734358e+01 2.632684e+00
      vertex -3.661716e+01 4.356078e+01 2.540000e+00
      vertex -3.824343e+01 4.719596e+01 2.540000e+00
    endloop
  endfacet
  facet normal -2.449294e-16 3.061617e-16 1.000000e+00
    outer loop
      vertex 3.661716e+01 4.356078e+01 2.540000e+00
      vertex 3.824343e+01 4.719596e+01 2.540000e+00
      vertex -3.661716e+01 4.356078e+01 2.540000e+00
    endloop
  endfacet
  facet normal -2.449294e-16 3.061617e-16 1.000000e+00
    outer loop
      vertex -3.661716e+01 4.131616e+01 2.540000e+00
      vertex 3.661716e+01 4.356078e+01 2.540000e+00
      vertex -3.661716e+01 4.356078e+01 2.540000e+00
    endloop
  endfacet
  facet normal 3.718808e-01 2.386617e-16 9.282805e-01
    outer loop
      vertex -3.684514e+01 4.351217e+01 2.631330e+00
      vertex -3.661716e+01 4.131616e+01 2.540000e+00
      vertex -3.661716e+01 4.356078e+01 2.540000e+00
    endloop
  endfacet
  facet normal 3.395358e-01 1.517091e-01 9.282778e-01
    outer loop
      vertex -3.856076e+01 4.734358e+01 2.632684e+00
      vertex -3.684514e+01 4.351217e+01 2.631330e+00
      vertex -3.661716e+01 4.356078e+01 2.540000e+00
    endloop
  endfacet
  facet normal -2.049818e-16 2.583171e-01 9.660602e-01
    outer loop
      vertex 3.844772e+01 4.757627e+01 2.438307e+00
      vertex -3.824343e+01 4.719596e+01 2.540000e+00
      vertex 3.824343e+01 4.719596e+01 2.540000e+00
    endloop
  endfacet
  facet normal 5.612205e-06 2.572607e-01 9.663420e-01
    outer loop
      vertex 3.844772e+01 4.757627e+01 2.438307e+00
      vertex -3.844635e+01 4.757482e+01 2.439139e+00
      vertex -3.824343e+01 4.719596e+01 2.540000e+00
    endloop
  endfacet
  facet normal 4.347065e-01 4.417515e-01 7.847839e-01
    outer loop
      vertex -3.856076e+01 4.734358e+01 2.632684e+00
      vertex -3.824343e+01 4.719596e+01 2.540000e+00
      vertex -3.844635e+01 4.757482e+01 2.439139e+00
    endloop
  endfacet
  facet normal -3.394596e-01 1.518635e-01 9.282805e-01
    outer loop
      vertex 3.684511e+01 4.351205e+01 2.631330e+00
      vertex 3.824343e+01 4.719596e+01 2.540000e+00
      vertex 3.661716e+01 4.356078e+01 2.540000e+00
    endloop
  endfacet
  facet normal -9.535389e-02 3.046246e-01 9.476874e-01
    outer loop
      vertex 3.878778e+01 4.771638e+01 2.427485e+00
      vertex 3.844772e+01 4.757627e+01 2.438307e+00
      vertex 3.824343e+01 4.719596e+01 2.540000e+00
    endloop
  endfacet
  facet normal -3.417638e-01 1.527137e-01 9.272950e-01
    outer loop
      vertex 3.856066e+01 4.734351e+01 2.632618e+00
      vertex 3.824343e+01 4.719596e+01 2.540000e+00
      vertex 3.684511e+01 4.351205e+01 2.631330e+00
    endloop
  endfacet
  facet normal -4.726126e-01 6.280031e-01 6.182633e-01
    outer loop
      vertex 3.878778e+01 4.771638e+01 2.427485e+00
      vertex 3.824343e+01 4.719596e+01 2.540000e+00
      vertex 3.856066e+01 4.734351e+01 2.632618e+00
    endloop
  endfacet
  facet normal -2.449294e-16 3.061617e-16 1.000000e+00
    outer loop
      vertex -3.661716e+01 4.131616e+01 2.540000e+00
      vertex 3.661716e+01 4.131616e+01 2.540000e+00
      vertex 3.661716e+01 4.356078e+01 2.540000e+00
    endloop
  endfacet
  facet normal -3.340192e-01 3.294832e-16 9.425663e-01
    outer loop
      vertex 3.682508e+01 4.152420e+01 2.613680e+00
      vertex 3.661716e+01 4.356078e+01 2.540000e+00
      vertex 3.661716e+01 4.131616e+01 2.540000e+00
    endloop
  endfacet
  facet normal -3.727409e-01 -4.482860e-03 9.279246e-01
    outer loop
      vertex 3.684511e+01 4.351205e+01 2.631330e+00
      vertex 3.661716e+01 4.356078e+01 2.540000e+00
      vertex 3.682508e+01 4.152420e+01 2.613680e+00
    endloop
  endfacet
  facet normal -2.449294e-16 3.061617e-16 1.000000e+00
    outer loop
      vertex -3.788561e+01 2.586193e+01 2.540000e+00
      vertex 3.788561e+01 4.131616e+01 2.540000e+00
      vertex 3.661716e+01 4.131616e+01 2.540000e+00
    endloop
  endfacet
  facet normal -2.635957e-16 -1.881365e-01 9.821429e-01
    outer loop
      vertex 3.788561e+01 4.143819e+01 2.563375e+00
      vertex 3.661716e+01 4.131616e+01 2.540000e+00
      vertex 3.788561e+01 4.131616e+01 2.540000e+00
    endloop
  endfacet
  facet normal -2.449294e-16 3.061617e-16 1.000000e+00
    outer loop
      vertex -3.661716e+01 4.131616e+01 2.540000e+00
      vertex -3.788561e+01 2.586193e+01 2.540000e+00
      vertex 3.661716e+01 4.131616e+01 2.540000e+00
    endloop
  endfacet
  facet normal 1.622263e-02 -3.481765e-01 9.372886e-01
    outer loop
      vertex 3.682508e+01 4.152420e+01 2.613680e+00
      vertex 3.661716e+01 4.131616e+01 2.540000e+00
      vertex 3.788561e+01 4.143819e+01 2.563375e+00
    endloop
  endfacet
  facet normal -2.449294e-16 3.061617e-16 1.000000e+00
    outer loop
      vertex -3.788561e+01 2.586193e+01 2.540000e+00
      vertex 3.788561e+01 2.586193e+01 2.540000e+00
      vertex 3.788561e+01 4.131616e+01 2.540000e+00
    endloop
  endfacet
  facet normal -1.916265e-01 3.239553e-16 9.814679e-01
    outer loop
      vertex 3.800982e+01 2.586193e+01 2.564250e+00
      vertex 3.788561e+01 4.131616e+01 2.540000e+00
      vertex 3.788561e+01 2.586193e+01 2.540000e+00
    endloop
  endfacet
  facet normal -3.746061e-01 -1.555781e-03 9.271827e-01
    outer loop
      vertex 3.811499e+01 4.131616e+01 2.632674e+00
      vertex 3.788561e+01 4.131616e+01 2.540000e+00
      vertex 3.800982e+01 2.586193e+01 2.564250e+00
    endloop
  endfacet
  facet normal -3.512959e-01 -3.472488e-01 8.694880e-01
    outer loop
      vertex 3.805189e+01 4.154363e+01 2.698021e+00
      vertex 3.788561e+01 4.131616e+01 2.540000e+00
      vertex 3.811499e+01 4.131616e+01 2.632674e+00
    endloop
  endfacet
  facet normal -5.600600e-01 -1.558621e-01 8.136582e-01
    outer loop
      vertex 3.805189e+01 4.154363e+01 2.698021e+00
      vertex 3.788561e+01 4.143819e+01 2.563375e+00
      vertex 3.788561e+01 4.131616e+01 2.540000e+00
    endloop
  endfacet
  facet normal -2.237791e-16 1.937322e-01 9.810544e-01
    outer loop
      vertex -3.788561e+01 2.573641e+01 2.564786e+00
      vertex 3.788561e+01 2.586193e+01 2.540000e+00
      vertex -3.788561e+01 2.586193e+01 2.540000e+00
    endloop
  endfacet
  facet normal -1.944721e-16 1.937322e-01 9.810544e-01
    outer loop
      vertex -3.788561e+01 2.573641e+01 2.564786e+00
      vertex 3.788561e+01 2.573641e+01 2.564786e+00
      vertex 3.788561e+01 2.586193e+01 2.540000e+00
    endloop
  endfacet
  facet normal -3.441989e-01 1.818946e-01 9.211089e-01
    outer loop
      vertex 3.804703e+01 2.569932e+01 2.632429e+00
      vertex 3.788561e+01 2.586193e+01 2.540000e+00
      vertex 3.788561e+01 2.573641e+01 2.564786e+00
    endloop
  endfacet
  facet normal -6.118024e-14 1.000000e+00 8.110141e-14
    outer loop
      vertex 3.800982e+01 2.586193e+01 2.564250e+00
      vertex 3.788561e+01 2.586193e+01 2.540000e+00
      vertex 3.814534e+01 2.586193e+01 2.666303e+00
    endloop
  endfacet
  facet normal -4.360318e-01 7.682768e-02 8.966458e-01
    outer loop
      vertex 3.804703e+01 2.569932e+01 2.632429e+00
      vertex 3.814534e+01 2.586193e+01 2.666303e+00
      vertex 3.788561e+01 2.586193e+01 2.540000e+00
    endloop
  endfacet
  facet normal -2.449294e-16 3.061617e-16 1.000000e+00
    outer loop
      vertex -3.661716e+01 4.131616e+01 2.540000e+00
      vertex -3.788561e+01 4.131616e+01 2.540000e+00
      vertex -3.788561e+01 2.586193e+01 2.540000e+00
    endloop
  endfacet
  facet normal 1.881365e-01 2.090651e-16 9.821429e-01
    outer loop
      vertex -3.800764e+01 4.131616e+01 2.563375e+00
      vertex -3.788561e+01 2.586193e+01 2.540000e+00
      vertex -3.788561e+01 4.131616e+01 2.540000e+00
    endloop
  endfacet
  facet normal 1.916265e-01 2.857747e-05 9.814679e-01
    outer loop
      vertex -3.800764e+01 4.131616e+01 2.563375e+00
      vertex -3.800982e+01 2.586193e+01 2.564250e+00
      vertex -3.788561e+01 2.586193e+01 2.540000e+00
    endloop
  endfacet
  facet normal 1.798557e-01 3.450770e-01 9.211807e-01
    outer loop
      vertex -3.804703e+01 2.569932e+01 2.632429e+00
      vertex -3.788561e+01 2.586193e+01 2.540000e+00
      vertex -3.800982e+01 2.586193e+01 2.564250e+00
    endloop
  endfacet
  facet normal 3.441989e-01 1.818946e-01 9.211089e-01
    outer loop
      vertex -3.804703e+01 2.569932e+01 2.632429e+00
      vertex -3.788561e+01 2.573641e+01 2.564786e+00
      vertex -3.788561e+01 2.586193e+01 2.540000e+00
    endloop
  endfacet
  facet normal -2.717677e-16 -3.340192e-01 9.425663e-01
    outer loop
      vertex -3.682520e+01 4.152408e+01 2.613680e+00
      vertex -3.788561e+01 4.131616e+01 2.540000e+00
      vertex -3.661716e+01 4.131616e+01 2.540000e+00
    endloop
  endfacet
  facet normal 9.026447e-03 -3.745913e-01 9.271461e-01
    outer loop
      vertex -3.788561e+01 4.154554e+01 2.632674e+00
      vertex -3.788561e+01 4.131616e+01 2.540000e+00
      vertex -3.682520e+01 4.152408e+01 2.613680e+00
    endloop
  endfacet
  facet normal 3.472488e-01 -3.512959e-01 8.694880e-01
    outer loop
      vertex -3.811308e+01 4.148243e+01 2.698021e+00
      vertex -3.788561e+01 4.131616e+01 2.540000e+00
      vertex -3.788561e+01 4.154554e+01 2.632674e+00
    endloop
  endfacet
  facet normal 1.558621e-01 -5.600600e-01 8.136582e-01
    outer loop
      vertex -3.811308e+01 4.148243e+01 2.698021e+00
      vertex -3.800764e+01 4.131616e+01 2.563375e+00
      vertex -3.788561e+01 4.131616e+01 2.540000e+00
    endloop
  endfacet
  facet normal 3.293346e-01 -5.078955e-03 9.441996e-01
    outer loop
      vertex -3.682520e+01 4.152408e+01 2.613680e+00
      vertex -3.661716e+01 4.131616e+01 2.540000e+00
      vertex -3.684514e+01 4.351217e+01 2.631330e+00
    endloop
  endfacet
  facet normal -2.532418e-13 2.782258e-13 1.000000e+00
    outer loop
      vertex -3.788561e+01 -4.512462e+01 2.540000e+00
      vertex -3.215779e+00 -1.476622e+01 2.540000e+00
      vertex -3.382928e+00 -1.371600e+01 2.540000e+00
    endloop
  endfacet
  facet normal -3.779572e-01 -6.015400e-02 9.238667e-01
    outer loop
      vertex -3.151491e+00 -1.371600e+01 2.634682e+00
      vertex -3.382928e+00 -1.371600e+01 2.540000e+00
      vertex -3.215779e+00 -1.476622e+01 2.540000e+00
    endloop
  endfacet
  facet normal 9.795358e-11 -1.076030e-10 1.000000e+00
    outer loop
      vertex -3.788561e+01 -4.512462e+01 2.540000e+00
      vertex -3.382928e+00 -1.371600e+01 2.540000e+00
      vertex -3.216113e+00 -1.266683e+01 2.540000e+00
    endloop
  endfacet
  facet normal -1.730118e-01 2.750825e-02 9.845355e-01
    outer loop
      vertex -2.549609e+00 -1.186360e+01 2.634682e+00
      vertex -3.216113e+00 -1.266683e+01 2.540000e+00
      vertex -3.382928e+00 -1.371600e+01 2.540000e+00
    endloop
  endfacet
  facet normal -3.758095e-01 1.221079e-01 9.186168e-01
    outer loop
      vertex -2.549609e+00 -1.186360e+01 2.634682e+00
      vertex -3.382928e+00 -1.371600e+01 2.540000e+00
      vertex -3.151491e+00 -1.371600e+01 2.634682e+00
    endloop
  endfacet
  facet normal 2.070679e-13 -2.474562e-13 1.000000e+00
    outer loop
      vertex -3.788561e+01 -4.512462e+01 2.540000e+00
      vertex -2.732237e+00 -1.571036e+01 2.540000e+00
      vertex -3.215779e+00 -1.476622e+01 2.540000e+00
    endloop
  endfacet
  facet normal -3.422977e-01 -1.753085e-01 9.230921e-01
    outer loop
      vertex -2.549609e+00 -1.556840e+01 2.634682e+00
      vertex -3.215779e+00 -1.476622e+01 2.540000e+00
      vertex -2.732237e+00 -1.571036e+01 2.540000e+00
    endloop
  endfacet
  facet normal -2.267459e-01 -7.367422e-02 9.711635e-01
    outer loop
      vertex -2.549609e+00 -1.556840e+01 2.634682e+00
      vertex -3.151491e+00 -1.371600e+01 2.634682e+00
      vertex -3.215779e+00 -1.476622e+01 2.540000e+00
    endloop
  endfacet
  facet normal -2.449294e-16 3.061617e-16 1.000000e+00
    outer loop
      vertex -3.788561e+01 -4.512462e+01 2.540000e+00
      vertex -1.044581e+00 -1.693348e+01 2.540000e+00
      vertex -2.732237e+00 -1.571036e+01 2.540000e+00
    endloop
  endfacet
  facet normal -2.321388e-01 -3.203037e-01 9.184318e-01
    outer loop
      vertex -9.738642e-01 -1.671325e+01 2.634682e+00
      vertex -2.732237e+00 -1.571036e+01 2.540000e+00
      vertex -1.044581e+00 -1.693348e+01 2.540000e+00
    endloop
  endfacet
  facet normal -2.304198e-01 -3.171456e-01 9.199594e-01
    outer loop
      vertex -9.738642e-01 -1.671325e+01 2.634682e+00
      vertex -2.549609e+00 -1.556840e+01 2.634682e+00
      vertex -2.732237e+00 -1.571036e+01 2.540000e+00
    endloop
  endfacet
  facet normal -2.449294e-16 3.061617e-16 1.000000e+00
    outer loop
      vertex -3.788561e+01 -4.512462e+01 2.540000e+00
      vertex 1.046855e+00 -1.693274e+01 2.540000e+00
      vertex -1.044581e+00 -1.693348e+01 2.540000e+00
    endloop
  endfacet
  facet normal 1.411560e-04 -3.960492e-01 9.182293e-01
    outer loop
      vertex 9.738641e-01 -1.671325e+01 2.634682e+00
      vertex -1.044581e+00 -1.693348e+01 2.540000e+00
      vertex 1.046855e+00 -1.693274e+01 2.540000e+00
    endloop
  endfacet
  facet normal -9.752317e-10 -3.949575e-01 9.186994e-01
    outer loop
      vertex 9.738641e-01 -1.671325e+01 2.634682e+00
      vertex -9.738642e-01 -1.671325e+01 2.634682e+00
      vertex -1.044581e+00 -1.693348e+01 2.540000e+00
    endloop
  endfacet
  facet normal -6.531830e-08 9.000681e-08 1.000000e+00
    outer loop
      vertex 2.201960e+01 -1.031939e+01 2.540001e+00
      vertex 2.733321e+00 -1.570886e+01 2.540000e+00
      vertex 1.046855e+00 -1.693274e+01 2.540000e+00
    endloop
  endfacet
  facet normal 2.317291e-01 -3.193163e-01 9.188790e-01
    outer loop
      vertex 9.738641e-01 -1.671325e+01 2.634682e+00
      vertex 1.046855e+00 -1.693274e+01 2.540000e+00
      vertex 2.733321e+00 -1.570886e+01 2.540000e+00
    endloop
  endfacet
  facet normal -6.542810e-08 9.035502e-08 1.000000e+00
    outer loop
      vertex 2.201960e+01 -1.031939e+01 2.540001e+00
      vertex 1.046855e+00 -1.693274e+01 2.540000e+00
      vertex -3.788561e+01 -4.512462e+01 2.540000e+00
    endloop
  endfacet
  facet normal -4.683315e-08 2.385756e-08 1.000000e+00
    outer loop
      vertex 2.201960e+01 -1.031939e+01 2.540001e+00
      vertex 3.216113e+00 -1.476517e+01 2.540000e+00
      vertex 2.733321e+00 -1.570886e+01 2.540000e+00
    endloop
  endfacet
  facet normal 3.420367e-01 -1.749862e-01 9.232501e-01
    outer loop
      vertex 2.549609e+00 -1.556840e+01 2.634682e+00
      vertex 2.733321e+00 -1.570886e+01 2.540000e+00
      vertex 3.216113e+00 -1.476517e+01 2.540000e+00
    endloop
  endfacet
  facet normal 2.309264e-01 -3.178429e-01 9.195917e-01
    outer loop
      vertex 2.549609e+00 -1.556840e+01 2.634682e+00
      vertex 9.738641e-01 -1.671325e+01 2.634682e+00
      vertex 2.733321e+00 -1.570886e+01 2.540000e+00
    endloop
  endfacet
  facet normal -1.725622e-11 9.477293e-11 1.000000e+00
    outer loop
      vertex 2.177108e+01 -1.036793e+01 2.540000e+00
      vertex 3.382928e+00 -1.371600e+01 2.540000e+00
      vertex 3.216113e+00 -1.476517e+01 2.540000e+00
    endloop
  endfacet
  facet normal 1.730118e-01 -2.750825e-02 9.845355e-01
    outer loop
      vertex 2.549609e+00 -1.556840e+01 2.634682e+00
      vertex 3.216113e+00 -1.476517e+01 2.540000e+00
      vertex 3.382928e+00 -1.371600e+01 2.540000e+00
    endloop
  endfacet
  facet normal -1.773257e-05 7.482581e-05 1.000000e+00
    outer loop
      vertex 2.201960e+01 -1.031939e+01 2.540001e+00
      vertex 2.177108e+01 -1.036793e+01 2.540000e+00
      vertex 3.216113e+00 -1.476517e+01 2.540000e+00
    endloop
  endfacet
  facet normal 5.605797e-14 -3.089184e-13 1.000000e+00
    outer loop
      vertex 2.177108e+01 -1.036793e+01 2.540000e+00
      vertex 3.215779e+00 -1.266578e+01 2.540000e+00
      vertex 3.382928e+00 -1.371600e+01 2.540000e+00
    endloop
  endfacet
  facet normal 3.779572e-01 6.015400e-02 9.238667e-01
    outer loop
      vertex 3.151491e+00 -1.371600e+01 2.634682e+00
      vertex 3.382928e+00 -1.371600e+01 2.540000e+00
      vertex 3.215779e+00 -1.266578e+01 2.540000e+00
    endloop
  endfacet
  facet normal 3.758095e-01 -1.221079e-01 9.186168e-01
    outer loop
      vertex 3.151491e+00 -1.371600e+01 2.634682e+00
      vertex 2.549609e+00 -1.556840e+01 2.634682e+00
      vertex 3.382928e+00 -1.371600e+01 2.540000e+00
    endloop
  endfacet
  facet normal -2.452662e-14 3.418083e-13 1.000000e+00
    outer loop
      vertex 2.177108e+01 -1.036793e+01 2.540000e+00
      vertex 2.732237e+00 -1.172164e+01 2.540000e+00
      vertex 3.215779e+00 -1.266578e+01 2.540000e+00
    endloop
  endfacet
  facet normal 3.422977e-01 1.753085e-01 9.230921e-01
    outer loop
      vertex 2.549609e+00 -1.186360e+01 2.634682e+00
      vertex 3.215779e+00 -1.266578e+01 2.540000e+00
      vertex 2.732237e+00 -1.172164e+01 2.540000e+00
    endloop
  endfacet
  facet normal 2.267459e-01 7.367422e-02 9.711635e-01
    outer loop
      vertex 2.549609e+00 -1.186360e+01 2.634682e+00
      vertex 3.151491e+00 -1.371600e+01 2.634682e+00
      vertex 3.215779e+00 -1.266578e+01 2.540000e+00
    endloop
  endfacet
  facet normal -2.449294e-16 3.061617e-16 1.000000e+00
    outer loop
      vertex 2.177108e+01 -1.036793e+01 2.540000e+00
      vertex 1.044581e+00 -1.049852e+01 2.540000e+00
      vertex 2.732237e+00 -1.172164e+01 2.540000e+00
    endloop
  endfacet
  facet normal 2.321388e-01 3.203037e-01 9.184318e-01
    outer loop
      vertex 9.738642e-01 -1.071875e+01 2.634682e+00
      vertex 2.732237e+00 -1.172164e+01 2.540000e+00
      vertex 1.044581e+00 -1.049852e+01 2.540000e+00
    endloop
  endfacet
  facet normal 2.304198e-01 3.171456e-01 9.199594e-01
    outer loop
      vertex 9.738642e-01 -1.071875e+01 2.634682e+00
      vertex 2.549609e+00 -1.186360e+01 2.634682e+00
      vertex 2.732237e+00 -1.172164e+01 2.540000e+00
    endloop
  endfacet
  facet normal -2.449294e-16 3.061617e-16 1.000000e+00
    outer loop
      vertex 2.177108e+01 -1.036793e+01 2.540000e+00
      vertex -1.046855e+00 -1.049927e+01 2.540000e+00
      vertex 1.044581e+00 -1.049852e+01 2.540000e+00
    endloop
  endfacet
  facet normal -1.411560e-04 3.960492e-01 9.182293e-01
    outer loop
      vertex -9.738641e-01 -1.071875e+01 2.634682e+00
      vertex 1.044581e+00 -1.049852e+01 2.540000e+00
      vertex -1.046855e+00 -1.049927e+01 2.540000e+00
    endloop
  endfacet
  facet normal 9.819729e-10 3.949575e-01 9.186994e-01
    outer loop
      vertex -9.738641e-01 -1.071875e+01 2.634682e+00
      vertex 9.738642e-01 -1.071875e+01 2.634682e+00
      vertex 1.044581e+00 -1.049852e+01 2.540000e+00
    endloop
  endfacet
  facet normal -2.449294e-16 3.061617e-16 1.000000e+00
    outer loop
      vertex -1.962782e+01 -1.036793e+01 2.540000e+00
      vertex -2.733321e+00 -1.172314e+01 2.540000e+00
      vertex -1.046855e+00 -1.049927e+01 2.540000e+00
    endloop
  endfacet
  facet normal -2.317291e-01 3.193163e-01 9.188790e-01
    outer loop
      vertex -9.738641e-01 -1.071875e+01 2.634682e+00
      vertex -1.046855e+00 -1.049927e+01 2.540000e+00
      vertex -2.733321e+00 -1.172314e+01 2.540000e+00
    endloop
  endfacet
  facet normal -2.449294e-16 3.061617e-16 1.000000e+00
    outer loop
      vertex 1.962782e+01 -1.036793e+01 2.540000e+00
      vertex -1.962782e+01 -1.036793e+01 2.540000e+00
      vertex -1.046855e+00 -1.049927e+01 2.540000e+00
    endloop
  endfacet
  facet normal -2.449294e-16 3.061617e-16 1.000000e+00
    outer loop
      vertex 2.177108e+01 -1.036793e+01 2.540000e+00
      vertex 1.962782e+01 -1.036793e+01 2.540000e+00
      vertex -1.046855e+00 -1.049927e+01 2.540000e+00
    endloop
  endfacet
  facet normal -1.891877e-10 1.991045e-10 1.000000e+00
    outer loop
      vertex -3.788561e+01 -4.512462e+01 2.540000e+00
      vertex -3.216113e+00 -1.266683e+01 2.540000e+00
      vertex -2.733321e+00 -1.172314e+01 2.540000e+00
    endloop
  endfacet
  facet normal -3.420367e-01 1.749862e-01 9.232501e-01
    outer loop
      vertex -2.549609e+00 -1.186360e+01 2.634682e+00
      vertex -2.733321e+00 -1.172314e+01 2.540000e+00
      vertex -3.216113e+00 -1.266683e+01 2.540000e+00
    endloop
  endfacet
  facet normal -2.449294e-16 3.061617e-16 1.000000e+00
    outer loop
      vertex -1.962782e+01 -1.036793e+01 2.540000e+00
      vertex -3.788561e+01 -4.512462e+01 2.540000e+00
      vertex -2.733321e+00 -1.172314e+01 2.540000e+00
    endloop
  endfacet
  facet normal -2.309264e-01 3.178429e-01 9.195917e-01
    outer loop
      vertex -2.549609e+00 -1.186360e+01 2.634682e+00
      vertex -9.738641e-01 -1.071875e+01 2.634682e+00
      vertex -2.733321e+00 -1.172314e+01 2.540000e+00
    endloop
  endfacet
  facet normal -2.449294e-16 3.061617e-16 1.000000e+00
    outer loop
      vertex -2.243138e+01 2.078071e+00 2.540000e+00
      vertex -3.788561e+01 2.078071e+00 2.540000e+00
      vertex -3.788561e+01 -4.512462e+01 2.540000e+00
    endloop
  endfacet
  facet normal 3.111916e-01 2.528499e-16 9.503472e-01
    outer loop
      vertex -3.808092e+01 2.078071e+00 2.603953e+00
      vertex -3.788561e+01 -4.512462e+01 2.540000e+00
      vertex -3.788561e+01 2.078071e+00 2.540000e+00
    endloop
  endfacet
  facet normal -2.449294e-16 3.061617e-16 1.000000e+00
    outer loop
      vertex -2.243138e+01 -9.707629e+00 2.540000e+00
      vertex -2.243138e+01 2.078071e+00 2.540000e+00
      vertex -3.788561e+01 -4.512462e+01 2.540000e+00
    endloop
  endfacet
  facet normal -1.402458e-05 6.119641e-06 1.000000e+00
    outer loop
      vertex -2.238157e+01 -9.959243e+00 2.540002e+00
      vertex -2.243138e+01 -9.707629e+00 2.540000e+00
      vertex -3.788561e+01 -4.512462e+01 2.540000e+00
    endloop
  endfacet
  facet normal 9.020414e-06 -4.040659e-06 1.000000e+00
    outer loop
      vertex -2.223235e+01 -1.018009e+01 2.540000e+00
      vertex -2.238157e+01 -9.959243e+00 2.540002e+00
      vertex -3.788561e+01 -4.512462e+01 2.540000e+00
    endloop
  endfacet
  facet normal -2.449294e-16 3.061617e-16 1.000000e+00
    outer loop
      vertex -2.177108e+01 -1.036793e+01 2.540000e+00
      vertex -2.223235e+01 -1.018009e+01 2.540000e+00
      vertex -3.788561e+01 -4.512462e+01 2.540000e+00
    endloop
  endfacet
  facet normal -2.449294e-16 3.061617e-16 1.000000e+00
    outer loop
      vertex -1.962782e+01 -1.036793e+01 2.540000e+00
      vertex -2.177108e+01 -1.036793e+01 2.540000e+00
      vertex -3.788561e+01 -4.512462e+01 2.540000e+00
    endloop
  endfacet
  facet normal -2.449294e-16 -2.225692e-08 1.000000e+00
    outer loop
      vertex 3.788561e+01 -4.512462e+01 2.540000e+00
      vertex 2.201960e+01 -1.031939e+01 2.540001e+00
      vertex -3.788561e+01 -4.512462e+01 2.540000e+00
    endloop
  endfacet
  facet normal -1.254782e-16 3.746066e-01 9.271839e-01
    outer loop
      vertex -3.788561e+01 -4.535399e+01 2.632674e+00
      vertex 3.788561e+01 -4.512462e+01 2.540000e+00
      vertex -3.788561e+01 -4.512462e+01 2.540000e+00
    endloop
  endfacet
  facet normal 6.431406e-01 1.623587e-03 7.657464e-01
    outer loop
      vertex -3.808092e+01 2.078071e+00 2.603953e+00
      vertex -3.811412e+01 2.078071e+00 2.631838e+00
      vertex -3.788561e+01 -4.512462e+01 2.540000e+00
    endloop
  endfacet
  facet normal 3.746066e-01 9.524061e-06 9.271839e-01
    outer loop
      vertex -3.811499e+01 -4.512462e+01 2.632674e+00
      vertex -3.788561e+01 -4.512462e+01 2.540000e+00
      vertex -3.811412e+01 2.078071e+00 2.631838e+00
    endloop
  endfacet
  facet normal 3.704800e-01 1.480206e-01 9.169703e-01
    outer loop
      vertex -3.804659e+01 -4.528559e+01 2.631024e+00
      vertex -3.788561e+01 -4.512462e+01 2.540000e+00
      vertex -3.811499e+01 -4.512462e+01 2.632674e+00
    endloop
  endfacet
  facet normal 1.000000e+00 -3.891847e-14 -3.492078e-14
    outer loop
      vertex -3.788561e+01 -4.535399e+01 2.632674e+00
      vertex -3.788561e+01 -4.512462e+01 2.540000e+00
      vertex -3.788561e+01 -4.538346e+01 2.665188e+00
    endloop
  endfacet
  facet normal 7.345459e-02 4.342123e-01 8.978107e-01
    outer loop
      vertex -3.804659e+01 -4.528559e+01 2.631024e+00
      vertex -3.788561e+01 -4.538346e+01 2.665188e+00
      vertex -3.788561e+01 -4.512462e+01 2.540000e+00
    endloop
  endfacet
  facet normal -2.640180e-16 -1.937811e-01 9.810448e-01
    outer loop
      vertex -2.243138e+01 2.203620e+00 2.564798e+00
      vertex -3.788561e+01 2.078071e+00 2.540000e+00
      vertex -2.243138e+01 2.078071e+00 2.540000e+00
    endloop
  endfacet
  facet normal 1.590892e-03 -3.786481e-01 9.255393e-01
    outer loop
      vertex -2.243138e+01 2.203620e+00 2.564798e+00
      vertex -3.788561e+01 2.309513e+00 2.634684e+00
      vertex -3.788561e+01 2.078071e+00 2.540000e+00
    endloop
  endfacet
  facet normal 2.900410e-01 -3.623721e-01 8.857554e-01
    outer loop
      vertex -3.808092e+01 2.078071e+00 2.603953e+00
      vertex -3.788561e+01 2.078071e+00 2.540000e+00
      vertex -3.788561e+01 2.309513e+00 2.634684e+00
    endloop
  endfacet
  facet normal -3.786496e-01 3.297361e-16 9.255401e-01
    outer loop
      vertex -2.219994e+01 -9.707629e+00 2.634685e+00
      vertex -2.243138e+01 2.078071e+00 2.540000e+00
      vertex -2.243138e+01 -9.707629e+00 2.540000e+00
    endloop
  endfacet
  facet normal -1.937795e-01 4.076225e-03 9.810367e-01
    outer loop
      vertex -2.219994e+01 -9.707629e+00 2.634685e+00
      vertex -2.230583e+01 2.078071e+00 2.564798e+00
      vertex -2.243138e+01 2.078071e+00 2.540000e+00
    endloop
  endfacet
  facet normal -1.816868e-01 -3.477493e-01 9.198154e-01
    outer loop
      vertex -2.226833e+01 2.241121e+00 2.633850e+00
      vertex -2.243138e+01 2.078071e+00 2.540000e+00
      vertex -2.230583e+01 2.078071e+00 2.564798e+00
    endloop
  endfacet
  facet normal -1.000000e+00 1.224647e-16 -2.449294e-16
    outer loop
      vertex -2.243138e+01 2.203620e+00 2.564798e+00
      vertex -2.243138e+01 2.078071e+00 2.540000e+00
      vertex -2.243138e+01 2.340001e+00 2.669140e+00
    endloop
  endfacet
  facet normal -7.384206e-02 -4.410017e-01 8.944635e-01
    outer loop
      vertex -2.226833e+01 2.241121e+00 2.633850e+00
      vertex -2.243138e+01 2.340001e+00 2.669140e+00
      vertex -2.243138e+01 2.078071e+00 2.540000e+00
    endloop
  endfacet
  facet normal -3.775905e-01 -7.474206e-02 9.229513e-01
    outer loop
      vertex -2.219994e+01 -9.707629e+00 2.634685e+00
      vertex -2.243138e+01 -9.707629e+00 2.540000e+00
      vertex -2.238157e+01 -9.959243e+00 2.540002e+00
    endloop
  endfacet
  facet normal -3.265044e-01 -2.206217e-01 9.190871e-01
    outer loop
      vertex -2.214380e+01 -9.922829e+00 2.633211e+00
      vertex -2.238157e+01 -9.959243e+00 2.540002e+00
      vertex -2.223235e+01 -1.018009e+01 2.540000e+00
    endloop
  endfacet
  facet normal -3.502109e-01 -9.774443e-02 9.315569e-01
    outer loop
      vertex -2.214380e+01 -9.922829e+00 2.633211e+00
      vertex -2.219994e+01 -9.707629e+00 2.634685e+00
      vertex -2.238157e+01 -9.959243e+00 2.540002e+00
    endloop
  endfacet
  facet normal -1.695729e-01 -4.164081e-01 8.932241e-01
    outer loop
      vertex -2.198626e+01 -1.008036e+01 2.633211e+00
      vertex -2.223235e+01 -1.018009e+01 2.540000e+00
      vertex -2.177108e+01 -1.036793e+01 2.540000e+00
    endloop
  endfacet
  facet normal -2.518554e-01 -2.518709e-01 9.344142e-01
    outer loop
      vertex -2.198626e+01 -1.008036e+01 2.633211e+00
      vertex -2.214380e+01 -9.922829e+00 2.633211e+00
      vertex -2.223235e+01 -1.018009e+01 2.540000e+00
    endloop
  endfacet
  facet normal -2.730631e-16 -3.786496e-01 9.255401e-01
    outer loop
      vertex -1.962782e+01 -1.013649e+01 2.634685e+00
      vertex -2.177108e+01 -1.036793e+01 2.540000e+00
      vertex -1.962782e+01 -1.036793e+01 2.540000e+00
    endloop
  endfacet
  facet normal -1.982390e-07 -3.786480e-01 9.255407e-01
    outer loop
      vertex -1.962782e+01 -1.013649e+01 2.634685e+00
      vertex -2.177108e+01 -1.013649e+01 2.634684e+00
      vertex -2.177108e+01 -1.036793e+01 2.540000e+00
    endloop
  endfacet
  facet normal -1.045347e-01 -3.765735e-01 9.204699e-01
    outer loop
      vertex -2.198626e+01 -1.008036e+01 2.633211e+00
      vertex -2.177108e+01 -1.036793e+01 2.540000e+00
      vertex -2.177108e+01 -1.013649e+01 2.634684e+00
    endloop
  endfacet
  facet normal 2.263788e-07 -4.608061e-05 1.000000e+00
    outer loop
      vertex 1.916378e+01 -1.017736e+01 2.540000e+00
      vertex -1.937621e+01 -1.031812e+01 2.540002e+00
      vertex -1.962782e+01 -1.036793e+01 2.540000e+00
    endloop
  endfacet
  facet normal 7.474206e-02 -3.775905e-01 9.229513e-01
    outer loop
      vertex -1.962782e+01 -1.013649e+01 2.634685e+00
      vertex -1.962782e+01 -1.036793e+01 2.540000e+00
      vertex -1.937621e+01 -1.031812e+01 2.540002e+00
    endloop
  endfacet
  facet normal -2.449294e-16 3.061617e-16 1.000000e+00
    outer loop
      vertex 1.962782e+01 -1.036793e+01 2.540000e+00
      vertex 1.916378e+01 -1.017736e+01 2.540000e+00
      vertex -1.962782e+01 -1.036793e+01 2.540000e+00
    endloop
  endfacet
  facet normal 3.310861e-09 1.499565e-05 1.000000e+00
    outer loop
      vertex 1.916378e+01 -1.017736e+01 2.540000e+00
      vertex -1.915537e+01 -1.016890e+01 2.540000e+00
      vertex -1.937621e+01 -1.031812e+01 2.540002e+00
    endloop
  endfacet
  facet normal 2.206217e-01 -3.265044e-01 9.190871e-01
    outer loop
      vertex -1.941262e+01 -1.008035e+01 2.633211e+00
      vertex -1.937621e+01 -1.031812e+01 2.540002e+00
      vertex -1.915537e+01 -1.016890e+01 2.540000e+00
    endloop
  endfacet
  facet normal 9.774443e-02 -3.502109e-01 9.315569e-01
    outer loop
      vertex -1.941262e+01 -1.008035e+01 2.633211e+00
      vertex -1.962782e+01 -1.013649e+01 2.634685e+00
      vertex -1.937621e+01 -1.031812e+01 2.540002e+00
    endloop
  endfacet
  facet normal -2.449294e-16 3.061617e-16 1.000000e+00
    outer loop
      vertex 1.896752e+01 -9.707629e+00 2.540000e+00
      vertex -1.896752e+01 -9.707629e+00 2.540000e+00
      vertex -1.915537e+01 -1.016890e+01 2.540000e+00
    endloop
  endfacet
  facet normal 4.164081e-01 -1.695729e-01 8.932241e-01
    outer loop
      vertex -1.925510e+01 -9.922811e+00 2.633211e+00
      vertex -1.915537e+01 -1.016890e+01 2.540000e+00
      vertex -1.896752e+01 -9.707629e+00 2.540000e+00
    endloop
  endfacet
  facet normal -3.762703e-08 3.109795e-06 1.000000e+00
    outer loop
      vertex 1.901606e+01 -9.956142e+00 2.540001e+00
      vertex 1.896752e+01 -9.707629e+00 2.540000e+00
      vertex -1.915537e+01 -1.016890e+01 2.540000e+00
    endloop
  endfacet
  facet normal -7.732796e-10 -3.502360e-06 1.000000e+00
    outer loop
      vertex 1.916378e+01 -1.017736e+01 2.540000e+00
      vertex 1.901606e+01 -9.956142e+00 2.540001e+00
      vertex -1.915537e+01 -1.016890e+01 2.540000e+00
    endloop
  endfacet
  facet normal 2.518709e-01 -2.518554e-01 9.344142e-01
    outer loop
      vertex -1.925510e+01 -9.922811e+00 2.633211e+00
      vertex -1.941262e+01 -1.008035e+01 2.633211e+00
      vertex -1.915537e+01 -1.016890e+01 2.540000e+00
    endloop
  endfacet
  facet normal -2.449294e-16 3.061617e-16 1.000000e+00
    outer loop
      vertex 1.896752e+01 3.611629e+00 2.540000e+00
      vertex -1.896752e+01 3.611629e+00 2.540000e+00
      vertex -1.896752e+01 -9.707629e+00 2.540000e+00
    endloop
  endfacet
  facet normal 3.786496e-01 2.369937e-16 9.255401e-01
    outer loop
      vertex -1.919896e+01 3.611629e+00 2.634685e+00
      vertex -1.896752e+01 -9.707629e+00 2.540000e+00
      vertex -1.896752e+01 3.611629e+00 2.540000e+00
    endloop
  endfacet
  facet normal -2.449294e-16 3.061617e-16 1.000000e+00
    outer loop
      vertex 1.896752e+01 -9.707629e+00 2.540000e+00
      vertex 1.896752e+01 3.611629e+00 2.540000e+00
      vertex -1.896752e+01 -9.707629e+00 2.540000e+00
    endloop
  endfacet
  facet normal 3.786480e-01 -3.189946e-08 9.255407e-01
    outer loop
      vertex -1.919896e+01 -9.707629e+00 2.634684e+00
      vertex -1.896752e+01 -9.707629e+00 2.540000e+00
      vertex -1.919896e+01 3.611629e+00 2.634685e+00
    endloop
  endfacet
  facet normal 3.765735e-01 -1.045347e-01 9.204699e-01
    outer loop
      vertex -1.925510e+01 -9.922811e+00 2.633211e+00
      vertex -1.896752e+01 -9.707629e+00 2.540000e+00
      vertex -1.919896e+01 -9.707629e+00 2.634684e+00
    endloop
  endfacet
  facet normal 1.080176e-07 -8.874656e-06 1.000000e+00
    outer loop
      vertex 1.915809e+01 4.075672e+00 2.540000e+00
      vertex -1.901733e+01 3.863242e+00 2.540002e+00
      vertex -1.896752e+01 3.611629e+00 2.540000e+00
    endloop
  endfacet
  facet normal 3.775905e-01 7.474206e-02 9.229513e-01
    outer loop
      vertex -1.919896e+01 3.611629e+00 2.634685e+00
      vertex -1.896752e+01 3.611629e+00 2.540000e+00
      vertex -1.901733e+01 3.863242e+00 2.540002e+00
    endloop
  endfacet
  facet normal -2.449294e-16 3.061617e-16 1.000000e+00
    outer loop
      vertex 1.896752e+01 3.611629e+00 2.540000e+00
      vertex 1.915809e+01 4.075672e+00 2.540000e+00
      vertex -1.896752e+01 3.611629e+00 2.540000e+00
    endloop
  endfacet
  facet normal 2.225330e-09 1.013707e-05 1.000000e+00
    outer loop
      vertex 1.915809e+01 4.075672e+00 2.540000e+00
      vertex -1.916656e+01 4.084086e+00 2.540000e+00
      vertex -1.901733e+01 3.863242e+00 2.540002e+00
    endloop
  endfacet
  facet normal 3.265044e-01 2.206217e-01 9.190871e-01
    outer loop
      vertex -1.925511e+01 3.826829e+00 2.633211e+00
      vertex -1.901733e+01 3.863242e+00 2.540002e+00
      vertex -1.916656e+01 4.084086e+00 2.540000e+00
    endloop
  endfacet
  facet normal 3.502109e-01 9.774443e-02 9.315569e-01
    outer loop
      vertex -1.925511e+01 3.826829e+00 2.633211e+00
      vertex -1.919896e+01 3.611629e+00 2.634685e+00
      vertex -1.901733e+01 3.863242e+00 2.540002e+00
    endloop
  endfacet
  facet normal -2.449294e-16 3.061617e-16 1.000000e+00
    outer loop
      vertex 1.962782e+01 4.271926e+00 2.540000e+00
      vertex -1.962782e+01 4.271926e+00 2.540000e+00
      vertex -1.916656e+01 4.084086e+00 2.540000e+00
    endloop
  endfacet
  facet normal 1.695729e-01 4.164081e-01 8.932241e-01
    outer loop
      vertex -1.941264e+01 3.984356e+00 2.633211e+00
      vertex -1.916656e+01 4.084086e+00 2.540000e+00
      vertex -1.962782e+01 4.271926e+00 2.540000e+00
    endloop
  endfacet
  facet normal -7.923567e-08 1.636433e-05 1.000000e+00
    outer loop
      vertex 1.937931e+01 4.223386e+00 2.540001e+00
      vertex 1.962782e+01 4.271926e+00 2.540000e+00
      vertex -1.916656e+01 4.084086e+00 2.540000e+00
    endloop
  endfacet
  facet normal -1.150880e-09 -5.242614e-06 1.000000e+00
    outer loop
      vertex 1.915809e+01 4.075672e+00 2.540000e+00
      vertex 1.937931e+01 4.223386e+00 2.540001e+00
      vertex -1.916656e+01 4.084086e+00 2.540000e+00
    endloop
  endfacet
  facet normal 2.518554e-01 2.518709e-01 9.344142e-01
    outer loop
      vertex -1.941264e+01 3.984356e+00 2.633211e+00
      vertex -1.925511e+01 3.826829e+00 2.633211e+00
      vertex -1.916656e+01 4.084086e+00 2.540000e+00
    endloop
  endfacet
  facet normal -2.449294e-16 3.061617e-16 1.000000e+00
    outer loop
      vertex 1.962782e+01 4.271926e+00 2.540000e+00
      vertex 3.788561e+01 2.006127e+01 2.540000e+00
      vertex -1.962782e+01 4.271926e+00 2.540000e+00
    endloop
  endfacet
  facet normal -1.303646e-03 3.786477e-01 9.255400e-01
    outer loop
      vertex -1.962782e+01 4.040487e+00 2.634684e+00
      vertex -1.962782e+01 4.271926e+00 2.540000e+00
      vertex -3.816859e+01 4.124903e+00 2.574034e+00
    endloop
  endfacet
  facet normal 1.045347e-01 3.765735e-01 9.204699e-01
    outer loop
      vertex -1.941264e+01 3.984356e+00 2.633211e+00
      vertex -1.962782e+01 4.271926e+00 2.540000e+00
      vertex -1.962782e+01 4.040487e+00 2.634684e+00
    endloop
  endfacet
  facet normal -2.449294e-16 3.061617e-16 1.000000e+00
    outer loop
      vertex 1.962782e+01 4.271926e+00 2.540000e+00
      vertex 3.788561e+01 4.271926e+00 2.540000e+00
      vertex 3.788561e+01 2.006127e+01 2.540000e+00
    endloop
  endfacet
  facet normal -1.916265e-01 3.239553e-16 9.814679e-01
    outer loop
      vertex 3.800982e+01 4.271926e+00 2.564250e+00
      vertex 3.788561e+01 2.006127e+01 2.540000e+00
      vertex 3.788561e+01 4.271926e+00 2.540000e+00
    endloop
  endfacet
  facet normal -1.916265e-01 4.116001e-16 9.814679e-01
    outer loop
      vertex 3.800982e+01 4.271926e+00 2.564250e+00
      vertex 3.800982e+01 2.006127e+01 2.564250e+00
      vertex 3.788561e+01 2.006127e+01 2.540000e+00
    endloop
  endfacet
  facet normal -1.798557e-01 -3.450770e-01 9.211807e-01
    outer loop
      vertex 3.804703e+01 2.022388e+01 2.632429e+00
      vertex 3.788561e+01 2.006127e+01 2.540000e+00
      vertex 3.800982e+01 2.006127e+01 2.564250e+00
    endloop
  endfacet
  facet normal -3.441989e-01 -1.818946e-01 9.211089e-01
    outer loop
      vertex 3.804703e+01 2.022388e+01 2.632429e+00
      vertex 3.788561e+01 2.018679e+01 2.564786e+00
      vertex 3.788561e+01 2.006127e+01 2.540000e+00
    endloop
  endfacet
  facet normal -1.803211e-16 3.786479e-01 9.255409e-01
    outer loop
      vertex 1.962782e+01 4.040487e+00 2.634684e+00
      vertex 3.788561e+01 4.271926e+00 2.540000e+00
      vertex 1.962782e+01 4.271926e+00 2.540000e+00
    endloop
  endfacet
  facet normal 2.631915e-03 1.937315e-01 9.810510e-01
    outer loop
      vertex 1.962782e+01 4.040487e+00 2.634684e+00
      vertex 3.788561e+01 4.146410e+00 2.564786e+00
      vertex 3.788561e+01 4.271926e+00 2.540000e+00
    endloop
  endfacet
  facet normal -3.441989e-01 1.818946e-01 9.211089e-01
    outer loop
      vertex 3.804703e+01 4.109321e+00 2.632429e+00
      vertex 3.788561e+01 4.271926e+00 2.540000e+00
      vertex 3.788561e+01 4.146410e+00 2.564786e+00
    endloop
  endfacet
  facet normal -1.444461e-14 1.000000e+00 7.430317e-14
    outer loop
      vertex 3.800982e+01 4.271926e+00 2.564250e+00
      vertex 3.788561e+01 4.271926e+00 2.540000e+00
      vertex 3.814534e+01 4.271926e+00 2.666303e+00
    endloop
  endfacet
  facet normal -4.360318e-01 7.682768e-02 8.966458e-01
    outer loop
      vertex 3.804703e+01 4.109321e+00 2.632429e+00
      vertex 3.814534e+01 4.271926e+00 2.666303e+00
      vertex 3.788561e+01 4.271926e+00 2.540000e+00
    endloop
  endfacet
  facet normal -7.375545e-02 3.776165e-01 9.230200e-01
    outer loop
      vertex 1.962782e+01 4.040487e+00 2.634684e+00
      vertex 1.962782e+01 4.271926e+00 2.540000e+00
      vertex 1.937931e+01 4.223386e+00 2.540001e+00
    endloop
  endfacet
  facet normal -2.189178e-01 3.278450e-01 9.190172e-01
    outer loop
      vertex 1.941263e+01 3.984347e+00 2.633211e+00
      vertex 1.937931e+01 4.223386e+00 2.540001e+00
      vertex 1.915809e+01 4.075672e+00 2.540000e+00
    endloop
  endfacet
  facet normal -9.761380e-02 3.497207e-01 9.317548e-01
    outer loop
      vertex 1.941263e+01 3.984347e+00 2.633211e+00
      vertex 1.962782e+01 4.040487e+00 2.634684e+00
      vertex 1.937931e+01 4.223386e+00 2.540001e+00
    endloop
  endfacet
  facet normal -4.175410e-01 1.714724e-01 8.923322e-01
    outer loop
      vertex 1.925510e+01 3.826813e+00 2.633212e+00
      vertex 1.915809e+01 4.075672e+00 2.540000e+00
      vertex 1.896752e+01 3.611629e+00 2.540000e+00
    endloop
  endfacet
  facet normal -2.518350e-01 2.518326e-01 9.344300e-01
    outer loop
      vertex 1.925510e+01 3.826813e+00 2.633212e+00
      vertex 1.941263e+01 3.984347e+00 2.633211e+00
      vertex 1.915809e+01 4.075672e+00 2.540000e+00
    endloop
  endfacet
  facet normal -3.786479e-01 3.297362e-16 9.255409e-01
    outer loop
      vertex 1.919896e+01 -9.707629e+00 2.634684e+00
      vertex 1.896752e+01 3.611629e+00 2.540000e+00
      vertex 1.896752e+01 -9.707629e+00 2.540000e+00
    endloop
  endfacet
  facet normal -3.786496e-01 -3.520801e-08 9.255401e-01
    outer loop
      vertex 1.919896e+01 -9.707629e+00 2.634684e+00
      vertex 1.919896e+01 3.611629e+00 2.634685e+00
      vertex 1.896752e+01 3.611629e+00 2.540000e+00
    endloop
  endfacet
  facet normal -3.765750e-01 1.045368e-01 9.204691e-01
    outer loop
      vertex 1.925510e+01 3.826813e+00 2.633212e+00
      vertex 1.896752e+01 3.611629e+00 2.540000e+00
      vertex 1.919896e+01 3.611629e+00 2.634685e+00
    endloop
  endfacet
  facet normal -3.776165e-01 -7.375545e-02 9.230200e-01
    outer loop
      vertex 1.919896e+01 -9.707629e+00 2.634684e+00
      vertex 1.896752e+01 -9.707629e+00 2.540000e+00
      vertex 1.901606e+01 -9.956142e+00 2.540001e+00
    endloop
  endfacet
  facet normal -3.278450e-01 -2.189178e-01 9.190172e-01
    outer loop
      vertex 1.925510e+01 -9.922823e+00 2.633211e+00
      vertex 1.901606e+01 -9.956142e+00 2.540001e+00
      vertex 1.916378e+01 -1.017736e+01 2.540000e+00
    endloop
  endfacet
  facet normal -3.497207e-01 -9.761380e-02 9.317548e-01
    outer loop
      vertex 1.925510e+01 -9.922823e+00 2.633211e+00
      vertex 1.919896e+01 -9.707629e+00 2.634684e+00
      vertex 1.901606e+01 -9.956142e+00 2.540001e+00
    endloop
  endfacet
  facet normal -1.714724e-01 -4.175410e-01 8.923322e-01
    outer loop
      vertex 1.941264e+01 -1.008035e+01 2.633212e+00
      vertex 1.916378e+01 -1.017736e+01 2.540000e+00
      vertex 1.962782e+01 -1.036793e+01 2.540000e+00
    endloop
  endfacet
  facet normal -2.518326e-01 -2.518350e-01 9.344300e-01
    outer loop
      vertex 1.941264e+01 -1.008035e+01 2.633212e+00
      vertex 1.925510e+01 -9.922823e+00 2.633211e+00
      vertex 1.916378e+01 -1.017736e+01 2.540000e+00
    endloop
  endfacet
  facet normal -2.730631e-16 -3.786479e-01 9.255409e-01
    outer loop
      vertex 2.177108e+01 -1.013649e+01 2.634684e+00
      vertex 1.962782e+01 -1.036793e+01 2.540000e+00
      vertex 2.177108e+01 -1.036793e+01 2.540000e+00
    endloop
  endfacet
  facet normal 2.188000e-07 -3.786496e-01 9.255401e-01
    outer loop
      vertex 2.177108e+01 -1.013649e+01 2.634684e+00
      vertex 1.962782e+01 -1.013649e+01 2.634685e+00
      vertex 1.962782e+01 -1.036793e+01 2.540000e+00
    endloop
  endfacet
  facet normal -1.045368e-01 -3.765750e-01 9.204691e-01
    outer loop
      vertex 1.941264e+01 -1.008035e+01 2.633212e+00
      vertex 1.962782e+01 -1.036793e+01 2.540000e+00
      vertex 1.962782e+01 -1.013649e+01 2.634685e+00
    endloop
  endfacet
  facet normal 7.375545e-02 -3.776165e-01 9.230200e-01
    outer loop
      vertex 2.177108e+01 -1.013649e+01 2.634684e+00
      vertex 2.177108e+01 -1.036793e+01 2.540000e+00
      vertex 2.201960e+01 -1.031939e+01 2.540001e+00
    endloop
  endfacet
  facet normal 2.696055e-06 1.206744e-06 1.000000e+00
    outer loop
      vertex 3.788561e+01 -4.512462e+01 2.540000e+00
      vertex 2.224081e+01 -1.017168e+01 2.540000e+00
      vertex 2.201960e+01 -1.031939e+01 2.540001e+00
    endloop
  endfacet
  facet normal 2.189178e-01 -3.278450e-01 9.190172e-01
    outer loop
      vertex 2.198627e+01 -1.008035e+01 2.633211e+00
      vertex 2.201960e+01 -1.031939e+01 2.540001e+00
      vertex 2.224081e+01 -1.017168e+01 2.540000e+00
    endloop
  endfacet
  facet normal 9.761380e-02 -3.497207e-01 9.317548e-01
    outer loop
      vertex 2.198627e+01 -1.008035e+01 2.633211e+00
      vertex 2.177108e+01 -1.013649e+01 2.634684e+00
      vertex 2.201960e+01 -1.031939e+01 2.540001e+00
    endloop
  endfacet
  facet normal -2.449294e-16 3.061617e-16 1.000000e+00
    outer loop
      vertex 3.788561e+01 2.078071e+00 2.540000e+00
      vertex 2.243138e+01 -9.707629e+00 2.540000e+00
      vertex 2.224081e+01 -1.017168e+01 2.540000e+00
    endloop
  endfacet
  facet normal 4.175410e-01 -1.714724e-01 8.923322e-01
    outer loop
      vertex 2.214380e+01 -9.922817e+00 2.633212e+00
      vertex 2.224081e+01 -1.017168e+01 2.540000e+00
      vertex 2.243138e+01 -9.707629e+00 2.540000e+00
    endloop
  endfacet
  facet normal -2.449294e-16 3.061617e-16 1.000000e+00
    outer loop
      vertex 3.788561e+01 -4.512462e+01 2.540000e+00
      vertex 3.788561e+01 2.078071e+00 2.540000e+00
      vertex 2.224081e+01 -1.017168e+01 2.540000e+00
    endloop
  endfacet
  facet normal 2.518350e-01 -2.518326e-01 9.344300e-01
    outer loop
      vertex 2.214380e+01 -9.922817e+00 2.633212e+00
      vertex 2.198627e+01 -1.008035e+01 2.633211e+00
      vertex 2.224081e+01 -1.017168e+01 2.540000e+00
    endloop
  endfacet
  facet normal -2.449294e-16 3.061617e-16 1.000000e+00
    outer loop
      vertex 3.788561e+01 2.078071e+00 2.540000e+00
      vertex 2.243138e+01 2.078071e+00 2.540000e+00
      vertex 2.243138e+01 -9.707629e+00 2.540000e+00
    endloop
  endfacet
  facet normal 1.937811e-01 9.111852e-17 9.810448e-01
    outer loop
      vertex 2.230583e+01 2.078071e+00 2.564798e+00
      vertex 2.243138e+01 -9.707629e+00 2.540000e+00
      vertex 2.243138e+01 2.078071e+00 2.540000e+00
    endloop
  endfacet
  facet normal 3.786487e-01 2.086098e-03 9.255381e-01
    outer loop
      vertex 2.230583e+01 2.078071e+00 2.564798e+00
      vertex 2.219994e+01 -9.707629e+00 2.634685e+00
      vertex 2.243138e+01 -9.707629e+00 2.540000e+00
    endloop
  endfacet
  facet normal 3.765750e-01 -1.045368e-01 9.204691e-01
    outer loop
      vertex 2.214380e+01 -9.922817e+00 2.633212e+00
      vertex 2.243138e+01 -9.707629e+00 2.540000e+00
      vertex 2.219994e+01 -9.707629e+00 2.634685e+00
    endloop
  endfacet
  facet normal -2.637511e-16 -1.902001e-01 9.817454e-01
    outer loop
      vertex 3.788561e+01 2.201386e+00 2.563891e+00
      vertex 2.243138e+01 2.078071e+00 2.540000e+00
      vertex 3.788561e+01 2.078071e+00 2.540000e+00
    endloop
  endfacet
  facet normal 2.965746e-05 -1.937811e-01 9.810448e-01
    outer loop
      vertex 3.788561e+01 2.201386e+00 2.563891e+00
      vertex 2.243138e+01 2.203620e+00 2.564798e+00
      vertex 2.243138e+01 2.078071e+00 2.540000e+00
    endloop
  endfacet
  facet normal 3.477493e-01 -1.816868e-01 9.198154e-01
    outer loop
      vertex 2.226833e+01 2.241121e+00 2.633850e+00
      vertex 2.243138e+01 2.078071e+00 2.540000e+00
      vertex 2.243138e+01 2.203620e+00 2.564798e+00
    endloop
  endfacet
  facet normal -1.224647e-16 -1.000000e+00 3.061617e-16
    outer loop
      vertex 2.230583e+01 2.078071e+00 2.564798e+00
      vertex 2.243138e+01 2.078071e+00 2.540000e+00
      vertex 2.216945e+01 2.078071e+00 2.669140e+00
    endloop
  endfacet
  facet normal 4.410017e-01 -7.384206e-02 8.944635e-01
    outer loop
      vertex 2.226833e+01 2.241121e+00 2.633850e+00
      vertex 2.216945e+01 2.078071e+00 2.669140e+00
      vertex 2.243138e+01 2.078071e+00 2.540000e+00
    endloop
  endfacet
  facet normal -3.746066e-01 3.297443e-16 9.271839e-01
    outer loop
      vertex 3.811499e+01 -4.512462e+01 2.632674e+00
      vertex 3.788561e+01 2.078071e+00 2.540000e+00
      vertex 3.788561e+01 -4.512462e+01 2.540000e+00
    endloop
  endfacet
  facet normal -3.746066e-01 3.297443e-16 9.271839e-01
    outer loop
      vertex 3.811499e+01 -4.512462e+01 2.632674e+00
      vertex 3.811499e+01 2.078071e+00 2.632674e+00
      vertex 3.788561e+01 2.078071e+00 2.540000e+00
    endloop
  endfacet
  facet normal -3.505085e-01 -3.528740e-01 8.675389e-01
    outer loop
      vertex 3.804987e+01 2.308559e+00 2.700113e+00
      vertex 3.788561e+01 2.078071e+00 2.540000e+00
      vertex 3.811499e+01 2.078071e+00 2.632674e+00
    endloop
  endfacet
  facet normal -5.679866e-01 -1.565419e-01 8.080136e-01
    outer loop
      vertex 3.804987e+01 2.308559e+00 2.700113e+00
      vertex 3.788561e+01 2.201386e+00 2.563891e+00
      vertex 3.788561e+01 2.078071e+00 2.540000e+00
    endloop
  endfacet
  facet normal -1.639651e-16 3.746066e-01 9.271839e-01
    outer loop
      vertex -3.788561e+01 -4.535399e+01 2.632674e+00
      vertex 3.788561e+01 -4.535399e+01 2.632674e+00
      vertex 3.788561e+01 -4.512462e+01 2.540000e+00
    endloop
  endfacet
  facet normal -1.480206e-01 3.704800e-01 9.169703e-01
    outer loop
      vertex 3.804659e+01 -4.528559e+01 2.631024e+00
      vertex 3.788561e+01 -4.512462e+01 2.540000e+00
      vertex 3.788561e+01 -4.535399e+01 2.632674e+00
    endloop
  endfacet
  facet normal -1.550616e-13 1.000000e+00 1.403567e-13
    outer loop
      vertex 3.811499e+01 -4.512462e+01 2.632674e+00
      vertex 3.788561e+01 -4.512462e+01 2.540000e+00
      vertex 3.814446e+01 -4.512462e+01 2.665188e+00
    endloop
  endfacet
  facet normal -4.342123e-01 7.345459e-02 8.978107e-01
    outer loop
      vertex 3.804659e+01 -4.528559e+01 2.631024e+00
      vertex 3.814446e+01 -4.512462e+01 2.665188e+00
      vertex 3.788561e+01 -4.512462e+01 2.540000e+00
    endloop
  endfacet
  facet normal -9.993908e-01 1.330750e-16 3.489950e-02
    outer loop
      vertex -1.143000e+00 2.401916e+01 4.064000e+00
      vertex -1.196219e+00 2.366807e+01 2.540000e+00
      vertex -1.196219e+00 2.225513e+01 2.540000e+00
    endloop
  endfacet
  facet normal -9.993908e-01 -1.797630e-15 3.489950e-02
    outer loop
      vertex -1.192914e+00 2.202372e+01 2.634652e+00
      vertex -1.143000e+00 2.401916e+01 4.064000e+00
      vertex -1.196219e+00 2.225513e+01 2.540000e+00
    endloop
  endfacet
  facet normal -6.534285e-04 3.785746e-01 9.255706e-01
    outer loop
      vertex -1.192914e+00 2.202372e+01 2.634652e+00
      vertex -1.196219e+00 2.225513e+01 2.540000e+00
      vertex -3.816859e+01 2.210810e+01 2.574034e+00
    endloop
  endfacet
  facet normal -9.993908e-01 3.174658e-15 3.489950e-02
    outer loop
      vertex -1.192914e+00 2.389948e+01 2.634652e+00
      vertex -1.196219e+00 2.366807e+01 2.540000e+00
      vertex -1.143000e+00 2.401916e+01 4.064000e+00
    endloop
  endfacet
  facet normal -2.449294e-16 3.061617e-16 1.000000e+00
    outer loop
      vertex 1.196219e+00 2.225513e+01 2.540000e+00
      vertex 3.788561e+01 2.366807e+01 2.540000e+00
      vertex 1.196219e+00 2.366807e+01 2.540000e+00
    endloop
  endfacet
  facet normal -2.637511e-16 -1.902001e-01 9.817454e-01
    outer loop
      vertex 3.788561e+01 2.379139e+01 2.563891e+00
      vertex 1.196219e+00 2.366807e+01 2.540000e+00
      vertex 3.788561e+01 2.366807e+01 2.540000e+00
    endloop
  endfacet
  facet normal 9.993908e-01 -1.117052e-16 3.489950e-02
    outer loop
      vertex 1.143000e+00 2.190404e+01 4.064000e+00
      vertex 1.196219e+00 2.225513e+01 2.540000e+00
      vertex 1.196219e+00 2.366807e+01 2.540000e+00
    endloop
  endfacet
  facet normal 9.993908e-01 1.675012e-15 3.489950e-02
    outer loop
      vertex 1.192914e+00 2.389948e+01 2.634652e+00
      vertex 1.143000e+00 2.190404e+01 4.064000e+00
      vertex 1.196219e+00 2.366807e+01 2.540000e+00
    endloop
  endfacet
  facet normal 1.204897e-05 -3.785825e-01 9.255676e-01
    outer loop
      vertex 3.788561e+01 2.389864e+01 2.633831e+00
      vertex 1.192914e+00 2.389948e+01 2.634652e+00
      vertex 1.196219e+00 2.366807e+01 2.540000e+00
    endloop
  endfacet
  facet normal 1.290467e-03 -5.462275e-01 8.376359e-01
    outer loop
      vertex 3.788561e+01 2.379139e+01 2.563891e+00
      vertex 3.788561e+01 2.389864e+01 2.633831e+00
      vertex 1.196219e+00 2.366807e+01 2.540000e+00
    endloop
  endfacet
  facet normal -2.449294e-16 3.061617e-16 1.000000e+00
    outer loop
      vertex 1.196219e+00 2.225513e+01 2.540000e+00
      vertex 3.788561e+01 2.225513e+01 2.540000e+00
      vertex 3.788561e+01 2.366807e+01 2.540000e+00
    endloop
  endfacet
  facet normal -1.916265e-01 -1.207195e-15 9.814679e-01
    outer loop
      vertex 3.800982e+01 2.225513e+01 2.564250e+00
      vertex 3.788561e+01 2.366807e+01 2.540000e+00
      vertex 3.788561e+01 2.225513e+01 2.540000e+00
    endloop
  endfacet
  facet normal -5.679866e-01 -1.565419e-01 8.080136e-01
    outer loop
      vertex 3.804987e+01 2.389856e+01 2.700113e+00
      vertex 3.788561e+01 2.379139e+01 2.563891e+00
      vertex 3.788561e+01 2.366807e+01 2.540000e+00
    endloop
  endfacet
  facet normal -3.745524e-01 -1.701408e-02 9.270496e-01
    outer loop
      vertex 3.800982e+01 2.225513e+01 2.564250e+00
      vertex 3.811499e+01 2.366807e+01 2.632674e+00
      vertex 3.788561e+01 2.366807e+01 2.540000e+00
    endloop
  endfacet
  facet normal -3.505085e-01 -3.528740e-01 8.675389e-01
    outer loop
      vertex 3.804987e+01 2.389856e+01 2.700113e+00
      vertex 3.788561e+01 2.366807e+01 2.540000e+00
      vertex 3.811499e+01 2.366807e+01 2.632674e+00
    endloop
  endfacet
  facet normal -1.803356e-16 3.785827e-01 9.255675e-01
    outer loop
      vertex 1.192914e+00 2.202372e+01 2.634652e+00
      vertex 3.788561e+01 2.225513e+01 2.540000e+00
      vertex 1.196219e+00 2.225513e+01 2.540000e+00
    endloop
  endfacet
  facet normal 1.308912e-03 1.937320e-01 9.810535e-01
    outer loop
      vertex 1.192914e+00 2.202372e+01 2.634652e+00
      vertex 3.788561e+01 2.212961e+01 2.564786e+00
      vertex 3.788561e+01 2.225513e+01 2.540000e+00
    endloop
  endfacet
  facet normal -3.441989e-01 1.818946e-01 9.211089e-01
    outer loop
      vertex 3.804703e+01 2.209252e+01 2.632429e+00
      vertex 3.788561e+01 2.225513e+01 2.540000e+00
      vertex 3.788561e+01 2.212961e+01 2.564786e+00
    endloop
  endfacet
  facet normal -9.031440e-14 1.000000e+00 2.303201e-13
    outer loop
      vertex 3.800982e+01 2.225513e+01 2.564250e+00
      vertex 3.788561e+01 2.225513e+01 2.540000e+00
      vertex 3.814534e+01 2.225513e+01 2.666303e+00
    endloop
  endfacet
  facet normal -4.360318e-01 7.682768e-02 8.966458e-01
    outer loop
      vertex 3.804703e+01 2.209252e+01 2.632429e+00
      vertex 3.814534e+01 2.225513e+01 2.666303e+00
      vertex 3.788561e+01 2.225513e+01 2.540000e+00
    endloop
  endfacet
  facet normal 9.993908e-01 -3.252452e-15 3.489950e-02
    outer loop
      vertex 1.192914e+00 2.202372e+01 2.634652e+00
      vertex 1.196219e+00 2.225513e+01 2.540000e+00
      vertex 1.143000e+00 2.190404e+01 4.064000e+00
    endloop
  endfacet
  facet normal -7.813474e-01 1.231256e-08 -6.240964e-01
    outer loop
      vertex -3.977631e+01 4.718362e+01 8.714736e-01
      vertex -3.977632e+01 -4.718362e+01 8.714796e-01
      vertex -4.032074e+01 -4.720172e+01 1.553082e+00
    endloop
  endfacet
  facet normal -7.236769e-01 -3.618992e-01 -5.876399e-01
    outer loop
      vertex -4.011256e+01 -4.772999e+01 1.622045e+00
      vertex -4.032074e+01 -4.720172e+01 1.553082e+00
      vertex -3.977632e+01 -4.718362e+01 8.714796e-01
    endloop
  endfacet
  facet normal -7.813488e-01 3.406155e-08 -6.240945e-01
    outer loop
      vertex -4.032076e+01 4.720172e+01 1.553102e+00
      vertex -3.977631e+01 4.718362e+01 8.714736e-01
      vertex -4.032074e+01 -4.720172e+01 1.553082e+00
    endloop
  endfacet
  facet normal -8.810413e-01 -3.833747e-01 -2.771102e-01
    outer loop
      vertex -4.054095e+01 -4.777998e+01 3.053201e+00
      vertex -4.032074e+01 -4.720172e+01 1.553082e+00
      vertex -4.011256e+01 -4.772999e+01 1.622045e+00
    endloop
  endfacet
  facet normal -5.830625e-01 -1.219720e-08 -8.124273e-01
    outer loop
      vertex -3.977631e+01 4.718362e+01 8.714736e-01
      vertex -3.907423e+01 -4.717025e+01 3.676049e-01
      vertex -3.977632e+01 -4.718362e+01 8.714796e-01
    endloop
  endfacet
  facet normal -5.410735e-01 -3.530278e-01 -7.632895e-01
    outer loop
      vertex -3.903725e+01 -4.769372e+01 5.835006e-01
      vertex -3.977632e+01 -4.718362e+01 8.714796e-01
      vertex -3.907423e+01 -4.717025e+01 3.676049e-01
    endloop
  endfacet
  facet normal -5.920690e-01 -5.018505e-01 -6.305556e-01
    outer loop
      vertex -4.011256e+01 -4.772999e+01 1.622045e+00
      vertex -3.977632e+01 -4.718362e+01 8.714796e-01
      vertex -3.903725e+01 -4.769372e+01 5.835006e-01
    endloop
  endfacet
  facet normal -5.830566e-01 5.437440e-08 -8.124315e-01
    outer loop
      vertex -3.977631e+01 4.718362e+01 8.714736e-01
      vertex -3.907420e+01 4.717025e+01 3.675875e-01
      vertex -3.907423e+01 -4.717025e+01 3.676049e-01
    endloop
  endfacet
  facet normal -5.410698e-01 3.530202e-01 -7.632956e-01
    outer loop
      vertex -3.903726e+01 4.769372e+01 5.835044e-01
      vertex -3.907420e+01 4.717025e+01 3.675875e-01
      vertex -3.977631e+01 4.718362e+01 8.714736e-01
    endloop
  endfacet
  facet normal -2.304087e-01 3.849017e-01 -8.937352e-01
    outer loop
      vertex -3.759127e+01 4.768051e+01 2.050353e-01
      vertex -3.907420e+01 4.717025e+01 3.675875e-01
      vertex -3.903726e+01 4.769372e+01 5.835044e-01
    endloop
  endfacet
  facet normal -7.236795e-01 3.618956e-01 -5.876390e-01
    outer loop
      vertex -4.011257e+01 4.772999e+01 1.622052e+00
      vertex -3.977631e+01 4.718362e+01 8.714736e-01
      vertex -4.032076e+01 4.720172e+01 1.553102e+00
    endloop
  endfacet
  facet normal -5.920703e-01 5.018505e-01 -6.305544e-01
    outer loop
      vertex -3.903726e+01 4.769372e+01 5.835044e-01
      vertex -3.977631e+01 4.718362e+01 8.714736e-01
      vertex -4.011257e+01 4.772999e+01 1.622052e+00
    endloop
  endfacet
  facet normal 5.884514e-01 7.974565e-09 -8.085326e-01
    outer loop
      vertex 3.979248e+01 4.718403e+01 8.869235e-01
      vertex 3.979248e+01 -4.718404e+01 8.869197e-01
      vertex 3.909177e+01 -4.717050e+01 3.769392e-01
    endloop
  endfacet
  facet normal 5.453172e-01 -3.563280e-01 -7.587222e-01
    outer loop
      vertex 3.903733e+01 -4.769372e+01 5.835422e-01
      vertex 3.909177e+01 -4.717050e+01 3.769392e-01
      vertex 3.979248e+01 -4.718404e+01 8.869197e-01
    endloop
  endfacet
  facet normal 5.884489e-01 3.650844e-08 -8.085344e-01
    outer loop
      vertex 3.909175e+01 4.717050e+01 3.769271e-01
      vertex 3.979248e+01 4.718403e+01 8.869235e-01
      vertex 3.909177e+01 -4.717050e+01 3.769392e-01
    endloop
  endfacet
  facet normal 2.283399e-01 -3.780282e-01 -8.971931e-01
    outer loop
      vertex 3.759127e+01 -4.768981e+01 2.138670e-01
      vertex 3.909177e+01 -4.717050e+01 3.769392e-01
      vertex 3.903733e+01 -4.769372e+01 5.835422e-01
    endloop
  endfacet
  facet normal 7.855278e-01 -8.008715e-09 -6.188263e-01
    outer loop
      vertex 3.979248e+01 4.718403e+01 8.869235e-01
      vertex 4.033109e+01 -4.720218e+01 1.570620e+00
      vertex 3.979248e+01 -4.718404e+01 8.869197e-01
    endloop
  endfacet
  facet normal 7.286466e-01 -3.585541e-01 -5.835350e-01
    outer loop
      vertex 4.011261e+01 -4.772999e+01 1.622126e+00
      vertex 3.979248e+01 -4.718404e+01 8.869197e-01
      vertex 4.033109e+01 -4.720218e+01 1.570620e+00
    endloop
  endfacet
  facet normal 5.920671e-01 -5.019048e-01 -6.305143e-01
    outer loop
      vertex 3.903733e+01 -4.769372e+01 5.835422e-01
      vertex 3.979248e+01 -4.718404e+01 8.869197e-01
      vertex 4.011261e+01 -4.772999e+01 1.622126e+00
    endloop
  endfacet
  facet normal 7.855318e-01 5.249726e-08 -6.188212e-01
    outer loop
      vertex 3.979248e+01 4.718403e+01 8.869235e-01
      vertex 4.033111e+01 4.720219e+01 1.570651e+00
      vertex 4.033109e+01 -4.720218e+01 1.570620e+00
    endloop
  endfacet
  facet normal 7.286528e-01 3.585468e-01 -5.835319e-01
    outer loop
      vertex 4.011261e+01 4.772999e+01 1.622120e+00
      vertex 4.033111e+01 4.720219e+01 1.570651e+00
      vertex 3.979248e+01 4.718403e+01 8.869235e-01
    endloop
  endfacet
  facet normal 8.781175e-01 3.904787e-01 -2.764707e-01
    outer loop
      vertex 4.054095e+01 4.777997e+01 3.053201e+00
      vertex 4.033111e+01 4.720219e+01 1.570651e+00
      vertex 4.011261e+01 4.772999e+01 1.622120e+00
    endloop
  endfacet
  facet normal 5.453158e-01 3.563241e-01 -7.587251e-01
    outer loop
      vertex 3.903733e+01 4.769372e+01 5.835384e-01
      vertex 3.979248e+01 4.718403e+01 8.869235e-01
      vertex 3.909175e+01 4.717050e+01 3.769271e-01
    endloop
  endfacet
  facet normal 5.920658e-01 5.019048e-01 -6.305154e-01
    outer loop
      vertex 4.011261e+01 4.772999e+01 1.622120e+00
      vertex 3.979248e+01 4.718403e+01 8.869235e-01
      vertex 3.903733e+01 4.769372e+01 5.835384e-01
    endloop
  endfacet
  facet normal 2.577293e-13 -1.000000e+00 2.321935e-13
    outer loop
      vertex 3.928869e+01 -4.323050e+01 1.800975e+01
      vertex 3.942421e+01 -4.323050e+01 1.790770e+01
      vertex 3.939470e+01 -4.323050e+01 1.794051e+01
    endloop
  endfacet
  facet normal 8.012643e-01 3.650922e-01 4.740075e-01
    outer loop
      vertex 3.932874e+01 -3.629501e+01 1.787389e+01
      vertex 3.939386e+01 -3.652549e+01 1.794133e+01
      vertex 3.947000e+01 -3.640089e+01 1.771664e+01
    endloop
  endfacet
  facet normal -8.212749e-01 -4.148099e-01 3.917143e-01
    outer loop
      vertex -3.932595e+01 -4.339307e+01 1.794157e+01
      vertex -3.942421e+01 -4.323050e+01 1.790770e+01
      vertex -3.939776e+01 -4.346388e+01 1.771602e+01
    endloop
  endfacet
  facet normal 3.100837e-01 9.489449e-01 5.789373e-02
    outer loop
      vertex -3.908600e+01 4.790167e+01 2.110109e+00
      vertex -3.918481e+01 4.793361e+01 2.115734e+00
      vertex -3.902471e+01 4.786147e+01 2.440637e+00
    endloop
  endfacet
  facet normal 5.242304e-01 8.433265e-01 1.182493e-01
    outer loop
      vertex -3.878810e+01 4.771626e+01 2.427315e+00
      vertex -3.902471e+01 4.786147e+01 2.440637e+00
      vertex -3.887917e+01 4.773473e+01 2.699292e+00
    endloop
  endfacet
  facet normal 5.233305e-01 8.521045e-01 6.575777e-03
    outer loop
      vertex -3.878810e+01 4.771626e+01 2.427315e+00
      vertex -3.908600e+01 4.790167e+01 2.110109e+00
      vertex -3.902471e+01 4.786147e+01 2.440637e+00
    endloop
  endfacet
  facet normal -5.357425e-06 6.965807e-01 7.174785e-01
    outer loop
      vertex 3.844772e+01 4.757627e+01 2.438307e+00
      vertex -3.886519e+01 4.784562e+01 2.176229e+00
      vertex -3.844635e+01 4.757482e+01 2.439139e+00
    endloop
  endfacet
  facet normal 3.491697e-01 8.723317e-01 3.422249e-01
    outer loop
      vertex -3.878810e+01 4.771626e+01 2.427315e+00
      vertex -3.844635e+01 4.757482e+01 2.439139e+00
      vertex -3.886519e+01 4.784562e+01 2.176229e+00
    endloop
  endfacet
  facet normal 2.065637e-01 5.658630e-01 7.982046e-01
    outer loop
      vertex -3.878810e+01 4.771626e+01 2.427315e+00
      vertex -3.856076e+01 4.734358e+01 2.632684e+00
      vertex -3.844635e+01 4.757482e+01 2.439139e+00
    endloop
  endfacet
  facet normal -1.260893e-07 9.147961e-01 4.039159e-01
    outer loop
      vertex 3.912873e+01 4.792802e+01 1.989635e+00
      vertex -3.912903e+01 4.792810e+01 1.989414e+00
      vertex -3.886519e+01 4.784562e+01 2.176229e+00
    endloop
  endfacet
  facet normal 2.041818e-01 9.689485e-01 1.394576e-01
    outer loop
      vertex -3.908600e+01 4.790167e+01 2.110109e+00
      vertex -3.886519e+01 4.784562e+01 2.176229e+00
      vertex -3.912903e+01 4.792810e+01 1.989414e+00
    endloop
  endfacet
  facet normal -1.231616e-06 9.149668e-01 4.035292e-01
    outer loop
      vertex 3.886615e+01 4.784599e+01 2.175618e+00
      vertex 3.912873e+01 4.792802e+01 1.989635e+00
      vertex -3.886519e+01 4.784562e+01 2.176229e+00
    endloop
  endfacet
  facet normal 2.272129e-06 6.977059e-01 7.163842e-01
    outer loop
      vertex 3.844772e+01 4.757627e+01 2.438307e+00
      vertex 3.886615e+01 4.784599e+01 2.175618e+00
      vertex -3.886519e+01 4.784562e+01 2.176229e+00
    endloop
  endfacet
  facet normal 9.829137e-02 8.966141e-01 4.317660e-01
    outer loop
      vertex -3.878810e+01 4.771626e+01 2.427315e+00
      vertex -3.886519e+01 4.784562e+01 2.176229e+00
      vertex -3.908600e+01 4.790167e+01 2.110109e+00
    endloop
  endfacet
  facet normal -2.038894e-01 9.690046e-01 1.394964e-01
    outer loop
      vertex 3.908595e+01 4.790167e+01 2.110103e+00
      vertex 3.912873e+01 4.792802e+01 1.989635e+00
      vertex 3.886615e+01 4.784599e+01 2.175618e+00
    endloop
  endfacet
  facet normal -3.488729e-01 8.730459e-01 3.407032e-01
    outer loop
      vertex 3.878778e+01 4.771638e+01 2.427485e+00
      vertex 3.886615e+01 4.784599e+01 2.175618e+00
      vertex 3.844772e+01 4.757627e+01 2.438307e+00
    endloop
  endfacet
  facet normal -9.880950e-02 8.970017e-01 4.308418e-01
    outer loop
      vertex 3.878778e+01 4.771638e+01 2.427485e+00
      vertex 3.908595e+01 4.790167e+01 2.110103e+00
      vertex 3.886615e+01 4.784599e+01 2.175618e+00
    endloop
  endfacet
  facet normal -5.227610e-01 8.442605e-01 1.180900e-01
    outer loop
      vertex 3.878778e+01 4.771638e+01 2.427485e+00
      vertex 3.887985e+01 4.773552e+01 2.698265e+00
      vertex 3.902566e+01 4.786208e+01 2.438969e+00
    endloop
  endfacet
  facet normal -7.740425e-01 5.932052e-01 2.212823e-01
    outer loop
      vertex 3.878778e+01 4.771638e+01 2.427485e+00
      vertex 3.856066e+01 4.734351e+01 2.632618e+00
      vertex 3.887985e+01 4.773552e+01 2.698265e+00
    endloop
  endfacet
  facet normal -3.092364e-01 9.492391e-01 5.760122e-02
    outer loop
      vertex 3.908595e+01 4.790167e+01 2.110103e+00
      vertex 3.902566e+01 4.786208e+01 2.438969e+00
      vertex 3.918526e+01 4.793374e+01 2.114847e+00
    endloop
  endfacet
  facet normal -5.225049e-01 8.526086e-01 6.871855e-03
    outer loop
      vertex 3.878778e+01 4.771638e+01 2.427485e+00
      vertex 3.902566e+01 4.786208e+01 2.438969e+00
      vertex 3.908595e+01 4.790167e+01 2.110103e+00
    endloop
  endfacet
  facet normal -2.449294e-16 3.061617e-16 1.000000e+00
    outer loop
      vertex -1.143000e+00 2.401916e+01 4.064000e+00
      vertex 1.143000e+00 2.190404e+01 4.064000e+00
      vertex 1.143000e+00 2.401916e+01 4.064000e+00
    endloop
  endfacet
  facet normal 9.993908e-01 -1.117052e-16 3.489950e-02
    outer loop
      vertex 1.184890e+00 2.399822e+01 2.864437e+00
      vertex 1.143000e+00 2.401916e+01 4.064000e+00
      vertex 1.143000e+00 2.190404e+01 4.064000e+00
    endloop
  endfacet
  facet normal -2.449294e-16 3.061617e-16 1.000000e+00
    outer loop
      vertex -3.689783e+01 2.551084e+01 4.064000e+00
      vertex -1.143000e+00 2.401916e+01 4.064000e+00
      vertex 1.143000e+00 2.401916e+01 4.064000e+00
    endloop
  endfacet
  facet normal -2.449294e-16 3.061617e-16 1.000000e+00
    outer loop
      vertex 3.689783e+01 2.401916e+01 4.064000e+00
      vertex -3.689783e+01 2.551084e+01 4.064000e+00
      vertex 1.143000e+00 2.401916e+01 4.064000e+00
    endloop
  endfacet
  facet normal -1.267206e-16 -9.998477e-01 1.745241e-02
    outer loop
      vertex 1.184890e+00 2.399822e+01 2.864437e+00
      vertex 3.689783e+01 2.401916e+01 4.064000e+00
      vertex 1.143000e+00 2.401916e+01 4.064000e+00
    endloop
  endfacet
  facet normal -2.449294e-16 3.061617e-16 1.000000e+00
    outer loop
      vertex 3.689783e+01 2.041236e+01 4.064000e+00
      vertex 3.689783e+01 2.190404e+01 4.064000e+00
      vertex 1.143000e+00 2.190404e+01 4.064000e+00
    endloop
  endfacet
  facet normal 1.181714e-16 9.998477e-01 1.745241e-02
    outer loop
      vertex 1.184890e+00 2.192498e+01 2.864437e+00
      vertex 1.143000e+00 2.190404e+01 4.064000e+00
      vertex 3.689783e+01 2.190404e+01 4.064000e+00
    endloop
  endfacet
  facet normal -2.449294e-16 3.061617e-16 1.000000e+00
    outer loop
      vertex -1.143000e+00 2.190404e+01 4.064000e+00
      vertex 3.689783e+01 2.041236e+01 4.064000e+00
      vertex 1.143000e+00 2.190404e+01 4.064000e+00
    endloop
  endfacet
  facet normal -2.449294e-16 3.061617e-16 1.000000e+00
    outer loop
      vertex -1.143000e+00 2.401916e+01 4.064000e+00
      vertex -1.143000e+00 2.190404e+01 4.064000e+00
      vertex 1.143000e+00 2.190404e+01 4.064000e+00
    endloop
  endfacet
  facet normal 9.993908e-01 1.691571e-15 3.489950e-02
    outer loop
      vertex 1.192914e+00 2.389948e+01 2.634652e+00
      vertex 1.184890e+00 2.399822e+01 2.864437e+00
      vertex 1.143000e+00 2.190404e+01 4.064000e+00
    endloop
  endfacet
  facet normal 9.993908e-01 -9.108517e-15 3.489950e-02
    outer loop
      vertex 1.192914e+00 2.202372e+01 2.634652e+00
      vertex 1.143000e+00 2.190404e+01 4.064000e+00
      vertex 1.184890e+00 2.192498e+01 2.864437e+00
    endloop
  endfacet
  facet normal 1.181714e-16 9.998477e-01 1.745241e-02
    outer loop
      vertex 3.788561e+01 2.192498e+01 2.864437e+00
      vertex 1.184890e+00 2.192498e+01 2.864437e+00
      vertex 3.689783e+01 2.190404e+01 4.064000e+00
    endloop
  endfacet
  facet normal -2.449294e-16 3.061617e-16 1.000000e+00
    outer loop
      vertex -3.689783e+01 2.190404e+01 4.064000e+00
      vertex -3.689783e+01 2.041236e+01 4.064000e+00
      vertex 3.689783e+01 2.041236e+01 4.064000e+00
    endloop
  endfacet
  facet normal -1.267206e-16 -9.998477e-01 1.745241e-02
    outer loop
      vertex 3.788561e+01 2.039142e+01 2.864437e+00
      vertex 3.689783e+01 2.041236e+01 4.064000e+00
      vertex -3.689783e+01 2.041236e+01 4.064000e+00
    endloop
  endfacet
  facet normal -2.449294e-16 3.061617e-16 1.000000e+00
    outer loop
      vertex -1.143000e+00 2.190404e+01 4.064000e+00
      vertex -3.689783e+01 2.190404e+01 4.064000e+00
      vertex 3.689783e+01 2.041236e+01 4.064000e+00
    endloop
  endfacet
  facet normal -1.267206e-16 -9.998477e-01 1.745241e-02
    outer loop
      vertex -3.788561e+01 2.039142e+01 2.864437e+00
      vertex 3.788561e+01 2.039142e+01 2.864437e+00
      vertex -3.689783e+01 2.041236e+01 4.064000e+00
    endloop
  endfacet
  facet normal 1.181714e-16 9.998477e-01 1.745241e-02
    outer loop
      vertex -1.184890e+00 2.192498e+01 2.864437e+00
      vertex -3.689783e+01 2.190404e+01 4.064000e+00
      vertex -1.143000e+00 2.190404e+01 4.064000e+00
    endloop
  endfacet
  facet normal 1.181714e-16 9.998477e-01 1.745241e-02
    outer loop
      vertex -3.788561e+01 2.192498e+01 2.864437e+00
      vertex -3.689783e+01 2.190404e+01 4.064000e+00
      vertex -1.184890e+00 2.192498e+01 2.864437e+00
    endloop
  endfacet
  facet normal -9.993908e-01 1.330750e-16 3.489950e-02
    outer loop
      vertex -1.184890e+00 2.192498e+01 2.864437e+00
      vertex -1.143000e+00 2.190404e+01 4.064000e+00
      vertex -1.143000e+00 2.401916e+01 4.064000e+00
    endloop
  endfacet
  facet normal -2.449294e-16 3.061617e-16 1.000000e+00
    outer loop
      vertex -3.689783e+01 2.551084e+01 4.064000e+00
      vertex -3.689783e+01 2.401916e+01 4.064000e+00
      vertex -1.143000e+00 2.401916e+01 4.064000e+00
    endloop
  endfacet
  facet normal -1.267206e-16 -9.998477e-01 1.745241e-02
    outer loop
      vertex -1.184890e+00 2.399822e+01 2.864437e+00
      vertex -1.143000e+00 2.401916e+01 4.064000e+00
      vertex -3.689783e+01 2.401916e+01 4.064000e+00
    endloop
  endfacet
  facet normal -9.993908e-01 9.360575e-15 3.489950e-02
    outer loop
      vertex -1.192914e+00 2.389948e+01 2.634652e+00
      vertex -1.143000e+00 2.401916e+01 4.064000e+00
      vertex -1.184890e+00 2.399822e+01 2.864437e+00
    endloop
  endfacet
  facet normal -9.993908e-01 -1.571841e-15 3.489950e-02
    outer loop
      vertex -1.192914e+00 2.202372e+01 2.634652e+00
      vertex -1.184890e+00 2.192498e+01 2.864437e+00
      vertex -1.143000e+00 2.401916e+01 4.064000e+00
    endloop
  endfacet
  facet normal -1.267206e-16 -9.998477e-01 1.745241e-02
    outer loop
      vertex -3.788561e+01 2.399822e+01 2.864437e+00
      vertex -1.184890e+00 2.399822e+01 2.864437e+00
      vertex -3.689783e+01 2.401916e+01 4.064000e+00
    endloop
  endfacet
  facet normal -2.449294e-16 3.061617e-16 1.000000e+00
    outer loop
      vertex 3.689783e+01 2.401916e+01 4.064000e+00
      vertex 3.689783e+01 2.551084e+01 4.064000e+00
      vertex -3.689783e+01 2.551084e+01 4.064000e+00
    endloop
  endfacet
  facet normal 1.181714e-16 9.998477e-01 1.745241e-02
    outer loop
      vertex -3.788561e+01 2.553178e+01 2.864437e+00
      vertex -3.689783e+01 2.551084e+01 4.064000e+00
      vertex 3.689783e+01 2.551084e+01 4.064000e+00
    endloop
  endfacet
  facet normal 1.181714e-16 9.998477e-01 1.745241e-02
    outer loop
      vertex 3.788561e+01 2.553178e+01 2.864437e+00
      vertex -3.788561e+01 2.553178e+01 2.864437e+00
      vertex 3.689783e+01 2.551084e+01 4.064000e+00
    endloop
  endfacet
  facet normal -1.267206e-16 -9.998477e-01 1.745241e-02
    outer loop
      vertex 3.788561e+01 2.399822e+01 2.864437e+00
      vertex 3.689783e+01 2.401916e+01 4.064000e+00
      vertex 1.184890e+00 2.399822e+01 2.864437e+00
    endloop
  endfacet
  facet normal 3.475869e-17 9.439579e-01 3.300658e-01
    outer loop
      vertex 3.788561e+01 2.560012e+01 2.668978e+00
      vertex -3.788561e+01 2.553178e+01 2.864437e+00
      vertex 3.788561e+01 2.553178e+01 2.864437e+00
    endloop
  endfacet
  facet normal 3.572161e-01 8.816772e-01 3.082887e-01
    outer loop
      vertex -3.788561e+01 2.560012e+01 2.668978e+00
      vertex -3.811889e+01 2.562855e+01 2.857980e+00
      vertex -3.788561e+01 2.553178e+01 2.864437e+00
    endloop
  endfacet
  facet normal 3.475869e-17 9.439579e-01 3.300658e-01
    outer loop
      vertex -3.788561e+01 2.560012e+01 2.668978e+00
      vertex -3.788561e+01 2.553178e+01 2.864437e+00
      vertex 3.788561e+01 2.560012e+01 2.668978e+00
    endloop
  endfacet
  facet normal -3.572161e-01 8.816772e-01 3.082887e-01
    outer loop
      vertex 3.811889e+01 2.562855e+01 2.857980e+00
      vertex 3.788561e+01 2.560012e+01 2.668978e+00
      vertex 3.788561e+01 2.553178e+01 2.864437e+00
    endloop
  endfacet
  facet normal -2.018003e-16 -9.341705e-01 3.568270e-01
    outer loop
      vertex -3.808989e+01 2.391799e+01 2.654393e+00
      vertex -1.184890e+00 2.399822e+01 2.864437e+00
      vertex -3.788561e+01 2.399822e+01 2.864437e+00
    endloop
  endfacet
  facet normal -2.497204e-04 -9.187598e-01 3.948167e-01
    outer loop
      vertex -1.192914e+00 2.389948e+01 2.634652e+00
      vertex -1.184890e+00 2.399822e+01 2.864437e+00
      vertex -3.808989e+01 2.391799e+01 2.654393e+00
    endloop
  endfacet
  facet normal -2.092164e-16 -9.187631e-01 3.948093e-01
    outer loop
      vertex 1.192914e+00 2.389948e+01 2.634652e+00
      vertex 3.788561e+01 2.399822e+01 2.864437e+00
      vertex 1.184890e+00 2.399822e+01 2.864437e+00
    endloop
  endfacet
  facet normal 1.309452e-03 -9.774957e-01 2.109514e-01
    outer loop
      vertex 3.788561e+01 2.397121e+01 2.739293e+00
      vertex 3.788561e+01 2.399822e+01 2.864437e+00
      vertex 1.192914e+00 2.389948e+01 2.634652e+00
    endloop
  endfacet
  facet normal -5.367495e-01 -8.064662e-01 2.480169e-01
    outer loop
      vertex -3.932874e+01 3.273901e+01 1.787389e+01
      vertex -3.939861e+01 3.273696e+01 1.771603e+01
      vertex -3.929127e+01 3.266476e+01 1.771355e+01
    endloop
  endfacet
  facet normal 1.581562e-17 9.187631e-01 3.948093e-01
    outer loop
      vertex -1.192914e+00 2.202372e+01 2.634652e+00
      vertex -3.788561e+01 2.192498e+01 2.864437e+00
      vertex -1.184890e+00 2.192498e+01 2.864437e+00
    endloop
  endfacet
  facet normal -2.776068e-04 9.340804e-01 3.570626e-01
    outer loop
      vertex -1.192914e+00 2.202372e+01 2.634652e+00
      vertex -3.808989e+01 2.200521e+01 2.654393e+00
      vertex -3.788561e+01 2.192498e+01 2.864437e+00
    endloop
  endfacet
  facet normal 3.475869e-17 9.439579e-01 3.300658e-01
    outer loop
      vertex 3.788561e+01 2.199332e+01 2.668978e+00
      vertex 1.184890e+00 2.192498e+01 2.864437e+00
      vertex 3.788561e+01 2.192498e+01 2.864437e+00
    endloop
  endfacet
  facet normal 2.127193e-03 7.498453e-01 6.616098e-01
    outer loop
      vertex 3.788561e+01 2.199332e+01 2.668978e+00
      vertex 3.788561e+01 2.202287e+01 2.635493e+00
      vertex 1.184890e+00 2.192498e+01 2.864437e+00
    endloop
  endfacet
  facet normal 1.231567e-05 9.187629e-01 3.948097e-01
    outer loop
      vertex 1.192914e+00 2.202372e+01 2.634652e+00
      vertex 1.184890e+00 2.192498e+01 2.864437e+00
      vertex 3.788561e+01 2.202287e+01 2.635493e+00
    endloop
  endfacet
  facet normal -3.572161e-01 8.816772e-01 3.082887e-01
    outer loop
      vertex 3.811889e+01 2.202175e+01 2.857980e+00
      vertex 3.788561e+01 2.199332e+01 2.668978e+00
      vertex 3.788561e+01 2.192498e+01 2.864437e+00
    endloop
  endfacet
  facet normal -2.018003e-16 -9.341705e-01 3.568270e-01
    outer loop
      vertex -3.808989e+01 2.031119e+01 2.654393e+00
      vertex 3.788561e+01 2.039142e+01 2.864437e+00
      vertex -3.788561e+01 2.039142e+01 2.864437e+00
    endloop
  endfacet
  facet normal -3.572161e-01 -8.816772e-01 3.082887e-01
    outer loop
      vertex 3.788561e+01 2.032308e+01 2.668978e+00
      vertex 3.811889e+01 2.029465e+01 2.857980e+00
      vertex 3.788561e+01 2.039142e+01 2.864437e+00
    endloop
  endfacet
  facet normal 8.432032e-05 -9.439579e-01 3.300658e-01
    outer loop
      vertex 3.788561e+01 2.032308e+01 2.668978e+00
      vertex 3.788561e+01 2.039142e+01 2.864437e+00
      vertex -3.808989e+01 2.031119e+01 2.654393e+00
    endloop
  endfacet
  facet normal -7.811202e-01 -5.131954e-01 3.556426e-01
    outer loop
      vertex 3.805189e+01 4.154363e+01 2.698021e+00
      vertex 3.819105e+01 4.144072e+01 2.855184e+00
      vertex 3.811963e+01 4.154855e+01 2.853913e+00
    endloop
  endfacet
  facet normal -8.028842e-01 -3.593818e-01 4.756278e-01
    outer loop
      vertex 3.805189e+01 4.154363e+01 2.698021e+00
      vertex 3.811499e+01 4.131616e+01 2.632674e+00
      vertex 3.819105e+01 4.144072e+01 2.855184e+00
    endloop
  endfacet
  facet normal -5.369935e-01 -8.029375e-01 2.587069e-01
    outer loop
      vertex 3.805189e+01 4.154363e+01 2.698021e+00
      vertex 3.811963e+01 4.154855e+01 2.853913e+00
      vertex 3.801232e+01 4.162071e+01 2.855140e+00
    endloop
  endfacet
  facet normal -1.698111e-01 -9.009693e-01 3.992727e-01
    outer loop
      vertex 3.805189e+01 4.154363e+01 2.698021e+00
      vertex 3.801232e+01 4.162071e+01 2.855140e+00
      vertex 3.788561e+01 4.164616e+01 2.858676e+00
    endloop
  endfacet
  facet normal -1.000000e+00 -9.667520e-14 6.792571e-14
    outer loop
      vertex 3.788561e+01 4.154468e+01 2.631849e+00
      vertex 3.788561e+01 4.164616e+01 2.858676e+00
      vertex 3.788561e+01 4.161757e+01 2.735345e+00
    endloop
  endfacet
  facet normal -1.659783e-01 -9.001502e-01 4.027168e-01
    outer loop
      vertex 3.805189e+01 4.154363e+01 2.698021e+00
      vertex 3.788561e+01 4.164616e+01 2.858676e+00
      vertex 3.788561e+01 4.154468e+01 2.631849e+00
    endloop
  endfacet
  facet normal 5.131954e-01 -7.811202e-01 3.556426e-01
    outer loop
      vertex -3.811308e+01 4.148243e+01 2.698021e+00
      vertex -3.801017e+01 4.162160e+01 2.855184e+00
      vertex -3.811800e+01 4.155018e+01 2.853913e+00
    endloop
  endfacet
  facet normal 3.593818e-01 -8.028842e-01 4.756278e-01
    outer loop
      vertex -3.811308e+01 4.148243e+01 2.698021e+00
      vertex -3.788561e+01 4.154554e+01 2.632674e+00
      vertex -3.801017e+01 4.162160e+01 2.855184e+00
    endloop
  endfacet
  facet normal 8.029375e-01 -5.369935e-01 2.587069e-01
    outer loop
      vertex -3.811308e+01 4.148243e+01 2.698021e+00
      vertex -3.811800e+01 4.155018e+01 2.853913e+00
      vertex -3.819017e+01 4.144287e+01 2.855140e+00
    endloop
  endfacet
  facet normal 9.009693e-01 -1.698111e-01 3.992727e-01
    outer loop
      vertex -3.811308e+01 4.148243e+01 2.698021e+00
      vertex -3.819017e+01 4.144287e+01 2.855140e+00
      vertex -3.821561e+01 4.131616e+01 2.858676e+00
    endloop
  endfacet
  facet normal -4.852130e-14 -1.000000e+00 -3.377916e-14
    outer loop
      vertex -3.811413e+01 4.131616e+01 2.631849e+00
      vertex -3.821561e+01 4.131616e+01 2.858676e+00
      vertex -3.818702e+01 4.131616e+01 2.735345e+00
    endloop
  endfacet
  facet normal 9.001502e-01 -1.659783e-01 4.027168e-01
    outer loop
      vertex -3.811308e+01 4.148243e+01 2.698021e+00
      vertex -3.821561e+01 4.131616e+01 2.858676e+00
      vertex -3.811413e+01 4.131616e+01 2.631849e+00
    endloop
  endfacet
  facet normal 7.448958e-01 3.333448e-01 5.779373e-01
    outer loop
      vertex -3.856076e+01 4.734358e+01 2.632684e+00
      vertex -3.691813e+01 4.349632e+01 2.734551e+00
      vertex -3.684514e+01 4.351217e+01 2.631330e+00
    endloop
  endfacet
  facet normal 8.166314e-01 -2.041030e-03 5.771558e-01
    outer loop
      vertex -3.690728e+01 4.160671e+01 2.712515e+00
      vertex -3.684514e+01 4.351217e+01 2.631330e+00
      vertex -3.691813e+01 4.349632e+01 2.734551e+00
    endloop
  endfacet
  facet normal 7.701364e-01 2.062308e-03 6.378759e-01
    outer loop
      vertex -3.690728e+01 4.160671e+01 2.712515e+00
      vertex -3.682520e+01 4.152408e+01 2.613680e+00
      vertex -3.684514e+01 4.351217e+01 2.631330e+00
    endloop
  endfacet
  facet normal -4.105973e-03 -7.688572e-01 6.394072e-01
    outer loop
      vertex -3.788561e+01 4.154554e+01 2.632674e+00
      vertex -3.682520e+01 4.152408e+01 2.613680e+00
      vertex -3.690728e+01 4.160671e+01 2.712515e+00
    endloop
  endfacet
  facet normal 5.468215e-01 2.873665e-05 8.372492e-01
    outer loop
      vertex -3.811413e+01 4.131616e+01 2.631849e+00
      vertex -3.811583e+01 2.586193e+01 2.633488e+00
      vertex -3.800982e+01 2.586193e+01 2.564250e+00
    endloop
  endfacet
  facet normal 5.333810e-01 2.203506e-01 8.166702e-01
    outer loop
      vertex -3.804703e+01 2.569932e+01 2.632429e+00
      vertex -3.800982e+01 2.586193e+01 2.564250e+00
      vertex -3.811583e+01 2.586193e+01 2.633488e+00
    endloop
  endfacet
  facet normal 5.408403e-01 -2.859058e-05 8.411252e-01
    outer loop
      vertex -3.800764e+01 4.131616e+01 2.563375e+00
      vertex -3.811413e+01 4.131616e+01 2.631849e+00
      vertex -3.800982e+01 2.586193e+01 2.564250e+00
    endloop
  endfacet
  facet normal 7.435508e-01 -9.819787e-04 6.686788e-01
    outer loop
      vertex -3.818702e+01 4.131616e+01 2.735345e+00
      vertex -3.814534e+01 2.586193e+01 2.666303e+00
      vertex -3.811583e+01 2.586193e+01 2.633488e+00
    endloop
  endfacet
  facet normal 7.101610e-01 2.963038e-01 6.386512e-01
    outer loop
      vertex -3.804703e+01 2.569932e+01 2.632429e+00
      vertex -3.811583e+01 2.586193e+01 2.633488e+00
      vertex -3.814534e+01 2.586193e+01 2.666303e+00
    endloop
  endfacet
  facet normal 8.175926e-01 -2.872911e-05 5.757971e-01
    outer loop
      vertex -3.811413e+01 4.131616e+01 2.631849e+00
      vertex -3.818702e+01 4.131616e+01 2.735345e+00
      vertex -3.811583e+01 2.586193e+01 2.633488e+00
    endloop
  endfacet
  facet normal 8.212098e-01 4.148661e-01 3.917916e-01
    outer loop
      vertex -3.804703e+01 2.569932e+01 2.632429e+00
      vertex -3.814534e+01 2.586193e+01 2.666303e+00
      vertex -3.811889e+01 2.562855e+01 2.857980e+00
    endloop
  endfacet
  facet normal 5.123371e-01 -3.203529e-01 7.967966e-01
    outer loop
      vertex -3.811308e+01 4.148243e+01 2.698021e+00
      vertex -3.811413e+01 4.131616e+01 2.631849e+00
      vertex -3.800764e+01 4.131616e+01 2.563375e+00
    endloop
  endfacet
  facet normal 4.162883e-01 8.212035e-01 3.902932e-01
    outer loop
      vertex -3.804703e+01 2.569932e+01 2.632429e+00
      vertex -3.811889e+01 2.562855e+01 2.857980e+00
      vertex -3.788561e+01 2.560012e+01 2.668978e+00
    endloop
  endfacet
  facet normal -1.365651e-16 5.522364e-01 8.336876e-01
    outer loop
      vertex -3.788561e+01 2.562967e+01 2.635493e+00
      vertex 3.788561e+01 2.562967e+01 2.635493e+00
      vertex 3.788561e+01 2.573641e+01 2.564786e+00
    endloop
  endfacet
  facet normal -2.171589e-01 5.390580e-01 8.137926e-01
    outer loop
      vertex 3.804703e+01 2.569932e+01 2.632429e+00
      vertex 3.788561e+01 2.573641e+01 2.564786e+00
      vertex 3.788561e+01 2.562967e+01 2.635493e+00
    endloop
  endfacet
  facet normal -1.466429e-16 5.522364e-01 8.336876e-01
    outer loop
      vertex -3.788561e+01 2.573641e+01 2.564786e+00
      vertex -3.788561e+01 2.562967e+01 2.635493e+00
      vertex 3.788561e+01 2.573641e+01 2.564786e+00
    endloop
  endfacet
  facet normal -7.021824e-17 7.498471e-01 6.616113e-01
    outer loop
      vertex -3.788561e+01 2.560012e+01 2.668978e+00
      vertex 3.788561e+01 2.560012e+01 2.668978e+00
      vertex 3.788561e+01 2.562967e+01 2.635493e+00
    endloop
  endfacet
  facet normal -2.969729e-01 7.160184e-01 6.317633e-01
    outer loop
      vertex 3.804703e+01 2.569932e+01 2.632429e+00
      vertex 3.788561e+01 2.562967e+01 2.635493e+00
      vertex 3.788561e+01 2.560012e+01 2.668978e+00
    endloop
  endfacet
  facet normal -7.021824e-17 7.498471e-01 6.616113e-01
    outer loop
      vertex -3.788561e+01 2.562967e+01 2.635493e+00
      vertex -3.788561e+01 2.560012e+01 2.668978e+00
      vertex 3.788561e+01 2.562967e+01 2.635493e+00
    endloop
  endfacet
  facet normal -4.162883e-01 8.212035e-01 3.902932e-01
    outer loop
      vertex 3.804703e+01 2.569932e+01 2.632429e+00
      vertex 3.788561e+01 2.560012e+01 2.668978e+00
      vertex 3.811889e+01 2.562855e+01 2.857980e+00
    endloop
  endfacet
  facet normal 1.000000e+00 -1.224647e-16 2.449294e-16
    outer loop
      vertex -3.788561e+01 2.573641e+01 2.564786e+00
      vertex -3.788561e+01 2.560012e+01 2.668978e+00
      vertex -3.788561e+01 2.562967e+01 2.635493e+00
    endloop
  endfacet
  facet normal 1.898402e-01 5.963021e-01 7.799901e-01
    outer loop
      vertex -3.804703e+01 2.569932e+01 2.632429e+00
      vertex -3.788561e+01 2.560012e+01 2.668978e+00
      vertex -3.788561e+01 2.573641e+01 2.564786e+00
    endloop
  endfacet
  facet normal 1.224647e-16 1.000000e+00 -3.061617e-16
    outer loop
      vertex 3.800982e+01 2.586193e+01 2.564250e+00
      vertex 3.814534e+01 2.586193e+01 2.666303e+00
      vertex 3.811583e+01 2.586193e+01 2.633488e+00
    endloop
  endfacet
  facet normal -7.435511e-01 -5.193333e-06 6.686791e-01
    outer loop
      vertex 3.811499e+01 4.131616e+01 2.632674e+00
      vertex 3.811583e+01 2.586193e+01 2.633488e+00
      vertex 3.814534e+01 2.586193e+01 2.666303e+00
    endloop
  endfacet
  facet normal -5.468215e-01 1.438428e-05 8.372492e-01
    outer loop
      vertex 3.811499e+01 4.131616e+01 2.632674e+00
      vertex 3.800982e+01 2.586193e+01 2.564250e+00
      vertex 3.811583e+01 2.586193e+01 2.633488e+00
    endloop
  endfacet
  facet normal -4.002774e-03 -8.175861e-01 5.757925e-01
    outer loop
      vertex 3.690771e+01 4.160628e+01 2.712515e+00
      vertex 3.788561e+01 4.154468e+01 2.631849e+00
      vertex 3.788561e+01 4.161757e+01 2.735345e+00
    endloop
  endfacet
  facet normal -3.963311e-03 -5.408360e-01 8.411187e-01
    outer loop
      vertex 3.682508e+01 4.152420e+01 2.613680e+00
      vertex 3.788561e+01 4.143819e+01 2.563375e+00
      vertex 3.788561e+01 4.154468e+01 2.631849e+00
    endloop
  endfacet
  facet normal -3.203529e-01 -5.123371e-01 7.967966e-01
    outer loop
      vertex 3.805189e+01 4.154363e+01 2.698021e+00
      vertex 3.788561e+01 4.154468e+01 2.631849e+00
      vertex 3.788561e+01 4.143819e+01 2.563375e+00
    endloop
  endfacet
  facet normal 3.979316e-03 -7.709178e-01 6.369222e-01
    outer loop
      vertex 3.690771e+01 4.160628e+01 2.712515e+00
      vertex 3.682508e+01 4.152420e+01 2.613680e+00
      vertex 3.788561e+01 4.154468e+01 2.631849e+00
    endloop
  endfacet
  facet normal -7.680252e-01 2.053323e-03 6.404164e-01
    outer loop
      vertex 3.684511e+01 4.351205e+01 2.631330e+00
      vertex 3.682508e+01 4.152420e+01 2.613680e+00
      vertex 3.690771e+01 4.160628e+01 2.712515e+00
    endloop
  endfacet
  facet normal -8.162268e-01 -2.200531e-03 5.777273e-01
    outer loop
      vertex 3.691821e+01 4.349671e+01 2.734551e+00
      vertex 3.684511e+01 4.351205e+01 2.631330e+00
      vertex 3.690771e+01 4.160628e+01 2.712515e+00
    endloop
  endfacet
  facet normal -7.452741e-01 3.335041e-01 5.773574e-01
    outer loop
      vertex 3.856066e+01 4.734351e+01 2.632618e+00
      vertex 3.684511e+01 4.351205e+01 2.631330e+00
      vertex 3.691821e+01 4.349671e+01 2.734551e+00
    endloop
  endfacet
  facet normal 1.128106e-04 -6.155664e-01 7.880850e-01
    outer loop
      vertex -1.192914e+00 2.389948e+01 2.634652e+00
      vertex -3.808989e+01 2.391799e+01 2.654393e+00
      vertex -3.816859e+01 2.381509e+01 2.574034e+00
    endloop
  endfacet
  facet normal -6.140873e-06 -8.237903e-01 5.668947e-01
    outer loop
      vertex 3.788561e+01 2.389864e+01 2.633831e+00
      vertex 3.788561e+01 2.397121e+01 2.739293e+00
      vertex 1.192914e+00 2.389948e+01 2.634652e+00
    endloop
  endfacet
  facet normal -1.000000e+00 -9.528965e-14 6.541332e-14
    outer loop
      vertex 3.788561e+01 2.399822e+01 2.864437e+00
      vertex 3.788561e+01 2.397121e+01 2.739293e+00
      vertex 3.788561e+01 2.389864e+01 2.633831e+00
    endloop
  endfacet
  facet normal -3.204516e-01 -5.174226e-01 7.934637e-01
    outer loop
      vertex 3.804987e+01 2.389856e+01 2.700113e+00
      vertex 3.788561e+01 2.389864e+01 2.633831e+00
      vertex 3.788561e+01 2.379139e+01 2.563891e+00
    endloop
  endfacet
  facet normal -1.584129e-01 -9.064680e-01 3.914346e-01
    outer loop
      vertex 3.804987e+01 2.389856e+01 2.700113e+00
      vertex 3.788561e+01 2.399822e+01 2.864437e+00
      vertex 3.788561e+01 2.389864e+01 2.633831e+00
    endloop
  endfacet
  facet normal 1.128106e-04 6.155664e-01 7.880850e-01
    outer loop
      vertex -1.192914e+00 2.202372e+01 2.634652e+00
      vertex -3.816859e+01 2.210810e+01 2.574034e+00
      vertex -3.808989e+01 2.200521e+01 2.654393e+00
    endloop
  endfacet
  facet normal -6.274808e-06 5.522364e-01 8.336876e-01
    outer loop
      vertex 1.192914e+00 2.202372e+01 2.634652e+00
      vertex 3.788561e+01 2.202287e+01 2.635493e+00
      vertex 3.788561e+01 2.212961e+01 2.564786e+00
    endloop
  endfacet
  facet normal -2.171589e-01 5.390580e-01 8.137926e-01
    outer loop
      vertex 3.804703e+01 2.209252e+01 2.632429e+00
      vertex 3.788561e+01 2.212961e+01 2.564786e+00
      vertex 3.788561e+01 2.202287e+01 2.635493e+00
    endloop
  endfacet
  facet normal -2.969729e-01 7.160184e-01 6.317633e-01
    outer loop
      vertex 3.804703e+01 2.209252e+01 2.632429e+00
      vertex 3.788561e+01 2.202287e+01 2.635493e+00
      vertex 3.788561e+01 2.199332e+01 2.668978e+00
    endloop
  endfacet
  facet normal -4.162883e-01 8.212035e-01 3.902932e-01
    outer loop
      vertex 3.804703e+01 2.209252e+01 2.632429e+00
      vertex 3.788561e+01 2.199332e+01 2.668978e+00
      vertex 3.811889e+01 2.202175e+01 2.857980e+00
    endloop
  endfacet
  facet normal -7.435511e-01 -5.680265e-05 6.686791e-01
    outer loop
      vertex 3.811583e+01 2.225513e+01 2.633488e+00
      vertex 3.814534e+01 2.225513e+01 2.666303e+00
      vertex 3.811499e+01 2.366807e+01 2.632674e+00
    endloop
  endfacet
  facet normal -5.468215e-01 1.573296e-04 8.372492e-01
    outer loop
      vertex 3.800982e+01 2.225513e+01 2.564250e+00
      vertex 3.811583e+01 2.225513e+01 2.633488e+00
      vertex 3.811499e+01 2.366807e+01 2.632674e+00
    endloop
  endfacet
  facet normal -8.012643e-01 -3.650922e-01 4.740075e-01
    outer loop
      vertex 3.804987e+01 2.389856e+01 2.700113e+00
      vertex 3.811499e+01 2.366807e+01 2.632674e+00
      vertex 3.819113e+01 2.379267e+01 2.857356e+00
    endloop
  endfacet
  facet normal 2.579743e-13 1.000000e+00 -2.321935e-13
    outer loop
      vertex 3.800982e+01 2.225513e+01 2.564250e+00
      vertex 3.814534e+01 2.225513e+01 2.666303e+00
      vertex 3.811583e+01 2.225513e+01 2.633488e+00
    endloop
  endfacet
  facet normal -7.797776e-01 -5.178307e-01 3.518497e-01
    outer loop
      vertex 3.804987e+01 2.389856e+01 2.700113e+00
      vertex 3.819113e+01 2.379267e+01 2.857356e+00
      vertex 3.811974e+01 2.390060e+01 2.857965e+00
    endloop
  endfacet
  facet normal -5.367495e-01 -8.064662e-01 2.480169e-01
    outer loop
      vertex 3.804987e+01 2.389856e+01 2.700113e+00
      vertex 3.811974e+01 2.390060e+01 2.857965e+00
      vertex 3.801240e+01 2.397281e+01 2.860453e+00
    endloop
  endfacet
  facet normal -1.701947e-01 -9.087562e-01 3.810458e-01
    outer loop
      vertex 3.804987e+01 2.389856e+01 2.700113e+00
      vertex 3.801240e+01 2.397281e+01 2.860453e+00
      vertex 3.788561e+01 2.399822e+01 2.864437e+00
    endloop
  endfacet
  facet normal -8.405532e-01 2.226543e-01 4.938577e-01
    outer loop
      vertex 1.925510e+01 3.826813e+00 2.633212e+00
      vertex 1.919896e+01 3.611629e+00 2.634685e+00
      vertex 1.939443e+01 3.845232e+00 2.862051e+00
    endloop
  endfacet
  facet normal -6.623950e-01 6.623749e-01 3.499892e-01
    outer loop
      vertex 1.925510e+01 3.826813e+00 2.633212e+00
      vertex 1.939443e+01 3.845232e+00 2.862051e+00
      vertex 1.941263e+01 3.984347e+00 2.633211e+00
    endloop
  endfacet
  facet normal -2.226543e-01 -8.405532e-01 4.938577e-01
    outer loop
      vertex 1.941264e+01 -1.008035e+01 2.633212e+00
      vertex 1.962782e+01 -1.013649e+01 2.634685e+00
      vertex 1.939422e+01 -9.941021e+00 2.862051e+00
    endloop
  endfacet
  facet normal -6.623749e-01 -6.623950e-01 3.499892e-01
    outer loop
      vertex 1.941264e+01 -1.008035e+01 2.633212e+00
      vertex 1.939422e+01 -9.941021e+00 2.862051e+00
      vertex 1.925510e+01 -9.922823e+00 2.633211e+00
    endloop
  endfacet
  facet normal 8.405532e-01 -2.226543e-01 4.938577e-01
    outer loop
      vertex 2.214380e+01 -9.922817e+00 2.633212e+00
      vertex 2.219994e+01 -9.707629e+00 2.634685e+00
      vertex 2.200447e+01 -9.941232e+00 2.862051e+00
    endloop
  endfacet
  facet normal 6.623950e-01 -6.623749e-01 3.499892e-01
    outer loop
      vertex 2.214380e+01 -9.922817e+00 2.633212e+00
      vertex 2.200447e+01 -9.941232e+00 2.862051e+00
      vertex 2.198627e+01 -1.008035e+01 2.633211e+00
    endloop
  endfacet
  facet normal -7.797776e-01 -5.178307e-01 3.518497e-01
    outer loop
      vertex 3.804987e+01 2.308559e+00 2.700113e+00
      vertex 3.819113e+01 2.202670e+00 2.857356e+00
      vertex 3.811974e+01 2.310603e+00 2.857965e+00
    endloop
  endfacet
  facet normal -8.012643e-01 -3.650922e-01 4.740075e-01
    outer loop
      vertex 3.804987e+01 2.308559e+00 2.700113e+00
      vertex 3.811499e+01 2.078071e+00 2.632674e+00
      vertex 3.819113e+01 2.202670e+00 2.857356e+00
    endloop
  endfacet
  facet normal -5.367495e-01 -8.064662e-01 2.480169e-01
    outer loop
      vertex 3.804987e+01 2.308559e+00 2.700113e+00
      vertex 3.811974e+01 2.310603e+00 2.857965e+00
      vertex 3.801240e+01 2.382806e+00 2.860453e+00
    endloop
  endfacet
  facet normal -1.701947e-01 -9.087562e-01 3.810458e-01
    outer loop
      vertex 3.804987e+01 2.308559e+00 2.700113e+00
      vertex 3.801240e+01 2.382806e+00 2.860453e+00
      vertex 3.788561e+01 2.408223e+00 2.864437e+00
    endloop
  endfacet
  facet normal -1.000000e+00 -1.907018e-13 1.310716e-13
    outer loop
      vertex 3.788561e+01 2.308641e+00 2.633831e+00
      vertex 3.788561e+01 2.408223e+00 2.864437e+00
      vertex 3.788561e+01 2.381214e+00 2.739293e+00
    endloop
  endfacet
  facet normal -1.584129e-01 -9.064680e-01 3.914346e-01
    outer loop
      vertex 3.804987e+01 2.308559e+00 2.700113e+00
      vertex 3.788561e+01 2.408223e+00 2.864437e+00
      vertex 3.788561e+01 2.308641e+00 2.633831e+00
    endloop
  endfacet
  facet normal -3.489419e-02 1.744178e-02 9.992388e-01
    outer loop
      vertex -3.819023e+01 2.204874e+00 2.857350e+00
      vertex -3.808456e+01 2.341360e+00 2.858657e+00
      vertex -3.811806e+01 2.312274e+00 2.857995e+00
    endloop
  endfacet
  facet normal 7.696089e-01 -5.979822e-01 2.238737e-01
    outer loop
      vertex -3.811616e+01 2.240824e+00 2.698756e+00
      vertex -3.808456e+01 2.341360e+00 2.858657e+00
      vertex -3.819023e+01 2.204874e+00 2.857350e+00
    endloop
  endfacet
  facet normal 3.667513e-01 -8.185294e-01 4.421572e-01
    outer loop
      vertex -3.811616e+01 2.240824e+00 2.698756e+00
      vertex -3.788561e+01 2.309513e+00 2.634684e+00
      vertex -3.808456e+01 2.341360e+00 2.858657e+00
    endloop
  endfacet
  facet normal -8.243408e-01 -4.170602e-01 3.827832e-01
    outer loop
      vertex -2.226833e+01 2.241121e+00 2.633850e+00
      vertex -2.216945e+01 2.078071e+00 2.669140e+00
      vertex -2.219796e+01 2.311487e+00 2.862051e+00
    endloop
  endfacet
  facet normal -2.227088e-01 -8.407982e-01 4.934158e-01
    outer loop
      vertex -2.198626e+01 -1.008036e+01 2.633211e+00
      vertex -2.177108e+01 -1.013649e+01 2.634684e+00
      vertex -2.200446e+01 -9.941239e+00 2.862051e+00
    endloop
  endfacet
  facet normal -6.623672e-01 -6.624021e-01 3.499901e-01
    outer loop
      vertex -2.198626e+01 -1.008036e+01 2.633211e+00
      vertex -2.200446e+01 -9.941239e+00 2.862051e+00
      vertex -2.214380e+01 -9.922829e+00 2.633211e+00
    endloop
  endfacet
  facet normal 8.407982e-01 -2.227088e-01 4.934158e-01
    outer loop
      vertex -1.925510e+01 -9.922811e+00 2.633211e+00
      vertex -1.919896e+01 -9.707629e+00 2.634684e+00
      vertex -1.939421e+01 -9.941014e+00 2.862051e+00
    endloop
  endfacet
  facet normal 6.624021e-01 -6.623672e-01 3.499901e-01
    outer loop
      vertex -1.925510e+01 -9.922811e+00 2.633211e+00
      vertex -1.939421e+01 -9.941014e+00 2.862051e+00
      vertex -1.941262e+01 -1.008035e+01 2.633211e+00
    endloop
  endfacet
  facet normal 2.227088e-01 8.407982e-01 4.934158e-01
    outer loop
      vertex -1.941264e+01 3.984356e+00 2.633211e+00
      vertex -1.962782e+01 4.040487e+00 2.634684e+00
      vertex -1.939444e+01 3.845241e+00 2.862051e+00
    endloop
  endfacet
  facet normal 6.623672e-01 6.624021e-01 3.499901e-01
    outer loop
      vertex -1.941264e+01 3.984356e+00 2.633211e+00
      vertex -1.939444e+01 3.845241e+00 2.862051e+00
      vertex -1.925511e+01 3.826829e+00 2.633211e+00
    endloop
  endfacet
  facet normal 2.250713e-04 6.156198e-01 7.880433e-01
    outer loop
      vertex -1.962782e+01 4.040487e+00 2.634684e+00
      vertex -3.816859e+01 4.124903e+00 2.574034e+00
      vertex -3.808989e+01 4.022008e+00 2.654393e+00
    endloop
  endfacet
  facet normal -5.523406e-01 -1.956810e-05 8.336185e-01
    outer loop
      vertex -2.219994e+01 -9.707629e+00 2.634685e+00
      vertex -2.219908e+01 2.078071e+00 2.635528e+00
      vertex -2.230583e+01 2.078071e+00 2.564798e+00
    endloop
  endfacet
  facet normal -5.387542e-01 -2.204330e-01 8.131132e-01
    outer loop
      vertex -2.226833e+01 2.241121e+00 2.633850e+00
      vertex -2.230583e+01 2.078071e+00 2.564798e+00
      vertex -2.219908e+01 2.078071e+00 2.635528e+00
    endloop
  endfacet
  facet normal -7.161087e-01 -2.976238e-01 6.313544e-01
    outer loop
      vertex -2.226833e+01 2.241121e+00 2.633850e+00
      vertex -2.219908e+01 2.078071e+00 2.635528e+00
      vertex -2.216945e+01 2.078071e+00 2.669140e+00
    endloop
  endfacet
  facet normal 5.414620e-06 -7.501008e-01 6.613235e-01
    outer loop
      vertex -2.243138e+01 2.310366e+00 2.635528e+00
      vertex -2.243138e+01 2.340001e+00 2.669140e+00
      vertex -3.788561e+01 2.309513e+00 2.634684e+00
    endloop
  endfacet
  facet normal -1.493159e-05 -5.523406e-01 8.336185e-01
    outer loop
      vertex -2.243138e+01 2.203620e+00 2.564798e+00
      vertex -2.243138e+01 2.310366e+00 2.635528e+00
      vertex -3.788561e+01 2.309513e+00 2.634684e+00
    endloop
  endfacet
  facet normal 3.558206e-01 -4.116732e-01 8.389975e-01
    outer loop
      vertex -3.811616e+01 2.240824e+00 2.698756e+00
      vertex -3.808092e+01 2.078071e+00 2.603953e+00
      vertex -3.788561e+01 2.309513e+00 2.634684e+00
    endloop
  endfacet
  facet normal -1.000000e+00 1.224647e-16 -2.449294e-16
    outer loop
      vertex -2.243138e+01 2.203620e+00 2.564798e+00
      vertex -2.243138e+01 2.340001e+00 2.669140e+00
      vertex -2.243138e+01 2.310366e+00 2.635528e+00
    endloop
  endfacet
  facet normal 8.175852e-01 -4.850599e-06 5.758076e-01
    outer loop
      vertex -3.811499e+01 -4.512462e+01 2.632674e+00
      vertex -3.811412e+01 2.078071e+00 2.631838e+00
      vertex -3.818703e+01 2.078071e+00 2.735352e+00
    endloop
  endfacet
  facet normal 7.973837e-01 -2.209229e-01 5.615801e-01
    outer loop
      vertex -3.811616e+01 2.240824e+00 2.698756e+00
      vertex -3.818703e+01 2.078071e+00 2.735352e+00
      vertex -3.811412e+01 2.078071e+00 2.631838e+00
    endloop
  endfacet
  facet normal 7.409220e-01 -3.301975e-04 6.715910e-01
    outer loop
      vertex -3.814446e+01 -4.512462e+01 2.665188e+00
      vertex -3.811499e+01 -4.512462e+01 2.632674e+00
      vertex -3.818703e+01 2.078071e+00 2.735352e+00
    endloop
  endfacet
  facet normal 6.148553e-01 -2.933052e-01 7.320690e-01
    outer loop
      vertex -3.811616e+01 2.240824e+00 2.698756e+00
      vertex -3.811412e+01 2.078071e+00 2.631838e+00
      vertex -3.808092e+01 2.078071e+00 2.603953e+00
    endloop
  endfacet
  facet normal 7.081090e-01 2.942997e-01 6.418484e-01
    outer loop
      vertex -3.804659e+01 -4.528559e+01 2.631024e+00
      vertex -3.811499e+01 -4.512462e+01 2.632674e+00
      vertex -3.814446e+01 -4.512462e+01 2.665188e+00
    endloop
  endfacet
  facet normal 8.186226e-01 4.130065e-01 3.991023e-01
    outer loop
      vertex -3.804659e+01 -4.528559e+01 2.631024e+00
      vertex -3.814446e+01 -4.512462e+01 2.665188e+00
      vertex -3.811882e+01 -4.535782e+01 2.853913e+00
    endloop
  endfacet
  facet normal -9.875009e-17 7.409220e-01 6.715910e-01
    outer loop
      vertex -3.788561e+01 -4.538346e+01 2.665188e+00
      vertex 3.788561e+01 -4.538346e+01 2.665188e+00
      vertex 3.788561e+01 -4.535399e+01 2.632674e+00
    endloop
  endfacet
  facet normal -2.942997e-01 7.081090e-01 6.418484e-01
    outer loop
      vertex 3.804659e+01 -4.528559e+01 2.631024e+00
      vertex 3.788561e+01 -4.535399e+01 2.632674e+00
      vertex 3.788561e+01 -4.538346e+01 2.665188e+00
    endloop
  endfacet
  facet normal -6.125833e-17 7.409220e-01 6.715910e-01
    outer loop
      vertex -3.788561e+01 -4.535399e+01 2.632674e+00
      vertex -3.788561e+01 -4.538346e+01 2.665188e+00
      vertex 3.788561e+01 -4.535399e+01 2.632674e+00
    endloop
  endfacet
  facet normal -4.130065e-01 8.186226e-01 3.991023e-01
    outer loop
      vertex 3.804659e+01 -4.528559e+01 2.631024e+00
      vertex 3.788561e+01 -4.538346e+01 2.665188e+00
      vertex 3.811882e+01 -4.535782e+01 2.853913e+00
    endloop
  endfacet
  facet normal -7.409220e-01 2.963522e-16 6.715910e-01
    outer loop
      vertex 3.811499e+01 -4.512462e+01 2.632674e+00
      vertex 3.814446e+01 -4.512462e+01 2.665188e+00
      vertex 3.811499e+01 2.078071e+00 2.632674e+00
    endloop
  endfacet
  facet normal 2.981350e-05 -5.523406e-01 8.336185e-01
    outer loop
      vertex 3.788561e+01 2.308641e+00 2.633831e+00
      vertex 2.243138e+01 2.310366e+00 2.635528e+00
      vertex 2.243138e+01 2.203620e+00 2.564798e+00
    endloop
  endfacet
  facet normal 2.204330e-01 -5.387542e-01 8.131132e-01
    outer loop
      vertex 2.226833e+01 2.241121e+00 2.633850e+00
      vertex 2.243138e+01 2.203620e+00 2.564798e+00
      vertex 2.243138e+01 2.310366e+00 2.635528e+00
    endloop
  endfacet
  facet normal -2.967393e-05 -5.462279e-01 8.376365e-01
    outer loop
      vertex 3.788561e+01 2.201386e+00 2.563891e+00
      vertex 3.788561e+01 2.308641e+00 2.633831e+00
      vertex 2.243138e+01 2.203620e+00 2.564798e+00
    endloop
  endfacet
  facet normal -1.001649e-03 -7.501005e-01 6.613231e-01
    outer loop
      vertex 3.788561e+01 2.381214e+00 2.739293e+00
      vertex 2.243138e+01 2.340001e+00 2.669140e+00
      vertex 2.243138e+01 2.310366e+00 2.635528e+00
    endloop
  endfacet
  facet normal 2.976238e-01 -7.161087e-01 6.313544e-01
    outer loop
      vertex 2.226833e+01 2.241121e+00 2.633850e+00
      vertex 2.243138e+01 2.310366e+00 2.635528e+00
      vertex 2.243138e+01 2.340001e+00 2.669140e+00
    endloop
  endfacet
  facet normal -2.980556e-05 -8.237903e-01 5.668947e-01
    outer loop
      vertex 3.788561e+01 2.308641e+00 2.633831e+00
      vertex 3.788561e+01 2.381214e+00 2.739293e+00
      vertex 2.243138e+01 2.310366e+00 2.635528e+00
    endloop
  endfacet
  facet normal 4.170602e-01 -8.243408e-01 3.827832e-01
    outer loop
      vertex 2.226833e+01 2.241121e+00 2.633850e+00
      vertex 2.243138e+01 2.340001e+00 2.669140e+00
      vertex 2.219796e+01 2.311487e+00 2.862051e+00
    endloop
  endfacet
  facet normal -3.204516e-01 -5.174226e-01 7.934637e-01
    outer loop
      vertex 3.804987e+01 2.308559e+00 2.700113e+00
      vertex 3.788561e+01 2.308641e+00 2.633831e+00
      vertex 3.788561e+01 2.201386e+00 2.563891e+00
    endloop
  endfacet
  facet normal 7.501008e-01 7.095882e-06 6.613235e-01
    outer loop
      vertex 2.219908e+01 2.078071e+00 2.635528e+00
      vertex 2.216945e+01 2.078071e+00 2.669140e+00
      vertex 2.219994e+01 -9.707629e+00 2.634685e+00
    endloop
  endfacet
  facet normal 5.523406e-01 -1.956831e-05 8.336185e-01
    outer loop
      vertex 2.230583e+01 2.078071e+00 2.564798e+00
      vertex 2.219908e+01 2.078071e+00 2.635528e+00
      vertex 2.219994e+01 -9.707629e+00 2.634685e+00
    endloop
  endfacet
  facet normal -1.224647e-16 -1.000000e+00 3.061617e-16
    outer loop
      vertex 2.230583e+01 2.078071e+00 2.564798e+00
      vertex 2.216945e+01 2.078071e+00 2.669140e+00
      vertex 2.219908e+01 2.078071e+00 2.635528e+00
    endloop
  endfacet
  facet normal -1.212540e-05 5.522364e-01 8.336876e-01
    outer loop
      vertex 1.962782e+01 4.040487e+00 2.634684e+00
      vertex 3.788561e+01 4.039667e+00 2.635493e+00
      vertex 3.788561e+01 4.146410e+00 2.564786e+00
    endloop
  endfacet
  facet normal -2.171589e-01 5.390580e-01 8.137926e-01
    outer loop
      vertex 3.804703e+01 4.109321e+00 2.632429e+00
      vertex 3.788561e+01 4.146410e+00 2.564786e+00
      vertex 3.788561e+01 4.039667e+00 2.635493e+00
    endloop
  endfacet
  facet normal -2.969729e-01 7.160184e-01 6.317633e-01
    outer loop
      vertex 3.804703e+01 4.109321e+00 2.632429e+00
      vertex 3.788561e+01 4.039667e+00 2.635493e+00
      vertex 3.788561e+01 4.010120e+00 2.668978e+00
    endloop
  endfacet
  facet normal -4.162883e-01 8.212035e-01 3.902932e-01
    outer loop
      vertex 3.804703e+01 4.109321e+00 2.632429e+00
      vertex 3.788561e+01 4.010120e+00 2.668978e+00
      vertex 3.811889e+01 4.038546e+00 2.857980e+00
    endloop
  endfacet
  facet normal -5.468215e-01 3.522742e-16 8.372492e-01
    outer loop
      vertex 3.811583e+01 4.271926e+00 2.633488e+00
      vertex 3.811583e+01 2.006127e+01 2.633488e+00
      vertex 3.800982e+01 2.006127e+01 2.564250e+00
    endloop
  endfacet
  facet normal -5.333810e-01 -2.203506e-01 8.166702e-01
    outer loop
      vertex 3.804703e+01 2.022388e+01 2.632429e+00
      vertex 3.800982e+01 2.006127e+01 2.564250e+00
      vertex 3.811583e+01 2.006127e+01 2.633488e+00
    endloop
  endfacet
  facet normal -5.468215e-01 3.980660e-16 8.372492e-01
    outer loop
      vertex 3.800982e+01 4.271926e+00 2.564250e+00
      vertex 3.811583e+01 4.271926e+00 2.633488e+00
      vertex 3.800982e+01 2.006127e+01 2.564250e+00
    endloop
  endfacet
  facet normal -7.435511e-01 3.554955e-16 6.686791e-01
    outer loop
      vertex 3.814534e+01 4.271926e+00 2.666303e+00
      vertex 3.814534e+01 2.006127e+01 2.666303e+00
      vertex 3.811583e+01 2.006127e+01 2.633488e+00
    endloop
  endfacet
  facet normal -7.101610e-01 -2.963038e-01 6.386512e-01
    outer loop
      vertex 3.804703e+01 2.022388e+01 2.632429e+00
      vertex 3.811583e+01 2.006127e+01 2.633488e+00
      vertex 3.814534e+01 2.006127e+01 2.666303e+00
    endloop
  endfacet
  facet normal -7.435511e-01 2.093257e-16 6.686791e-01
    outer loop
      vertex 3.811583e+01 4.271926e+00 2.633488e+00
      vertex 3.814534e+01 4.271926e+00 2.666303e+00
      vertex 3.811583e+01 2.006127e+01 2.633488e+00
    endloop
  endfacet
  facet normal -8.212098e-01 -4.148661e-01 3.917916e-01
    outer loop
      vertex 3.804703e+01 2.022388e+01 2.632429e+00
      vertex 3.814534e+01 2.006127e+01 2.666303e+00
      vertex 3.811889e+01 2.029465e+01 2.857980e+00
    endloop
  endfacet
  facet normal -2.719048e-13 1.000000e+00 4.162001e-13
    outer loop
      vertex 3.800982e+01 4.271926e+00 2.564250e+00
      vertex 3.814534e+01 4.271926e+00 2.666303e+00
      vertex 3.811583e+01 4.271926e+00 2.633488e+00
    endloop
  endfacet
  facet normal -4.162883e-01 -8.212035e-01 3.902932e-01
    outer loop
      vertex 3.804703e+01 2.022388e+01 2.632429e+00
      vertex 3.811889e+01 2.029465e+01 2.857980e+00
      vertex 3.788561e+01 2.032308e+01 2.668978e+00
    endloop
  endfacet
  facet normal 5.298388e-05 -6.155381e-01 7.881072e-01
    outer loop
      vertex 3.788561e+01 2.029353e+01 2.635493e+00
      vertex -3.808989e+01 2.031119e+01 2.654393e+00
      vertex -3.816859e+01 2.020830e+01 2.574034e+00
    endloop
  endfacet
  facet normal -9.699908e-06 -7.498471e-01 6.616113e-01
    outer loop
      vertex 3.788561e+01 2.029353e+01 2.635493e+00
      vertex 3.788561e+01 2.032308e+01 2.668978e+00
      vertex -3.808989e+01 2.031119e+01 2.654393e+00
    endloop
  endfacet
  facet normal -5.479405e-05 -5.522364e-01 8.336876e-01
    outer loop
      vertex 3.788561e+01 2.018679e+01 2.564786e+00
      vertex 3.788561e+01 2.029353e+01 2.635493e+00
      vertex -3.816859e+01 2.020830e+01 2.574034e+00
    endloop
  endfacet
  facet normal -1.000000e+00 1.224647e-16 -2.449294e-16
    outer loop
      vertex 3.788561e+01 2.018679e+01 2.564786e+00
      vertex 3.788561e+01 2.032308e+01 2.668978e+00
      vertex 3.788561e+01 2.029353e+01 2.635493e+00
    endloop
  endfacet
  facet normal -1.898402e-01 -5.963021e-01 7.799901e-01
    outer loop
      vertex 3.804703e+01 2.022388e+01 2.632429e+00
      vertex 3.788561e+01 2.032308e+01 2.668978e+00
      vertex 3.788561e+01 2.018679e+01 2.564786e+00
    endloop
  endfacet
  facet normal 3.496565e-01 4.885011e-01 7.994417e-01
    outer loop
      vertex 3.932874e+01 3.990499e+01 1.787389e+01
      vertex 3.916449e+01 3.990952e+01 1.794296e+01
      vertex 3.916585e+01 3.980033e+01 1.800909e+01
    endloop
  endfacet
  facet normal 1.878044e-01 9.025910e-01 3.873745e-01
    outer loop
      vertex 3.932874e+01 3.990499e+01 1.787389e+01
      vertex 3.916405e+01 4.000444e+01 1.772202e+01
      vertex 3.916449e+01 3.990952e+01 1.794296e+01
    endloop
  endfacet
  facet normal 3.240387e-01 -7.101375e-01 6.250629e-01
    outer loop
      vertex 3.932595e+01 3.280693e+01 1.794157e+01
      vertex 3.916449e+01 3.273448e+01 1.794296e+01
      vertex 3.916449e+01 3.270414e+01 1.790850e+01
    endloop
  endfacet
  facet normal 4.352120e-01 -8.100723e-01 3.929038e-01
    outer loop
      vertex 3.932595e+01 3.280693e+01 1.794157e+01
      vertex 3.916449e+01 3.270414e+01 1.790850e+01
      vertex 3.939776e+01 3.273611e+01 1.771602e+01
    endloop
  endfacet
  facet normal 3.496565e-01 4.885011e-01 7.994417e-01
    outer loop
      vertex 3.932874e+01 1.804992e+00 1.787389e+01
      vertex 3.916449e+01 1.809525e+00 1.794296e+01
      vertex 3.916585e+01 1.700326e+00 1.800909e+01
    endloop
  endfacet
  facet normal 1.878044e-01 9.025910e-01 3.873745e-01
    outer loop
      vertex 3.932874e+01 1.804992e+00 1.787389e+01
      vertex 3.916405e+01 1.904438e+00 1.772202e+01
      vertex 3.916449e+01 1.809525e+00 1.794296e+01
    endloop
  endfacet
  facet normal 3.240387e-01 -7.101375e-01 6.250629e-01
    outer loop
      vertex 3.932595e+01 -5.293067e+00 1.794157e+01
      vertex 3.916449e+01 -5.365525e+00 1.794296e+01
      vertex 3.916449e+01 -5.395858e+00 1.790850e+01
    endloop
  endfacet
  facet normal 4.352120e-01 -8.100723e-01 3.929038e-01
    outer loop
      vertex 3.932595e+01 -5.293067e+00 1.794157e+01
      vertex 3.916449e+01 -5.395858e+00 1.790850e+01
      vertex 3.939776e+01 -5.363883e+00 1.771602e+01
    endloop
  endfacet
  facet normal 3.496565e-01 4.885011e-01 7.994417e-01
    outer loop
      vertex 3.932874e+01 -3.629501e+01 1.787389e+01
      vertex 3.916449e+01 -3.629048e+01 1.794296e+01
      vertex 3.916585e+01 -3.639967e+01 1.800909e+01
    endloop
  endfacet
  facet normal 1.878044e-01 9.025910e-01 3.873745e-01
    outer loop
      vertex 3.932874e+01 -3.629501e+01 1.787389e+01
      vertex 3.916405e+01 -3.619557e+01 1.772202e+01
      vertex 3.916449e+01 -3.629048e+01 1.794296e+01
    endloop
  endfacet
  facet normal 3.240387e-01 -7.101375e-01 6.250629e-01
    outer loop
      vertex 3.932595e+01 -4.339307e+01 1.794157e+01
      vertex 3.916449e+01 -4.346552e+01 1.794296e+01
      vertex 3.916449e+01 -4.349586e+01 1.790850e+01
    endloop
  endfacet
  facet normal 4.352120e-01 -8.100723e-01 3.929038e-01
    outer loop
      vertex 3.932595e+01 -4.339307e+01 1.794157e+01
      vertex 3.916449e+01 -4.349586e+01 1.790850e+01
      vertex 3.939776e+01 -4.346388e+01 1.771602e+01
    endloop
  endfacet
  facet normal -3.240387e-01 -7.101375e-01 6.250629e-01
    outer loop
      vertex -3.932595e+01 -4.339307e+01 1.794157e+01
      vertex -3.916449e+01 -4.349586e+01 1.790850e+01
      vertex -3.916449e+01 -4.346552e+01 1.794296e+01
    endloop
  endfacet
  facet normal -4.352120e-01 -8.100723e-01 3.929038e-01
    outer loop
      vertex -3.932595e+01 -4.339307e+01 1.794157e+01
      vertex -3.939776e+01 -4.346388e+01 1.771602e+01
      vertex -3.916449e+01 -4.349586e+01 1.790850e+01
    endloop
  endfacet
  facet normal -3.496565e-01 4.885011e-01 7.994417e-01
    outer loop
      vertex -3.932874e+01 -3.629501e+01 1.787389e+01
      vertex -3.916585e+01 -3.639967e+01 1.800909e+01
      vertex -3.916449e+01 -3.629048e+01 1.794296e+01
    endloop
  endfacet
  facet normal -4.444987e-01 3.649553e-01 8.180639e-01
    outer loop
      vertex -3.932874e+01 -3.629501e+01 1.787389e+01
      vertex -3.939386e+01 -3.652549e+01 1.794133e+01
      vertex -3.916585e+01 -3.639967e+01 1.800909e+01
    endloop
  endfacet
  facet normal -1.878044e-01 9.025910e-01 3.873745e-01
    outer loop
      vertex -3.932874e+01 -3.629501e+01 1.787389e+01
      vertex -3.916449e+01 -3.629048e+01 1.794296e+01
      vertex -3.916405e+01 -3.619557e+01 1.772202e+01
    endloop
  endfacet
  facet normal -3.496565e-01 4.885011e-01 7.994417e-01
    outer loop
      vertex -3.932874e+01 1.804992e+00 1.787389e+01
      vertex -3.916585e+01 1.700326e+00 1.800909e+01
      vertex -3.916449e+01 1.809525e+00 1.794296e+01
    endloop
  endfacet
  facet normal -4.444987e-01 3.649553e-01 8.180639e-01
    outer loop
      vertex -3.932874e+01 1.804992e+00 1.787389e+01
      vertex -3.939386e+01 1.574504e+00 1.794133e+01
      vertex -3.916585e+01 1.700326e+00 1.800909e+01
    endloop
  endfacet
  facet normal -1.878044e-01 9.025910e-01 3.873745e-01
    outer loop
      vertex -3.932874e+01 1.804992e+00 1.787389e+01
      vertex -3.916449e+01 1.809525e+00 1.794296e+01
      vertex -3.916405e+01 1.904438e+00 1.772202e+01
    endloop
  endfacet
  facet normal -3.240387e-01 -7.101375e-01 6.250629e-01
    outer loop
      vertex -3.932595e+01 -5.293067e+00 1.794157e+01
      vertex -3.916449e+01 -5.395858e+00 1.790850e+01
      vertex -3.916449e+01 -5.365525e+00 1.794296e+01
    endloop
  endfacet
  facet normal -4.352120e-01 -8.100723e-01 3.929038e-01
    outer loop
      vertex -3.932595e+01 -5.293067e+00 1.794157e+01
      vertex -3.939776e+01 -5.363883e+00 1.771602e+01
      vertex -3.916449e+01 -5.395858e+00 1.790850e+01
    endloop
  endfacet
  facet normal -3.496565e-01 -4.885011e-01 7.994417e-01
    outer loop
      vertex -3.932874e+01 3.273901e+01 1.787389e+01
      vertex -3.916449e+01 3.273448e+01 1.794296e+01
      vertex -3.916585e+01 3.284367e+01 1.800909e+01
    endloop
  endfacet
  facet normal -1.878044e-01 -9.025910e-01 3.873745e-01
    outer loop
      vertex -3.932874e+01 3.273901e+01 1.787389e+01
      vertex -3.916405e+01 3.263956e+01 1.772202e+01
      vertex -3.916449e+01 3.273448e+01 1.794296e+01
    endloop
  endfacet
  facet normal -3.240387e-01 7.101375e-01 6.250629e-01
    outer loop
      vertex -3.932595e+01 3.983707e+01 1.794157e+01
      vertex -3.916449e+01 3.990952e+01 1.794296e+01
      vertex -3.916449e+01 3.993986e+01 1.790850e+01
    endloop
  endfacet
  facet normal -4.352120e-01 8.100723e-01 3.929038e-01
    outer loop
      vertex -3.932595e+01 3.983707e+01 1.794157e+01
      vertex -3.916449e+01 3.993986e+01 1.790850e+01
      vertex -3.939776e+01 3.990789e+01 1.771602e+01
    endloop
  endfacet
  facet normal 7.435511e-01 1.197000e-05 6.686791e-01
    outer loop
      vertex 3.939470e+01 -4.323050e+01 1.794051e+01
      vertex 3.942421e+01 -4.323050e+01 1.790770e+01
      vertex 3.939386e+01 -3.652549e+01 1.794133e+01
    endloop
  endfacet
  facet normal 5.468215e-01 -3.315401e-05 8.372492e-01
    outer loop
      vertex 3.928869e+01 -4.323050e+01 1.800975e+01
      vertex 3.939470e+01 -4.323050e+01 1.794051e+01
      vertex 3.939386e+01 -3.652549e+01 1.794133e+01
    endloop
  endfacet
  facet normal -3.811397e-01 9.067383e-01 1.804388e-01
    outer loop
      vertex -3.932874e+01 -3.629501e+01 1.787389e+01
      vertex -3.916405e+01 -3.619557e+01 1.772202e+01
      vertex -3.939861e+01 -3.629297e+01 1.771603e+01
    endloop
  endfacet
  facet normal 7.435511e-01 1.197000e-05 6.686791e-01
    outer loop
      vertex 3.939470e+01 3.296949e+01 1.794051e+01
      vertex 3.942421e+01 3.296949e+01 1.790770e+01
      vertex 3.939386e+01 3.967450e+01 1.794133e+01
    endloop
  endfacet
  facet normal 5.468215e-01 -3.315401e-05 8.372492e-01
    outer loop
      vertex 3.928869e+01 3.296949e+01 1.800975e+01
      vertex 3.939470e+01 3.296949e+01 1.794051e+01
      vertex 3.939386e+01 3.967450e+01 1.794133e+01
    endloop
  endfacet
  facet normal 8.012643e-01 3.650922e-01 4.740075e-01
    outer loop
      vertex 3.932874e+01 3.990499e+01 1.787389e+01
      vertex 3.939386e+01 3.967450e+01 1.794133e+01
      vertex 3.947000e+01 3.979910e+01 1.771664e+01
    endloop
  endfacet
  facet normal -1.224647e-16 -1.000000e+00 3.061617e-16
    outer loop
      vertex 3.928869e+01 3.296949e+01 1.800975e+01
      vertex 3.942421e+01 3.296949e+01 1.790770e+01
      vertex 3.939470e+01 3.296949e+01 1.794051e+01
    endloop
  endfacet
  facet normal 7.797776e-01 5.178307e-01 3.518497e-01
    outer loop
      vertex 3.932874e+01 3.990499e+01 1.787389e+01
      vertex 3.947000e+01 3.979910e+01 1.771664e+01
      vertex 3.939861e+01 3.990703e+01 1.771603e+01
    endloop
  endfacet
  facet normal 5.367495e-01 8.064662e-01 2.480169e-01
    outer loop
      vertex 3.932874e+01 3.990499e+01 1.787389e+01
      vertex 3.939861e+01 3.990703e+01 1.771603e+01
      vertex 3.929127e+01 3.997924e+01 1.771355e+01
    endloop
  endfacet
  facet normal 2.041252e-01 9.056436e-01 3.716752e-01
    outer loop
      vertex 3.932874e+01 3.990499e+01 1.787389e+01
      vertex 3.929127e+01 3.997924e+01 1.771355e+01
      vertex 3.916405e+01 4.000444e+01 1.772202e+01
    endloop
  endfacet
  facet normal 7.435511e-01 1.197000e-05 6.686791e-01
    outer loop
      vertex 3.939470e+01 -5.130504e+00 1.794051e+01
      vertex 3.942421e+01 -5.130504e+00 1.790770e+01
      vertex 3.939386e+01 1.574504e+00 1.794133e+01
    endloop
  endfacet
  facet normal 5.468215e-01 -3.315401e-05 8.372492e-01
    outer loop
      vertex 3.928869e+01 -5.130504e+00 1.800975e+01
      vertex 3.939470e+01 -5.130504e+00 1.794051e+01
      vertex 3.939386e+01 1.574504e+00 1.794133e+01
    endloop
  endfacet
  facet normal 8.012643e-01 3.650922e-01 4.740075e-01
    outer loop
      vertex 3.932874e+01 1.804992e+00 1.787389e+01
      vertex 3.939386e+01 1.574504e+00 1.794133e+01
      vertex 3.947000e+01 1.699103e+00 1.771664e+01
    endloop
  endfacet
  facet normal -1.224647e-16 -1.000000e+00 3.061617e-16
    outer loop
      vertex 3.928869e+01 -5.130504e+00 1.800975e+01
      vertex 3.942421e+01 -5.130504e+00 1.790770e+01
      vertex 3.939470e+01 -5.130504e+00 1.794051e+01
    endloop
  endfacet
  facet normal 7.797776e-01 5.178307e-01 3.518497e-01
    outer loop
      vertex 3.932874e+01 1.804992e+00 1.787389e+01
      vertex 3.947000e+01 1.699103e+00 1.771664e+01
      vertex 3.939861e+01 1.807036e+00 1.771603e+01
    endloop
  endfacet
  facet normal 5.367495e-01 8.064662e-01 2.480169e-01
    outer loop
      vertex 3.932874e+01 1.804992e+00 1.787389e+01
      vertex 3.939861e+01 1.807036e+00 1.771603e+01
      vertex 3.929127e+01 1.879240e+00 1.771355e+01
    endloop
  endfacet
  facet normal 2.041252e-01 9.056436e-01 3.716752e-01
    outer loop
      vertex 3.932874e+01 1.804992e+00 1.787389e+01
      vertex 3.929127e+01 1.879240e+00 1.771355e+01
      vertex 3.916405e+01 1.904438e+00 1.772202e+01
    endloop
  endfacet
endsolid Default
