solid Default
  facet normal 3.290786e-15 -9.993908e-01 -3.489950e-02
    outer loop
      vertex 3.898776e+01 -4.826000e+01 1.041400e+01
      vertex 3.967324e+01 -4.796374e+01 1.930008e+00
      vertex 4.000280e+01 -4.800334e+01 3.064194e+00
    endloop
  endfacet
  facet normal 3.770266e-01 -9.153273e-01 -1.415162e-01
    outer loop
      vertex 4.054095e+01 -4.777998e+01 3.053201e+00
      vertex 4.000280e+01 -4.800334e+01 3.064194e+00
      vertex 3.967324e+01 -4.796374e+01 1.930008e+00
    endloop
  endfacet
  facet normal 4.273955e-18 -9.993908e-01 -3.489950e-02
    outer loop
      vertex 4.025946e+01 -4.826000e+01 1.041400e+01
      vertex 3.898776e+01 -4.826000e+01 1.041400e+01
      vertex 4.000280e+01 -4.800334e+01 3.064194e+00
    endloop
  endfacet
  facet normal 3.821593e-01 -9.229718e-01 -4.557618e-02
    outer loop
      vertex 4.054095e+01 -4.777998e+01 3.053201e+00
      vertex 4.025946e+01 -4.826000e+01 1.041400e+01
      vertex 4.000280e+01 -4.800334e+01 3.064194e+00
    endloop
  endfacet
  facet normal -9.192808e-15 -9.993908e-01 -3.489950e-02
    outer loop
      vertex 3.898776e+01 -4.826000e+01 1.041400e+01
      vertex 3.926379e+01 -4.794554e+01 1.409122e+00
      vertex 3.967324e+01 -4.796374e+01 1.930008e+00
    endloop
  endfacet
  facet normal 2.996902e-01 -9.157512e-01 -2.675550e-01
    outer loop
      vertex 4.011261e+01 -4.772999e+01 1.622122e+00
      vertex 3.967324e+01 -4.796374e+01 1.930008e+00
      vertex 3.926379e+01 -4.794554e+01 1.409122e+00
    endloop
  endfacet
  facet normal 3.826952e-01 -9.122003e-01 -1.464070e-01
    outer loop
      vertex 4.011261e+01 -4.772999e+01 1.622122e+00
      vertex 4.054095e+01 -4.777998e+01 3.053201e+00
      vertex 3.967324e+01 -4.796374e+01 1.930008e+00
    endloop
  endfacet
  facet normal 1.333471e-14 -9.993908e-01 -3.489950e-02
    outer loop
      vertex 3.873358e+01 -4.800582e+01 3.135109e+00
      vertex 3.873027e+01 -4.793202e+01 1.021893e+00
      vertex 3.926379e+01 -4.794554e+01 1.409122e+00
    endloop
  endfacet
  facet normal 2.235931e-01 -9.134720e-01 -3.399633e-01
    outer loop
      vertex 3.903734e+01 -4.769372e+01 5.835437e-01
      vertex 3.926379e+01 -4.794554e+01 1.409122e+00
      vertex 3.873027e+01 -4.793202e+01 1.021893e+00
    endloop
  endfacet
  facet normal 8.591841e-15 -9.993908e-01 -3.489950e-02
    outer loop
      vertex 3.898776e+01 -4.826000e+01 1.041400e+01
      vertex 3.873358e+01 -4.800582e+01 3.135109e+00
      vertex 3.926379e+01 -4.794554e+01 1.409122e+00
    endloop
  endfacet
  facet normal 3.127448e-01 -8.811771e-01 -3.545670e-01
    outer loop
      vertex 3.903734e+01 -4.769372e+01 5.835437e-01
      vertex 4.011261e+01 -4.772999e+01 1.622122e+00
      vertex 3.926379e+01 -4.794554e+01 1.409122e+00
    endloop
  endfacet
  facet normal -5.090194e-15 -9.993908e-01 -3.489950e-02
    outer loop
      vertex 3.759127e+01 -4.796730e+01 2.032000e+00
      vertex 3.759127e+01 -4.792202e+01 7.354066e-01
      vertex 3.873027e+01 -4.793202e+01 1.021893e+00
    endloop
  endfacet
  facet normal 9.807563e-02 -9.015523e-01 -4.214080e-01
    outer loop
      vertex 3.903734e+01 -4.769372e+01 5.835437e-01
      vertex 3.873027e+01 -4.793202e+01 1.021893e+00
      vertex 3.759127e+01 -4.792202e+01 7.354066e-01
    endloop
  endfacet
  facet normal -5.388462e-15 -9.993908e-01 -3.489950e-02
    outer loop
      vertex 3.838530e+01 -4.797850e+01 2.352827e+00
      vertex 3.759127e+01 -4.796730e+01 2.032000e+00
      vertex 3.873027e+01 -4.793202e+01 1.021893e+00
    endloop
  endfacet
  facet normal 6.319078e-15 -9.993908e-01 -3.489950e-02
    outer loop
      vertex 3.873358e+01 -4.800582e+01 3.135109e+00
      vertex 3.838530e+01 -4.797850e+01 2.352827e+00
      vertex 3.873027e+01 -4.793202e+01 1.021893e+00
    endloop
  endfacet
  facet normal 4.273955e-18 -9.993908e-01 -3.489950e-02
    outer loop
      vertex -3.759127e+01 -4.796730e+01 2.032000e+00
      vertex -3.759127e+01 -4.792202e+01 7.354066e-01
      vertex 3.759127e+01 -4.792202e+01 7.354066e-01
    endloop
  endfacet
  facet normal 4.981087e-17 -9.135454e-01 -4.067366e-01
    outer loop
      vertex -3.759127e+01 -4.768981e+01 2.138632e-01
      vertex 3.759127e+01 -4.792202e+01 7.354066e-01
      vertex -3.759127e+01 -4.792202e+01 7.354066e-01
    endloop
  endfacet
  facet normal 4.273955e-18 -9.993908e-01 -3.489950e-02
    outer loop
      vertex 3.759127e+01 -4.796730e+01 2.032000e+00
      vertex -3.759127e+01 -4.796730e+01 2.032000e+00
      vertex 3.759127e+01 -4.792202e+01 7.354066e-01
    endloop
  endfacet
  facet normal 1.009914e-01 -9.088763e-01 -4.046537e-01
    outer loop
      vertex 3.759127e+01 -4.768981e+01 2.138670e-01
      vertex 3.903734e+01 -4.769372e+01 5.835437e-01
      vertex 3.759127e+01 -4.792202e+01 7.354066e-01
    endloop
  endfacet
  facet normal -2.859210e-08 -9.135470e-01 -4.067332e-01
    outer loop
      vertex -3.759127e+01 -4.768981e+01 2.138632e-01
      vertex 3.759127e+01 -4.768981e+01 2.138670e-01
      vertex 3.759127e+01 -4.792202e+01 7.354066e-01
    endloop
  endfacet
  facet normal -6.731830e-16 -9.993908e-01 -3.489950e-02
    outer loop
      vertex -3.838520e+01 -4.797849e+01 2.352727e+00
      vertex -3.871752e+01 -4.793179e+01 1.015137e+00
      vertex -3.759127e+01 -4.792202e+01 7.354066e-01
    endloop
  endfacet
  facet normal -9.269805e-02 -9.096120e-01 -4.049853e-01
    outer loop
      vertex -3.759127e+01 -4.768981e+01 2.138632e-01
      vertex -3.759127e+01 -4.792202e+01 7.354066e-01
      vertex -3.871752e+01 -4.793179e+01 1.015137e+00
    endloop
  endfacet
  facet normal 5.695934e-15 -9.993908e-01 -3.489950e-02
    outer loop
      vertex -3.759127e+01 -4.796730e+01 2.032000e+00
      vertex -3.838520e+01 -4.797849e+01 2.352727e+00
      vertex -3.759127e+01 -4.792202e+01 7.354066e-01
    endloop
  endfacet
  facet normal 2.988072e-14 -9.993908e-01 -3.489950e-02
    outer loop
      vertex -3.898776e+01 -4.826000e+01 1.041400e+01
      vertex -3.925232e+01 -4.794516e+01 1.398164e+00
      vertex -3.871752e+01 -4.793179e+01 1.015137e+00
    endloop
  endfacet
  facet normal -2.209485e-01 -9.139477e-01 -3.404135e-01
    outer loop
      vertex -3.903726e+01 -4.769372e+01 5.835021e-01
      vertex -3.871752e+01 -4.793179e+01 1.015137e+00
      vertex -3.925232e+01 -4.794516e+01 1.398164e+00
    endloop
  endfacet
  facet normal -5.432885e-14 -9.993908e-01 -3.489950e-02
    outer loop
      vertex -3.873358e+01 -4.800582e+01 3.135109e+00
      vertex -3.898776e+01 -4.826000e+01 1.041400e+01
      vertex -3.871752e+01 -4.793179e+01 1.015137e+00
    endloop
  endfacet
  facet normal -1.300687e-14 -9.993908e-01 -3.489950e-02
    outer loop
      vertex -3.838520e+01 -4.797849e+01 2.352727e+00
      vertex -3.873358e+01 -4.800582e+01 3.135109e+00
      vertex -3.871752e+01 -4.793179e+01 1.015137e+00
    endloop
  endfacet
  facet normal 1.224647e-16 6.123234e-17 -1.000000e+00
    outer loop
      vertex -2.241131e+01 -3.438160e+01 5.080003e-01
      vertex -2.288942e+01 -3.438160e+01 5.080003e-01
      vertex -2.299756e+01 -3.436005e+01 5.080003e-01
    endloop
  endfacet
  facet normal -1.048324e-01 -9.016220e-01 -4.196283e-01
    outer loop
      vertex -3.903726e+01 -4.769372e+01 5.835021e-01
      vertex -3.759127e+01 -4.768981e+01 2.138632e-01
      vertex -3.871752e+01 -4.793179e+01 1.015137e+00
    endloop
  endfacet
  facet normal -3.681449e-14 -9.993908e-01 -3.489950e-02
    outer loop
      vertex -4.025946e+01 -4.826000e+01 1.041400e+01
      vertex -3.966579e+01 -4.796329e+01 1.917301e+00
      vertex -3.925232e+01 -4.794516e+01 1.398164e+00
    endloop
  endfacet
  facet normal -2.992364e-01 -9.150980e-01 -2.702836e-01
    outer loop
      vertex -4.011256e+01 -4.772999e+01 1.622042e+00
      vertex -3.925232e+01 -4.794516e+01 1.398164e+00
      vertex -3.966579e+01 -4.796329e+01 1.917301e+00
    endloop
  endfacet
  facet normal 4.273955e-18 -9.993908e-01 -3.489950e-02
    outer loop
      vertex -3.898776e+01 -4.826000e+01 1.041400e+01
      vertex -4.025946e+01 -4.826000e+01 1.041400e+01
      vertex -3.925232e+01 -4.794516e+01 1.398164e+00
    endloop
  endfacet
  facet normal -3.126856e-01 -8.812135e-01 -3.545284e-01
    outer loop
      vertex -4.011256e+01 -4.772999e+01 1.622042e+00
      vertex -3.903726e+01 -4.769372e+01 5.835021e-01
      vertex -3.925232e+01 -4.794516e+01 1.398164e+00
    endloop
  endfacet
  facet normal -5.888957e-15 -9.993908e-01 -3.489950e-02
    outer loop
      vertex -4.025946e+01 -4.826000e+01 1.041400e+01
      vertex -4.000280e+01 -4.800334e+01 3.064194e+00
      vertex -3.966579e+01 -4.796329e+01 1.917301e+00
    endloop
  endfacet
  facet normal -3.816050e-01 -9.130369e-01 -1.440181e-01
    outer loop
      vertex -4.011256e+01 -4.772999e+01 1.622042e+00
      vertex -3.966579e+01 -4.796329e+01 1.917301e+00
      vertex -4.000280e+01 -4.800334e+01 3.064194e+00
    endloop
  endfacet
  facet normal -3.821751e-01 -9.229653e-01 -4.557651e-02
    outer loop
      vertex -4.079776e+01 -4.803711e+01 1.041400e+01
      vertex -4.000280e+01 -4.800334e+01 3.064194e+00
      vertex -4.025946e+01 -4.826000e+01 1.041400e+01
    endloop
  endfacet
  facet normal -3.821565e-01 -9.229730e-01 -4.557454e-02
    outer loop
      vertex -4.054095e+01 -4.777998e+01 3.053201e+00
      vertex -4.000280e+01 -4.800334e+01 3.064194e+00
      vertex -4.079776e+01 -4.803711e+01 1.041400e+01
    endloop
  endfacet
  facet normal -3.767887e-01 -9.149208e-01 -1.447417e-01
    outer loop
      vertex -4.054095e+01 -4.777998e+01 3.053201e+00
      vertex -4.011256e+01 -4.772999e+01 1.622042e+00
      vertex -4.000280e+01 -4.800334e+01 3.064194e+00
    endloop
  endfacet
  facet normal -1.224647e-16 -6.123234e-17 1.000000e+00
    outer loop
      vertex -3.898776e+01 -4.775169e+01 1.041400e+01
      vertex -4.025946e+01 -4.826000e+01 1.041400e+01
      vertex -3.898776e+01 -4.826000e+01 1.041400e+01
    endloop
  endfacet
  facet normal -1.224647e-16 -6.123234e-17 1.000000e+00
    outer loop
      vertex -4.079776e+01 -4.803711e+01 1.041400e+01
      vertex -4.025946e+01 -4.826000e+01 1.041400e+01
      vertex -3.898776e+01 -4.775169e+01 1.041400e+01
    endloop
  endfacet
  facet normal 9.993908e-01 -2.136978e-18 3.489950e-02
    outer loop
      vertex -3.898776e+01 -4.775169e+01 1.041400e+01
      vertex -3.898776e+01 -4.826000e+01 1.041400e+01
      vertex -3.873358e+01 -4.800582e+01 3.135109e+00
    endloop
  endfacet
  facet normal 9.135281e-01 -1.016093e-14 4.067757e-01
    outer loop
      vertex -3.873358e+01 -4.749750e+01 3.135109e+00
      vertex -3.873358e+01 -4.800582e+01 3.135109e+00
      vertex -3.838520e+01 -4.797849e+01 2.352727e+00
    endloop
  endfacet
  facet normal 9.993908e-01 -1.111170e-14 3.489950e-02
    outer loop
      vertex -3.898776e+01 -4.775169e+01 1.041400e+01
      vertex -3.873358e+01 -4.800582e+01 3.135109e+00
      vertex -3.873358e+01 -4.749750e+01 3.135109e+00
    endloop
  endfacet
  facet normal 3.745670e-01 -5.677462e-17 9.271998e-01
    outer loop
      vertex -3.838520e+01 -4.747019e+01 2.352727e+00
      vertex -3.838520e+01 -4.797849e+01 2.352727e+00
      vertex -3.759127e+01 -4.796730e+01 2.032000e+00
    endloop
  endfacet
  facet normal 9.135281e-01 -2.490782e-17 4.067757e-01
    outer loop
      vertex -3.873358e+01 -4.749750e+01 3.135109e+00
      vertex -3.838520e+01 -4.797849e+01 2.352727e+00
      vertex -3.838520e+01 -4.747019e+01 2.352727e+00
    endloop
  endfacet
  facet normal -1.224647e-16 -6.123234e-17 1.000000e+00
    outer loop
      vertex -3.759127e+01 -4.745898e+01 2.032000e+00
      vertex -3.759127e+01 -4.796730e+01 2.032000e+00
      vertex 3.759127e+01 -4.796730e+01 2.032000e+00
    endloop
  endfacet
  facet normal 3.745670e-01 -5.677462e-17 9.271998e-01
    outer loop
      vertex -3.838520e+01 -4.747019e+01 2.352727e+00
      vertex -3.759127e+01 -4.796730e+01 2.032000e+00
      vertex -3.759127e+01 -4.745898e+01 2.032000e+00
    endloop
  endfacet
  facet normal -3.746257e-01 8.256520e-15 9.271762e-01
    outer loop
      vertex 3.759127e+01 -4.745898e+01 2.032000e+00
      vertex 3.759127e+01 -4.796730e+01 2.032000e+00
      vertex 3.838530e+01 -4.797850e+01 2.352827e+00
    endloop
  endfacet
  facet normal -1.224647e-16 -6.123234e-17 1.000000e+00
    outer loop
      vertex -3.759127e+01 -4.745898e+01 2.032000e+00
      vertex 3.759127e+01 -4.796730e+01 2.032000e+00
      vertex 3.759127e+01 -4.745898e+01 2.032000e+00
    endloop
  endfacet
  facet normal -9.135538e-01 -1.153085e-15 4.067179e-01
    outer loop
      vertex 3.838530e+01 -4.747019e+01 2.352827e+00
      vertex 3.838530e+01 -4.797850e+01 2.352827e+00
      vertex 3.873358e+01 -4.800582e+01 3.135109e+00
    endloop
  endfacet
  facet normal -3.746257e-01 -2.628636e-15 9.271762e-01
    outer loop
      vertex 3.838530e+01 -4.747019e+01 2.352827e+00
      vertex 3.759127e+01 -4.745898e+01 2.032000e+00
      vertex 3.838530e+01 -4.797850e+01 2.352827e+00
    endloop
  endfacet
  facet normal -9.993908e-01 -2.136978e-18 3.489950e-02
    outer loop
      vertex 3.873358e+01 -4.749750e+01 3.135109e+00
      vertex 3.873358e+01 -4.800582e+01 3.135109e+00
      vertex 3.898776e+01 -4.826000e+01 1.041400e+01
    endloop
  endfacet
  facet normal -9.135538e-01 -2.490429e-17 4.067179e-01
    outer loop
      vertex 3.838530e+01 -4.747019e+01 2.352827e+00
      vertex 3.873358e+01 -4.800582e+01 3.135109e+00
      vertex 3.873358e+01 -4.749750e+01 3.135109e+00
    endloop
  endfacet
  facet normal -1.224647e-16 -6.123234e-17 1.000000e+00
    outer loop
      vertex 4.079776e+01 -4.803711e+01 1.041400e+01
      vertex 3.898776e+01 -4.826000e+01 1.041400e+01
      vertex 4.025946e+01 -4.826000e+01 1.041400e+01
    endloop
  endfacet
  facet normal -9.993908e-01 -2.136978e-18 3.489950e-02
    outer loop
      vertex 3.873358e+01 -4.749750e+01 3.135109e+00
      vertex 3.898776e+01 -4.826000e+01 1.041400e+01
      vertex 3.898776e+01 -4.775169e+01 1.041400e+01
    endloop
  endfacet
  facet normal -1.224647e-16 -6.123234e-17 1.000000e+00
    outer loop
      vertex 4.079776e+01 -4.803711e+01 1.041400e+01
      vertex 3.898776e+01 -4.775169e+01 1.041400e+01
      vertex 3.898776e+01 -4.826000e+01 1.041400e+01
    endloop
  endfacet
  facet normal 3.821751e-01 -9.229654e-01 -4.557516e-02
    outer loop
      vertex 4.054095e+01 -4.777998e+01 3.053201e+00
      vertex 4.079776e+01 -4.803711e+01 1.041400e+01
      vertex 4.025946e+01 -4.826000e+01 1.041400e+01
    endloop
  endfacet
  facet normal 1.224647e-16 6.123234e-17 -1.000000e+00
    outer loop
      vertex -3.327211e+01 -3.115347e+01 5.080003e-01
      vertex -3.147413e+01 -2.729047e+01 5.080003e-01
      vertex -3.253271e+01 -3.123612e+01 5.080003e-01
    endloop
  endfacet
  facet normal -9.658433e-01 2.591271e-01 5.651362e-15
    outer loop
      vertex -3.253271e+01 -3.123612e+01 1.776357e-15
      vertex -3.253271e+01 -3.123612e+01 5.080003e-01
      vertex -3.147413e+01 -2.729047e+01 5.080003e-01
    endloop
  endfacet
  facet normal 1.224647e-16 6.123234e-17 -1.000000e+00
    outer loop
      vertex -3.327211e+01 -3.115347e+01 5.080003e-01
      vertex -3.253271e+01 -3.123612e+01 5.080003e-01
      vertex -3.147599e+01 -3.517996e+01 5.080003e-01
    endloop
  endfacet
  facet normal -9.659274e-01 -2.588133e-01 -3.153631e-14
    outer loop
      vertex -3.147599e+01 -3.517996e+01 1.776357e-15
      vertex -3.147599e+01 -3.517996e+01 5.080003e-01
      vertex -3.253271e+01 -3.123612e+01 5.080003e-01
    endloop
  endfacet
  facet normal -9.659274e-01 -2.588133e-01 -5.799782e-15
    outer loop
      vertex -3.147599e+01 -3.517996e+01 1.776357e-15
      vertex -3.253271e+01 -3.123612e+01 5.080003e-01
      vertex -3.253271e+01 -3.123612e+01 1.776357e-15
    endloop
  endfacet
  facet normal 1.224647e-16 6.123234e-17 -1.000000e+00
    outer loop
      vertex -3.211301e+01 -2.683554e+01 5.080003e-01
      vertex -2.857951e+01 -2.440120e+01 5.080003e-01
      vertex -3.147413e+01 -2.729047e+01 5.080003e-01
    endloop
  endfacet
  facet normal -7.064534e-01 7.077595e-01 2.354445e-14
    outer loop
      vertex -3.147413e+01 -2.729047e+01 1.776357e-15
      vertex -3.147413e+01 -2.729047e+01 5.080003e-01
      vertex -2.857951e+01 -2.440120e+01 5.080003e-01
    endloop
  endfacet
  facet normal 1.224647e-16 6.123234e-17 -1.000000e+00
    outer loop
      vertex -3.327211e+01 -3.115347e+01 5.080003e-01
      vertex -3.211301e+01 -2.683554e+01 5.080003e-01
      vertex -3.147413e+01 -2.729047e+01 5.080003e-01
    endloop
  endfacet
  facet normal -9.658433e-01 2.591271e-01 6.821251e-16
    outer loop
      vertex -3.147413e+01 -2.729047e+01 1.776357e-15
      vertex -3.253271e+01 -3.123612e+01 1.776357e-15
      vertex -3.147413e+01 -2.729047e+01 5.080003e-01
    endloop
  endfacet
  facet normal 1.224647e-16 6.123234e-17 -1.000000e+00
    outer loop
      vertex -2.894567e+01 -2.367602e+01 5.080003e-01
      vertex -2.462471e+01 -2.335108e+01 5.080003e-01
      vertex -2.857951e+01 -2.440120e+01 5.080003e-01
    endloop
  endfacet
  facet normal -2.566348e-01 9.665084e-01 1.294089e-14
    outer loop
      vertex -2.857951e+01 -2.440120e+01 1.776357e-15
      vertex -2.857951e+01 -2.440120e+01 5.080003e-01
      vertex -2.462471e+01 -2.335108e+01 5.080003e-01
    endloop
  endfacet
  facet normal 1.224647e-16 6.123234e-17 -1.000000e+00
    outer loop
      vertex -3.211301e+01 -2.683554e+01 5.080003e-01
      vertex -2.894567e+01 -2.367602e+01 5.080003e-01
      vertex -2.857951e+01 -2.440120e+01 5.080003e-01
    endloop
  endfacet
  facet normal -7.064534e-01 7.077595e-01 -7.857386e-15
    outer loop
      vertex -2.857951e+01 -2.440120e+01 1.776357e-15
      vertex -3.147413e+01 -2.729047e+01 1.776357e-15
      vertex -2.857951e+01 -2.440120e+01 5.080003e-01
    endloop
  endfacet
  facet normal 1.224647e-16 6.123234e-17 -1.000000e+00
    outer loop
      vertex -2.030198e+01 -2.370168e+01 5.080003e-01
      vertex -2.067569e+01 -2.442281e+01 5.080003e-01
      vertex -2.462471e+01 -2.335108e+01 5.080003e-01
    endloop
  endfacet
  facet normal 2.619164e-01 9.650906e-01 1.172260e-14
    outer loop
      vertex -2.462471e+01 -2.335108e+01 3.552714e-15
      vertex -2.462471e+01 -2.335108e+01 5.080003e-01
      vertex -2.067569e+01 -2.442281e+01 5.080003e-01
    endloop
  endfacet
  facet normal 1.224647e-16 6.123234e-17 -1.000000e+00
    outer loop
      vertex -2.461652e+01 -2.252887e+01 5.080003e-01
      vertex -2.030198e+01 -2.370168e+01 5.080003e-01
      vertex -2.462471e+01 -2.335108e+01 5.080003e-01
    endloop
  endfacet
  facet normal 1.224647e-16 6.123234e-17 -1.000000e+00
    outer loop
      vertex -2.894567e+01 -2.367602e+01 5.080003e-01
      vertex -2.461652e+01 -2.252887e+01 5.080003e-01
      vertex -2.462471e+01 -2.335108e+01 5.080003e-01
    endloop
  endfacet
  facet normal -2.566348e-01 9.665084e-01 -1.136912e-14
    outer loop
      vertex -2.462471e+01 -2.335108e+01 3.552714e-15
      vertex -2.857951e+01 -2.440120e+01 1.776357e-15
      vertex -2.462471e+01 -2.335108e+01 5.080003e-01
    endloop
  endfacet
  facet normal 1.224647e-16 6.123234e-17 -1.000000e+00
    outer loop
      vertex -1.716485e+01 -2.686441e+01 5.080003e-01
      vertex -1.780081e+01 -2.732154e+01 5.080003e-01
      vertex -2.067569e+01 -2.442281e+01 5.080003e-01
    endloop
  endfacet
  facet normal 7.100214e-01 7.041801e-01 1.208401e-14
    outer loop
      vertex -2.067569e+01 -2.442281e+01 3.552714e-15
      vertex -2.067569e+01 -2.442281e+01 5.080003e-01
      vertex -1.780081e+01 -2.732154e+01 5.080003e-01
    endloop
  endfacet
  facet normal 1.224647e-16 6.123234e-17 -1.000000e+00
    outer loop
      vertex -2.030198e+01 -2.370168e+01 5.080003e-01
      vertex -1.716485e+01 -2.686441e+01 5.080003e-01
      vertex -2.067569e+01 -2.442281e+01 5.080003e-01
    endloop
  endfacet
  facet normal 2.619164e-01 9.650906e-01 -1.116065e-14
    outer loop
      vertex -2.067569e+01 -2.442281e+01 3.552714e-15
      vertex -2.462471e+01 -2.335108e+01 3.552714e-15
      vertex -2.067569e+01 -2.442281e+01 5.080003e-01
    endloop
  endfacet
  facet normal 1.224647e-16 6.123234e-17 -1.000000e+00
    outer loop
      vertex -1.602033e+01 -3.115450e+01 5.080003e-01
      vertex -1.676042e+01 -3.123693e+01 5.080003e-01
      vertex -1.780081e+01 -2.732154e+01 5.080003e-01
    endloop
  endfacet
  facet normal 9.664631e-01 2.568051e-01 5.161759e-15
    outer loop
      vertex -1.780081e+01 -2.732154e+01 3.552714e-15
      vertex -1.780081e+01 -2.732154e+01 5.080003e-01
      vertex -1.676042e+01 -3.123693e+01 5.080003e-01
    endloop
  endfacet
  facet normal 1.224647e-16 6.123234e-17 -1.000000e+00
    outer loop
      vertex -1.716485e+01 -2.686441e+01 5.080003e-01
      vertex -1.602033e+01 -3.115450e+01 5.080003e-01
      vertex -1.780081e+01 -2.732154e+01 5.080003e-01
    endloop
  endfacet
  facet normal 7.100214e-01 7.041801e-01 -7.623046e-15
    outer loop
      vertex -1.780081e+01 -2.732154e+01 3.552714e-15
      vertex -2.067569e+01 -2.442281e+01 3.552714e-15
      vertex -1.780081e+01 -2.732154e+01 5.080003e-01
    endloop
  endfacet
  facet normal 1.224647e-16 6.123234e-17 -1.000000e+00
    outer loop
      vertex -1.716628e+01 -3.545004e+01 5.080003e-01
      vertex -1.780560e+01 -3.515979e+01 5.080003e-01
      vertex -1.676042e+01 -3.123693e+01 5.080003e-01
    endloop
  endfacet
  facet normal 9.662912e-01 -2.574511e-01 1.025722e-16
    outer loop
      vertex -1.676042e+01 -3.123693e+01 3.552714e-15
      vertex -1.676042e+01 -3.123693e+01 5.080003e-01
      vertex -1.780560e+01 -3.515979e+01 5.080003e-01
    endloop
  endfacet
  facet normal 1.224647e-16 6.123234e-17 -1.000000e+00
    outer loop
      vertex -1.716628e+01 -3.545004e+01 5.080003e-01
      vertex -1.676042e+01 -3.123693e+01 5.080003e-01
      vertex -1.602033e+01 -3.115450e+01 5.080003e-01
    endloop
  endfacet
  facet normal 9.664631e-01 2.568051e-01 1.340824e-16
    outer loop
      vertex -1.780081e+01 -2.732154e+01 3.552714e-15
      vertex -1.676042e+01 -3.123693e+01 5.080003e-01
      vertex -1.676042e+01 -3.123693e+01 3.552714e-15
    endloop
  endfacet
  facet normal 1.224647e-16 6.123234e-17 -1.000000e+00
    outer loop
      vertex -1.716628e+01 -3.545004e+01 5.080003e-01
      vertex -2.068896e+01 -3.805797e+01 5.080003e-01
      vertex -1.780560e+01 -3.515979e+01 5.080003e-01
    endloop
  endfacet
  facet normal 7.089174e-01 -7.052916e-01 4.363069e-17
    outer loop
      vertex -1.780560e+01 -3.515979e+01 3.552714e-15
      vertex -1.780560e+01 -3.515979e+01 5.080003e-01
      vertex -2.068896e+01 -3.805797e+01 5.080003e-01
    endloop
  endfacet
  facet normal 9.662912e-01 -2.574511e-01 1.025722e-16
    outer loop
      vertex -1.780560e+01 -3.515979e+01 3.552714e-15
      vertex -1.676042e+01 -3.123693e+01 3.552714e-15
      vertex -1.780560e+01 -3.515979e+01 5.080003e-01
    endloop
  endfacet
  facet normal 1.224647e-16 6.123234e-17 -1.000000e+00
    outer loop
      vertex -2.031988e+01 -3.861670e+01 5.080003e-01
      vertex -2.463550e+01 -3.912211e+01 5.080003e-01
      vertex -2.068896e+01 -3.805797e+01 5.080003e-01
    endloop
  endfacet
  facet normal 2.603399e-01 -9.655170e-01 1.153418e-14
    outer loop
      vertex -2.068896e+01 -3.805797e+01 3.552714e-15
      vertex -2.068896e+01 -3.805797e+01 5.080003e-01
      vertex -2.463550e+01 -3.912211e+01 5.080003e-01
    endloop
  endfacet
  facet normal 1.224647e-16 6.123234e-17 -1.000000e+00
    outer loop
      vertex -1.716628e+01 -3.545004e+01 5.080003e-01
      vertex -2.031988e+01 -3.861670e+01 5.080003e-01
      vertex -2.068896e+01 -3.805797e+01 5.080003e-01
    endloop
  endfacet
  facet normal 7.089174e-01 -7.052916e-01 3.152589e-14
    outer loop
      vertex -2.068896e+01 -3.805797e+01 3.552714e-15
      vertex -1.780560e+01 -3.515979e+01 3.552714e-15
      vertex -2.068896e+01 -3.805797e+01 5.080003e-01
    endloop
  endfacet
  facet normal 1.224647e-16 6.123234e-17 -1.000000e+00
    outer loop
      vertex -2.895506e+01 -3.862663e+01 5.080003e-01
      vertex -2.858544e+01 -3.806877e+01 5.080003e-01
      vertex -2.463550e+01 -3.912211e+01 5.080003e-01
    endloop
  endfacet
  facet normal -2.576675e-01 -9.662337e-01 -9.071992e-17
    outer loop
      vertex -2.463550e+01 -3.912211e+01 1.776357e-15
      vertex -2.463550e+01 -3.912211e+01 5.080003e-01
      vertex -2.858544e+01 -3.806877e+01 5.080003e-01
    endloop
  endfacet
  facet normal 1.224647e-16 6.123234e-17 -1.000000e+00
    outer loop
      vertex -2.463591e+01 -3.977915e+01 5.080003e-01
      vertex -2.895506e+01 -3.862663e+01 5.080003e-01
      vertex -2.463550e+01 -3.912211e+01 5.080003e-01
    endloop
  endfacet
  facet normal 1.224647e-16 6.123234e-17 -1.000000e+00
    outer loop
      vertex -2.031988e+01 -3.861670e+01 5.080003e-01
      vertex -2.463591e+01 -3.977915e+01 5.080003e-01
      vertex -2.463550e+01 -3.912211e+01 5.080003e-01
    endloop
  endfacet
  facet normal 2.603399e-01 -9.655170e-01 -2.723842e-17
    outer loop
      vertex -2.463550e+01 -3.912211e+01 1.776357e-15
      vertex -2.068896e+01 -3.805797e+01 3.552714e-15
      vertex -2.463550e+01 -3.912211e+01 5.080003e-01
    endloop
  endfacet
  facet normal 1.224647e-16 6.123234e-17 -1.000000e+00
    outer loop
      vertex -3.211591e+01 -3.546769e+01 5.080003e-01
      vertex -3.147599e+01 -3.517996e+01 5.080003e-01
      vertex -2.858544e+01 -3.806877e+01 5.080003e-01
    endloop
  endfacet
  facet normal -7.068939e-01 -7.073196e-01 -1.204302e-16
    outer loop
      vertex -2.858544e+01 -3.806877e+01 1.776357e-15
      vertex -2.858544e+01 -3.806877e+01 5.080003e-01
      vertex -3.147599e+01 -3.517996e+01 5.080003e-01
    endloop
  endfacet
  facet normal 1.224647e-16 6.123234e-17 -1.000000e+00
    outer loop
      vertex -2.895506e+01 -3.862663e+01 5.080003e-01
      vertex -3.211591e+01 -3.546769e+01 5.080003e-01
      vertex -2.858544e+01 -3.806877e+01 5.080003e-01
    endloop
  endfacet
  facet normal -2.576675e-01 -9.662337e-01 1.564261e-14
    outer loop
      vertex -2.858544e+01 -3.806877e+01 1.776357e-15
      vertex -2.463550e+01 -3.912211e+01 1.776357e-15
      vertex -2.858544e+01 -3.806877e+01 5.080003e-01
    endloop
  endfacet
  facet normal 1.224647e-16 6.123234e-17 -1.000000e+00
    outer loop
      vertex -3.211591e+01 -3.546769e+01 5.080003e-01
      vertex -3.327211e+01 -3.115347e+01 5.080003e-01
      vertex -3.147599e+01 -3.517996e+01 5.080003e-01
    endloop
  endfacet
  facet normal -7.068939e-01 -7.073196e-01 -1.109799e-16
    outer loop
      vertex -3.147599e+01 -3.517996e+01 1.776357e-15
      vertex -2.858544e+01 -3.806877e+01 1.776357e-15
      vertex -3.147599e+01 -3.517996e+01 5.080003e-01
    endloop
  endfacet
  facet normal -9.662070e-01 -2.577678e-01 -1.341100e-16
    outer loop
      vertex -1.602033e+01 -3.115450e+01 3.552714e-15
      vertex -1.602033e+01 -3.115450e+01 5.080003e-01
      vertex -1.716485e+01 -2.686441e+01 5.080003e-01
    endloop
  endfacet
  facet normal -9.662086e-01 2.577613e-01 2.635522e-14
    outer loop
      vertex -1.716628e+01 -3.545004e+01 3.552714e-15
      vertex -1.716628e+01 -3.545004e+01 5.080003e-01
      vertex -1.602033e+01 -3.115450e+01 5.080003e-01
    endloop
  endfacet
  facet normal -9.662086e-01 2.577613e-01 -1.025431e-16
    outer loop
      vertex -1.602033e+01 -3.115450e+01 3.552714e-15
      vertex -1.716628e+01 -3.545004e+01 3.552714e-15
      vertex -1.602033e+01 -3.115450e+01 5.080003e-01
    endloop
  endfacet
  facet normal -7.099745e-01 -7.042273e-01 2.300639e-14
    outer loop
      vertex -1.716485e+01 -2.686441e+01 3.552714e-15
      vertex -1.716485e+01 -2.686441e+01 5.080003e-01
      vertex -2.030198e+01 -2.370168e+01 5.080003e-01
    endloop
  endfacet
  facet normal -9.662070e-01 -2.577678e-01 -3.087499e-14
    outer loop
      vertex -1.716485e+01 -2.686441e+01 3.552714e-15
      vertex -1.602033e+01 -3.115450e+01 3.552714e-15
      vertex -1.716485e+01 -2.686441e+01 5.080003e-01
    endloop
  endfacet
  facet normal -2.623094e-01 -9.649838e-01 5.171135e-14
    outer loop
      vertex -2.030198e+01 -2.370168e+01 5.329071e-15
      vertex -2.030198e+01 -2.370168e+01 5.080003e-01
      vertex -2.461652e+01 -2.252887e+01 5.080003e-01
    endloop
  endfacet
  facet normal -7.099745e-01 -7.042273e-01 -7.170881e-14
    outer loop
      vertex -2.030198e+01 -2.370168e+01 5.329071e-15
      vertex -1.716485e+01 -2.686441e+01 3.552714e-15
      vertex -2.030198e+01 -2.370168e+01 5.080003e-01
    endloop
  endfacet
  facet normal 2.561432e-01 -9.666388e-01 7.120170e-14
    outer loop
      vertex -2.461652e+01 -2.252887e+01 3.552714e-15
      vertex -2.461652e+01 -2.252887e+01 5.080003e-01
      vertex -2.894567e+01 -2.367602e+01 5.080003e-01
    endloop
  endfacet
  facet normal -2.623094e-01 -9.649838e-01 -2.962810e-14
    outer loop
      vertex -2.461652e+01 -2.252887e+01 3.552714e-15
      vertex -2.030198e+01 -2.370168e+01 5.329071e-15
      vertex -2.461652e+01 -2.252887e+01 5.080003e-01
    endloop
  endfacet
  facet normal 7.062317e-01 -7.079808e-01 -3.116449e-14
    outer loop
      vertex -2.894567e+01 -2.367602e+01 3.552714e-15
      vertex -2.894567e+01 -2.367602e+01 5.080003e-01
      vertex -3.211301e+01 -2.683554e+01 5.080003e-01
    endloop
  endfacet
  facet normal 2.561432e-01 -9.666388e-01 5.170181e-14
    outer loop
      vertex -2.894567e+01 -2.367602e+01 3.552714e-15
      vertex -2.461652e+01 -2.252887e+01 3.552714e-15
      vertex -2.894567e+01 -2.367602e+01 5.080003e-01
    endloop
  endfacet
  facet normal 9.658074e-01 -2.592606e-01 -5.113807e-14
    outer loop
      vertex -3.211301e+01 -2.683554e+01 1.776357e-15
      vertex -3.211301e+01 -2.683554e+01 5.080003e-01
      vertex -3.327211e+01 -3.115347e+01 5.080003e-01
    endloop
  endfacet
  facet normal 7.062317e-01 -7.079808e-01 3.163916e-14
    outer loop
      vertex -3.211301e+01 -2.683554e+01 1.776357e-15
      vertex -2.894567e+01 -2.367602e+01 3.552714e-15
      vertex -3.211301e+01 -2.683554e+01 5.080003e-01
    endloop
  endfacet
  facet normal 9.659142e-01 2.588623e-01 1.341411e-16
    outer loop
      vertex -3.327211e+01 -3.115347e+01 1.776357e-15
      vertex -3.327211e+01 -3.115347e+01 5.080003e-01
      vertex -3.211591e+01 -3.546769e+01 5.080003e-01
    endloop
  endfacet
  facet normal 9.658074e-01 -2.592606e-01 1.024022e-16
    outer loop
      vertex -3.211301e+01 -2.683554e+01 1.776357e-15
      vertex -3.327211e+01 -3.115347e+01 5.080003e-01
      vertex -3.327211e+01 -3.115347e+01 1.776357e-15
    endloop
  endfacet
  facet normal 7.068936e-01 7.073199e-01 -1.558524e-14
    outer loop
      vertex -3.211591e+01 -3.546769e+01 1.776357e-15
      vertex -3.211591e+01 -3.546769e+01 5.080003e-01
      vertex -2.895506e+01 -3.862663e+01 5.080003e-01
    endloop
  endfacet
  facet normal 9.659142e-01 2.588623e-01 1.008595e-14
    outer loop
      vertex -3.211591e+01 -3.546769e+01 1.776357e-15
      vertex -3.327211e+01 -3.115347e+01 1.776357e-15
      vertex -3.211591e+01 -3.546769e+01 5.080003e-01
    endloop
  endfacet
  facet normal 2.578180e-01 9.661935e-01 -1.326584e-15
    outer loop
      vertex -2.895506e+01 -3.862663e+01 1.776357e-15
      vertex -2.895506e+01 -3.862663e+01 5.080003e-01
      vertex -2.463591e+01 -3.977915e+01 5.080003e-01
    endloop
  endfacet
  facet normal 7.068936e-01 7.073199e-01 3.936090e-14
    outer loop
      vertex -2.895506e+01 -3.862663e+01 1.776357e-15
      vertex -3.211591e+01 -3.546769e+01 1.776357e-15
      vertex -2.895506e+01 -3.862663e+01 5.080003e-01
    endloop
  endfacet
  facet normal -2.600636e-01 9.655915e-01 1.470920e-15
    outer loop
      vertex -2.463591e+01 -3.977915e+01 1.776357e-15
      vertex -2.463591e+01 -3.977915e+01 5.080003e-01
      vertex -2.031988e+01 -3.861670e+01 5.080003e-01
    endloop
  endfacet
  facet normal 2.578180e-01 9.661935e-01 -1.340442e-15
    outer loop
      vertex -2.463591e+01 -3.977915e+01 1.776357e-15
      vertex -2.895506e+01 -3.862663e+01 1.776357e-15
      vertex -2.463591e+01 -3.977915e+01 5.080003e-01
    endloop
  endfacet
  facet normal -7.085672e-01 7.056434e-01 -1.571200e-14
    outer loop
      vertex -2.031988e+01 -3.861670e+01 3.552714e-15
      vertex -2.031988e+01 -3.861670e+01 5.080003e-01
      vertex -1.716628e+01 -3.545004e+01 5.080003e-01
    endloop
  endfacet
  facet normal -2.600636e-01 9.655915e-01 -2.141316e-14
    outer loop
      vertex -2.031988e+01 -3.861670e+01 3.552714e-15
      vertex -2.463591e+01 -3.977915e+01 1.776357e-15
      vertex -2.031988e+01 -3.861670e+01 5.080003e-01
    endloop
  endfacet
  facet normal -7.085672e-01 7.056434e-01 7.888031e-15
    outer loop
      vertex -1.716628e+01 -3.545004e+01 3.552714e-15
      vertex -2.031988e+01 -3.861670e+01 3.552714e-15
      vertex -1.716628e+01 -3.545004e+01 5.080003e-01
    endloop
  endfacet
  facet normal 1.224647e-16 6.123234e-17 -1.000000e+00
    outer loop
      vertex -3.759127e+01 -4.716048e+01 0.000000e+00
      vertex -3.327211e+01 -3.115347e+01 1.776357e-15
      vertex -3.211591e+01 -3.546769e+01 1.776357e-15
    endloop
  endfacet
  facet normal 1.224647e-16 6.123234e-17 -1.000000e+00
    outer loop
      vertex -3.759127e+01 4.716048e+01 5.329071e-15
      vertex -3.211301e+01 -2.683554e+01 1.776357e-15
      vertex -3.327211e+01 -3.115347e+01 1.776357e-15
    endloop
  endfacet
  facet normal 1.224647e-16 6.123234e-17 -1.000000e+00
    outer loop
      vertex -3.759127e+01 4.716048e+01 5.329071e-15
      vertex -3.327211e+01 -3.115347e+01 1.776357e-15
      vertex -3.759127e+01 -4.716048e+01 0.000000e+00
    endloop
  endfacet
  facet normal 1.224647e-16 6.123234e-17 -1.000000e+00
    outer loop
      vertex -3.759127e+01 -4.716048e+01 0.000000e+00
      vertex -3.211591e+01 -3.546769e+01 1.776357e-15
      vertex -2.895506e+01 -3.862663e+01 1.776357e-15
    endloop
  endfacet
  facet normal 1.224647e-16 6.123234e-17 -1.000000e+00
    outer loop
      vertex -3.759127e+01 -4.716048e+01 0.000000e+00
      vertex -2.895506e+01 -3.862663e+01 1.776357e-15
      vertex -2.463591e+01 -3.977915e+01 1.776357e-15
    endloop
  endfacet
  facet normal 1.224647e-16 6.123234e-17 -1.000000e+00
    outer loop
      vertex 2.465959e+01 -3.977913e+01 8.881784e-15
      vertex -2.463591e+01 -3.977915e+01 1.776357e-15
      vertex -2.031988e+01 -3.861670e+01 3.552714e-15
    endloop
  endfacet
  facet normal 1.224647e-16 6.123234e-17 -1.000000e+00
    outer loop
      vertex 3.759127e+01 -4.716048e+01 1.065814e-14
      vertex -2.463591e+01 -3.977915e+01 1.776357e-15
      vertex 2.465959e+01 -3.977913e+01 8.881784e-15
    endloop
  endfacet
  facet normal 1.224647e-16 6.123234e-17 -1.000000e+00
    outer loop
      vertex 3.759127e+01 -4.716048e+01 1.065814e-14
      vertex -3.759127e+01 -4.716048e+01 0.000000e+00
      vertex -2.463591e+01 -3.977915e+01 1.776357e-15
    endloop
  endfacet
  facet normal 1.224647e-16 6.123234e-17 -1.000000e+00
    outer loop
      vertex 1.717743e+01 -3.547307e+01 7.105427e-15
      vertex -2.031988e+01 -3.861670e+01 3.552714e-15
      vertex -1.716628e+01 -3.545004e+01 3.552714e-15
    endloop
  endfacet
  facet normal 1.224647e-16 6.123234e-17 -1.000000e+00
    outer loop
      vertex 2.033889e+01 -3.862879e+01 7.105427e-15
      vertex -2.031988e+01 -3.861670e+01 3.552714e-15
      vertex 1.717743e+01 -3.547307e+01 7.105427e-15
    endloop
  endfacet
  facet normal 1.224647e-16 6.123234e-17 -1.000000e+00
    outer loop
      vertex 2.465959e+01 -3.977913e+01 8.881784e-15
      vertex -2.031988e+01 -3.861670e+01 3.552714e-15
      vertex 2.033889e+01 -3.862879e+01 7.105427e-15
    endloop
  endfacet
  facet normal 1.224647e-16 6.123234e-17 -1.000000e+00
    outer loop
      vertex 1.601834e+01 -3.115852e+01 7.105427e-15
      vertex -1.716628e+01 -3.545004e+01 3.552714e-15
      vertex -1.602033e+01 -3.115450e+01 3.552714e-15
    endloop
  endfacet
  facet normal 1.224647e-16 6.123234e-17 -1.000000e+00
    outer loop
      vertex 1.717743e+01 -3.547307e+01 7.105427e-15
      vertex -1.716628e+01 -3.545004e+01 3.552714e-15
      vertex 1.601834e+01 -3.115852e+01 7.105427e-15
    endloop
  endfacet
  facet normal 1.224647e-16 6.123234e-17 -1.000000e+00
    outer loop
      vertex 1.601834e+01 -3.115852e+01 7.105427e-15
      vertex -1.602033e+01 -3.115450e+01 3.552714e-15
      vertex -1.716485e+01 -2.686441e+01 3.552714e-15
    endloop
  endfacet
  facet normal 1.224647e-16 6.123234e-17 -1.000000e+00
    outer loop
      vertex 1.717450e+01 -2.684078e+01 7.105427e-15
      vertex -1.716485e+01 -2.686441e+01 3.552714e-15
      vertex -2.030198e+01 -2.370168e+01 5.329071e-15
    endloop
  endfacet
  facet normal 1.224647e-16 6.123234e-17 -1.000000e+00
    outer loop
      vertex 1.717450e+01 -2.684078e+01 7.105427e-15
      vertex 1.601834e+01 -3.115852e+01 7.105427e-15
      vertex -1.716485e+01 -2.686441e+01 3.552714e-15
    endloop
  endfacet
  facet normal 1.224647e-16 6.123234e-17 -1.000000e+00
    outer loop
      vertex 2.033881e+01 -2.367946e+01 8.881784e-15
      vertex -2.030198e+01 -2.370168e+01 5.329071e-15
      vertex -2.461652e+01 -2.252887e+01 3.552714e-15
    endloop
  endfacet
  facet normal 1.224647e-16 6.123234e-17 -1.000000e+00
    outer loop
      vertex 1.717450e+01 -2.684078e+01 7.105427e-15
      vertex -2.030198e+01 -2.370168e+01 5.329071e-15
      vertex 2.033881e+01 -2.367946e+01 8.881784e-15
    endloop
  endfacet
  facet normal 1.224647e-16 6.123234e-17 -1.000000e+00
    outer loop
      vertex -3.759127e+01 4.716048e+01 5.329071e-15
      vertex -2.461652e+01 -2.252887e+01 3.552714e-15
      vertex -2.894567e+01 -2.367602e+01 3.552714e-15
    endloop
  endfacet
  facet normal 1.224647e-16 6.123234e-17 -1.000000e+00
    outer loop
      vertex 2.033881e+01 -2.367946e+01 8.881784e-15
      vertex -2.461652e+01 -2.252887e+01 3.552714e-15
      vertex 2.466475e+01 -2.252881e+01 1.065814e-14
    endloop
  endfacet
  facet normal 1.224647e-16 6.123234e-17 -1.000000e+00
    outer loop
      vertex -3.759127e+01 4.716048e+01 5.329071e-15
      vertex 2.466475e+01 -2.252881e+01 1.065814e-14
      vertex -2.461652e+01 -2.252887e+01 3.552714e-15
    endloop
  endfacet
  facet normal 1.224647e-16 6.123234e-17 -1.000000e+00
    outer loop
      vertex -3.759127e+01 4.716048e+01 5.329071e-15
      vertex -2.894567e+01 -2.367602e+01 3.552714e-15
      vertex -3.211301e+01 -2.683554e+01 1.776357e-15
    endloop
  endfacet
  facet normal 1.224647e-16 6.123234e-17 -1.000000e+00
    outer loop
      vertex -2.176869e+01 -2.858543e+01 1.776357e-15
      vertex -1.780081e+01 -2.732154e+01 3.552714e-15
      vertex -1.676042e+01 -3.123693e+01 3.552714e-15
    endloop
  endfacet
  facet normal 1.224647e-16 6.123234e-17 -1.000000e+00
    outer loop
      vertex -2.158725e+01 -3.238258e+01 3.552714e-15
      vertex -1.676042e+01 -3.123693e+01 3.552714e-15
      vertex -1.780560e+01 -3.515979e+01 3.552714e-15
    endloop
  endfacet
  facet normal 1.224647e-16 6.123234e-17 -1.000000e+00
    outer loop
      vertex -2.167501e+01 -2.866589e+01 3.552714e-15
      vertex -2.176869e+01 -2.858543e+01 1.776357e-15
      vertex -1.676042e+01 -3.123693e+01 3.552714e-15
    endloop
  endfacet
  facet normal 1.224647e-16 6.123234e-17 -1.000000e+00
    outer loop
      vertex -2.161399e+01 -2.879182e+01 3.552714e-15
      vertex -2.167501e+01 -2.866589e+01 3.552714e-15
      vertex -1.676042e+01 -3.123693e+01 3.552714e-15
    endloop
  endfacet
  facet normal 1.224647e-16 6.123234e-17 -1.000000e+00
    outer loop
      vertex -2.158725e+01 -2.894427e+01 3.552714e-15
      vertex -2.161399e+01 -2.879182e+01 3.552714e-15
      vertex -1.676042e+01 -3.123693e+01 3.552714e-15
    endloop
  endfacet
  facet normal 1.224647e-16 6.123234e-17 -1.000000e+00
    outer loop
      vertex -2.158725e+01 -3.238258e+01 3.552714e-15
      vertex -2.158725e+01 -2.894427e+01 3.552714e-15
      vertex -1.676042e+01 -3.123693e+01 3.552714e-15
    endloop
  endfacet
  facet normal 1.224647e-16 6.123234e-17 -1.000000e+00
    outer loop
      vertex -2.779547e+01 -2.894427e+01 1.776357e-15
      vertex -3.253271e+01 -3.123612e+01 1.776357e-15
      vertex -3.147413e+01 -2.729047e+01 1.776357e-15
    endloop
  endfacet
  facet normal 1.224647e-16 6.123234e-17 -1.000000e+00
    outer loop
      vertex -2.805247e+01 -3.508976e+01 1.776357e-15
      vertex -3.147599e+01 -3.517996e+01 1.776357e-15
      vertex -3.253271e+01 -3.123612e+01 1.776357e-15
    endloop
  endfacet
  facet normal 1.224647e-16 6.123234e-17 -1.000000e+00
    outer loop
      vertex -2.813325e+01 -3.489257e+01 1.776357e-15
      vertex -2.805247e+01 -3.508976e+01 1.776357e-15
      vertex -3.253271e+01 -3.123612e+01 1.776357e-15
    endloop
  endfacet
  facet normal 1.224647e-16 6.123234e-17 -1.000000e+00
    outer loop
      vertex -2.813325e+01 -3.440200e+01 1.776357e-15
      vertex -2.813325e+01 -3.489257e+01 1.776357e-15
      vertex -3.253271e+01 -3.123612e+01 1.776357e-15
    endloop
  endfacet
  facet normal 1.224647e-16 6.123234e-17 -1.000000e+00
    outer loop
      vertex -2.811173e+01 -3.429424e+01 1.776357e-15
      vertex -2.813325e+01 -3.440200e+01 1.776357e-15
      vertex -3.253271e+01 -3.123612e+01 1.776357e-15
    endloop
  endfacet
  facet normal 1.224647e-16 6.123234e-17 -1.000000e+00
    outer loop
      vertex -2.804973e+01 -3.420251e+01 1.776357e-15
      vertex -2.811173e+01 -3.429424e+01 1.776357e-15
      vertex -3.253271e+01 -3.123612e+01 1.776357e-15
    endloop
  endfacet
  facet normal 1.224647e-16 6.123234e-17 -1.000000e+00
    outer loop
      vertex -2.785289e+01 -3.412164e+01 1.776357e-15
      vertex -2.804973e+01 -3.420251e+01 1.776357e-15
      vertex -3.253271e+01 -3.123612e+01 1.776357e-15
    endloop
  endfacet
  facet normal 1.224647e-16 6.123234e-17 -1.000000e+00
    outer loop
      vertex -2.737442e+01 -3.412164e+01 1.776357e-15
      vertex -2.785289e+01 -3.412164e+01 1.776357e-15
      vertex -3.253271e+01 -3.123612e+01 1.776357e-15
    endloop
  endfacet
  facet normal 1.224647e-16 6.123234e-17 -1.000000e+00
    outer loop
      vertex -2.737850e+01 -3.361101e+01 1.776357e-15
      vertex -2.737442e+01 -3.412164e+01 1.776357e-15
      vertex -3.253271e+01 -3.123612e+01 1.776357e-15
    endloop
  endfacet
  facet normal 1.224647e-16 6.123234e-17 -1.000000e+00
    outer loop
      vertex -2.735695e+01 -3.350289e+01 1.776357e-15
      vertex -2.737850e+01 -3.361101e+01 1.776357e-15
      vertex -3.253271e+01 -3.123612e+01 1.776357e-15
    endloop
  endfacet
  facet normal 1.224647e-16 6.123234e-17 -1.000000e+00
    outer loop
      vertex -2.729494e+01 -3.341111e+01 1.776357e-15
      vertex -2.735695e+01 -3.350289e+01 1.776357e-15
      vertex -3.253271e+01 -3.123612e+01 1.776357e-15
    endloop
  endfacet
  facet normal 1.224647e-16 6.123234e-17 -1.000000e+00
    outer loop
      vertex -2.709797e+01 -3.333030e+01 1.776357e-15
      vertex -2.729494e+01 -3.341111e+01 1.776357e-15
      vertex -3.253271e+01 -3.123612e+01 1.776357e-15
    endloop
  endfacet
  facet normal 1.224647e-16 6.123234e-17 -1.000000e+00
    outer loop
      vertex -2.664131e+01 -3.333030e+01 1.776357e-15
      vertex -2.709797e+01 -3.333030e+01 1.776357e-15
      vertex -3.253271e+01 -3.123612e+01 1.776357e-15
    endloop
  endfacet
  facet normal 1.224647e-16 6.123234e-17 -1.000000e+00
    outer loop
      vertex -2.386509e+01 -3.267896e+01 5.080003e-01
      vertex -2.458439e+01 -3.267896e+01 5.080003e-01
      vertex -2.462966e+01 -3.267544e+01 5.080003e-01
    endloop
  endfacet
  facet normal 1.224647e-16 6.123234e-17 -1.000000e+00
    outer loop
      vertex -2.664762e+01 -3.329894e+01 1.776357e-15
      vertex -2.664131e+01 -3.333030e+01 1.776357e-15
      vertex -3.253271e+01 -3.123612e+01 1.776357e-15
    endloop
  endfacet
  facet normal 1.635059e-15 4.376571e-15 -1.000000e+00
    outer loop
      vertex -2.751749e+01 -3.266730e+01 1.776357e-15
      vertex -2.664762e+01 -3.329894e+01 1.776357e-15
      vertex -3.253271e+01 -3.123612e+01 1.776357e-15
    endloop
  endfacet
  facet normal -4.028662e-14 -1.425281e-13 -1.000000e+00
    outer loop
      vertex -2.766218e+01 -3.261641e+01 1.776357e-15
      vertex -2.751749e+01 -3.266730e+01 1.776357e-15
      vertex -3.253271e+01 -3.123612e+01 1.776357e-15
    endloop
  endfacet
  facet normal 6.305691e-15 2.187965e-14 -1.000000e+00
    outer loop
      vertex -2.775926e+01 -3.252427e+01 1.776357e-15
      vertex -2.766218e+01 -3.261641e+01 1.776357e-15
      vertex -3.253271e+01 -3.123612e+01 1.776357e-15
    endloop
  endfacet
  facet normal -2.444551e-15 -1.054586e-14 -1.000000e+00
    outer loop
      vertex -2.779547e+01 -3.238258e+01 1.776357e-15
      vertex -2.775926e+01 -3.252427e+01 1.776357e-15
      vertex -3.253271e+01 -3.123612e+01 1.776357e-15
    endloop
  endfacet
  facet normal 1.224647e-16 6.123234e-17 -1.000000e+00
    outer loop
      vertex -2.779547e+01 -2.894427e+01 1.776357e-15
      vertex -2.779547e+01 -3.238258e+01 1.776357e-15
      vertex -3.253271e+01 -3.123612e+01 1.776357e-15
    endloop
  endfacet
  facet normal 1.224647e-16 6.123234e-17 -1.000000e+00
    outer loop
      vertex -2.581400e+01 -2.659098e+01 1.776357e-15
      vertex -3.147413e+01 -2.729047e+01 1.776357e-15
      vertex -2.857951e+01 -2.440120e+01 1.776357e-15
    endloop
  endfacet
  facet normal 1.224647e-16 6.123234e-17 -1.000000e+00
    outer loop
      vertex -2.776889e+01 -2.879238e+01 1.776357e-15
      vertex -2.779547e+01 -2.894427e+01 1.776357e-15
      vertex -3.147413e+01 -2.729047e+01 1.776357e-15
    endloop
  endfacet
  facet normal 1.224647e-16 6.123234e-17 -1.000000e+00
    outer loop
      vertex -2.770903e+01 -2.866775e+01 1.776357e-15
      vertex -2.776889e+01 -2.879238e+01 1.776357e-15
      vertex -3.147413e+01 -2.729047e+01 1.776357e-15
    endloop
  endfacet
  facet normal 1.224647e-16 6.123234e-17 -1.000000e+00
    outer loop
      vertex -2.761816e+01 -2.858757e+01 1.776357e-15
      vertex -2.770903e+01 -2.866775e+01 1.776357e-15
      vertex -3.147413e+01 -2.729047e+01 1.776357e-15
    endloop
  endfacet
  facet normal 1.224647e-16 6.123234e-17 -1.000000e+00
    outer loop
      vertex -2.749397e+01 -2.855898e+01 1.776357e-15
      vertex -2.761816e+01 -2.858757e+01 1.776357e-15
      vertex -3.147413e+01 -2.729047e+01 1.776357e-15
    endloop
  endfacet
  facet normal 1.224647e-16 6.123234e-17 -1.000000e+00
    outer loop
      vertex -2.593306e+01 -2.855898e+01 1.776357e-15
      vertex -2.749397e+01 -2.855898e+01 1.776357e-15
      vertex -3.147413e+01 -2.729047e+01 1.776357e-15
    endloop
  endfacet
  facet normal 1.224647e-16 6.123234e-17 -1.000000e+00
    outer loop
      vertex -2.588897e+01 -2.855650e+01 1.776357e-15
      vertex -2.593306e+01 -2.855898e+01 1.776357e-15
      vertex -3.147413e+01 -2.729047e+01 1.776357e-15
    endloop
  endfacet
  facet normal 1.224647e-16 6.123234e-17 -1.000000e+00
    outer loop
      vertex -2.584811e+01 -2.853688e+01 1.776357e-15
      vertex -2.588897e+01 -2.855650e+01 1.776357e-15
      vertex -3.147413e+01 -2.729047e+01 1.776357e-15
    endloop
  endfacet
  facet normal 1.224647e-16 6.123234e-17 -1.000000e+00
    outer loop
      vertex -2.582226e+01 -2.849945e+01 1.776357e-15
      vertex -2.584811e+01 -2.853688e+01 1.776357e-15
      vertex -3.147413e+01 -2.729047e+01 1.776357e-15
    endloop
  endfacet
  facet normal 1.224647e-16 6.123234e-17 -1.000000e+00
    outer loop
      vertex -2.581400e+01 -2.844794e+01 1.776357e-15
      vertex -2.582226e+01 -2.849945e+01 1.776357e-15
      vertex -3.147413e+01 -2.729047e+01 1.776357e-15
    endloop
  endfacet
  facet normal 1.224647e-16 6.123234e-17 -1.000000e+00
    outer loop
      vertex -2.581400e+01 -2.659098e+01 1.776357e-15
      vertex -2.581400e+01 -2.844794e+01 1.776357e-15
      vertex -3.147413e+01 -2.729047e+01 1.776357e-15
    endloop
  endfacet
  facet normal 1.224647e-16 6.123234e-17 -1.000000e+00
    outer loop
      vertex -2.067569e+01 -2.442281e+01 3.552714e-15
      vertex -2.857951e+01 -2.440120e+01 1.776357e-15
      vertex -2.462471e+01 -2.335108e+01 3.552714e-15
    endloop
  endfacet
  facet normal 1.224647e-16 6.123234e-17 -1.000000e+00
    outer loop
      vertex -2.366409e+01 -2.626499e+01 1.776357e-15
      vertex -2.857951e+01 -2.440120e+01 1.776357e-15
      vertex -2.067569e+01 -2.442281e+01 3.552714e-15
    endloop
  endfacet
  facet normal 9.887399e-15 1.239352e-14 -1.000000e+00
    outer loop
      vertex -2.581790e+01 -2.647356e+01 1.776357e-15
      vertex -2.581400e+01 -2.659098e+01 1.776357e-15
      vertex -2.857951e+01 -2.440120e+01 1.776357e-15
    endloop
  endfacet
  facet normal -8.681361e-15 -1.235104e-14 -1.000000e+00
    outer loop
      vertex -2.580155e+01 -2.637156e+01 1.776357e-15
      vertex -2.581790e+01 -2.647356e+01 1.776357e-15
      vertex -2.857951e+01 -2.440120e+01 1.776357e-15
    endloop
  endfacet
  facet normal 9.303275e-15 1.300500e-14 -1.000000e+00
    outer loop
      vertex -2.575709e+01 -2.629416e+01 1.776357e-15
      vertex -2.580155e+01 -2.637156e+01 1.776357e-15
      vertex -2.857951e+01 -2.440120e+01 1.776357e-15
    endloop
  endfacet
  facet normal -1.130527e-14 -1.772241e-14 -1.000000e+00
    outer loop
      vertex -2.567911e+01 -2.626499e+01 1.776357e-15
      vertex -2.575709e+01 -2.629416e+01 1.776357e-15
      vertex -2.857951e+01 -2.440120e+01 1.776357e-15
    endloop
  endfacet
  facet normal 1.224647e-16 6.123234e-17 -1.000000e+00
    outer loop
      vertex -2.366409e+01 -2.626499e+01 1.776357e-15
      vertex -2.567911e+01 -2.626499e+01 1.776357e-15
      vertex -2.857951e+01 -2.440120e+01 1.776357e-15
    endloop
  endfacet
  facet normal 1.224647e-16 6.123234e-17 -1.000000e+00
    outer loop
      vertex -2.366409e+01 -2.626499e+01 1.776357e-15
      vertex -2.067569e+01 -2.442281e+01 3.552714e-15
      vertex -1.780081e+01 -2.732154e+01 3.552714e-15
    endloop
  endfacet
  facet normal -1.629223e-14 -9.103135e-14 -1.000000e+00
    outer loop
      vertex -2.358571e+01 -2.629459e+01 1.776357e-15
      vertex -2.366409e+01 -2.626499e+01 1.776357e-15
      vertex -1.780081e+01 -2.732154e+01 3.552714e-15
    endloop
  endfacet
  facet normal 3.419188e-15 2.000498e-14 -1.000000e+00
    outer loop
      vertex -2.354141e+01 -2.637261e+01 1.776357e-15
      vertex -2.358571e+01 -2.629459e+01 1.776357e-15
      vertex -1.780081e+01 -2.732154e+01 3.552714e-15
    endloop
  endfacet
  facet normal -2.214370e-15 -1.407561e-14 -1.000000e+00
    outer loop
      vertex -2.352527e+01 -2.647502e+01 1.776357e-15
      vertex -2.354141e+01 -2.637261e+01 1.776357e-15
      vertex -1.780081e+01 -2.732154e+01 3.552714e-15
    endloop
  endfacet
  facet normal 1.666523e-15 1.216829e-14 -1.000000e+00
    outer loop
      vertex -2.352919e+01 -2.659098e+01 1.776357e-15
      vertex -2.352527e+01 -2.647502e+01 1.776357e-15
      vertex -1.780081e+01 -2.732154e+01 3.552714e-15
    endloop
  endfacet
  facet normal 1.224647e-16 6.123234e-17 -1.000000e+00
    outer loop
      vertex -2.352919e+01 -2.844794e+01 1.776357e-15
      vertex -2.352919e+01 -2.659098e+01 1.776357e-15
      vertex -1.780081e+01 -2.732154e+01 3.552714e-15
    endloop
  endfacet
  facet normal 1.224647e-16 6.123234e-17 -1.000000e+00
    outer loop
      vertex -2.188857e+01 -2.855898e+01 1.776357e-15
      vertex -2.352919e+01 -2.844794e+01 1.776357e-15
      vertex -1.780081e+01 -2.732154e+01 3.552714e-15
    endloop
  endfacet
  facet normal 1.224647e-16 6.123234e-17 -1.000000e+00
    outer loop
      vertex -2.176869e+01 -2.858543e+01 1.776357e-15
      vertex -2.188857e+01 -2.855898e+01 1.776357e-15
      vertex -1.780081e+01 -2.732154e+01 3.552714e-15
    endloop
  endfacet
  facet normal 1.224647e-16 6.123234e-17 -1.000000e+00
    outer loop
      vertex -2.164414e+01 -3.517328e+01 3.552714e-15
      vertex -1.780560e+01 -3.515979e+01 3.552714e-15
      vertex -2.068896e+01 -3.805797e+01 3.552714e-15
    endloop
  endfacet
  facet normal 1.224647e-16 6.123234e-17 -1.000000e+00
    outer loop
      vertex -2.162042e+01 -3.251909e+01 3.552714e-15
      vertex -2.158725e+01 -3.238258e+01 3.552714e-15
      vertex -1.780560e+01 -3.515979e+01 3.552714e-15
    endloop
  endfacet
  facet normal 1.224647e-16 6.123234e-17 -1.000000e+00
    outer loop
      vertex -2.171946e+01 -3.261594e+01 3.552714e-15
      vertex -2.162042e+01 -3.251909e+01 3.552714e-15
      vertex -1.780560e+01 -3.515979e+01 3.552714e-15
    endloop
  endfacet
  facet normal 1.224647e-16 6.123234e-17 -1.000000e+00
    outer loop
      vertex -2.186977e+01 -3.266817e+01 1.776357e-15
      vertex -2.171946e+01 -3.261594e+01 3.552714e-15
      vertex -1.780560e+01 -3.515979e+01 3.552714e-15
    endloop
  endfacet
  facet normal 1.224647e-16 6.123234e-17 -1.000000e+00
    outer loop
      vertex -2.204716e+01 -3.267896e+01 1.776357e-15
      vertex -2.186977e+01 -3.266817e+01 1.776357e-15
      vertex -1.780560e+01 -3.515979e+01 3.552714e-15
    endloop
  endfacet
  facet normal 1.224647e-16 6.123234e-17 -1.000000e+00
    outer loop
      vertex -2.288499e+01 -3.267896e+01 1.776357e-15
      vertex -2.204716e+01 -3.267896e+01 1.776357e-15
      vertex -1.780560e+01 -3.515979e+01 3.552714e-15
    endloop
  endfacet
  facet normal 1.224647e-16 6.123234e-17 -1.000000e+00
    outer loop
      vertex -2.285848e+01 -3.274386e+01 1.776357e-15
      vertex -2.288499e+01 -3.267896e+01 1.776357e-15
      vertex -1.780560e+01 -3.515979e+01 3.552714e-15
    endloop
  endfacet
  facet normal 1.224647e-16 6.123234e-17 -1.000000e+00
    outer loop
      vertex -2.284941e+01 -3.280840e+01 1.776357e-15
      vertex -2.285848e+01 -3.274386e+01 1.776357e-15
      vertex -1.780560e+01 -3.515979e+01 3.552714e-15
    endloop
  endfacet
  facet normal 1.224647e-16 6.123234e-17 -1.000000e+00
    outer loop
      vertex -2.229105e+01 -3.335185e+01 1.776357e-15
      vertex -2.284941e+01 -3.280840e+01 1.776357e-15
      vertex -1.780560e+01 -3.515979e+01 3.552714e-15
    endloop
  endfacet
  facet normal 1.224647e-16 6.123234e-17 -1.000000e+00
    outer loop
      vertex -2.219935e+01 -3.341384e+01 1.776357e-15
      vertex -2.229105e+01 -3.335185e+01 1.776357e-15
      vertex -1.780560e+01 -3.515979e+01 3.552714e-15
    endloop
  endfacet
  facet normal 1.224647e-16 6.123234e-17 -1.000000e+00
    outer loop
      vertex -2.211853e+01 -3.361101e+01 1.776357e-15
      vertex -2.219935e+01 -3.341384e+01 1.776357e-15
      vertex -1.780560e+01 -3.515979e+01 3.552714e-15
    endloop
  endfacet
  facet normal 1.224647e-16 6.123234e-17 -1.000000e+00
    outer loop
      vertex -2.153639e+01 -3.414316e+01 3.552714e-15
      vertex -2.211853e+01 -3.361101e+01 1.776357e-15
      vertex -1.780560e+01 -3.515979e+01 3.552714e-15
    endloop
  endfacet
  facet normal 1.224647e-16 6.123234e-17 -1.000000e+00
    outer loop
      vertex -2.144465e+01 -3.420516e+01 3.552714e-15
      vertex -2.153639e+01 -3.414316e+01 3.552714e-15
      vertex -1.780560e+01 -3.515979e+01 3.552714e-15
    endloop
  endfacet
  facet normal 1.224647e-16 6.123234e-17 -1.000000e+00
    outer loop
      vertex -2.136378e+01 -3.440200e+01 3.552714e-15
      vertex -2.144465e+01 -3.420516e+01 3.552714e-15
      vertex -1.780560e+01 -3.515979e+01 3.552714e-15
    endloop
  endfacet
  facet normal 1.224647e-16 6.123234e-17 -1.000000e+00
    outer loop
      vertex -2.136378e+01 -3.489257e+01 3.552714e-15
      vertex -2.136378e+01 -3.440200e+01 3.552714e-15
      vertex -1.780560e+01 -3.515979e+01 3.552714e-15
    endloop
  endfacet
  facet normal 1.224647e-16 6.123234e-17 -1.000000e+00
    outer loop
      vertex -2.138534e+01 -3.500076e+01 3.552714e-15
      vertex -2.136378e+01 -3.489257e+01 3.552714e-15
      vertex -1.780560e+01 -3.515979e+01 3.552714e-15
    endloop
  endfacet
  facet normal 1.224647e-16 6.123234e-17 -1.000000e+00
    outer loop
      vertex -2.144731e+01 -3.509251e+01 3.552714e-15
      vertex -2.138534e+01 -3.500076e+01 3.552714e-15
      vertex -1.780560e+01 -3.515979e+01 3.552714e-15
    endloop
  endfacet
  facet normal 1.224647e-16 6.123234e-17 -1.000000e+00
    outer loop
      vertex -2.164414e+01 -3.517328e+01 3.552714e-15
      vertex -2.144731e+01 -3.509251e+01 3.552714e-15
      vertex -1.780560e+01 -3.515979e+01 3.552714e-15
    endloop
  endfacet
  facet normal 1.224647e-16 6.123234e-17 -1.000000e+00
    outer loop
      vertex -2.858544e+01 -3.806877e+01 1.776357e-15
      vertex -2.068896e+01 -3.805797e+01 3.552714e-15
      vertex -2.463550e+01 -3.912211e+01 1.776357e-15
    endloop
  endfacet
  facet normal 1.224647e-16 6.123234e-17 -1.000000e+00
    outer loop
      vertex -3.147599e+01 -3.517996e+01 1.776357e-15
      vertex -2.068896e+01 -3.805797e+01 3.552714e-15
      vertex -2.858544e+01 -3.806877e+01 1.776357e-15
    endloop
  endfacet
  facet normal 1.224647e-16 6.123234e-17 -1.000000e+00
    outer loop
      vertex -2.785289e+01 -3.517328e+01 1.776357e-15
      vertex -2.068896e+01 -3.805797e+01 3.552714e-15
      vertex -3.147599e+01 -3.517996e+01 1.776357e-15
    endloop
  endfacet
  facet normal 1.224647e-16 6.123234e-17 -1.000000e+00
    outer loop
      vertex -2.785289e+01 -3.517328e+01 1.776357e-15
      vertex -2.736197e+01 -3.517328e+01 1.776357e-15
      vertex -2.068896e+01 -3.805797e+01 3.552714e-15
    endloop
  endfacet
  facet normal 1.224647e-16 6.123234e-17 -1.000000e+00
    outer loop
      vertex -2.213503e+01 -3.517328e+01 1.776357e-15
      vertex -2.068896e+01 -3.805797e+01 3.552714e-15
      vertex -2.736197e+01 -3.517328e+01 1.776357e-15
    endloop
  endfacet
  facet normal 1.224647e-16 6.123234e-17 -1.000000e+00
    outer loop
      vertex -2.213503e+01 -3.517328e+01 1.776357e-15
      vertex -2.164414e+01 -3.517328e+01 3.552714e-15
      vertex -2.068896e+01 -3.805797e+01 3.552714e-15
    endloop
  endfacet
  facet normal 1.224647e-16 6.123234e-17 -1.000000e+00
    outer loop
      vertex -2.796081e+01 -3.515173e+01 1.776357e-15
      vertex -2.785289e+01 -3.517328e+01 1.776357e-15
      vertex -3.147599e+01 -3.517996e+01 1.776357e-15
    endloop
  endfacet
  facet normal 1.224647e-16 6.123234e-17 -1.000000e+00
    outer loop
      vertex -2.805247e+01 -3.508976e+01 1.776357e-15
      vertex -2.796081e+01 -3.515173e+01 1.776357e-15
      vertex -3.147599e+01 -3.517996e+01 1.776357e-15
    endloop
  endfacet
  facet normal 1.224647e-16 6.123234e-17 -1.000000e+00
    outer loop
      vertex 2.534371e+01 -2.978667e+01 5.080003e-01
      vertex 2.471575e+01 -3.001321e+01 5.080003e-01
      vertex 2.499480e+01 -2.949169e+01 5.080003e-01
    endloop
  endfacet
  facet normal 8.817149e-01 -4.717827e-01 1.055477e-14
    outer loop
      vertex 2.499480e+01 -2.949169e+01 8.881784e-15
      vertex 2.499480e+01 -2.949169e+01 5.080003e-01
      vertex 2.471575e+01 -3.001321e+01 5.080003e-01
    endloop
  endfacet
  facet normal 1.224647e-16 6.123234e-17 -1.000000e+00
    outer loop
      vertex 2.542212e+01 -2.918772e+01 5.080003e-01
      vertex 2.675953e+01 -2.936812e+01 5.080003e-01
      vertex 2.499480e+01 -2.949169e+01 5.080003e-01
    endloop
  endfacet
  facet normal 1.224647e-16 6.123234e-17 -1.000000e+00
    outer loop
      vertex 2.591602e+01 -2.950834e+01 5.080003e-01
      vertex 2.499480e+01 -2.949169e+01 5.080003e-01
      vertex 2.675953e+01 -2.936812e+01 5.080003e-01
    endloop
  endfacet
  facet normal 5.796514e-01 -8.148645e-01 -1.138595e-13
    outer loop
      vertex 2.542212e+01 -2.918772e+01 8.881784e-15
      vertex 2.542212e+01 -2.918772e+01 5.080003e-01
      vertex 2.499480e+01 -2.949169e+01 5.080003e-01
    endloop
  endfacet
  facet normal 1.224647e-16 6.123234e-17 -1.000000e+00
    outer loop
      vertex 2.558309e+01 -2.958624e+01 5.080003e-01
      vertex 2.534371e+01 -2.978667e+01 5.080003e-01
      vertex 2.499480e+01 -2.949169e+01 5.080003e-01
    endloop
  endfacet
  facet normal 1.224647e-16 6.123234e-17 -1.000000e+00
    outer loop
      vertex 2.591602e+01 -2.950834e+01 5.080003e-01
      vertex 2.558309e+01 -2.958624e+01 5.080003e-01
      vertex 2.499480e+01 -2.949169e+01 5.080003e-01
    endloop
  endfacet
  facet normal 5.796514e-01 -8.148645e-01 1.813864e-14
    outer loop
      vertex 2.542212e+01 -2.918772e+01 8.881784e-15
      vertex 2.499480e+01 -2.949169e+01 5.080003e-01
      vertex 2.499480e+01 -2.949169e+01 8.881784e-15
    endloop
  endfacet
  facet normal 1.224647e-16 6.123234e-17 -1.000000e+00
    outer loop
      vertex 2.515579e+01 -3.026835e+01 5.080003e-01
      vertex 2.464406e+01 -3.060516e+01 5.080003e-01
      vertex 2.471575e+01 -3.001321e+01 5.080003e-01
    endloop
  endfacet
  facet normal 9.927472e-01 -1.202198e-01 -2.795612e-14
    outer loop
      vertex 2.471575e+01 -3.001321e+01 8.881784e-15
      vertex 2.471575e+01 -3.001321e+01 5.080003e-01
      vertex 2.464406e+01 -3.060516e+01 5.080003e-01
    endloop
  endfacet
  facet normal 1.224647e-16 6.123234e-17 -1.000000e+00
    outer loop
      vertex 2.534371e+01 -2.978667e+01 5.080003e-01
      vertex 2.515579e+01 -3.026835e+01 5.080003e-01
      vertex 2.471575e+01 -3.001321e+01 5.080003e-01
    endloop
  endfacet
  facet normal 8.817149e-01 -4.717827e-01 2.377718e-14
    outer loop
      vertex 2.471575e+01 -3.001321e+01 8.881784e-15
      vertex 2.499480e+01 -2.949169e+01 8.881784e-15
      vertex 2.471575e+01 -3.001321e+01 5.080003e-01
    endloop
  endfacet
  facet normal 1.224647e-16 6.123234e-17 -1.000000e+00
    outer loop
      vertex 2.518634e+01 -3.104487e+01 5.080003e-01
      vertex 2.474566e+01 -3.123182e+01 5.080003e-01
      vertex 2.464406e+01 -3.060516e+01 5.080003e-01
    endloop
  endfacet
  facet normal 9.871111e-01 1.600362e-01 -2.474394e-14
    outer loop
      vertex 2.464406e+01 -3.060516e+01 8.881784e-15
      vertex 2.464406e+01 -3.060516e+01 5.080003e-01
      vertex 2.474566e+01 -3.123182e+01 5.080003e-01
    endloop
  endfacet
  facet normal 1.224647e-16 6.123234e-17 -1.000000e+00
    outer loop
      vertex 2.513621e+01 -3.067489e+01 5.080003e-01
      vertex 2.518634e+01 -3.104487e+01 5.080003e-01
      vertex 2.464406e+01 -3.060516e+01 5.080003e-01
    endloop
  endfacet
  facet normal 1.224647e-16 6.123234e-17 -1.000000e+00
    outer loop
      vertex 2.515579e+01 -3.026835e+01 5.080003e-01
      vertex 2.513621e+01 -3.067489e+01 5.080003e-01
      vertex 2.464406e+01 -3.060516e+01 5.080003e-01
    endloop
  endfacet
  facet normal 9.927472e-01 -1.202198e-01 1.880013e-14
    outer loop
      vertex 2.464406e+01 -3.060516e+01 8.881784e-15
      vertex 2.471575e+01 -3.001321e+01 8.881784e-15
      vertex 2.464406e+01 -3.060516e+01 5.080003e-01
    endloop
  endfacet
  facet normal 1.224647e-16 6.123234e-17 -1.000000e+00
    outer loop
      vertex 2.562239e+01 -3.158842e+01 5.080003e-01
      vertex 2.512632e+01 -3.178932e+01 5.080003e-01
      vertex 2.474566e+01 -3.123182e+01 5.080003e-01
    endloop
  endfacet
  facet normal 8.258522e-01 5.638867e-01 -7.005952e-14
    outer loop
      vertex 2.474566e+01 -3.123182e+01 8.881784e-15
      vertex 2.474566e+01 -3.123182e+01 5.080003e-01
      vertex 2.512632e+01 -3.178932e+01 5.080003e-01
    endloop
  endfacet
  facet normal 1.224647e-16 6.123234e-17 -1.000000e+00
    outer loop
      vertex 2.518634e+01 -3.104487e+01 5.080003e-01
      vertex 2.534599e+01 -3.138128e+01 5.080003e-01
      vertex 2.474566e+01 -3.123182e+01 5.080003e-01
    endloop
  endfacet
  facet normal 1.224647e-16 6.123234e-17 -1.000000e+00
    outer loop
      vertex 2.562239e+01 -3.158842e+01 5.080003e-01
      vertex 2.474566e+01 -3.123182e+01 5.080003e-01
      vertex 2.534599e+01 -3.138128e+01 5.080003e-01
    endloop
  endfacet
  facet normal 9.871111e-01 1.600362e-01 3.035032e-14
    outer loop
      vertex 2.474566e+01 -3.123182e+01 8.881784e-15
      vertex 2.464406e+01 -3.060516e+01 8.881784e-15
      vertex 2.474566e+01 -3.123182e+01 5.080003e-01
    endloop
  endfacet
  facet normal 1.224647e-16 6.123234e-17 -1.000000e+00
    outer loop
      vertex 2.647011e+01 -3.196161e+01 5.080003e-01
      vertex 2.548239e+01 -3.198856e+01 5.080003e-01
      vertex 2.512632e+01 -3.178932e+01 5.080003e-01
    endloop
  endfacet
  facet normal 4.882970e-01 8.726775e-01 -5.893681e-14
    outer loop
      vertex 2.512632e+01 -3.178932e+01 8.881784e-15
      vertex 2.512632e+01 -3.178932e+01 5.080003e-01
      vertex 2.548239e+01 -3.198856e+01 5.080003e-01
    endloop
  endfacet
  facet normal 1.224647e-16 6.123234e-17 -1.000000e+00
    outer loop
      vertex 2.688612e+01 -3.166105e+01 5.080003e-01
      vertex 2.647011e+01 -3.196161e+01 5.080003e-01
      vertex 2.512632e+01 -3.178932e+01 5.080003e-01
    endloop
  endfacet
  facet normal 1.224647e-16 6.123234e-17 -1.000000e+00
    outer loop
      vertex 2.597417e+01 -3.164576e+01 5.080003e-01
      vertex 2.688612e+01 -3.166105e+01 5.080003e-01
      vertex 2.512632e+01 -3.178932e+01 5.080003e-01
    endloop
  endfacet
  facet normal 1.224647e-16 6.123234e-17 -1.000000e+00
    outer loop
      vertex 2.562239e+01 -3.158842e+01 5.080003e-01
      vertex 2.597417e+01 -3.164576e+01 5.080003e-01
      vertex 2.512632e+01 -3.178932e+01 5.080003e-01
    endloop
  endfacet
  facet normal 8.258522e-01 5.638867e-01 1.432877e-13
    outer loop
      vertex 2.512632e+01 -3.178932e+01 8.881784e-15
      vertex 2.474566e+01 -3.123182e+01 8.881784e-15
      vertex 2.512632e+01 -3.178932e+01 5.080003e-01
    endloop
  endfacet
  facet normal 1.224647e-16 6.123234e-17 -1.000000e+00
    outer loop
      vertex 2.647011e+01 -3.196161e+01 5.080003e-01
      vertex 2.596044e+01 -3.206072e+01 5.080003e-01
      vertex 2.548239e+01 -3.198856e+01 5.080003e-01
    endloop
  endfacet
  facet normal 1.492456e-01 9.888002e-01 -8.236233e-14
    outer loop
      vertex 2.548239e+01 -3.198856e+01 8.881784e-15
      vertex 2.548239e+01 -3.198856e+01 5.080003e-01
      vertex 2.596044e+01 -3.206072e+01 5.080003e-01
    endloop
  endfacet
  facet normal 4.882970e-01 8.726775e-01 9.758290e-14
    outer loop
      vertex 2.548239e+01 -3.198856e+01 8.881784e-15
      vertex 2.512632e+01 -3.178932e+01 8.881784e-15
      vertex 2.548239e+01 -3.198856e+01 5.080003e-01
    endloop
  endfacet
  facet normal -1.908701e-01 9.816153e-01 -7.625029e-14
    outer loop
      vertex 2.596044e+01 -3.206072e+01 8.881784e-15
      vertex 2.596044e+01 -3.206072e+01 5.080003e-01
      vertex 2.647011e+01 -3.196161e+01 5.080003e-01
    endloop
  endfacet
  facet normal 1.492456e-01 9.888002e-01 5.972937e-14
    outer loop
      vertex 2.596044e+01 -3.206072e+01 8.881784e-15
      vertex 2.548239e+01 -3.198856e+01 8.881784e-15
      vertex 2.596044e+01 -3.206072e+01 5.080003e-01
    endloop
  endfacet
  facet normal -5.856339e-01 8.105757e-01 -6.155294e-14
    outer loop
      vertex 2.647011e+01 -3.196161e+01 8.881784e-15
      vertex 2.647011e+01 -3.196161e+01 5.080003e-01
      vertex 2.688612e+01 -3.166105e+01 5.080003e-01
    endloop
  endfacet
  facet normal -1.908701e-01 9.816153e-01 1.184295e-14
    outer loop
      vertex 2.647011e+01 -3.196161e+01 8.881784e-15
      vertex 2.596044e+01 -3.206072e+01 8.881784e-15
      vertex 2.647011e+01 -3.196161e+01 5.080003e-01
    endloop
  endfacet
  facet normal 1.224647e-16 6.123234e-17 -1.000000e+00
    outer loop
      vertex 2.651922e+01 -3.140016e+01 5.080003e-01
      vertex 2.716576e+01 -3.113973e+01 5.080003e-01
      vertex 2.688612e+01 -3.166105e+01 5.080003e-01
    endloop
  endfacet
  facet normal -8.812277e-01 4.726920e-01 -7.897523e-17
    outer loop
      vertex 2.688612e+01 -3.166105e+01 8.881784e-15
      vertex 2.688612e+01 -3.166105e+01 5.080003e-01
      vertex 2.716576e+01 -3.113973e+01 5.080003e-01
    endloop
  endfacet
  facet normal 1.224647e-16 6.123234e-17 -1.000000e+00
    outer loop
      vertex 2.629834e+01 -3.157090e+01 5.080003e-01
      vertex 2.651922e+01 -3.140016e+01 5.080003e-01
      vertex 2.688612e+01 -3.166105e+01 5.080003e-01
    endloop
  endfacet
  facet normal 1.224647e-16 6.123234e-17 -1.000000e+00
    outer loop
      vertex 2.597417e+01 -3.164576e+01 5.080003e-01
      vertex 2.629834e+01 -3.157090e+01 5.080003e-01
      vertex 2.688612e+01 -3.166105e+01 5.080003e-01
    endloop
  endfacet
  facet normal -5.856339e-01 8.105757e-01 -2.208602e-17
    outer loop
      vertex 2.647011e+01 -3.196161e+01 8.881784e-15
      vertex 2.688612e+01 -3.166105e+01 5.080003e-01
      vertex 2.688612e+01 -3.166105e+01 8.881784e-15
    endloop
  endfacet
  facet normal 1.224647e-16 6.123234e-17 -1.000000e+00
    outer loop
      vertex 2.671086e+01 -3.097936e+01 5.080003e-01
      vertex 2.723824e+01 -3.054781e+01 5.080003e-01
      vertex 2.716576e+01 -3.113973e+01 5.080003e-01
    endloop
  endfacet
  facet normal -9.925871e-01 1.215357e-01 2.584521e-15
    outer loop
      vertex 2.716576e+01 -3.113973e+01 8.881784e-15
      vertex 2.716576e+01 -3.113973e+01 5.080003e-01
      vertex 2.723824e+01 -3.054781e+01 5.080003e-01
    endloop
  endfacet
  facet normal 1.224647e-16 6.123234e-17 -1.000000e+00
    outer loop
      vertex 2.651922e+01 -3.140016e+01 5.080003e-01
      vertex 2.671086e+01 -3.097936e+01 5.080003e-01
      vertex 2.716576e+01 -3.113973e+01 5.080003e-01
    endloop
  endfacet
  facet normal -8.812277e-01 4.726920e-01 1.041690e-14
    outer loop
      vertex 2.716576e+01 -3.113973e+01 8.881784e-15
      vertex 2.688612e+01 -3.166105e+01 8.881784e-15
      vertex 2.716576e+01 -3.113973e+01 5.080003e-01
    endloop
  endfacet
  facet normal 1.224647e-16 6.123234e-17 -1.000000e+00
    outer loop
      vertex 2.670223e+01 -3.014272e+01 5.080003e-01
      vertex 2.713706e+01 -2.992272e+01 5.080003e-01
      vertex 2.723824e+01 -3.054781e+01 5.080003e-01
    endloop
  endfacet
  facet normal -9.871517e-01 -1.597858e-01 -1.432251e-14
    outer loop
      vertex 2.723824e+01 -3.054781e+01 8.881784e-15
      vertex 2.723824e+01 -3.054781e+01 5.080003e-01
      vertex 2.713706e+01 -2.992272e+01 5.080003e-01
    endloop
  endfacet
  facet normal 1.224647e-16 6.123234e-17 -1.000000e+00
    outer loop
      vertex 2.674763e+01 -3.054638e+01 5.080003e-01
      vertex 2.670223e+01 -3.014272e+01 5.080003e-01
      vertex 2.723824e+01 -3.054781e+01 5.080003e-01
    endloop
  endfacet
  facet normal 1.224647e-16 6.123234e-17 -1.000000e+00
    outer loop
      vertex 2.671086e+01 -3.097936e+01 5.080003e-01
      vertex 2.674763e+01 -3.054638e+01 5.080003e-01
      vertex 2.723824e+01 -3.054781e+01 5.080003e-01
    endloop
  endfacet
  facet normal -9.925871e-01 1.215357e-01 1.068043e-14
    outer loop
      vertex 2.723824e+01 -3.054781e+01 8.881784e-15
      vertex 2.716576e+01 -3.113973e+01 8.881784e-15
      vertex 2.723824e+01 -3.054781e+01 5.080003e-01
    endloop
  endfacet
  facet normal 1.224647e-16 6.123234e-17 -1.000000e+00
    outer loop
      vertex 2.626236e+01 -2.956890e+01 5.080003e-01
      vertex 2.675953e+01 -2.936812e+01 5.080003e-01
      vertex 2.713706e+01 -2.992272e+01 5.080003e-01
    endloop
  endfacet
  facet normal -8.266467e-01 -5.627213e-01 -6.338459e-14
    outer loop
      vertex 2.713706e+01 -2.992272e+01 8.881784e-15
      vertex 2.713706e+01 -2.992272e+01 5.080003e-01
      vertex 2.675953e+01 -2.936812e+01 5.080003e-01
    endloop
  endfacet
  facet normal 1.224647e-16 6.123234e-17 -1.000000e+00
    outer loop
      vertex 2.653358e+01 -2.977766e+01 5.080003e-01
      vertex 2.626236e+01 -2.956890e+01 5.080003e-01
      vertex 2.713706e+01 -2.992272e+01 5.080003e-01
    endloop
  endfacet
  facet normal 1.224647e-16 6.123234e-17 -1.000000e+00
    outer loop
      vertex 2.670223e+01 -3.014272e+01 5.080003e-01
      vertex 2.653358e+01 -2.977766e+01 5.080003e-01
      vertex 2.713706e+01 -2.992272e+01 5.080003e-01
    endloop
  endfacet
  facet normal -9.871517e-01 -1.597858e-01 1.532401e-14
    outer loop
      vertex 2.713706e+01 -2.992272e+01 8.881784e-15
      vertex 2.723824e+01 -3.054781e+01 8.881784e-15
      vertex 2.713706e+01 -2.992272e+01 5.080003e-01
    endloop
  endfacet
  facet normal 1.224647e-16 6.123234e-17 -1.000000e+00
    outer loop
      vertex 2.542212e+01 -2.918772e+01 5.080003e-01
      vertex 2.593465e+01 -2.909330e+01 5.080003e-01
      vertex 2.675953e+01 -2.936812e+01 5.080003e-01
    endloop
  endfacet
  facet normal -3.160853e-01 -9.487308e-01 -1.195063e-13
    outer loop
      vertex 2.675953e+01 -2.936812e+01 8.881784e-15
      vertex 2.675953e+01 -2.936812e+01 5.080003e-01
      vertex 2.593465e+01 -2.909330e+01 5.080003e-01
    endloop
  endfacet
  facet normal 1.224647e-16 6.123234e-17 -1.000000e+00
    outer loop
      vertex 2.626236e+01 -2.956890e+01 5.080003e-01
      vertex 2.591602e+01 -2.950834e+01 5.080003e-01
      vertex 2.675953e+01 -2.936812e+01 5.080003e-01
    endloop
  endfacet
  facet normal -8.266467e-01 -5.627213e-01 7.096243e-14
    outer loop
      vertex 2.675953e+01 -2.936812e+01 8.881784e-15
      vertex 2.713706e+01 -2.992272e+01 8.881784e-15
      vertex 2.675953e+01 -2.936812e+01 5.080003e-01
    endloop
  endfacet
  facet normal 1.811768e-01 -9.834506e-01 -1.224483e-13
    outer loop
      vertex 2.593465e+01 -2.909330e+01 8.881784e-15
      vertex 2.593465e+01 -2.909330e+01 5.080003e-01
      vertex 2.542212e+01 -2.918772e+01 5.080003e-01
    endloop
  endfacet
  facet normal -3.160853e-01 -9.487308e-01 1.542998e-13
    outer loop
      vertex 2.593465e+01 -2.909330e+01 8.881784e-15
      vertex 2.675953e+01 -2.936812e+01 8.881784e-15
      vertex 2.593465e+01 -2.909330e+01 5.080003e-01
    endloop
  endfacet
  facet normal 1.811768e-01 -9.834506e-01 1.100018e-13
    outer loop
      vertex 2.542212e+01 -2.918772e+01 8.881784e-15
      vertex 2.593465e+01 -2.909330e+01 8.881784e-15
      vertex 2.542212e+01 -2.918772e+01 5.080003e-01
    endloop
  endfacet
  facet normal -9.034311e-01 -4.287332e-01 2.005504e-04
    outer loop
      vertex 2.518647e+01 -3.104539e+01 8.881784e-15
      vertex 2.534599e+01 -3.138128e+01 5.080003e-01
      vertex 2.518634e+01 -3.104487e+01 5.080003e-01
    endloop
  endfacet
  facet normal -5.996837e-01 -8.002371e-01 2.983109e-04
    outer loop
      vertex 2.534636e+01 -3.138175e+01 8.881784e-15
      vertex 2.562239e+01 -3.158842e+01 5.080003e-01
      vertex 2.534599e+01 -3.138128e+01 5.080003e-01
    endloop
  endfacet
  facet normal -9.031538e-01 -4.293170e-01 -2.724821e-04
    outer loop
      vertex 2.518647e+01 -3.104539e+01 8.881784e-15
      vertex 2.534636e+01 -3.138175e+01 8.881784e-15
      vertex 2.534599e+01 -3.138128e+01 5.080003e-01
    endloop
  endfacet
  facet normal -9.909449e-01 -1.342695e-01 9.200996e-05
    outer loop
      vertex 2.513622e+01 -3.067538e+01 8.881784e-15
      vertex 2.518634e+01 -3.104487e+01 5.080003e-01
      vertex 2.513621e+01 -3.067489e+01 5.080003e-01
    endloop
  endfacet
  facet normal -9.909045e-01 -1.345673e-01 -1.285746e-04
    outer loop
      vertex 2.513622e+01 -3.067538e+01 8.881784e-15
      vertex 2.518647e+01 -3.104539e+01 8.881784e-15
      vertex 2.518634e+01 -3.104487e+01 5.080003e-01
    endloop
  endfacet
  facet normal -9.988418e-01 4.811588e-02 9.321974e-05
    outer loop
      vertex 2.515572e+01 -3.026881e+01 8.881784e-15
      vertex 2.513621e+01 -3.067489e+01 5.080003e-01
      vertex 2.515579e+01 -3.026835e+01 5.080003e-01
    endloop
  endfacet
  facet normal -9.988524e-01 4.789504e-02 -8.371218e-05
    outer loop
      vertex 2.515572e+01 -3.026881e+01 8.881784e-15
      vertex 2.513622e+01 -3.067538e+01 8.881784e-15
      vertex 2.513621e+01 -3.067489e+01 5.080003e-01
    endloop
  endfacet
  facet normal -9.316146e-01 3.634476e-01 2.781249e-04
    outer loop
      vertex 2.534340e+01 -2.978707e+01 8.881784e-15
      vertex 2.515579e+01 -3.026835e+01 5.080003e-01
      vertex 2.534371e+01 -2.978667e+01 5.080003e-01
    endloop
  endfacet
  facet normal -9.317860e-01 3.630080e-01 -2.016105e-04
    outer loop
      vertex 2.534340e+01 -2.978707e+01 8.881784e-15
      vertex 2.515572e+01 -3.026881e+01 8.881784e-15
      vertex 2.515579e+01 -3.026835e+01 5.080003e-01
    endloop
  endfacet
  facet normal -6.419562e-01 7.667413e-01 2.256586e-04
    outer loop
      vertex 2.558264e+01 -2.958647e+01 8.881784e-15
      vertex 2.534371e+01 -2.978667e+01 5.080003e-01
      vertex 2.558309e+01 -2.958624e+01 5.080003e-01
    endloop
  endfacet
  facet normal -6.425071e-01 7.662798e-01 -2.153233e-04
    outer loop
      vertex 2.558264e+01 -2.958647e+01 8.881784e-15
      vertex 2.534340e+01 -2.978707e+01 8.881784e-15
      vertex 2.534371e+01 -2.978667e+01 5.080003e-01
    endloop
  endfacet
  facet normal -2.278389e-01 9.736989e-01 1.716070e-04
    outer loop
      vertex 2.591555e+01 -2.950836e+01 8.881784e-15
      vertex 2.558309e+01 -2.958624e+01 5.080003e-01
      vertex 2.591602e+01 -2.950834e+01 5.080003e-01
    endloop
  endfacet
  facet normal -2.284209e-01 9.735624e-01 -2.302114e-04
    outer loop
      vertex 2.591555e+01 -2.950836e+01 8.881784e-15
      vertex 2.558264e+01 -2.958647e+01 8.881784e-15
      vertex 2.558309e+01 -2.958624e+01 5.080003e-01
    endloop
  endfacet
  facet normal 1.722457e-01 9.850540e-01 2.094356e-04
    outer loop
      vertex 2.626193e+01 -2.956872e+01 8.881784e-15
      vertex 2.591602e+01 -2.950834e+01 5.080003e-01
      vertex 2.626236e+01 -2.956890e+01 5.080003e-01
    endloop
  endfacet
  facet normal 1.716705e-01 9.851544e-01 -1.941484e-04
    outer loop
      vertex 2.626193e+01 -2.956872e+01 8.881784e-15
      vertex 2.591555e+01 -2.950836e+01 8.881784e-15
      vertex 2.591602e+01 -2.950834e+01 5.080003e-01
    endloop
  endfacet
  facet normal 6.099426e-01 7.924455e-01 2.863809e-04
    outer loop
      vertex 2.653320e+01 -2.977719e+01 8.881784e-15
      vertex 2.626236e+01 -2.956890e+01 5.080003e-01
      vertex 2.653358e+01 -2.977766e+01 5.080003e-01
    endloop
  endfacet
  facet normal 6.093332e-01 7.929142e-01 -2.307155e-04
    outer loop
      vertex 2.626193e+01 -2.956872e+01 8.881784e-15
      vertex 2.626236e+01 -2.956890e+01 5.080003e-01
      vertex 2.653320e+01 -2.977719e+01 8.881784e-15
    endloop
  endfacet
  facet normal 9.078115e-01 4.193785e-01 1.899601e-04
    outer loop
      vertex 2.670211e+01 -3.014224e+01 8.881784e-15
      vertex 2.653358e+01 -2.977766e+01 5.080003e-01
      vertex 2.670223e+01 -3.014272e+01 5.080003e-01
    endloop
  endfacet
  facet normal 9.075620e-01 4.199181e-01 -2.801086e-04
    outer loop
      vertex 2.670211e+01 -3.014224e+01 8.881784e-15
      vertex 2.653320e+01 -2.977719e+01 8.881784e-15
      vertex 2.653358e+01 -2.977766e+01 5.080003e-01
    endloop
  endfacet
  facet normal 9.937353e-01 1.117590e-01 7.894486e-05
    outer loop
      vertex 2.674762e+01 -3.054598e+01 8.881784e-15
      vertex 2.670223e+01 -3.014272e+01 5.080003e-01
      vertex 2.674763e+01 -3.054638e+01 5.080003e-01
    endloop
  endfacet
  facet normal 9.937070e-01 1.120106e-01 -1.233209e-04
    outer loop
      vertex 2.674762e+01 -3.054598e+01 8.881784e-15
      vertex 2.670211e+01 -3.014224e+01 8.881784e-15
      vertex 2.670223e+01 -3.014272e+01 5.080003e-01
    endloop
  endfacet
  facet normal 9.964147e-01 -8.460324e-02 8.131003e-05
    outer loop
      vertex 2.671093e+01 -3.097902e+01 8.881784e-15
      vertex 2.674763e+01 -3.054638e+01 5.080003e-01
      vertex 2.671086e+01 -3.097936e+01 5.080003e-01
    endloop
  endfacet
  facet normal 9.964303e-01 -8.441966e-02 -7.616077e-05
    outer loop
      vertex 2.671093e+01 -3.097902e+01 8.881784e-15
      vertex 2.674762e+01 -3.054598e+01 8.881784e-15
      vertex 2.674763e+01 -3.054638e+01 5.080003e-01
    endloop
  endfacet
  facet normal 9.100649e-01 -4.144658e-01 1.891635e-04
    outer loop
      vertex 2.651944e+01 -3.139990e+01 8.881784e-15
      vertex 2.671086e+01 -3.097936e+01 5.080003e-01
      vertex 2.651922e+01 -3.140016e+01 5.080003e-01
    endloop
  endfacet
  facet normal 9.102184e-01 -4.141287e-01 -1.476953e-04
    outer loop
      vertex 2.651944e+01 -3.139990e+01 8.881784e-15
      vertex 2.671093e+01 -3.097902e+01 8.881784e-15
      vertex 2.671086e+01 -3.097936e+01 5.080003e-01
    endloop
  endfacet
  facet normal 6.115752e-01 -7.911863e-01 1.397847e-04
    outer loop
      vertex 2.629865e+01 -3.157074e+01 8.881784e-15
      vertex 2.651922e+01 -3.140016e+01 5.080003e-01
      vertex 2.629834e+01 -3.157090e+01 5.080003e-01
    endloop
  endfacet
  facet normal 6.119719e-01 -7.908795e-01 -1.354991e-04
    outer loop
      vertex 2.629865e+01 -3.157074e+01 8.881784e-15
      vertex 2.651944e+01 -3.139990e+01 8.881784e-15
      vertex 2.651922e+01 -3.140016e+01 5.080003e-01
    endloop
  endfacet
  facet normal 2.249998e-01 -9.743589e-01 1.305285e-04
    outer loop
      vertex 2.597453e+01 -3.164574e+01 8.881784e-15
      vertex 2.629834e+01 -3.157090e+01 5.080003e-01
      vertex 2.597417e+01 -3.164576e+01 5.080003e-01
    endloop
  endfacet
  facet normal 2.254229e-01 -9.742610e-01 -1.536201e-04
    outer loop
      vertex 2.597453e+01 -3.164574e+01 8.881784e-15
      vertex 2.629865e+01 -3.157074e+01 8.881784e-15
      vertex 2.629834e+01 -3.157090e+01 5.080003e-01
    endloop
  endfacet
  facet normal -1.608816e-01 -9.869737e-01 1.837622e-04
    outer loop
      vertex 2.562279e+01 -3.158857e+01 8.881784e-15
      vertex 2.597417e+01 -3.164576e+01 5.080003e-01
      vertex 2.562239e+01 -3.158842e+01 5.080003e-01
    endloop
  endfacet
  facet normal -1.604241e-01 -9.870482e-01 -1.410570e-04
    outer loop
      vertex 2.562279e+01 -3.158857e+01 8.881784e-15
      vertex 2.597453e+01 -3.164574e+01 8.881784e-15
      vertex 2.597417e+01 -3.164576e+01 5.080003e-01
    endloop
  endfacet
  facet normal -5.990819e-01 -8.006877e-01 -2.119939e-04
    outer loop
      vertex 2.562279e+01 -3.158857e+01 8.881784e-15
      vertex 2.562239e+01 -3.158842e+01 5.080003e-01
      vertex 2.534636e+01 -3.138175e+01 8.881784e-15
    endloop
  endfacet
  facet normal 1.224647e-16 6.123234e-17 -1.000000e+00
    outer loop
      vertex 2.221501e+01 -2.978673e+01 5.080003e-01
      vertex 2.158720e+01 -3.001289e+01 5.080003e-01
      vertex 2.186625e+01 -2.949162e+01 5.080003e-01
    endloop
  endfacet
  facet normal 8.816270e-01 -4.719468e-01 7.906976e-17
    outer loop
      vertex 2.186625e+01 -2.949162e+01 8.881784e-15
      vertex 2.186625e+01 -2.949162e+01 5.080003e-01
      vertex 2.158720e+01 -3.001289e+01 5.080003e-01
    endloop
  endfacet
  facet normal 1.224647e-16 6.123234e-17 -1.000000e+00
    outer loop
      vertex 2.229322e+01 -2.918782e+01 5.080003e-01
      vertex 2.362929e+01 -2.936715e+01 5.080003e-01
      vertex 2.186625e+01 -2.949162e+01 5.080003e-01
    endloop
  endfacet
  facet normal 1.224647e-16 6.123234e-17 -1.000000e+00
    outer loop
      vertex 2.278722e+01 -2.950835e+01 5.080003e-01
      vertex 2.186625e+01 -2.949162e+01 5.080003e-01
      vertex 2.362929e+01 -2.936715e+01 5.080003e-01
    endloop
  endfacet
  facet normal 5.797533e-01 -8.147921e-01 2.133140e-14
    outer loop
      vertex 2.229322e+01 -2.918782e+01 8.881784e-15
      vertex 2.229322e+01 -2.918782e+01 5.080003e-01
      vertex 2.186625e+01 -2.949162e+01 5.080003e-01
    endloop
  endfacet
  facet normal 1.224647e-16 6.123234e-17 -1.000000e+00
    outer loop
      vertex 2.245430e+01 -2.958629e+01 5.080003e-01
      vertex 2.221501e+01 -2.978673e+01 5.080003e-01
      vertex 2.186625e+01 -2.949162e+01 5.080003e-01
    endloop
  endfacet
  facet normal 1.224647e-16 6.123234e-17 -1.000000e+00
    outer loop
      vertex 2.278722e+01 -2.950835e+01 5.080003e-01
      vertex 2.245430e+01 -2.958629e+01 5.080003e-01
      vertex 2.186625e+01 -2.949162e+01 5.080003e-01
    endloop
  endfacet
  facet normal 5.797533e-01 -8.147921e-01 2.110767e-17
    outer loop
      vertex 2.229322e+01 -2.918782e+01 8.881784e-15
      vertex 2.186625e+01 -2.949162e+01 5.080003e-01
      vertex 2.186625e+01 -2.949162e+01 8.881784e-15
    endloop
  endfacet
  facet normal 1.224647e-16 6.123234e-17 -1.000000e+00
    outer loop
      vertex 2.202718e+01 -3.026829e+01 5.080003e-01
      vertex 2.151541e+01 -3.060458e+01 5.080003e-01
      vertex 2.158720e+01 -3.001289e+01 5.080003e-01
    endloop
  endfacet
  facet normal 9.927183e-01 -1.204587e-01 2.215697e-14
    outer loop
      vertex 2.158720e+01 -3.001289e+01 7.105427e-15
      vertex 2.158720e+01 -3.001289e+01 5.080003e-01
      vertex 2.151541e+01 -3.060458e+01 5.080003e-01
    endloop
  endfacet
  facet normal 1.224647e-16 6.123234e-17 -1.000000e+00
    outer loop
      vertex 2.221501e+01 -2.978673e+01 5.080003e-01
      vertex 2.202718e+01 -3.026829e+01 5.080003e-01
      vertex 2.158720e+01 -3.001289e+01 5.080003e-01
    endloop
  endfacet
  facet normal 8.816270e-01 -4.719468e-01 1.965512e-14
    outer loop
      vertex 2.158720e+01 -3.001289e+01 7.105427e-15
      vertex 2.186625e+01 -2.949162e+01 8.881784e-15
      vertex 2.158720e+01 -3.001289e+01 5.080003e-01
    endloop
  endfacet
  facet normal 1.224647e-16 6.123234e-17 -1.000000e+00
    outer loop
      vertex 2.205769e+01 -3.104477e+01 5.080003e-01
      vertex 2.161675e+01 -3.123102e+01 5.080003e-01
      vertex 2.151541e+01 -3.060458e+01 5.080003e-01
    endloop
  endfacet
  facet normal 9.871664e-01 1.596951e-01 1.306715e-16
    outer loop
      vertex 2.151541e+01 -3.060458e+01 7.105427e-15
      vertex 2.151541e+01 -3.060458e+01 5.080003e-01
      vertex 2.161675e+01 -3.123102e+01 5.080003e-01
    endloop
  endfacet
  facet normal 1.224647e-16 6.123234e-17 -1.000000e+00
    outer loop
      vertex 2.200759e+01 -3.067478e+01 5.080003e-01
      vertex 2.205769e+01 -3.104477e+01 5.080003e-01
      vertex 2.151541e+01 -3.060458e+01 5.080003e-01
    endloop
  endfacet
  facet normal 1.224647e-16 6.123234e-17 -1.000000e+00
    outer loop
      vertex 2.202718e+01 -3.026829e+01 5.080003e-01
      vertex 2.200759e+01 -3.067478e+01 5.080003e-01
      vertex 2.151541e+01 -3.060458e+01 5.080003e-01
    endloop
  endfacet
  facet normal 9.927183e-01 -1.204587e-01 1.141970e-16
    outer loop
      vertex 2.151541e+01 -3.060458e+01 7.105427e-15
      vertex 2.158720e+01 -3.001289e+01 7.105427e-15
      vertex 2.151541e+01 -3.060458e+01 5.080003e-01
    endloop
  endfacet
  facet normal 1.224647e-16 6.123234e-17 -1.000000e+00
    outer loop
      vertex 2.249382e+01 -3.158846e+01 5.080003e-01
      vertex 2.199673e+01 -3.178851e+01 5.080003e-01
      vertex 2.161675e+01 -3.123102e+01 5.080003e-01
    endloop
  endfacet
  facet normal 8.263154e-01 5.632077e-01 2.514713e-14
    outer loop
      vertex 2.161675e+01 -3.123102e+01 7.105427e-15
      vertex 2.161675e+01 -3.123102e+01 5.080003e-01
      vertex 2.199673e+01 -3.178851e+01 5.080003e-01
    endloop
  endfacet
  facet normal 1.224647e-16 6.123234e-17 -1.000000e+00
    outer loop
      vertex 2.205769e+01 -3.104477e+01 5.080003e-01
      vertex 2.221731e+01 -3.138120e+01 5.080003e-01
      vertex 2.161675e+01 -3.123102e+01 5.080003e-01
    endloop
  endfacet
  facet normal 1.224647e-16 6.123234e-17 -1.000000e+00
    outer loop
      vertex 2.249382e+01 -3.158846e+01 5.080003e-01
      vertex 2.161675e+01 -3.123102e+01 5.080003e-01
      vertex 2.221731e+01 -3.138120e+01 5.080003e-01
    endloop
  endfacet
  facet normal 9.871664e-01 1.596951e-01 7.222560e-15
    outer loop
      vertex 2.161675e+01 -3.123102e+01 7.105427e-15
      vertex 2.151541e+01 -3.060458e+01 7.105427e-15
      vertex 2.161675e+01 -3.123102e+01 5.080003e-01
    endloop
  endfacet
  facet normal 1.224647e-16 6.123234e-17 -1.000000e+00
    outer loop
      vertex 2.334018e+01 -3.196212e+01 5.080003e-01
      vertex 2.235226e+01 -3.198806e+01 5.080003e-01
      vertex 2.199673e+01 -3.178851e+01 5.080003e-01
    endloop
  endfacet
  facet normal 4.894550e-01 8.720285e-01 8.608176e-15
    outer loop
      vertex 2.199673e+01 -3.178851e+01 8.881784e-15
      vertex 2.199673e+01 -3.178851e+01 5.080003e-01
      vertex 2.235226e+01 -3.198806e+01 5.080003e-01
    endloop
  endfacet
  facet normal 1.224647e-16 6.123234e-17 -1.000000e+00
    outer loop
      vertex 2.375716e+01 -3.166105e+01 5.080003e-01
      vertex 2.334018e+01 -3.196212e+01 5.080003e-01
      vertex 2.199673e+01 -3.178851e+01 5.080003e-01
    endloop
  endfacet
  facet normal 1.224647e-16 6.123234e-17 -1.000000e+00
    outer loop
      vertex 2.284573e+01 -3.164573e+01 5.080003e-01
      vertex 2.375716e+01 -3.166105e+01 5.080003e-01
      vertex 2.199673e+01 -3.178851e+01 5.080003e-01
    endloop
  endfacet
  facet normal 1.224647e-16 6.123234e-17 -1.000000e+00
    outer loop
      vertex 2.249382e+01 -3.158846e+01 5.080003e-01
      vertex 2.284573e+01 -3.164573e+01 5.080003e-01
      vertex 2.199673e+01 -3.178851e+01 5.080003e-01
    endloop
  endfacet
  facet normal 8.263154e-01 5.632077e-01 -5.706484e-15
    outer loop
      vertex 2.199673e+01 -3.178851e+01 8.881784e-15
      vertex 2.161675e+01 -3.123102e+01 7.105427e-15
      vertex 2.199673e+01 -3.178851e+01 5.080003e-01
    endloop
  endfacet
  facet normal 1.224647e-16 6.123234e-17 -1.000000e+00
    outer loop
      vertex 2.334018e+01 -3.196212e+01 5.080003e-01
      vertex 2.283005e+01 -3.206073e+01 5.080003e-01
      vertex 2.235226e+01 -3.198806e+01 5.080003e-01
    endloop
  endfacet
  facet normal 1.503711e-01 9.886296e-01 -2.425230e-15
    outer loop
      vertex 2.235226e+01 -3.198806e+01 8.881784e-15
      vertex 2.235226e+01 -3.198806e+01 5.080003e-01
      vertex 2.283005e+01 -3.206073e+01 5.080003e-01
    endloop
  endfacet
  facet normal 4.894550e-01 8.720285e-01 -8.037727e-15
    outer loop
      vertex 2.235226e+01 -3.198806e+01 8.881784e-15
      vertex 2.199673e+01 -3.178851e+01 8.881784e-15
      vertex 2.235226e+01 -3.198806e+01 5.080003e-01
    endloop
  endfacet
  facet normal -1.897995e-01 9.818228e-01 -2.176397e-14
    outer loop
      vertex 2.283005e+01 -3.206073e+01 8.881784e-15
      vertex 2.283005e+01 -3.206073e+01 5.080003e-01
      vertex 2.334018e+01 -3.196212e+01 5.080003e-01
    endloop
  endfacet
  facet normal 1.503711e-01 9.886296e-01 -2.187304e-14
    outer loop
      vertex 2.283005e+01 -3.206073e+01 8.881784e-15
      vertex 2.235226e+01 -3.198806e+01 8.881784e-15
      vertex 2.283005e+01 -3.206073e+01 5.080003e-01
    endloop
  endfacet
  facet normal -5.853956e-01 8.107477e-01 -1.517421e-15
    outer loop
      vertex 2.334018e+01 -3.196212e+01 8.881784e-15
      vertex 2.334018e+01 -3.196212e+01 5.080003e-01
      vertex 2.375716e+01 -3.166105e+01 5.080003e-01
    endloop
  endfacet
  facet normal -1.897995e-01 9.818228e-01 1.551613e-14
    outer loop
      vertex 2.334018e+01 -3.196212e+01 8.881784e-15
      vertex 2.283005e+01 -3.206073e+01 8.881784e-15
      vertex 2.334018e+01 -3.196212e+01 5.080003e-01
    endloop
  endfacet
  facet normal 1.224647e-16 6.123234e-17 -1.000000e+00
    outer loop
      vertex 2.339068e+01 -3.139964e+01 5.080003e-01
      vertex 2.403735e+01 -3.113881e+01 5.080003e-01
      vertex 2.375716e+01 -3.166105e+01 5.080003e-01
    endloop
  endfacet
  facet normal -8.811871e-01 4.727677e-01 -7.896562e-17
    outer loop
      vertex 2.375716e+01 -3.166105e+01 8.881784e-15
      vertex 2.375716e+01 -3.166105e+01 5.080003e-01
      vertex 2.403735e+01 -3.113881e+01 5.080003e-01
    endloop
  endfacet
  facet normal 1.224647e-16 6.123234e-17 -1.000000e+00
    outer loop
      vertex 2.316989e+01 -3.157056e+01 5.080003e-01
      vertex 2.339068e+01 -3.139964e+01 5.080003e-01
      vertex 2.375716e+01 -3.166105e+01 5.080003e-01
    endloop
  endfacet
  facet normal 1.224647e-16 6.123234e-17 -1.000000e+00
    outer loop
      vertex 2.284573e+01 -3.164573e+01 5.080003e-01
      vertex 2.316989e+01 -3.157056e+01 5.080003e-01
      vertex 2.375716e+01 -3.166105e+01 5.080003e-01
    endloop
  endfacet
  facet normal -5.853956e-01 8.107477e-01 -2.204631e-17
    outer loop
      vertex 2.334018e+01 -3.196212e+01 8.881784e-15
      vertex 2.375716e+01 -3.166105e+01 5.080003e-01
      vertex 2.375716e+01 -3.166105e+01 8.881784e-15
    endloop
  endfacet
  facet normal 1.224647e-16 6.123234e-17 -1.000000e+00
    outer loop
      vertex 2.361900e+01 -3.054587e+01 5.080003e-01
      vertex 2.410956e+01 -3.054575e+01 5.080003e-01
      vertex 2.403735e+01 -3.113881e+01 5.080003e-01
    endloop
  endfacet
  facet normal -9.926671e-01 1.208809e-01 -1.141648e-16
    outer loop
      vertex 2.403735e+01 -3.113881e+01 8.881784e-15
      vertex 2.403735e+01 -3.113881e+01 5.080003e-01
      vertex 2.410956e+01 -3.054575e+01 5.080003e-01
    endloop
  endfacet
  facet normal 1.224647e-16 6.123234e-17 -1.000000e+00
    outer loop
      vertex 2.358235e+01 -3.097876e+01 5.080003e-01
      vertex 2.361900e+01 -3.054587e+01 5.080003e-01
      vertex 2.403735e+01 -3.113881e+01 5.080003e-01
    endloop
  endfacet
  facet normal 1.224647e-16 6.123234e-17 -1.000000e+00
    outer loop
      vertex 2.339068e+01 -3.139964e+01 5.080003e-01
      vertex 2.358235e+01 -3.097876e+01 5.080003e-01
      vertex 2.403735e+01 -3.113881e+01 5.080003e-01
    endloop
  endfacet
  facet normal -8.811871e-01 4.727677e-01 -7.896562e-17
    outer loop
      vertex 2.403735e+01 -3.113881e+01 8.881784e-15
      vertex 2.375716e+01 -3.166105e+01 8.881784e-15
      vertex 2.403735e+01 -3.113881e+01 5.080003e-01
    endloop
  endfacet
  facet normal 1.224647e-16 6.123234e-17 -1.000000e+00
    outer loop
      vertex 2.357355e+01 -3.014248e+01 5.080003e-01
      vertex 2.400755e+01 -2.992044e+01 5.080003e-01
      vertex 2.410956e+01 -3.054575e+01 5.080003e-01
    endloop
  endfacet
  facet normal -9.869514e-01 -1.610182e-01 3.444597e-15
    outer loop
      vertex 2.410956e+01 -3.054575e+01 8.881784e-15
      vertex 2.410956e+01 -3.054575e+01 5.080003e-01
      vertex 2.400755e+01 -2.992044e+01 5.080003e-01
    endloop
  endfacet
  facet normal 1.224647e-16 6.123234e-17 -1.000000e+00
    outer loop
      vertex 2.361900e+01 -3.054587e+01 5.080003e-01
      vertex 2.357355e+01 -3.014248e+01 5.080003e-01
      vertex 2.410956e+01 -3.054575e+01 5.080003e-01
    endloop
  endfacet
  facet normal -9.926671e-01 1.208809e-01 -2.798260e-15
    outer loop
      vertex 2.410956e+01 -3.054575e+01 8.881784e-15
      vertex 2.403735e+01 -3.113881e+01 8.881784e-15
      vertex 2.410956e+01 -3.054575e+01 5.080003e-01
    endloop
  endfacet
  facet normal 1.224647e-16 6.123234e-17 -1.000000e+00
    outer loop
      vertex 2.313362e+01 -2.956888e+01 5.080003e-01
      vertex 2.362929e+01 -2.936715e+01 5.080003e-01
      vertex 2.400755e+01 -2.992044e+01 5.080003e-01
    endloop
  endfacet
  facet normal -8.255231e-01 -5.643683e-01 -1.356550e-16
    outer loop
      vertex 2.400755e+01 -2.992044e+01 8.881784e-15
      vertex 2.400755e+01 -2.992044e+01 5.080003e-01
      vertex 2.362929e+01 -2.936715e+01 5.080003e-01
    endloop
  endfacet
  facet normal 1.224647e-16 6.123234e-17 -1.000000e+00
    outer loop
      vertex 2.340493e+01 -2.977766e+01 5.080003e-01
      vertex 2.313362e+01 -2.956888e+01 5.080003e-01
      vertex 2.400755e+01 -2.992044e+01 5.080003e-01
    endloop
  endfacet
  facet normal 1.224647e-16 6.123234e-17 -1.000000e+00
    outer loop
      vertex 2.357355e+01 -3.014248e+01 5.080003e-01
      vertex 2.340493e+01 -2.977766e+01 5.080003e-01
      vertex 2.400755e+01 -2.992044e+01 5.080003e-01
    endloop
  endfacet
  facet normal -9.869514e-01 -1.610182e-01 -1.307262e-16
    outer loop
      vertex 2.400755e+01 -2.992044e+01 8.881784e-15
      vertex 2.410956e+01 -3.054575e+01 8.881784e-15
      vertex 2.400755e+01 -2.992044e+01 5.080003e-01
    endloop
  endfacet
  facet normal 1.224647e-16 6.123234e-17 -1.000000e+00
    outer loop
      vertex 2.229322e+01 -2.918782e+01 5.080003e-01
      vertex 2.280513e+01 -2.909330e+01 5.080003e-01
      vertex 2.362929e+01 -2.936715e+01 5.080003e-01
    endloop
  endfacet
  facet normal -3.153199e-01 -9.489855e-01 6.904784e-15
    outer loop
      vertex 2.362929e+01 -2.936715e+01 8.881784e-15
      vertex 2.362929e+01 -2.936715e+01 5.080003e-01
      vertex 2.280513e+01 -2.909330e+01 5.080003e-01
    endloop
  endfacet
  facet normal 1.224647e-16 6.123234e-17 -1.000000e+00
    outer loop
      vertex 2.313362e+01 -2.956888e+01 5.080003e-01
      vertex 2.278722e+01 -2.950835e+01 5.080003e-01
      vertex 2.362929e+01 -2.936715e+01 5.080003e-01
    endloop
  endfacet
  facet normal -8.255231e-01 -5.643683e-01 1.819464e-14
    outer loop
      vertex 2.362929e+01 -2.936715e+01 8.881784e-15
      vertex 2.400755e+01 -2.992044e+01 8.881784e-15
      vertex 2.362929e+01 -2.936715e+01 5.080003e-01
    endloop
  endfacet
  facet normal 1.815521e-01 -9.833813e-01 2.179747e-14
    outer loop
      vertex 2.280513e+01 -2.909330e+01 8.881784e-15
      vertex 2.280513e+01 -2.909330e+01 5.080003e-01
      vertex 2.229322e+01 -2.918782e+01 5.080003e-01
    endloop
  endfacet
  facet normal -3.153199e-01 -9.489855e-01 2.097499e-14
    outer loop
      vertex 2.280513e+01 -2.909330e+01 8.881784e-15
      vertex 2.362929e+01 -2.936715e+01 8.881784e-15
      vertex 2.280513e+01 -2.909330e+01 5.080003e-01
    endloop
  endfacet
  facet normal 1.815521e-01 -9.833813e-01 2.280529e-14
    outer loop
      vertex 2.229322e+01 -2.918782e+01 8.881784e-15
      vertex 2.280513e+01 -2.909330e+01 8.881784e-15
      vertex 2.229322e+01 -2.918782e+01 5.080003e-01
    endloop
  endfacet
  facet normal -9.034746e-01 -4.286417e-01 2.004658e-04
    outer loop
      vertex 2.205783e+01 -3.104530e+01 8.881784e-15
      vertex 2.221731e+01 -3.138120e+01 5.080003e-01
      vertex 2.205769e+01 -3.104477e+01 5.080003e-01
    endloop
  endfacet
  facet normal -5.997651e-01 -8.001761e-01 2.984043e-04
    outer loop
      vertex 2.221768e+01 -3.138168e+01 8.881784e-15
      vertex 2.249382e+01 -3.158846e+01 5.080003e-01
      vertex 2.221731e+01 -3.138120e+01 5.080003e-01
    endloop
  endfacet
  facet normal -9.031975e-01 -4.292252e-01 -2.724234e-04
    outer loop
      vertex 2.205783e+01 -3.104530e+01 8.881784e-15
      vertex 2.221768e+01 -3.138168e+01 8.881784e-15
      vertex 2.221731e+01 -3.138120e+01 5.080003e-01
    endloop
  endfacet
  facet normal -9.909535e-01 -1.342056e-01 9.193530e-05
    outer loop
      vertex 2.200760e+01 -3.067527e+01 8.881784e-15
      vertex 2.205769e+01 -3.104477e+01 5.080003e-01
      vertex 2.200759e+01 -3.067478e+01 5.080003e-01
    endloop
  endfacet
  facet normal -9.909131e-01 -1.345032e-01 -1.285317e-04
    outer loop
      vertex 2.200760e+01 -3.067527e+01 8.881784e-15
      vertex 2.205783e+01 -3.104530e+01 8.881784e-15
      vertex 2.205769e+01 -3.104477e+01 5.080003e-01
    endloop
  endfacet
  facet normal -9.988400e-01 4.815203e-02 9.309186e-05
    outer loop
      vertex 2.202711e+01 -3.026875e+01 8.881784e-15
      vertex 2.200759e+01 -3.067478e+01 5.080003e-01
      vertex 2.202718e+01 -3.026829e+01 5.080003e-01
    endloop
  endfacet
  facet normal -9.988506e-01 4.793142e-02 -8.364871e-05
    outer loop
      vertex 2.202711e+01 -3.026875e+01 8.881784e-15
      vertex 2.200760e+01 -3.067527e+01 8.881784e-15
      vertex 2.200759e+01 -3.067478e+01 5.080003e-01
    endloop
  endfacet
  facet normal -9.316415e-01 3.633789e-01 2.772983e-04
    outer loop
      vertex 2.221470e+01 -2.978713e+01 8.881784e-15
      vertex 2.202718e+01 -3.026829e+01 5.080003e-01
      vertex 2.221501e+01 -2.978673e+01 5.080003e-01
    endloop
  endfacet
  facet normal -9.318124e-01 3.629402e-01 -2.012461e-04
    outer loop
      vertex 2.221470e+01 -2.978713e+01 8.881784e-15
      vertex 2.202711e+01 -3.026875e+01 8.881784e-15
      vertex 2.202718e+01 -3.026829e+01 5.080003e-01
    endloop
  endfacet
  facet normal -6.421230e-01 7.666016e-01 2.250269e-04
    outer loop
      vertex 2.245386e+01 -2.958651e+01 8.881784e-15
      vertex 2.221501e+01 -2.978673e+01 5.080003e-01
      vertex 2.245430e+01 -2.958629e+01 5.080003e-01
    endloop
  endfacet
  facet normal -6.426724e-01 7.661411e-01 -2.147329e-04
    outer loop
      vertex 2.245386e+01 -2.958651e+01 8.881784e-15
      vertex 2.221470e+01 -2.978713e+01 8.881784e-15
      vertex 2.221501e+01 -2.978673e+01 5.080003e-01
    endloop
  endfacet
  facet normal -2.279568e-01 9.736713e-01 1.713728e-04
    outer loop
      vertex 2.278676e+01 -2.950836e+01 8.881784e-15
      vertex 2.245430e+01 -2.958629e+01 5.080003e-01
      vertex 2.278722e+01 -2.950835e+01 5.080003e-01
    endloop
  endfacet
  facet normal -2.285378e-01 9.735350e-01 -2.297781e-04
    outer loop
      vertex 2.278676e+01 -2.950836e+01 8.881784e-15
      vertex 2.245386e+01 -2.958651e+01 8.881784e-15
      vertex 2.245430e+01 -2.958629e+01 5.080003e-01
    endloop
  endfacet
  facet normal 1.721348e-01 9.850734e-01 2.091686e-04
    outer loop
      vertex 2.313319e+01 -2.956869e+01 8.881784e-15
      vertex 2.278722e+01 -2.950835e+01 5.080003e-01
      vertex 2.313362e+01 -2.956888e+01 5.080003e-01
    endloop
  endfacet
  facet normal 1.715607e-01 9.851735e-01 -1.937198e-04
    outer loop
      vertex 2.313319e+01 -2.956869e+01 8.881784e-15
      vertex 2.278676e+01 -2.950836e+01 8.881784e-15
      vertex 2.278722e+01 -2.950835e+01 5.080003e-01
    endloop
  endfacet
  facet normal 6.098632e-01 7.925066e-01 2.864071e-04
    outer loop
      vertex 2.340455e+01 -2.977719e+01 8.881784e-15
      vertex 2.313362e+01 -2.956888e+01 5.080003e-01
      vertex 2.340493e+01 -2.977766e+01 5.080003e-01
    endloop
  endfacet
  facet normal 6.092539e-01 7.929752e-01 -2.306797e-04
    outer loop
      vertex 2.313319e+01 -2.956869e+01 8.881784e-15
      vertex 2.313362e+01 -2.956888e+01 5.080003e-01
      vertex 2.340455e+01 -2.977719e+01 8.881784e-15
    endloop
  endfacet
  facet normal 9.077302e-01 4.195544e-01 1.899207e-04
    outer loop
      vertex 2.357343e+01 -3.014199e+01 8.881784e-15
      vertex 2.340493e+01 -2.977766e+01 5.080003e-01
      vertex 2.357355e+01 -3.014248e+01 5.080003e-01
    endloop
  endfacet
  facet normal 9.074805e-01 4.200940e-01 -2.799049e-04
    outer loop
      vertex 2.357343e+01 -3.014199e+01 8.881784e-15
      vertex 2.340455e+01 -2.977719e+01 8.881784e-15
      vertex 2.340493e+01 -2.977766e+01 5.080003e-01
    endloop
  endfacet
  facet normal 9.937114e-01 1.119708e-01 7.897031e-05
    outer loop
      vertex 2.361900e+01 -3.054547e+01 8.881784e-15
      vertex 2.357355e+01 -3.014248e+01 5.080003e-01
      vertex 2.361900e+01 -3.054587e+01 5.080003e-01
    endloop
  endfacet
  facet normal 9.936831e-01 1.122226e-01 -1.233417e-04
    outer loop
      vertex 2.361900e+01 -3.054547e+01 8.881784e-15
      vertex 2.357343e+01 -3.014199e+01 8.881784e-15
      vertex 2.357355e+01 -3.014248e+01 5.080003e-01
    endloop
  endfacet
  facet normal 9.964341e-01 -8.437555e-02 8.136307e-05
    outer loop
      vertex 2.358242e+01 -3.097843e+01 8.881784e-15
      vertex 2.361900e+01 -3.054587e+01 5.080003e-01
      vertex 2.358235e+01 -3.097876e+01 5.080003e-01
    endloop
  endfacet
  facet normal 9.964495e-01 -8.419188e-02 -7.614512e-05
    outer loop
      vertex 2.358242e+01 -3.097843e+01 8.881784e-15
      vertex 2.361900e+01 -3.054547e+01 8.881784e-15
      vertex 2.361900e+01 -3.054587e+01 5.080003e-01
    endloop
  endfacet
  facet normal 9.100751e-01 -4.144433e-01 1.889331e-04
    outer loop
      vertex 2.339091e+01 -3.139938e+01 8.881784e-15
      vertex 2.358235e+01 -3.097876e+01 5.080003e-01
      vertex 2.339068e+01 -3.139964e+01 5.080003e-01
    endloop
  endfacet
  facet normal 9.102285e-01 -4.141063e-01 -1.478140e-04
    outer loop
      vertex 2.339091e+01 -3.139938e+01 8.881784e-15
      vertex 2.358242e+01 -3.097843e+01 8.881784e-15
      vertex 2.358235e+01 -3.097876e+01 5.080003e-01
    endloop
  endfacet
  facet normal 6.121340e-01 -7.907541e-01 1.395690e-04
    outer loop
      vertex 2.317020e+01 -3.157041e+01 8.881784e-15
      vertex 2.339068e+01 -3.139964e+01 5.080003e-01
      vertex 2.316989e+01 -3.157056e+01 5.080003e-01
    endloop
  endfacet
  facet normal 6.125298e-01 -7.904475e-01 -1.352889e-04
    outer loop
      vertex 2.317020e+01 -3.157041e+01 8.881784e-15
      vertex 2.339091e+01 -3.139938e+01 8.881784e-15
      vertex 2.339068e+01 -3.139964e+01 5.080003e-01
    endloop
  endfacet
  facet normal 2.259016e-01 -9.741501e-01 1.307641e-04
    outer loop
      vertex 2.284608e+01 -3.164572e+01 8.881784e-15
      vertex 2.316989e+01 -3.157056e+01 5.080003e-01
      vertex 2.284573e+01 -3.164573e+01 5.080003e-01
    endloop
  endfacet
  facet normal 2.263251e-01 -9.740518e-01 -1.537474e-04
    outer loop
      vertex 2.284608e+01 -3.164572e+01 8.881784e-15
      vertex 2.317020e+01 -3.157041e+01 8.881784e-15
      vertex 2.316989e+01 -3.157056e+01 5.080003e-01
    endloop
  endfacet
  facet normal -1.606338e-01 -9.870140e-01 1.839892e-04
    outer loop
      vertex 2.249421e+01 -3.158862e+01 8.881784e-15
      vertex 2.284573e+01 -3.164573e+01 5.080003e-01
      vertex 2.249382e+01 -3.158846e+01 5.080003e-01
    endloop
  endfacet
  facet normal -1.601757e-01 -9.870885e-01 -1.413697e-04
    outer loop
      vertex 2.249421e+01 -3.158862e+01 8.881784e-15
      vertex 2.284608e+01 -3.164572e+01 8.881784e-15
      vertex 2.284573e+01 -3.164573e+01 5.080003e-01
    endloop
  endfacet
  facet normal -5.991634e-01 -8.006268e-01 -2.121025e-04
    outer loop
      vertex 2.249421e+01 -3.158862e+01 8.881784e-15
      vertex 2.249382e+01 -3.158846e+01 5.080003e-01
      vertex 2.221768e+01 -3.138168e+01 8.881784e-15
    endloop
  endfacet
  facet normal 1.224647e-16 6.123234e-17 -1.000000e+00
    outer loop
      vertex 1.601834e+01 -3.115852e+01 5.080003e-01
      vertex 1.781773e+01 -2.728786e+01 5.080003e-01
      vertex 1.675760e+01 -3.123675e+01 5.080003e-01
    endloop
  endfacet
  facet normal -9.658018e-01 2.592817e-01 -1.024002e-16
    outer loop
      vertex 1.675760e+01 -3.123675e+01 7.105427e-15
      vertex 1.675760e+01 -3.123675e+01 5.080003e-01
      vertex 1.781773e+01 -2.728786e+01 5.080003e-01
    endloop
  endfacet
  facet normal 1.224647e-16 6.123234e-17 -1.000000e+00
    outer loop
      vertex 1.601834e+01 -3.115852e+01 5.080003e-01
      vertex 1.675760e+01 -3.123675e+01 5.080003e-01
      vertex 1.781723e+01 -3.518505e+01 5.080003e-01
    endloop
  endfacet
  facet normal -9.658228e-01 -2.592032e-01 5.621317e-15
    outer loop
      vertex 1.781723e+01 -3.518505e+01 7.105427e-15
      vertex 1.781723e+01 -3.518505e+01 5.080003e-01
      vertex 1.675760e+01 -3.123675e+01 5.080003e-01
    endloop
  endfacet
  facet normal -9.658228e-01 -2.592032e-01 -1.341508e-16
    outer loop
      vertex 1.781723e+01 -3.518505e+01 7.105427e-15
      vertex 1.675760e+01 -3.123675e+01 5.080003e-01
      vertex 1.675760e+01 -3.123675e+01 7.105427e-15
    endloop
  endfacet
  facet normal 1.224647e-16 6.123234e-17 -1.000000e+00
    outer loop
      vertex 1.717450e+01 -2.684078e+01 5.080003e-01
      vertex 2.071639e+01 -2.439798e+01 5.080003e-01
      vertex 1.781773e+01 -2.728786e+01 5.080003e-01
    endloop
  endfacet
  facet normal -7.060335e-01 7.081783e-01 -3.168302e-14
    outer loop
      vertex 1.781773e+01 -2.728786e+01 7.105427e-15
      vertex 1.781773e+01 -2.728786e+01 5.080003e-01
      vertex 2.071639e+01 -2.439798e+01 5.080003e-01
    endloop
  endfacet
  facet normal 1.224647e-16 6.123234e-17 -1.000000e+00
    outer loop
      vertex 1.601834e+01 -3.115852e+01 5.080003e-01
      vertex 1.717450e+01 -2.684078e+01 5.080003e-01
      vertex 1.781773e+01 -2.728786e+01 5.080003e-01
    endloop
  endfacet
  facet normal -9.658018e-01 2.592817e-01 5.113476e-14
    outer loop
      vertex 1.781773e+01 -2.728786e+01 7.105427e-15
      vertex 1.675760e+01 -3.123675e+01 7.105427e-15
      vertex 1.781773e+01 -2.728786e+01 5.080003e-01
    endloop
  endfacet
  facet normal 1.224647e-16 6.123234e-17 -1.000000e+00
    outer loop
      vertex 2.033881e+01 -2.367946e+01 5.080003e-01
      vertex 2.467644e+01 -2.335116e+01 5.080003e-01
      vertex 2.071639e+01 -2.439798e+01 5.080003e-01
    endloop
  endfacet
  facet normal -2.555663e-01 9.667915e-01 -5.746688e-14
    outer loop
      vertex 2.071639e+01 -2.439798e+01 7.105427e-15
      vertex 2.071639e+01 -2.439798e+01 5.080003e-01
      vertex 2.467644e+01 -2.335116e+01 5.080003e-01
    endloop
  endfacet
  facet normal 1.224647e-16 6.123234e-17 -1.000000e+00
    outer loop
      vertex 1.717450e+01 -2.684078e+01 5.080003e-01
      vertex 2.033881e+01 -2.367946e+01 5.080003e-01
      vertex 2.071639e+01 -2.439798e+01 5.080003e-01
    endloop
  endfacet
  facet normal -7.060335e-01 7.081783e-01 1.544351e-14
    outer loop
      vertex 2.071639e+01 -2.439798e+01 7.105427e-15
      vertex 1.781773e+01 -2.728786e+01 7.105427e-15
      vertex 2.071639e+01 -2.439798e+01 5.080003e-01
    endloop
  endfacet
  facet normal 1.224647e-16 6.123234e-17 -1.000000e+00
    outer loop
      vertex 2.898534e+01 -2.369986e+01 5.080003e-01
      vertex 2.862162e+01 -2.442704e+01 5.080003e-01
      vertex 2.467644e+01 -2.335116e+01 5.080003e-01
    endloop
  endfacet
  facet normal 2.630988e-01 9.647688e-01 7.019491e-14
    outer loop
      vertex 2.467644e+01 -2.335116e+01 1.065814e-14
      vertex 2.467644e+01 -2.335116e+01 5.080003e-01
      vertex 2.862162e+01 -2.442704e+01 5.080003e-01
    endloop
  endfacet
  facet normal 1.224647e-16 6.123234e-17 -1.000000e+00
    outer loop
      vertex 2.466475e+01 -2.252881e+01 5.080003e-01
      vertex 2.898534e+01 -2.369986e+01 5.080003e-01
      vertex 2.467644e+01 -2.335116e+01 5.080003e-01
    endloop
  endfacet
  facet normal 1.224647e-16 6.123234e-17 -1.000000e+00
    outer loop
      vertex 2.033881e+01 -2.367946e+01 5.080003e-01
      vertex 2.466475e+01 -2.252881e+01 5.080003e-01
      vertex 2.467644e+01 -2.335116e+01 5.080003e-01
    endloop
  endfacet
  facet normal -2.555663e-01 9.667915e-01 -6.806864e-14
    outer loop
      vertex 2.467644e+01 -2.335116e+01 1.065814e-14
      vertex 2.071639e+01 -2.439798e+01 7.105427e-15
      vertex 2.467644e+01 -2.335116e+01 5.080003e-01
    endloop
  endfacet
  facet normal 1.224647e-16 6.123234e-17 -1.000000e+00
    outer loop
      vertex 3.213124e+01 -2.687024e+01 5.080003e-01
      vertex 3.148808e+01 -2.732302e+01 5.080003e-01
      vertex 2.862162e+01 -2.442704e+01 5.080003e-01
    endloop
  endfacet
  facet normal 7.107201e-01 7.034749e-01 8.000118e-14
    outer loop
      vertex 2.862162e+01 -2.442704e+01 8.881784e-15
      vertex 2.862162e+01 -2.442704e+01 5.080003e-01
      vertex 3.148808e+01 -2.732302e+01 5.080003e-01
    endloop
  endfacet
  facet normal 1.224647e-16 6.123234e-17 -1.000000e+00
    outer loop
      vertex 2.898534e+01 -2.369986e+01 5.080003e-01
      vertex 3.213124e+01 -2.687024e+01 5.080003e-01
      vertex 2.862162e+01 -2.442704e+01 5.080003e-01
    endloop
  endfacet
  facet normal 2.630988e-01 9.647688e-01 -6.418009e-14
    outer loop
      vertex 2.862162e+01 -2.442704e+01 8.881784e-15
      vertex 2.467644e+01 -2.335116e+01 1.065814e-14
      vertex 2.862162e+01 -2.442704e+01 5.080003e-01
    endloop
  endfacet
  facet normal 1.224647e-16 6.123234e-17 -1.000000e+00
    outer loop
      vertex 3.327012e+01 -3.115450e+01 5.080003e-01
      vertex 3.252985e+01 -3.123693e+01 5.080003e-01
      vertex 3.148808e+01 -2.732302e+01 5.080003e-01
    endloop
  endfacet
  facet normal 9.663538e-01 2.572163e-01 2.020343e-14
    outer loop
      vertex 3.148808e+01 -2.732302e+01 8.881784e-15
      vertex 3.148808e+01 -2.732302e+01 5.080003e-01
      vertex 3.252985e+01 -3.123693e+01 5.080003e-01
    endloop
  endfacet
  facet normal 1.224647e-16 6.123234e-17 -1.000000e+00
    outer loop
      vertex 3.213124e+01 -2.687024e+01 5.080003e-01
      vertex 3.327012e+01 -3.115450e+01 5.080003e-01
      vertex 3.148808e+01 -2.732302e+01 5.080003e-01
    endloop
  endfacet
  facet normal 7.107201e-01 7.034749e-01 -3.078869e-14
    outer loop
      vertex 3.148808e+01 -2.732302e+01 8.881784e-15
      vertex 2.862162e+01 -2.442704e+01 8.881784e-15
      vertex 3.148808e+01 -2.732302e+01 5.080003e-01
    endloop
  endfacet
  facet normal 1.224647e-16 6.123234e-17 -1.000000e+00
    outer loop
      vertex 3.212657e+01 -3.544571e+01 5.080003e-01
      vertex 3.148685e+01 -3.515244e+01 5.080003e-01
      vertex 3.252985e+01 -3.123693e+01 5.080003e-01
    endloop
  endfacet
  facet normal 9.663042e-01 -2.574027e-01 1.025768e-16
    outer loop
      vertex 3.252985e+01 -3.123693e+01 8.881784e-15
      vertex 3.252985e+01 -3.123693e+01 5.080003e-01
      vertex 3.148685e+01 -3.515244e+01 5.080003e-01
    endloop
  endfacet
  facet normal 1.224647e-16 6.123234e-17 -1.000000e+00
    outer loop
      vertex 3.212657e+01 -3.544571e+01 5.080003e-01
      vertex 3.252985e+01 -3.123693e+01 5.080003e-01
      vertex 3.327012e+01 -3.115450e+01 5.080003e-01
    endloop
  endfacet
  facet normal 9.663538e-01 2.572163e-01 1.340942e-16
    outer loop
      vertex 3.148808e+01 -2.732302e+01 8.881784e-15
      vertex 3.252985e+01 -3.123693e+01 5.080003e-01
      vertex 3.252985e+01 -3.123693e+01 8.881784e-15
    endloop
  endfacet
  facet normal 1.224647e-16 6.123234e-17 -1.000000e+00
    outer loop
      vertex 3.212657e+01 -3.544571e+01 5.080003e-01
      vertex 2.861806e+01 -3.804810e+01 5.080003e-01
      vertex 3.148685e+01 -3.515244e+01 5.080003e-01
    endloop
  endfacet
  facet normal 7.103958e-01 -7.038023e-01 -1.025019e-16
    outer loop
      vertex 3.148685e+01 -3.515244e+01 8.881784e-15
      vertex 3.148685e+01 -3.515244e+01 5.080003e-01
      vertex 2.861806e+01 -3.804810e+01 5.080003e-01
    endloop
  endfacet
  facet normal 9.663042e-01 -2.574027e-01 -1.563820e-14
    outer loop
      vertex 3.148685e+01 -3.515244e+01 8.881784e-15
      vertex 3.252985e+01 -3.123693e+01 8.881784e-15
      vertex 3.148685e+01 -3.515244e+01 5.080003e-01
    endloop
  endfacet
  facet normal 1.224647e-16 6.123234e-17 -1.000000e+00
    outer loop
      vertex 2.897551e+01 -3.861372e+01 5.080003e-01
      vertex 2.467340e+01 -3.912203e+01 5.080003e-01
      vertex 2.861806e+01 -3.804810e+01 5.080003e-01
    endloop
  endfacet
  facet normal 2.626868e-01 -9.648812e-01 5.805906e-15
    outer loop
      vertex 2.861806e+01 -3.804810e+01 8.881784e-15
      vertex 2.861806e+01 -3.804810e+01 5.080003e-01
      vertex 2.467340e+01 -3.912203e+01 5.080003e-01
    endloop
  endfacet
  facet normal 1.224647e-16 6.123234e-17 -1.000000e+00
    outer loop
      vertex 3.212657e+01 -3.544571e+01 5.080003e-01
      vertex 2.897551e+01 -3.861372e+01 5.080003e-01
      vertex 2.861806e+01 -3.804810e+01 5.080003e-01
    endloop
  endfacet
  facet normal 7.103958e-01 -7.038023e-01 1.581786e-14
    outer loop
      vertex 2.861806e+01 -3.804810e+01 8.881784e-15
      vertex 3.148685e+01 -3.515244e+01 8.881784e-15
      vertex 2.861806e+01 -3.804810e+01 5.080003e-01
    endloop
  endfacet
  facet normal 1.224647e-16 6.123234e-17 -1.000000e+00
    outer loop
      vertex 2.033889e+01 -3.862879e+01 5.080003e-01
      vertex 2.071476e+01 -3.807452e+01 5.080003e-01
      vertex 2.467340e+01 -3.912203e+01 5.080003e-01
    endloop
  endfacet
  facet normal -2.558089e-01 -9.667274e-01 -3.859648e-14
    outer loop
      vertex 2.467340e+01 -3.912203e+01 8.881784e-15
      vertex 2.467340e+01 -3.912203e+01 5.080003e-01
      vertex 2.071476e+01 -3.807452e+01 5.080003e-01
    endloop
  endfacet
  facet normal 1.224647e-16 6.123234e-17 -1.000000e+00
    outer loop
      vertex 2.465959e+01 -3.977913e+01 5.080003e-01
      vertex 2.033889e+01 -3.862879e+01 5.080003e-01
      vertex 2.467340e+01 -3.912203e+01 5.080003e-01
    endloop
  endfacet
  facet normal 1.224647e-16 6.123234e-17 -1.000000e+00
    outer loop
      vertex 2.897551e+01 -3.861372e+01 5.080003e-01
      vertex 2.465959e+01 -3.977913e+01 5.080003e-01
      vertex 2.467340e+01 -3.912203e+01 5.080003e-01
    endloop
  endfacet
  facet normal 2.626868e-01 -9.648812e-01 -3.953124e-15
    outer loop
      vertex 2.467340e+01 -3.912203e+01 8.881784e-15
      vertex 2.861806e+01 -3.804810e+01 8.881784e-15
      vertex 2.467340e+01 -3.912203e+01 5.080003e-01
    endloop
  endfacet
  facet normal 1.224647e-16 6.123234e-17 -1.000000e+00
    outer loop
      vertex 1.717743e+01 -3.547307e+01 5.080003e-01
      vertex 1.781723e+01 -3.518505e+01 5.080003e-01
      vertex 2.071476e+01 -3.807452e+01 5.080003e-01
    endloop
  endfacet
  facet normal -7.061211e-01 -7.080911e-01 -8.609048e-17
    outer loop
      vertex 2.071476e+01 -3.807452e+01 7.105427e-15
      vertex 2.071476e+01 -3.807452e+01 5.080003e-01
      vertex 1.781723e+01 -3.518505e+01 5.080003e-01
    endloop
  endfacet
  facet normal 1.224647e-16 6.123234e-17 -1.000000e+00
    outer loop
      vertex 2.033889e+01 -3.862879e+01 5.080003e-01
      vertex 1.717743e+01 -3.547307e+01 5.080003e-01
      vertex 2.071476e+01 -3.807452e+01 5.080003e-01
    endloop
  endfacet
  facet normal -2.558089e-01 -9.667274e-01 1.569504e-14
    outer loop
      vertex 2.071476e+01 -3.807452e+01 7.105427e-15
      vertex 2.467340e+01 -3.912203e+01 8.881784e-15
      vertex 2.071476e+01 -3.807452e+01 5.080003e-01
    endloop
  endfacet
  facet normal 1.224647e-16 6.123234e-17 -1.000000e+00
    outer loop
      vertex 1.717743e+01 -3.547307e+01 5.080003e-01
      vertex 1.601834e+01 -3.115852e+01 5.080003e-01
      vertex 1.781723e+01 -3.518505e+01 5.080003e-01
    endloop
  endfacet
  facet normal -7.061211e-01 -7.080911e-01 1.559295e-14
    outer loop
      vertex 1.781723e+01 -3.518505e+01 7.105427e-15
      vertex 2.071476e+01 -3.807452e+01 7.105427e-15
      vertex 1.781723e+01 -3.518505e+01 5.080003e-01
    endloop
  endfacet
  facet normal -9.664358e-01 -2.569081e-01 -1.340853e-16
    outer loop
      vertex 3.327012e+01 -3.115450e+01 8.881784e-15
      vertex 3.327012e+01 -3.115450e+01 5.080003e-01
      vertex 3.213124e+01 -2.687024e+01 5.080003e-01
    endloop
  endfacet
  facet normal -9.662781e-01 2.575005e-01 -1.025676e-16
    outer loop
      vertex 3.212657e+01 -3.544571e+01 8.881784e-15
      vertex 3.212657e+01 -3.544571e+01 5.080003e-01
      vertex 3.327012e+01 -3.115450e+01 5.080003e-01
    endloop
  endfacet
  facet normal -9.662781e-01 2.575005e-01 -1.025676e-16
    outer loop
      vertex 3.327012e+01 -3.115450e+01 8.881784e-15
      vertex 3.212657e+01 -3.544571e+01 8.881784e-15
      vertex 3.327012e+01 -3.115450e+01 5.080003e-01
    endloop
  endfacet
  facet normal -7.098418e-01 -7.043613e-01 -1.300602e-16
    outer loop
      vertex 3.213124e+01 -2.687024e+01 8.881784e-15
      vertex 3.213124e+01 -2.687024e+01 5.080003e-01
      vertex 2.898534e+01 -2.369986e+01 5.080003e-01
    endloop
  endfacet
  facet normal -9.664358e-01 -2.569081e-01 -1.340853e-16
    outer loop
      vertex 3.213124e+01 -2.687024e+01 8.881784e-15
      vertex 3.327012e+01 -3.115450e+01 8.881784e-15
      vertex 3.213124e+01 -2.687024e+01 5.080003e-01
    endloop
  endfacet
  facet normal -2.616037e-01 -9.651754e-01 -9.113715e-17
    outer loop
      vertex 2.898534e+01 -2.369986e+01 1.065814e-14
      vertex 2.898534e+01 -2.369986e+01 5.080003e-01
      vertex 2.466475e+01 -2.252881e+01 5.080003e-01
    endloop
  endfacet
  facet normal -7.098418e-01 -7.043613e-01 -1.300602e-16
    outer loop
      vertex 2.898534e+01 -2.369986e+01 1.065814e-14
      vertex 3.213124e+01 -2.687024e+01 8.881784e-15
      vertex 2.898534e+01 -2.369986e+01 5.080003e-01
    endloop
  endfacet
  facet normal 2.570527e-01 -9.663974e-01 -2.769490e-17
    outer loop
      vertex 2.466475e+01 -2.252881e+01 1.065814e-14
      vertex 2.466475e+01 -2.252881e+01 5.080003e-01
      vertex 2.033881e+01 -2.367946e+01 5.080003e-01
    endloop
  endfacet
  facet normal -2.616037e-01 -9.651754e-01 -9.113715e-17
    outer loop
      vertex 2.466475e+01 -2.252881e+01 1.065814e-14
      vertex 2.898534e+01 -2.369986e+01 1.065814e-14
      vertex 2.466475e+01 -2.252881e+01 5.080003e-01
    endloop
  endfacet
  facet normal 7.067719e-01 -7.074414e-01 4.323630e-17
    outer loop
      vertex 2.033881e+01 -2.367946e+01 8.881784e-15
      vertex 2.033881e+01 -2.367946e+01 5.080003e-01
      vertex 1.717450e+01 -2.684078e+01 5.080003e-01
    endloop
  endfacet
  facet normal 2.570527e-01 -9.663974e-01 -2.769490e-17
    outer loop
      vertex 2.033881e+01 -2.367946e+01 8.881784e-15
      vertex 2.466475e+01 -2.252881e+01 1.065814e-14
      vertex 2.033881e+01 -2.367946e+01 5.080003e-01
    endloop
  endfacet
  facet normal 9.659693e-01 -2.586565e-01 1.024590e-16
    outer loop
      vertex 1.717450e+01 -2.684078e+01 7.105427e-15
      vertex 1.717450e+01 -2.684078e+01 5.080003e-01
      vertex 1.601834e+01 -3.115852e+01 5.080003e-01
    endloop
  endfacet
  facet normal 7.067719e-01 -7.074414e-01 4.323630e-17
    outer loop
      vertex 1.717450e+01 -2.684078e+01 7.105427e-15
      vertex 2.033881e+01 -2.367946e+01 8.881784e-15
      vertex 1.717450e+01 -2.684078e+01 5.080003e-01
    endloop
  endfacet
  facet normal 9.657572e-01 2.594476e-01 1.341577e-16
    outer loop
      vertex 1.601834e+01 -3.115852e+01 7.105427e-15
      vertex 1.601834e+01 -3.115852e+01 5.080003e-01
      vertex 1.717743e+01 -3.547307e+01 5.080003e-01
    endloop
  endfacet
  facet normal 9.659693e-01 -2.586565e-01 1.024590e-16
    outer loop
      vertex 1.717450e+01 -2.684078e+01 7.105427e-15
      vertex 1.601834e+01 -3.115852e+01 5.080003e-01
      vertex 1.601834e+01 -3.115852e+01 7.105427e-15
    endloop
  endfacet
  facet normal 7.064644e-01 7.077485e-01 1.298540e-16
    outer loop
      vertex 1.717743e+01 -3.547307e+01 7.105427e-15
      vertex 1.717743e+01 -3.547307e+01 5.080003e-01
      vertex 2.033889e+01 -3.862879e+01 5.080003e-01
    endloop
  endfacet
  facet normal 9.657572e-01 2.594476e-01 1.341577e-16
    outer loop
      vertex 1.717743e+01 -3.547307e+01 7.105427e-15
      vertex 1.601834e+01 -3.115852e+01 7.105427e-15
      vertex 1.717743e+01 -3.547307e+01 5.080003e-01
    endloop
  endfacet
  facet normal 2.572788e-01 9.663372e-01 9.067866e-17
    outer loop
      vertex 2.033889e+01 -3.862879e+01 7.105427e-15
      vertex 2.033889e+01 -3.862879e+01 5.080003e-01
      vertex 2.465959e+01 -3.977913e+01 5.080003e-01
    endloop
  endfacet
  facet normal 7.064644e-01 7.077485e-01 1.298540e-16
    outer loop
      vertex 2.033889e+01 -3.862879e+01 7.105427e-15
      vertex 1.717743e+01 -3.547307e+01 7.105427e-15
      vertex 2.033889e+01 -3.862879e+01 5.080003e-01
    endloop
  endfacet
  facet normal -2.606900e-01 9.654226e-01 2.718976e-17
    outer loop
      vertex 2.465959e+01 -3.977913e+01 8.881784e-15
      vertex 2.465959e+01 -3.977913e+01 5.080003e-01
      vertex 2.897551e+01 -3.861372e+01 5.080003e-01
    endloop
  endfacet
  facet normal 2.572788e-01 9.663372e-01 9.067866e-17
    outer loop
      vertex 2.465959e+01 -3.977913e+01 8.881784e-15
      vertex 2.033889e+01 -3.862879e+01 7.105427e-15
      vertex 2.465959e+01 -3.977913e+01 5.080003e-01
    endloop
  endfacet
  facet normal -7.090011e-01 7.052074e-01 -4.364609e-17
    outer loop
      vertex 2.897551e+01 -3.861372e+01 8.881784e-15
      vertex 2.897551e+01 -3.861372e+01 5.080003e-01
      vertex 3.212657e+01 -3.544571e+01 5.080003e-01
    endloop
  endfacet
  facet normal -2.606900e-01 9.654226e-01 2.718976e-17
    outer loop
      vertex 2.897551e+01 -3.861372e+01 8.881784e-15
      vertex 2.465959e+01 -3.977913e+01 8.881784e-15
      vertex 2.897551e+01 -3.861372e+01 5.080003e-01
    endloop
  endfacet
  facet normal -7.090011e-01 7.052074e-01 -4.364609e-17
    outer loop
      vertex 3.212657e+01 -3.544571e+01 8.881784e-15
      vertex 2.897551e+01 -3.861372e+01 8.881784e-15
      vertex 3.212657e+01 -3.544571e+01 5.080003e-01
    endloop
  endfacet
  facet normal 1.224647e-16 6.123234e-17 -1.000000e+00
    outer loop
      vertex 2.955759e+01 -2.917084e+01 5.080003e-01
      vertex 3.015717e+01 -2.989031e+01 5.080003e-01
      vertex 2.955759e+01 -2.989031e+01 5.080003e-01
    endloop
  endfacet
  facet normal -7.498799e-33 1.000000e+00 6.123234e-17
    outer loop
      vertex 2.955759e+01 -2.989031e+01 8.881784e-15
      vertex 2.955759e+01 -2.989031e+01 5.080003e-01
      vertex 3.015717e+01 -2.989031e+01 5.080003e-01
    endloop
  endfacet
  facet normal 1.000000e+00 0.000000e+00 1.224647e-16
    outer loop
      vertex 2.955759e+01 -2.917084e+01 8.881784e-15
      vertex 2.955759e+01 -2.917084e+01 5.080003e-01
      vertex 2.955759e+01 -2.989031e+01 5.080003e-01
    endloop
  endfacet
  facet normal 1.000000e+00 0.000000e+00 1.224647e-16
    outer loop
      vertex 2.955759e+01 -2.989031e+01 8.881784e-15
      vertex 2.955759e+01 -2.917084e+01 8.881784e-15
      vertex 2.955759e+01 -2.989031e+01 5.080003e-01
    endloop
  endfacet
  facet normal 1.224647e-16 6.123234e-17 -1.000000e+00
    outer loop
      vertex 2.955759e+01 -2.917084e+01 5.080003e-01
      vertex 3.015717e+01 -2.917084e+01 5.080003e-01
      vertex 3.015717e+01 -2.989031e+01 5.080003e-01
    endloop
  endfacet
  facet normal -1.000000e+00 0.000000e+00 -1.224647e-16
    outer loop
      vertex 3.015717e+01 -2.989031e+01 8.881784e-15
      vertex 3.015717e+01 -2.989031e+01 5.080003e-01
      vertex 3.015717e+01 -2.917084e+01 5.080003e-01
    endloop
  endfacet
  facet normal -7.498799e-33 1.000000e+00 6.123234e-17
    outer loop
      vertex 3.015717e+01 -2.989031e+01 8.881784e-15
      vertex 2.955759e+01 -2.989031e+01 8.881784e-15
      vertex 3.015717e+01 -2.989031e+01 5.080003e-01
    endloop
  endfacet
  facet normal 7.498799e-33 -1.000000e+00 -6.123234e-17
    outer loop
      vertex 3.015717e+01 -2.917084e+01 8.881784e-15
      vertex 3.015717e+01 -2.917084e+01 5.080003e-01
      vertex 2.955759e+01 -2.917084e+01 5.080003e-01
    endloop
  endfacet
  facet normal -1.000000e+00 0.000000e+00 -1.224647e-16
    outer loop
      vertex 3.015717e+01 -2.989031e+01 8.881784e-15
      vertex 3.015717e+01 -2.917084e+01 5.080003e-01
      vertex 3.015717e+01 -2.917084e+01 8.881784e-15
    endloop
  endfacet
  facet normal 7.498799e-33 -1.000000e+00 -6.123234e-17
    outer loop
      vertex 3.015717e+01 -2.917084e+01 8.881784e-15
      vertex 2.955759e+01 -2.917084e+01 5.080003e-01
      vertex 2.955759e+01 -2.917084e+01 8.881784e-15
    endloop
  endfacet
  facet normal 1.224647e-16 6.123234e-17 -1.000000e+00
    outer loop
      vertex 2.796874e+01 -2.917084e+01 5.080003e-01
      vertex 2.844295e+01 -3.308978e+01 5.080003e-01
      vertex 2.796874e+01 -3.308978e+01 5.080003e-01
    endloop
  endfacet
  facet normal -7.498799e-33 1.000000e+00 6.123234e-17
    outer loop
      vertex 2.844295e+01 -3.308978e+01 8.881784e-15
      vertex 2.796874e+01 -3.308978e+01 5.080003e-01
      vertex 2.844295e+01 -3.308978e+01 5.080003e-01
    endloop
  endfacet
  facet normal 1.000000e+00 0.000000e+00 1.224647e-16
    outer loop
      vertex 2.796874e+01 -2.917084e+01 8.881784e-15
      vertex 2.796874e+01 -2.917084e+01 5.080003e-01
      vertex 2.796874e+01 -3.308978e+01 5.080003e-01
    endloop
  endfacet
  facet normal 1.000000e+00 0.000000e+00 1.224647e-16
    outer loop
      vertex 2.796874e+01 -3.308978e+01 8.881784e-15
      vertex 2.796874e+01 -2.917084e+01 8.881784e-15
      vertex 2.796874e+01 -3.308978e+01 5.080003e-01
    endloop
  endfacet
  facet normal -7.498799e-33 1.000000e+00 6.123234e-17
    outer loop
      vertex 2.844295e+01 -3.308978e+01 8.881784e-15
      vertex 2.796874e+01 -3.308978e+01 8.881784e-15
      vertex 2.796874e+01 -3.308978e+01 5.080003e-01
    endloop
  endfacet
  facet normal 1.224647e-16 6.123234e-17 -1.000000e+00
    outer loop
      vertex 2.796874e+01 -2.917084e+01 5.080003e-01
      vertex 2.844295e+01 -2.917084e+01 5.080003e-01
      vertex 2.844295e+01 -3.308978e+01 5.080003e-01
    endloop
  endfacet
  facet normal -1.000000e+00 -6.798155e-31 1.097977e-14
    outer loop
      vertex 2.844295e+01 -3.308978e+01 8.881784e-15
      vertex 2.844295e+01 -3.308978e+01 5.080003e-01
      vertex 2.844295e+01 -2.917084e+01 5.080003e-01
    endloop
  endfacet
  facet normal 7.498799e-33 -1.000000e+00 -6.123234e-17
    outer loop
      vertex 2.796874e+01 -2.917084e+01 8.881784e-15
      vertex 2.844295e+01 -2.917084e+01 5.080003e-01
      vertex 2.796874e+01 -2.917084e+01 5.080003e-01
    endloop
  endfacet
  facet normal 7.498799e-33 -1.000000e+00 -6.123234e-17
    outer loop
      vertex 2.844295e+01 -2.917084e+01 8.881784e-15
      vertex 2.844295e+01 -2.917084e+01 5.080003e-01
      vertex 2.796874e+01 -2.917084e+01 8.881784e-15
    endloop
  endfacet
  facet normal -1.000000e+00 -6.798155e-31 1.097977e-14
    outer loop
      vertex 2.844295e+01 -3.308978e+01 8.881784e-15
      vertex 2.844295e+01 -2.917084e+01 5.080003e-01
      vertex 2.844295e+01 -2.917084e+01 8.881784e-15
    endloop
  endfacet
  facet normal 1.224647e-16 6.123234e-17 -1.000000e+00
    outer loop
      vertex 2.007600e+01 -2.922404e+01 5.080003e-01
      vertex 2.114632e+01 -2.919703e+01 5.080003e-01
      vertex 2.114632e+01 -2.962321e+01 5.080003e-01
    endloop
  endfacet
  facet normal -1.000000e+00 -6.798155e-31 1.097977e-14
    outer loop
      vertex 2.114632e+01 -2.919703e+01 7.105427e-15
      vertex 2.114632e+01 -2.962321e+01 5.080003e-01
      vertex 2.114632e+01 -2.919703e+01 5.080003e-01
    endloop
  endfacet
  facet normal 1.224647e-16 6.123234e-17 -1.000000e+00
    outer loop
      vertex 2.076431e+01 -2.953359e+01 5.080003e-01
      vertex 2.007600e+01 -2.922404e+01 5.080003e-01
      vertex 2.114632e+01 -2.962321e+01 5.080003e-01
    endloop
  endfacet
  facet normal 1.224647e-16 6.123234e-17 -1.000000e+00
    outer loop
      vertex 2.112110e+01 -2.962321e+01 5.080003e-01
      vertex 2.076431e+01 -2.953359e+01 5.080003e-01
      vertex 2.114632e+01 -2.962321e+01 5.080003e-01
    endloop
  endfacet
  facet normal -7.498799e-33 1.000000e+00 6.123234e-17
    outer loop
      vertex 2.114632e+01 -2.962321e+01 7.105427e-15
      vertex 2.112110e+01 -2.962321e+01 5.080003e-01
      vertex 2.114632e+01 -2.962321e+01 5.080003e-01
    endloop
  endfacet
  facet normal -1.000000e+00 -6.798155e-31 1.097977e-14
    outer loop
      vertex 2.114632e+01 -2.919703e+01 7.105427e-15
      vertex 2.114632e+01 -2.962321e+01 7.105427e-15
      vertex 2.114632e+01 -2.962321e+01 5.080003e-01
    endloop
  endfacet
  facet normal 1.224647e-16 6.123234e-17 -1.000000e+00
    outer loop
      vertex 2.057301e+01 -2.911632e+01 5.080003e-01
      vertex 2.085039e+01 -2.913811e+01 5.080003e-01
      vertex 2.114632e+01 -2.919703e+01 5.080003e-01
    endloop
  endfacet
  facet normal -1.952944e-01 -9.807447e-01 2.084234e-15
    outer loop
      vertex 2.114632e+01 -2.919703e+01 7.105427e-15
      vertex 2.114632e+01 -2.919703e+01 5.080003e-01
      vertex 2.085039e+01 -2.913811e+01 5.080003e-01
    endloop
  endfacet
  facet normal 1.224647e-16 6.123234e-17 -1.000000e+00
    outer loop
      vertex 2.007600e+01 -2.922404e+01 5.080003e-01
      vertex 2.057301e+01 -2.911632e+01 5.080003e-01
      vertex 2.114632e+01 -2.919703e+01 5.080003e-01
    endloop
  endfacet
  facet normal -7.832539e-02 -9.969279e-01 -2.220688e-14
    outer loop
      vertex 2.085039e+01 -2.913811e+01 7.105427e-15
      vertex 2.085039e+01 -2.913811e+01 5.080003e-01
      vertex 2.057301e+01 -2.911632e+01 5.080003e-01
    endloop
  endfacet
  facet normal -1.952944e-01 -9.807447e-01 -2.186088e-14
    outer loop
      vertex 2.085039e+01 -2.913811e+01 7.105427e-15
      vertex 2.114632e+01 -2.919703e+01 7.105427e-15
      vertex 2.085039e+01 -2.913811e+01 5.080003e-01
    endloop
  endfacet
  facet normal 2.118384e-01 -9.773047e-01 -4.737658e-15
    outer loop
      vertex 2.057301e+01 -2.911632e+01 7.105427e-15
      vertex 2.057301e+01 -2.911632e+01 5.080003e-01
      vertex 2.007600e+01 -2.922404e+01 5.080003e-01
    endloop
  endfacet
  facet normal -7.832539e-02 -9.969279e-01 1.669142e-15
    outer loop
      vertex 2.085039e+01 -2.913811e+01 7.105427e-15
      vertex 2.057301e+01 -2.911632e+01 5.080003e-01
      vertex 2.057301e+01 -2.911632e+01 7.105427e-15
    endloop
  endfacet
  facet normal 1.224647e-16 6.123234e-17 -1.000000e+00
    outer loop
      vertex 2.037617e+01 -2.958996e+01 5.080003e-01
      vertex 1.976680e+01 -2.959473e+01 5.080003e-01
      vertex 2.007600e+01 -2.922404e+01 5.080003e-01
    endloop
  endfacet
  facet normal 7.679153e-01 -6.405514e-01 1.427792e-14
    outer loop
      vertex 2.007600e+01 -2.922404e+01 7.105427e-15
      vertex 2.007600e+01 -2.922404e+01 5.080003e-01
      vertex 1.976680e+01 -2.959473e+01 5.080003e-01
    endloop
  endfacet
  facet normal 1.224647e-16 6.123234e-17 -1.000000e+00
    outer loop
      vertex 2.076431e+01 -2.953359e+01 5.080003e-01
      vertex 2.037617e+01 -2.958996e+01 5.080003e-01
      vertex 2.007600e+01 -2.922404e+01 5.080003e-01
    endloop
  endfacet
  facet normal 2.118384e-01 -9.773047e-01 2.166662e-14
    outer loop
      vertex 2.007600e+01 -2.922404e+01 7.105427e-15
      vertex 2.057301e+01 -2.911632e+01 7.105427e-15
      vertex 2.007600e+01 -2.922404e+01 5.080003e-01
    endloop
  endfacet
  facet normal 1.224647e-16 6.123234e-17 -1.000000e+00
    outer loop
      vertex 2.017897e+01 -2.992926e+01 5.080003e-01
      vertex 1.969101e+01 -3.009027e+01 5.080003e-01
      vertex 1.976680e+01 -2.959473e+01 5.080003e-01
    endloop
  endfacet
  facet normal 9.885050e-01 -1.511882e-01 3.468852e-15
    outer loop
      vertex 1.976680e+01 -2.959473e+01 7.105427e-15
      vertex 1.976680e+01 -2.959473e+01 5.080003e-01
      vertex 1.969101e+01 -3.009027e+01 5.080003e-01
    endloop
  endfacet
  facet normal 1.224647e-16 6.123234e-17 -1.000000e+00
    outer loop
      vertex 2.023778e+01 -2.973929e+01 5.080003e-01
      vertex 2.017897e+01 -2.992926e+01 5.080003e-01
      vertex 1.976680e+01 -2.959473e+01 5.080003e-01
    endloop
  endfacet
  facet normal 1.224647e-16 6.123234e-17 -1.000000e+00
    outer loop
      vertex 2.037617e+01 -2.958996e+01 5.080003e-01
      vertex 2.023778e+01 -2.973929e+01 5.080003e-01
      vertex 1.976680e+01 -2.959473e+01 5.080003e-01
    endloop
  endfacet
  facet normal 7.679153e-01 -6.405514e-01 1.427792e-14
    outer loop
      vertex 1.976680e+01 -2.959473e+01 7.105427e-15
      vertex 2.007600e+01 -2.922404e+01 7.105427e-15
      vertex 1.976680e+01 -2.959473e+01 5.080003e-01
    endloop
  endfacet
  facet normal 1.224647e-16 6.123234e-17 -1.000000e+00
    outer loop
      vertex 2.016522e+01 -3.158542e+01 5.080003e-01
      vertex 1.969101e+01 -3.158542e+01 5.080003e-01
      vertex 1.969101e+01 -3.009027e+01 5.080003e-01
    endloop
  endfacet
  facet normal 1.000000e+00 6.798155e-31 -1.097977e-14
    outer loop
      vertex 1.969101e+01 -3.009027e+01 7.105427e-15
      vertex 1.969101e+01 -3.009027e+01 5.080003e-01
      vertex 1.969101e+01 -3.158542e+01 5.080003e-01
    endloop
  endfacet
  facet normal 1.224647e-16 6.123234e-17 -1.000000e+00
    outer loop
      vertex 2.016522e+01 -3.030386e+01 5.080003e-01
      vertex 2.016522e+01 -3.158542e+01 5.080003e-01
      vertex 1.969101e+01 -3.009027e+01 5.080003e-01
    endloop
  endfacet
  facet normal 1.224647e-16 6.123234e-17 -1.000000e+00
    outer loop
      vertex 2.017897e+01 -2.992926e+01 5.080003e-01
      vertex 2.016522e+01 -3.030386e+01 5.080003e-01
      vertex 1.969101e+01 -3.009027e+01 5.080003e-01
    endloop
  endfacet
  facet normal 9.885050e-01 -1.511882e-01 -1.085800e-14
    outer loop
      vertex 1.976680e+01 -2.959473e+01 7.105427e-15
      vertex 1.969101e+01 -3.009027e+01 5.080003e-01
      vertex 1.969101e+01 -3.009027e+01 7.105427e-15
    endloop
  endfacet
  facet normal 1.224647e-16 6.123234e-17 -1.000000e+00
    outer loop
      vertex 2.114632e+01 -3.198334e+01 5.080003e-01
      vertex 1.936945e+01 -3.158542e+01 5.080003e-01
      vertex 1.969101e+01 -3.158542e+01 5.080003e-01
    endloop
  endfacet
  facet normal 7.498799e-33 -1.000000e+00 -6.123234e-17
    outer loop
      vertex 1.936945e+01 -3.158542e+01 7.105427e-15
      vertex 1.969101e+01 -3.158542e+01 5.080003e-01
      vertex 1.936945e+01 -3.158542e+01 5.080003e-01
    endloop
  endfacet
  facet normal 1.224647e-16 6.123234e-17 -1.000000e+00
    outer loop
      vertex 2.016522e+01 -3.158542e+01 5.080003e-01
      vertex 2.114632e+01 -3.198334e+01 5.080003e-01
      vertex 1.969101e+01 -3.158542e+01 5.080003e-01
    endloop
  endfacet
  facet normal 7.498799e-33 -1.000000e+00 -6.123234e-17
    outer loop
      vertex 1.969101e+01 -3.158542e+01 7.105427e-15
      vertex 1.969101e+01 -3.158542e+01 5.080003e-01
      vertex 1.936945e+01 -3.158542e+01 7.105427e-15
    endloop
  endfacet
  facet normal 1.000000e+00 6.798155e-31 -1.097977e-14
    outer loop
      vertex 1.969101e+01 -3.009027e+01 7.105427e-15
      vertex 1.969101e+01 -3.158542e+01 5.080003e-01
      vertex 1.969101e+01 -3.158542e+01 7.105427e-15
    endloop
  endfacet
  facet normal 1.224647e-16 6.123234e-17 -1.000000e+00
    outer loop
      vertex 1.969101e+01 -3.198334e+01 5.080003e-01
      vertex 1.936945e+01 -3.198334e+01 5.080003e-01
      vertex 1.936945e+01 -3.158542e+01 5.080003e-01
    endloop
  endfacet
  facet normal 1.000000e+00 6.798155e-31 -1.097977e-14
    outer loop
      vertex 1.936945e+01 -3.198334e+01 7.105427e-15
      vertex 1.936945e+01 -3.158542e+01 5.080003e-01
      vertex 1.936945e+01 -3.198334e+01 5.080003e-01
    endloop
  endfacet
  facet normal 1.224647e-16 6.123234e-17 -1.000000e+00
    outer loop
      vertex 2.016522e+01 -3.198334e+01 5.080003e-01
      vertex 1.969101e+01 -3.198334e+01 5.080003e-01
      vertex 1.936945e+01 -3.158542e+01 5.080003e-01
    endloop
  endfacet
  facet normal 1.224647e-16 6.123234e-17 -1.000000e+00
    outer loop
      vertex 2.114632e+01 -3.198334e+01 5.080003e-01
      vertex 2.016522e+01 -3.198334e+01 5.080003e-01
      vertex 1.936945e+01 -3.158542e+01 5.080003e-01
    endloop
  endfacet
  facet normal 1.000000e+00 6.798155e-31 -1.097977e-14
    outer loop
      vertex 1.936945e+01 -3.158542e+01 7.105427e-15
      vertex 1.936945e+01 -3.158542e+01 5.080003e-01
      vertex 1.936945e+01 -3.198334e+01 7.105427e-15
    endloop
  endfacet
  facet normal -7.498799e-33 1.000000e+00 6.123234e-17
    outer loop
      vertex 1.969101e+01 -3.198334e+01 7.105427e-15
      vertex 1.936945e+01 -3.198334e+01 5.080003e-01
      vertex 1.969101e+01 -3.198334e+01 5.080003e-01
    endloop
  endfacet
  facet normal -7.498799e-33 1.000000e+00 6.123234e-17
    outer loop
      vertex 1.936945e+01 -3.198334e+01 7.105427e-15
      vertex 1.936945e+01 -3.198334e+01 5.080003e-01
      vertex 1.969101e+01 -3.198334e+01 7.105427e-15
    endloop
  endfacet
  facet normal 1.224647e-16 6.123234e-17 -1.000000e+00
    outer loop
      vertex 2.016522e+01 -3.279003e+01 5.080003e-01
      vertex 1.969101e+01 -3.279003e+01 5.080003e-01
      vertex 1.969101e+01 -3.198334e+01 5.080003e-01
    endloop
  endfacet
  facet normal 1.000000e+00 6.798155e-31 -1.097977e-14
    outer loop
      vertex 1.969101e+01 -3.198334e+01 7.105427e-15
      vertex 1.969101e+01 -3.198334e+01 5.080003e-01
      vertex 1.969101e+01 -3.279003e+01 5.080003e-01
    endloop
  endfacet
  facet normal 1.224647e-16 6.123234e-17 -1.000000e+00
    outer loop
      vertex 2.016522e+01 -3.198334e+01 5.080003e-01
      vertex 2.016522e+01 -3.279003e+01 5.080003e-01
      vertex 1.969101e+01 -3.198334e+01 5.080003e-01
    endloop
  endfacet
  facet normal -7.498799e-33 1.000000e+00 6.123234e-17
    outer loop
      vertex 2.016522e+01 -3.279003e+01 7.105427e-15
      vertex 1.969101e+01 -3.279003e+01 5.080003e-01
      vertex 2.016522e+01 -3.279003e+01 5.080003e-01
    endloop
  endfacet
  facet normal -7.498799e-33 1.000000e+00 6.123234e-17
    outer loop
      vertex 1.969101e+01 -3.279003e+01 7.105427e-15
      vertex 1.969101e+01 -3.279003e+01 5.080003e-01
      vertex 2.016522e+01 -3.279003e+01 7.105427e-15
    endloop
  endfacet
  facet normal 1.000000e+00 6.798155e-31 -1.097977e-14
    outer loop
      vertex 1.969101e+01 -3.198334e+01 7.105427e-15
      vertex 1.969101e+01 -3.279003e+01 5.080003e-01
      vertex 1.969101e+01 -3.279003e+01 7.105427e-15
    endloop
  endfacet
  facet normal -1.000000e+00 -6.798155e-31 1.097977e-14
    outer loop
      vertex 2.016522e+01 -3.279003e+01 7.105427e-15
      vertex 2.016522e+01 -3.279003e+01 5.080003e-01
      vertex 2.016522e+01 -3.198334e+01 5.080003e-01
    endloop
  endfacet
  facet normal -7.498799e-33 1.000000e+00 6.123234e-17
    outer loop
      vertex 2.016522e+01 -3.198334e+01 7.105427e-15
      vertex 2.016522e+01 -3.198334e+01 5.080003e-01
      vertex 2.114632e+01 -3.198334e+01 5.080003e-01
    endloop
  endfacet
  facet normal -1.000000e+00 -6.798155e-31 1.097977e-14
    outer loop
      vertex 2.016522e+01 -3.279003e+01 7.105427e-15
      vertex 2.016522e+01 -3.198334e+01 5.080003e-01
      vertex 2.016522e+01 -3.198334e+01 7.105427e-15
    endloop
  endfacet
  facet normal 1.224647e-16 6.123234e-17 -1.000000e+00
    outer loop
      vertex 2.016522e+01 -3.158542e+01 5.080003e-01
      vertex 2.114632e+01 -3.158542e+01 5.080003e-01
      vertex 2.114632e+01 -3.198334e+01 5.080003e-01
    endloop
  endfacet
  facet normal -1.000000e+00 -6.798155e-31 1.097977e-14
    outer loop
      vertex 2.114632e+01 -3.158542e+01 7.105427e-15
      vertex 2.114632e+01 -3.198334e+01 5.080003e-01
      vertex 2.114632e+01 -3.158542e+01 5.080003e-01
    endloop
  endfacet
  facet normal -1.000000e+00 -6.798155e-31 1.097977e-14
    outer loop
      vertex 2.114632e+01 -3.198334e+01 7.105427e-15
      vertex 2.114632e+01 -3.198334e+01 5.080003e-01
      vertex 2.114632e+01 -3.158542e+01 7.105427e-15
    endloop
  endfacet
  facet normal -7.498799e-33 1.000000e+00 6.123234e-17
    outer loop
      vertex 2.016522e+01 -3.198334e+01 7.105427e-15
      vertex 2.114632e+01 -3.198334e+01 5.080003e-01
      vertex 2.114632e+01 -3.198334e+01 7.105427e-15
    endloop
  endfacet
  facet normal 7.498799e-33 -1.000000e+00 -6.123234e-17
    outer loop
      vertex 2.114632e+01 -3.158542e+01 7.105427e-15
      vertex 2.114632e+01 -3.158542e+01 5.080003e-01
      vertex 2.016522e+01 -3.158542e+01 5.080003e-01
    endloop
  endfacet
  facet normal -1.000000e+00 -6.798155e-31 1.097977e-14
    outer loop
      vertex 2.016522e+01 -3.158542e+01 7.105427e-15
      vertex 2.016522e+01 -3.158542e+01 5.080003e-01
      vertex 2.016522e+01 -3.030386e+01 5.080003e-01
    endloop
  endfacet
  facet normal 7.498799e-33 -1.000000e+00 -6.123234e-17
    outer loop
      vertex 2.114632e+01 -3.158542e+01 7.105427e-15
      vertex 2.016522e+01 -3.158542e+01 5.080003e-01
      vertex 2.016522e+01 -3.158542e+01 7.105427e-15
    endloop
  endfacet
  facet normal -9.993271e-01 3.667875e-02 1.097462e-14
    outer loop
      vertex 2.016522e+01 -3.030386e+01 7.105427e-15
      vertex 2.016522e+01 -3.030386e+01 5.080003e-01
      vertex 2.017897e+01 -2.992926e+01 5.080003e-01
    endloop
  endfacet
  facet normal -1.000000e+00 -6.798155e-31 1.097977e-14
    outer loop
      vertex 2.016522e+01 -3.158542e+01 7.105427e-15
      vertex 2.016522e+01 -3.030386e+01 5.080003e-01
      vertex 2.016522e+01 -3.030386e+01 7.105427e-15
    endloop
  endfacet
  facet normal -9.552723e-01 2.957278e-01 -9.887901e-17
    outer loop
      vertex 2.017897e+01 -2.992926e+01 7.105427e-15
      vertex 2.017897e+01 -2.992926e+01 5.080003e-01
      vertex 2.023778e+01 -2.973929e+01 5.080003e-01
    endloop
  endfacet
  facet normal -9.993271e-01 3.667875e-02 -1.201363e-16
    outer loop
      vertex 2.017897e+01 -2.992926e+01 7.105427e-15
      vertex 2.016522e+01 -3.030386e+01 7.105427e-15
      vertex 2.017897e+01 -2.992926e+01 5.080003e-01
    endloop
  endfacet
  facet normal -7.334611e-01 6.797315e-01 -1.514127e-14
    outer loop
      vertex 2.023778e+01 -2.973929e+01 7.105427e-15
      vertex 2.023778e+01 -2.973929e+01 5.080003e-01
      vertex 2.037617e+01 -2.958996e+01 5.080003e-01
    endloop
  endfacet
  facet normal -9.552723e-01 2.957278e-01 -6.665356e-15
    outer loop
      vertex 2.023778e+01 -2.973929e+01 7.105427e-15
      vertex 2.017897e+01 -2.992926e+01 7.105427e-15
      vertex 2.023778e+01 -2.973929e+01 5.080003e-01
    endloop
  endfacet
  facet normal -1.437177e-01 9.896187e-01 2.520812e-14
    outer loop
      vertex 2.037617e+01 -2.958996e+01 7.105427e-15
      vertex 2.037617e+01 -2.958996e+01 5.080003e-01
      vertex 2.076431e+01 -2.953359e+01 5.080003e-01
    endloop
  endfacet
  facet normal -7.334611e-01 6.797315e-01 3.133098e-14
    outer loop
      vertex 2.037617e+01 -2.958996e+01 7.105427e-15
      vertex 2.023778e+01 -2.973929e+01 7.105427e-15
      vertex 2.037617e+01 -2.958996e+01 5.080003e-01
    endloop
  endfacet
  facet normal 2.436084e-01 9.698736e-01 -1.603711e-14
    outer loop
      vertex 2.076431e+01 -2.953359e+01 7.105427e-15
      vertex 2.076431e+01 -2.953359e+01 5.080003e-01
      vertex 2.112110e+01 -2.962321e+01 5.080003e-01
    endloop
  endfacet
  facet normal -1.437177e-01 9.896187e-01 -2.512213e-14
    outer loop
      vertex 2.076431e+01 -2.953359e+01 7.105427e-15
      vertex 2.037617e+01 -2.958996e+01 7.105427e-15
      vertex 2.076431e+01 -2.953359e+01 5.080003e-01
    endloop
  endfacet
  facet normal -7.498799e-33 1.000000e+00 6.123234e-17
    outer loop
      vertex 2.114632e+01 -2.962321e+01 7.105427e-15
      vertex 2.112110e+01 -2.962321e+01 7.105427e-15
      vertex 2.112110e+01 -2.962321e+01 5.080003e-01
    endloop
  endfacet
  facet normal 2.436084e-01 9.698736e-01 -2.601069e-15
    outer loop
      vertex 2.076431e+01 -2.953359e+01 7.105427e-15
      vertex 2.112110e+01 -2.962321e+01 5.080003e-01
      vertex 2.112110e+01 -2.962321e+01 7.105427e-15
    endloop
  endfacet
  facet normal 1.224647e-16 6.123234e-17 -1.000000e+00
    outer loop
      vertex 2.158720e+01 -3.001289e+01 7.105427e-15
      vertex 2.112110e+01 -2.962321e+01 7.105427e-15
      vertex 2.114632e+01 -2.962321e+01 7.105427e-15
    endloop
  endfacet
  facet normal 1.224647e-16 6.123234e-17 -1.000000e+00
    outer loop
      vertex 2.037617e+01 -2.958996e+01 7.105427e-15
      vertex 2.112110e+01 -2.962321e+01 7.105427e-15
      vertex 2.023778e+01 -2.973929e+01 7.105427e-15
    endloop
  endfacet
  facet normal 1.224647e-16 6.123234e-17 -1.000000e+00
    outer loop
      vertex 2.158720e+01 -3.001289e+01 7.105427e-15
      vertex 2.023778e+01 -2.973929e+01 7.105427e-15
      vertex 2.112110e+01 -2.962321e+01 7.105427e-15
    endloop
  endfacet
  facet normal 1.224647e-16 6.123234e-17 -1.000000e+00
    outer loop
      vertex 2.076431e+01 -2.953359e+01 7.105427e-15
      vertex 2.112110e+01 -2.962321e+01 7.105427e-15
      vertex 2.037617e+01 -2.958996e+01 7.105427e-15
    endloop
  endfacet
  facet normal 1.224647e-16 6.123234e-17 -1.000000e+00
    outer loop
      vertex 2.186625e+01 -2.949162e+01 8.881784e-15
      vertex 2.114632e+01 -2.962321e+01 7.105427e-15
      vertex 2.114632e+01 -2.919703e+01 7.105427e-15
    endloop
  endfacet
  facet normal 1.224647e-16 6.123234e-17 -1.000000e+00
    outer loop
      vertex 2.158720e+01 -3.001289e+01 7.105427e-15
      vertex 2.114632e+01 -2.962321e+01 7.105427e-15
      vertex 2.186625e+01 -2.949162e+01 8.881784e-15
    endloop
  endfacet
  facet normal 1.224647e-16 6.123234e-17 -1.000000e+00
    outer loop
      vertex 2.158720e+01 -3.001289e+01 7.105427e-15
      vertex 2.016522e+01 -3.030386e+01 7.105427e-15
      vertex 2.017897e+01 -2.992926e+01 7.105427e-15
    endloop
  endfacet
  facet normal 1.224647e-16 6.123234e-17 -1.000000e+00
    outer loop
      vertex 2.114632e+01 -3.158542e+01 7.105427e-15
      vertex 2.016522e+01 -3.158542e+01 7.105427e-15
      vertex 2.016522e+01 -3.030386e+01 7.105427e-15
    endloop
  endfacet
  facet normal 1.224647e-16 6.123234e-17 -1.000000e+00
    outer loop
      vertex 2.161675e+01 -3.123102e+01 7.105427e-15
      vertex 2.114632e+01 -3.158542e+01 7.105427e-15
      vertex 2.016522e+01 -3.030386e+01 7.105427e-15
    endloop
  endfacet
  facet normal 1.224647e-16 6.123234e-17 -1.000000e+00
    outer loop
      vertex 2.151541e+01 -3.060458e+01 7.105427e-15
      vertex 2.016522e+01 -3.030386e+01 7.105427e-15
      vertex 2.158720e+01 -3.001289e+01 7.105427e-15
    endloop
  endfacet
  facet normal 1.224647e-16 6.123234e-17 -1.000000e+00
    outer loop
      vertex 2.161675e+01 -3.123102e+01 7.105427e-15
      vertex 2.016522e+01 -3.030386e+01 7.105427e-15
      vertex 2.151541e+01 -3.060458e+01 7.105427e-15
    endloop
  endfacet
  facet normal 1.224647e-16 6.123234e-17 -1.000000e+00
    outer loop
      vertex 2.158720e+01 -3.001289e+01 7.105427e-15
      vertex 2.017897e+01 -2.992926e+01 7.105427e-15
      vertex 2.023778e+01 -2.973929e+01 7.105427e-15
    endloop
  endfacet
  facet normal 1.224647e-16 6.123234e-17 -1.000000e+00
    outer loop
      vertex 2.199673e+01 -3.178851e+01 8.881784e-15
      vertex 2.114632e+01 -3.198334e+01 7.105427e-15
      vertex 2.114632e+01 -3.158542e+01 7.105427e-15
    endloop
  endfacet
  facet normal 1.224647e-16 6.123234e-17 -1.000000e+00
    outer loop
      vertex 2.199673e+01 -3.178851e+01 8.881784e-15
      vertex 2.114632e+01 -3.158542e+01 7.105427e-15
      vertex 2.161675e+01 -3.123102e+01 7.105427e-15
    endloop
  endfacet
  facet normal 1.224647e-16 6.123234e-17 -1.000000e+00
    outer loop
      vertex 2.235226e+01 -3.198806e+01 8.881784e-15
      vertex 2.016522e+01 -3.198334e+01 7.105427e-15
      vertex 2.114632e+01 -3.198334e+01 7.105427e-15
    endloop
  endfacet
  facet normal 1.224647e-16 6.123234e-17 -1.000000e+00
    outer loop
      vertex 2.235226e+01 -3.198806e+01 8.881784e-15
      vertex 2.114632e+01 -3.198334e+01 7.105427e-15
      vertex 2.199673e+01 -3.178851e+01 8.881784e-15
    endloop
  endfacet
  facet normal 1.224647e-16 6.123234e-17 -1.000000e+00
    outer loop
      vertex 2.283005e+01 -3.206073e+01 8.881784e-15
      vertex 2.016522e+01 -3.279003e+01 7.105427e-15
      vertex 2.016522e+01 -3.198334e+01 7.105427e-15
    endloop
  endfacet
  facet normal 1.224647e-16 6.123234e-17 -1.000000e+00
    outer loop
      vertex 2.283005e+01 -3.206073e+01 8.881784e-15
      vertex 2.016522e+01 -3.198334e+01 7.105427e-15
      vertex 2.235226e+01 -3.198806e+01 8.881784e-15
    endloop
  endfacet
  facet normal 1.224647e-16 6.123234e-17 -1.000000e+00
    outer loop
      vertex 2.796874e+01 -3.308978e+01 8.881784e-15
      vertex 1.969101e+01 -3.279003e+01 7.105427e-15
      vertex 2.016522e+01 -3.279003e+01 7.105427e-15
    endloop
  endfacet
  facet normal 1.224647e-16 6.123234e-17 -1.000000e+00
    outer loop
      vertex 2.283005e+01 -3.206073e+01 8.881784e-15
      vertex 2.796874e+01 -3.308978e+01 8.881784e-15
      vertex 2.016522e+01 -3.279003e+01 7.105427e-15
    endloop
  endfacet
  facet normal 1.224647e-16 6.123234e-17 -1.000000e+00
    outer loop
      vertex 1.936945e+01 -3.198334e+01 7.105427e-15
      vertex 1.969101e+01 -3.198334e+01 7.105427e-15
      vertex 1.969101e+01 -3.279003e+01 7.105427e-15
    endloop
  endfacet
  facet normal 1.224647e-16 6.123234e-17 -1.000000e+00
    outer loop
      vertex 1.675760e+01 -3.123675e+01 7.105427e-15
      vertex 1.936945e+01 -3.198334e+01 7.105427e-15
      vertex 1.969101e+01 -3.279003e+01 7.105427e-15
    endloop
  endfacet
  facet normal 1.224647e-16 6.123234e-17 -1.000000e+00
    outer loop
      vertex 3.148685e+01 -3.515244e+01 8.881784e-15
      vertex 1.969101e+01 -3.279003e+01 7.105427e-15
      vertex 2.796874e+01 -3.308978e+01 8.881784e-15
    endloop
  endfacet
  facet normal 1.224647e-16 6.123234e-17 -1.000000e+00
    outer loop
      vertex 1.781723e+01 -3.518505e+01 7.105427e-15
      vertex 1.675760e+01 -3.123675e+01 7.105427e-15
      vertex 1.969101e+01 -3.279003e+01 7.105427e-15
    endloop
  endfacet
  facet normal 1.224647e-16 6.123234e-17 -1.000000e+00
    outer loop
      vertex 1.781723e+01 -3.518505e+01 7.105427e-15
      vertex 1.969101e+01 -3.279003e+01 7.105427e-15
      vertex 3.148685e+01 -3.515244e+01 8.881784e-15
    endloop
  endfacet
  facet normal 1.224647e-16 6.123234e-17 -1.000000e+00
    outer loop
      vertex 1.675760e+01 -3.123675e+01 7.105427e-15
      vertex 1.936945e+01 -3.158542e+01 7.105427e-15
      vertex 1.936945e+01 -3.198334e+01 7.105427e-15
    endloop
  endfacet
  facet normal 1.224647e-16 6.123234e-17 -1.000000e+00
    outer loop
      vertex 1.675760e+01 -3.123675e+01 7.105427e-15
      vertex 1.969101e+01 -3.158542e+01 7.105427e-15
      vertex 1.936945e+01 -3.158542e+01 7.105427e-15
    endloop
  endfacet
  facet normal 1.224647e-16 6.123234e-17 -1.000000e+00
    outer loop
      vertex 1.675760e+01 -3.123675e+01 7.105427e-15
      vertex 1.969101e+01 -3.009027e+01 7.105427e-15
      vertex 1.969101e+01 -3.158542e+01 7.105427e-15
    endloop
  endfacet
  facet normal 1.224647e-16 6.123234e-17 -1.000000e+00
    outer loop
      vertex 1.781773e+01 -2.728786e+01 7.105427e-15
      vertex 1.976680e+01 -2.959473e+01 7.105427e-15
      vertex 1.969101e+01 -3.009027e+01 7.105427e-15
    endloop
  endfacet
  facet normal 1.224647e-16 6.123234e-17 -1.000000e+00
    outer loop
      vertex 1.781773e+01 -2.728786e+01 7.105427e-15
      vertex 1.969101e+01 -3.009027e+01 7.105427e-15
      vertex 1.675760e+01 -3.123675e+01 7.105427e-15
    endloop
  endfacet
  facet normal 1.224647e-16 6.123234e-17 -1.000000e+00
    outer loop
      vertex 1.781773e+01 -2.728786e+01 7.105427e-15
      vertex 2.057301e+01 -2.911632e+01 7.105427e-15
      vertex 2.007600e+01 -2.922404e+01 7.105427e-15
    endloop
  endfacet
  facet normal 1.224647e-16 6.123234e-17 -1.000000e+00
    outer loop
      vertex 2.229322e+01 -2.918782e+01 8.881784e-15
      vertex 2.085039e+01 -2.913811e+01 7.105427e-15
      vertex 2.057301e+01 -2.911632e+01 7.105427e-15
    endloop
  endfacet
  facet normal 1.224647e-16 6.123234e-17 -1.000000e+00
    outer loop
      vertex 2.280513e+01 -2.909330e+01 8.881784e-15
      vertex 2.057301e+01 -2.911632e+01 7.105427e-15
      vertex 1.781773e+01 -2.728786e+01 7.105427e-15
    endloop
  endfacet
  facet normal 1.224647e-16 6.123234e-17 -1.000000e+00
    outer loop
      vertex 2.229322e+01 -2.918782e+01 8.881784e-15
      vertex 2.057301e+01 -2.911632e+01 7.105427e-15
      vertex 2.280513e+01 -2.909330e+01 8.881784e-15
    endloop
  endfacet
  facet normal 1.224647e-16 6.123234e-17 -1.000000e+00
    outer loop
      vertex 1.781773e+01 -2.728786e+01 7.105427e-15
      vertex 2.007600e+01 -2.922404e+01 7.105427e-15
      vertex 1.976680e+01 -2.959473e+01 7.105427e-15
    endloop
  endfacet
  facet normal 1.224647e-16 6.123234e-17 -1.000000e+00
    outer loop
      vertex 2.229322e+01 -2.918782e+01 8.881784e-15
      vertex 2.114632e+01 -2.919703e+01 7.105427e-15
      vertex 2.085039e+01 -2.913811e+01 7.105427e-15
    endloop
  endfacet
  facet normal 1.224647e-16 6.123234e-17 -1.000000e+00
    outer loop
      vertex 2.229322e+01 -2.918782e+01 8.881784e-15
      vertex 2.186625e+01 -2.949162e+01 8.881784e-15
      vertex 2.114632e+01 -2.919703e+01 7.105427e-15
    endloop
  endfacet
  facet normal 1.224647e-16 6.123234e-17 -1.000000e+00
    outer loop
      vertex 2.713706e+01 -2.992272e+01 8.881784e-15
      vertex 2.796874e+01 -2.917084e+01 8.881784e-15
      vertex 2.796874e+01 -3.308978e+01 8.881784e-15
    endloop
  endfacet
  facet normal 1.224647e-16 6.123234e-17 -1.000000e+00
    outer loop
      vertex 2.593465e+01 -2.909330e+01 8.881784e-15
      vertex 2.844295e+01 -2.917084e+01 8.881784e-15
      vertex 2.796874e+01 -2.917084e+01 8.881784e-15
    endloop
  endfacet
  facet normal 1.224647e-16 6.123234e-17 -1.000000e+00
    outer loop
      vertex 2.675953e+01 -2.936812e+01 8.881784e-15
      vertex 2.796874e+01 -2.917084e+01 8.881784e-15
      vertex 2.713706e+01 -2.992272e+01 8.881784e-15
    endloop
  endfacet
  facet normal 1.224647e-16 6.123234e-17 -1.000000e+00
    outer loop
      vertex 2.593465e+01 -2.909330e+01 8.881784e-15
      vertex 2.796874e+01 -2.917084e+01 8.881784e-15
      vertex 2.675953e+01 -2.936812e+01 8.881784e-15
    endloop
  endfacet
  facet normal 1.224647e-16 6.123234e-17 -1.000000e+00
    outer loop
      vertex 3.148685e+01 -3.515244e+01 8.881784e-15
      vertex 2.796874e+01 -3.308978e+01 8.881784e-15
      vertex 2.844295e+01 -3.308978e+01 8.881784e-15
    endloop
  endfacet
  facet normal 1.224647e-16 6.123234e-17 -1.000000e+00
    outer loop
      vertex 2.596044e+01 -3.206072e+01 8.881784e-15
      vertex 2.796874e+01 -3.308978e+01 8.881784e-15
      vertex 2.283005e+01 -3.206073e+01 8.881784e-15
    endloop
  endfacet
  facet normal 1.224647e-16 6.123234e-17 -1.000000e+00
    outer loop
      vertex 2.647011e+01 -3.196161e+01 8.881784e-15
      vertex 2.688612e+01 -3.166105e+01 8.881784e-15
      vertex 2.796874e+01 -3.308978e+01 8.881784e-15
    endloop
  endfacet
  facet normal 1.224647e-16 6.123234e-17 -1.000000e+00
    outer loop
      vertex 2.716576e+01 -3.113973e+01 8.881784e-15
      vertex 2.796874e+01 -3.308978e+01 8.881784e-15
      vertex 2.688612e+01 -3.166105e+01 8.881784e-15
    endloop
  endfacet
  facet normal 1.224647e-16 6.123234e-17 -1.000000e+00
    outer loop
      vertex 2.647011e+01 -3.196161e+01 8.881784e-15
      vertex 2.796874e+01 -3.308978e+01 8.881784e-15
      vertex 2.596044e+01 -3.206072e+01 8.881784e-15
    endloop
  endfacet
  facet normal 1.224647e-16 6.123234e-17 -1.000000e+00
    outer loop
      vertex 2.723824e+01 -3.054781e+01 8.881784e-15
      vertex 2.796874e+01 -3.308978e+01 8.881784e-15
      vertex 2.716576e+01 -3.113973e+01 8.881784e-15
    endloop
  endfacet
  facet normal 1.224647e-16 6.123234e-17 -1.000000e+00
    outer loop
      vertex 2.713706e+01 -2.992272e+01 8.881784e-15
      vertex 2.796874e+01 -3.308978e+01 8.881784e-15
      vertex 2.723824e+01 -3.054781e+01 8.881784e-15
    endloop
  endfacet
  facet normal 1.224647e-16 6.123234e-17 -1.000000e+00
    outer loop
      vertex 2.955759e+01 -2.989031e+01 8.881784e-15
      vertex 2.844295e+01 -3.308978e+01 8.881784e-15
      vertex 2.844295e+01 -2.917084e+01 8.881784e-15
    endloop
  endfacet
  facet normal 1.224647e-16 6.123234e-17 -1.000000e+00
    outer loop
      vertex 2.955759e+01 -2.989031e+01 8.881784e-15
      vertex 2.844295e+01 -2.917084e+01 8.881784e-15
      vertex 2.955759e+01 -2.917084e+01 8.881784e-15
    endloop
  endfacet
  facet normal 1.224647e-16 6.123234e-17 -1.000000e+00
    outer loop
      vertex 2.593465e+01 -2.909330e+01 8.881784e-15
      vertex 2.955759e+01 -2.917084e+01 8.881784e-15
      vertex 2.844295e+01 -2.917084e+01 8.881784e-15
    endloop
  endfacet
  facet normal 1.224647e-16 6.123234e-17 -1.000000e+00
    outer loop
      vertex 3.252985e+01 -3.123693e+01 8.881784e-15
      vertex 2.844295e+01 -3.308978e+01 8.881784e-15
      vertex 2.955759e+01 -2.989031e+01 8.881784e-15
    endloop
  endfacet
  facet normal 1.224647e-16 6.123234e-17 -1.000000e+00
    outer loop
      vertex 3.148685e+01 -3.515244e+01 8.881784e-15
      vertex 2.844295e+01 -3.308978e+01 8.881784e-15
      vertex 3.252985e+01 -3.123693e+01 8.881784e-15
    endloop
  endfacet
  facet normal 1.224647e-16 6.123234e-17 -1.000000e+00
    outer loop
      vertex 2.593465e+01 -2.909330e+01 8.881784e-15
      vertex 3.015717e+01 -2.917084e+01 8.881784e-15
      vertex 2.955759e+01 -2.917084e+01 8.881784e-15
    endloop
  endfacet
  facet normal 1.224647e-16 6.123234e-17 -1.000000e+00
    outer loop
      vertex 3.252985e+01 -3.123693e+01 8.881784e-15
      vertex 2.955759e+01 -2.989031e+01 8.881784e-15
      vertex 3.015717e+01 -2.989031e+01 8.881784e-15
    endloop
  endfacet
  facet normal 1.224647e-16 6.123234e-17 -1.000000e+00
    outer loop
      vertex 3.252985e+01 -3.123693e+01 8.881784e-15
      vertex 3.015717e+01 -2.989031e+01 8.881784e-15
      vertex 3.015717e+01 -2.917084e+01 8.881784e-15
    endloop
  endfacet
  facet normal 1.224647e-16 6.123234e-17 -1.000000e+00
    outer loop
      vertex 3.148808e+01 -2.732302e+01 8.881784e-15
      vertex 3.252985e+01 -3.123693e+01 8.881784e-15
      vertex 3.015717e+01 -2.917084e+01 8.881784e-15
    endloop
  endfacet
  facet normal 1.224647e-16 6.123234e-17 -1.000000e+00
    outer loop
      vertex 2.593465e+01 -2.909330e+01 8.881784e-15
      vertex 3.148808e+01 -2.732302e+01 8.881784e-15
      vertex 3.015717e+01 -2.917084e+01 8.881784e-15
    endloop
  endfacet
  facet normal 1.224647e-16 6.123234e-17 -1.000000e+00
    outer loop
      vertex 3.759127e+01 -4.716048e+01 1.065814e-14
      vertex 2.465959e+01 -3.977913e+01 8.881784e-15
      vertex 2.897551e+01 -3.861372e+01 8.881784e-15
    endloop
  endfacet
  facet normal 1.224647e-16 6.123234e-17 -1.000000e+00
    outer loop
      vertex 3.759127e+01 -4.716048e+01 1.065814e-14
      vertex 2.897551e+01 -3.861372e+01 8.881784e-15
      vertex 3.212657e+01 -3.544571e+01 8.881784e-15
    endloop
  endfacet
  facet normal 1.224647e-16 6.123234e-17 -1.000000e+00
    outer loop
      vertex 3.759127e+01 -4.716048e+01 1.065814e-14
      vertex 3.212657e+01 -3.544571e+01 8.881784e-15
      vertex 3.327012e+01 -3.115450e+01 8.881784e-15
    endloop
  endfacet
  facet normal 1.224647e-16 6.123234e-17 -1.000000e+00
    outer loop
      vertex 3.759127e+01 -4.716048e+01 1.065814e-14
      vertex 3.327012e+01 -3.115450e+01 8.881784e-15
      vertex 3.213124e+01 -2.687024e+01 8.881784e-15
    endloop
  endfacet
  facet normal 1.224647e-16 6.123234e-17 -1.000000e+00
    outer loop
      vertex -3.759127e+01 4.716048e+01 5.329071e-15
      vertex 3.213124e+01 -2.687024e+01 8.881784e-15
      vertex 2.898534e+01 -2.369986e+01 1.065814e-14
    endloop
  endfacet
  facet normal 1.224647e-16 6.123234e-17 -1.000000e+00
    outer loop
      vertex 3.759127e+01 4.716048e+01 1.598721e-14
      vertex 3.759127e+01 -4.716048e+01 1.065814e-14
      vertex 3.213124e+01 -2.687024e+01 8.881784e-15
    endloop
  endfacet
  facet normal 1.224647e-16 6.123234e-17 -1.000000e+00
    outer loop
      vertex -3.759127e+01 4.716048e+01 5.329071e-15
      vertex 3.759127e+01 4.716048e+01 1.598721e-14
      vertex 3.213124e+01 -2.687024e+01 8.881784e-15
    endloop
  endfacet
  facet normal 1.224647e-16 6.123234e-17 -1.000000e+00
    outer loop
      vertex -3.759127e+01 4.716048e+01 5.329071e-15
      vertex 2.898534e+01 -2.369986e+01 1.065814e-14
      vertex 2.466475e+01 -2.252881e+01 1.065814e-14
    endloop
  endfacet
  facet normal 1.224647e-16 6.123234e-17 -1.000000e+00
    outer loop
      vertex 2.862162e+01 -2.442704e+01 8.881784e-15
      vertex 1.781773e+01 -2.728786e+01 7.105427e-15
      vertex 2.071639e+01 -2.439798e+01 7.105427e-15
    endloop
  endfacet
  facet normal 1.224647e-16 6.123234e-17 -1.000000e+00
    outer loop
      vertex 3.148808e+01 -2.732302e+01 8.881784e-15
      vertex 1.781773e+01 -2.728786e+01 7.105427e-15
      vertex 2.862162e+01 -2.442704e+01 8.881784e-15
    endloop
  endfacet
  facet normal 1.224647e-16 6.123234e-17 -1.000000e+00
    outer loop
      vertex 2.593465e+01 -2.909330e+01 8.881784e-15
      vertex 1.781773e+01 -2.728786e+01 7.105427e-15
      vertex 3.148808e+01 -2.732302e+01 8.881784e-15
    endloop
  endfacet
  facet normal 1.224647e-16 6.123234e-17 -1.000000e+00
    outer loop
      vertex 2.593465e+01 -2.909330e+01 8.881784e-15
      vertex 2.280513e+01 -2.909330e+01 8.881784e-15
      vertex 1.781773e+01 -2.728786e+01 7.105427e-15
    endloop
  endfacet
  facet normal 1.224647e-16 6.123234e-17 -1.000000e+00
    outer loop
      vertex 2.862162e+01 -2.442704e+01 8.881784e-15
      vertex 2.071639e+01 -2.439798e+01 7.105427e-15
      vertex 2.467644e+01 -2.335116e+01 1.065814e-14
    endloop
  endfacet
  facet normal 1.224647e-16 6.123234e-17 -1.000000e+00
    outer loop
      vertex 1.781723e+01 -3.518505e+01 7.105427e-15
      vertex 3.148685e+01 -3.515244e+01 8.881784e-15
      vertex 2.861806e+01 -3.804810e+01 8.881784e-15
    endloop
  endfacet
  facet normal 1.224647e-16 6.123234e-17 -1.000000e+00
    outer loop
      vertex 2.071476e+01 -3.807452e+01 7.105427e-15
      vertex 2.861806e+01 -3.804810e+01 8.881784e-15
      vertex 2.467340e+01 -3.912203e+01 8.881784e-15
    endloop
  endfacet
  facet normal 1.224647e-16 6.123234e-17 -1.000000e+00
    outer loop
      vertex 1.781723e+01 -3.518505e+01 7.105427e-15
      vertex 2.861806e+01 -3.804810e+01 8.881784e-15
      vertex 2.071476e+01 -3.807452e+01 7.105427e-15
    endloop
  endfacet
  facet normal 1.224647e-16 6.123234e-17 -1.000000e+00
    outer loop
      vertex 2.245386e+01 -2.958651e+01 8.881784e-15
      vertex 2.340455e+01 -2.977719e+01 8.881784e-15
      vertex 2.221470e+01 -2.978713e+01 8.881784e-15
    endloop
  endfacet
  facet normal 1.224647e-16 6.123234e-17 -1.000000e+00
    outer loop
      vertex 2.357343e+01 -3.014199e+01 8.881784e-15
      vertex 2.221470e+01 -2.978713e+01 8.881784e-15
      vertex 2.340455e+01 -2.977719e+01 8.881784e-15
    endloop
  endfacet
  facet normal 1.224647e-16 6.123234e-17 -1.000000e+00
    outer loop
      vertex 2.313319e+01 -2.956869e+01 8.881784e-15
      vertex 2.340455e+01 -2.977719e+01 8.881784e-15
      vertex 2.245386e+01 -2.958651e+01 8.881784e-15
    endloop
  endfacet
  facet normal 1.224647e-16 6.123234e-17 -1.000000e+00
    outer loop
      vertex 2.339091e+01 -3.139938e+01 8.881784e-15
      vertex 2.221768e+01 -3.138168e+01 8.881784e-15
      vertex 2.205783e+01 -3.104530e+01 8.881784e-15
    endloop
  endfacet
  facet normal 1.224647e-16 6.123234e-17 -1.000000e+00
    outer loop
      vertex 2.317020e+01 -3.157041e+01 8.881784e-15
      vertex 2.221768e+01 -3.138168e+01 8.881784e-15
      vertex 2.339091e+01 -3.139938e+01 8.881784e-15
    endloop
  endfacet
  facet normal 1.224647e-16 6.123234e-17 -1.000000e+00
    outer loop
      vertex 2.249421e+01 -3.158862e+01 8.881784e-15
      vertex 2.221768e+01 -3.138168e+01 8.881784e-15
      vertex 2.317020e+01 -3.157041e+01 8.881784e-15
    endloop
  endfacet
  facet normal 1.224647e-16 6.123234e-17 -1.000000e+00
    outer loop
      vertex 2.358242e+01 -3.097843e+01 8.881784e-15
      vertex 2.205783e+01 -3.104530e+01 8.881784e-15
      vertex 2.200760e+01 -3.067527e+01 8.881784e-15
    endloop
  endfacet
  facet normal 1.224647e-16 6.123234e-17 -1.000000e+00
    outer loop
      vertex 2.339091e+01 -3.139938e+01 8.881784e-15
      vertex 2.205783e+01 -3.104530e+01 8.881784e-15
      vertex 2.358242e+01 -3.097843e+01 8.881784e-15
    endloop
  endfacet
  facet normal 1.224647e-16 6.123234e-17 -1.000000e+00
    outer loop
      vertex 2.361900e+01 -3.054547e+01 8.881784e-15
      vertex 2.200760e+01 -3.067527e+01 8.881784e-15
      vertex 2.202711e+01 -3.026875e+01 8.881784e-15
    endloop
  endfacet
  facet normal 1.224647e-16 6.123234e-17 -1.000000e+00
    outer loop
      vertex 2.358242e+01 -3.097843e+01 8.881784e-15
      vertex 2.200760e+01 -3.067527e+01 8.881784e-15
      vertex 2.361900e+01 -3.054547e+01 8.881784e-15
    endloop
  endfacet
  facet normal 1.224647e-16 6.123234e-17 -1.000000e+00
    outer loop
      vertex 2.357343e+01 -3.014199e+01 8.881784e-15
      vertex 2.202711e+01 -3.026875e+01 8.881784e-15
      vertex 2.221470e+01 -2.978713e+01 8.881784e-15
    endloop
  endfacet
  facet normal 1.224647e-16 6.123234e-17 -1.000000e+00
    outer loop
      vertex 2.361900e+01 -3.054547e+01 8.881784e-15
      vertex 2.202711e+01 -3.026875e+01 8.881784e-15
      vertex 2.357343e+01 -3.014199e+01 8.881784e-15
    endloop
  endfacet
  facet normal 1.224647e-16 6.123234e-17 -1.000000e+00
    outer loop
      vertex 2.313319e+01 -2.956869e+01 8.881784e-15
      vertex 2.245386e+01 -2.958651e+01 8.881784e-15
      vertex 2.278676e+01 -2.950836e+01 8.881784e-15
    endloop
  endfacet
  facet normal 1.224647e-16 6.123234e-17 -1.000000e+00
    outer loop
      vertex 2.249421e+01 -3.158862e+01 8.881784e-15
      vertex 2.317020e+01 -3.157041e+01 8.881784e-15
      vertex 2.284608e+01 -3.164572e+01 8.881784e-15
    endloop
  endfacet
  facet normal 1.224647e-16 6.123234e-17 -1.000000e+00
    outer loop
      vertex 2.512632e+01 -3.178932e+01 8.881784e-15
      vertex 2.334018e+01 -3.196212e+01 8.881784e-15
      vertex 2.375716e+01 -3.166105e+01 8.881784e-15
    endloop
  endfacet
  facet normal 1.224647e-16 6.123234e-17 -1.000000e+00
    outer loop
      vertex 2.474566e+01 -3.123182e+01 8.881784e-15
      vertex 2.375716e+01 -3.166105e+01 8.881784e-15
      vertex 2.403735e+01 -3.113881e+01 8.881784e-15
    endloop
  endfacet
  facet normal 1.224647e-16 6.123234e-17 -1.000000e+00
    outer loop
      vertex 2.512632e+01 -3.178932e+01 8.881784e-15
      vertex 2.375716e+01 -3.166105e+01 8.881784e-15
      vertex 2.474566e+01 -3.123182e+01 8.881784e-15
    endloop
  endfacet
  facet normal 1.224647e-16 6.123234e-17 -1.000000e+00
    outer loop
      vertex 2.596044e+01 -3.206072e+01 8.881784e-15
      vertex 2.283005e+01 -3.206073e+01 8.881784e-15
      vertex 2.334018e+01 -3.196212e+01 8.881784e-15
    endloop
  endfacet
  facet normal 1.224647e-16 6.123234e-17 -1.000000e+00
    outer loop
      vertex 2.548239e+01 -3.198856e+01 8.881784e-15
      vertex 2.334018e+01 -3.196212e+01 8.881784e-15
      vertex 2.512632e+01 -3.178932e+01 8.881784e-15
    endloop
  endfacet
  facet normal 1.224647e-16 6.123234e-17 -1.000000e+00
    outer loop
      vertex 2.596044e+01 -3.206072e+01 8.881784e-15
      vertex 2.334018e+01 -3.196212e+01 8.881784e-15
      vertex 2.548239e+01 -3.198856e+01 8.881784e-15
    endloop
  endfacet
  facet normal 1.224647e-16 6.123234e-17 -1.000000e+00
    outer loop
      vertex 2.464406e+01 -3.060516e+01 8.881784e-15
      vertex 2.403735e+01 -3.113881e+01 8.881784e-15
      vertex 2.410956e+01 -3.054575e+01 8.881784e-15
    endloop
  endfacet
  facet normal 1.224647e-16 6.123234e-17 -1.000000e+00
    outer loop
      vertex 2.474566e+01 -3.123182e+01 8.881784e-15
      vertex 2.403735e+01 -3.113881e+01 8.881784e-15
      vertex 2.464406e+01 -3.060516e+01 8.881784e-15
    endloop
  endfacet
  facet normal 1.224647e-16 6.123234e-17 -1.000000e+00
    outer loop
      vertex 2.471575e+01 -3.001321e+01 8.881784e-15
      vertex 2.410956e+01 -3.054575e+01 8.881784e-15
      vertex 2.400755e+01 -2.992044e+01 8.881784e-15
    endloop
  endfacet
  facet normal 1.224647e-16 6.123234e-17 -1.000000e+00
    outer loop
      vertex 2.464406e+01 -3.060516e+01 8.881784e-15
      vertex 2.410956e+01 -3.054575e+01 8.881784e-15
      vertex 2.471575e+01 -3.001321e+01 8.881784e-15
    endloop
  endfacet
  facet normal 1.224647e-16 6.123234e-17 -1.000000e+00
    outer loop
      vertex 2.499480e+01 -2.949169e+01 8.881784e-15
      vertex 2.400755e+01 -2.992044e+01 8.881784e-15
      vertex 2.362929e+01 -2.936715e+01 8.881784e-15
    endloop
  endfacet
  facet normal 1.224647e-16 6.123234e-17 -1.000000e+00
    outer loop
      vertex 2.471575e+01 -3.001321e+01 8.881784e-15
      vertex 2.400755e+01 -2.992044e+01 8.881784e-15
      vertex 2.499480e+01 -2.949169e+01 8.881784e-15
    endloop
  endfacet
  facet normal 1.224647e-16 6.123234e-17 -1.000000e+00
    outer loop
      vertex 2.542212e+01 -2.918772e+01 8.881784e-15
      vertex 2.362929e+01 -2.936715e+01 8.881784e-15
      vertex 2.280513e+01 -2.909330e+01 8.881784e-15
    endloop
  endfacet
  facet normal 1.224647e-16 6.123234e-17 -1.000000e+00
    outer loop
      vertex 2.542212e+01 -2.918772e+01 8.881784e-15
      vertex 2.499480e+01 -2.949169e+01 8.881784e-15
      vertex 2.362929e+01 -2.936715e+01 8.881784e-15
    endloop
  endfacet
  facet normal 1.224647e-16 6.123234e-17 -1.000000e+00
    outer loop
      vertex 2.542212e+01 -2.918772e+01 8.881784e-15
      vertex 2.280513e+01 -2.909330e+01 8.881784e-15
      vertex 2.593465e+01 -2.909330e+01 8.881784e-15
    endloop
  endfacet
  facet normal 1.224647e-16 6.123234e-17 -1.000000e+00
    outer loop
      vertex 2.558264e+01 -2.958647e+01 8.881784e-15
      vertex 2.653320e+01 -2.977719e+01 8.881784e-15
      vertex 2.534340e+01 -2.978707e+01 8.881784e-15
    endloop
  endfacet
  facet normal 1.224647e-16 6.123234e-17 -1.000000e+00
    outer loop
      vertex 2.670211e+01 -3.014224e+01 8.881784e-15
      vertex 2.534340e+01 -2.978707e+01 8.881784e-15
      vertex 2.653320e+01 -2.977719e+01 8.881784e-15
    endloop
  endfacet
  facet normal 1.224647e-16 6.123234e-17 -1.000000e+00
    outer loop
      vertex 2.626193e+01 -2.956872e+01 8.881784e-15
      vertex 2.653320e+01 -2.977719e+01 8.881784e-15
      vertex 2.558264e+01 -2.958647e+01 8.881784e-15
    endloop
  endfacet
  facet normal 1.224647e-16 6.123234e-17 -1.000000e+00
    outer loop
      vertex 2.651944e+01 -3.139990e+01 8.881784e-15
      vertex 2.534636e+01 -3.138175e+01 8.881784e-15
      vertex 2.518647e+01 -3.104539e+01 8.881784e-15
    endloop
  endfacet
  facet normal 1.224647e-16 6.123234e-17 -1.000000e+00
    outer loop
      vertex 2.629865e+01 -3.157074e+01 8.881784e-15
      vertex 2.534636e+01 -3.138175e+01 8.881784e-15
      vertex 2.651944e+01 -3.139990e+01 8.881784e-15
    endloop
  endfacet
  facet normal 1.224647e-16 6.123234e-17 -1.000000e+00
    outer loop
      vertex 2.562279e+01 -3.158857e+01 8.881784e-15
      vertex 2.534636e+01 -3.138175e+01 8.881784e-15
      vertex 2.629865e+01 -3.157074e+01 8.881784e-15
    endloop
  endfacet
  facet normal 1.224647e-16 6.123234e-17 -1.000000e+00
    outer loop
      vertex 2.671093e+01 -3.097902e+01 8.881784e-15
      vertex 2.518647e+01 -3.104539e+01 8.881784e-15
      vertex 2.513622e+01 -3.067538e+01 8.881784e-15
    endloop
  endfacet
  facet normal 1.224647e-16 6.123234e-17 -1.000000e+00
    outer loop
      vertex 2.651944e+01 -3.139990e+01 8.881784e-15
      vertex 2.518647e+01 -3.104539e+01 8.881784e-15
      vertex 2.671093e+01 -3.097902e+01 8.881784e-15
    endloop
  endfacet
  facet normal 1.224647e-16 6.123234e-17 -1.000000e+00
    outer loop
      vertex 2.674762e+01 -3.054598e+01 8.881784e-15
      vertex 2.513622e+01 -3.067538e+01 8.881784e-15
      vertex 2.515572e+01 -3.026881e+01 8.881784e-15
    endloop
  endfacet
  facet normal 1.224647e-16 6.123234e-17 -1.000000e+00
    outer loop
      vertex 2.671093e+01 -3.097902e+01 8.881784e-15
      vertex 2.513622e+01 -3.067538e+01 8.881784e-15
      vertex 2.674762e+01 -3.054598e+01 8.881784e-15
    endloop
  endfacet
  facet normal 1.224647e-16 6.123234e-17 -1.000000e+00
    outer loop
      vertex 2.670211e+01 -3.014224e+01 8.881784e-15
      vertex 2.515572e+01 -3.026881e+01 8.881784e-15
      vertex 2.534340e+01 -2.978707e+01 8.881784e-15
    endloop
  endfacet
  facet normal 1.224647e-16 6.123234e-17 -1.000000e+00
    outer loop
      vertex 2.674762e+01 -3.054598e+01 8.881784e-15
      vertex 2.515572e+01 -3.026881e+01 8.881784e-15
      vertex 2.670211e+01 -3.014224e+01 8.881784e-15
    endloop
  endfacet
  facet normal 1.224647e-16 6.123234e-17 -1.000000e+00
    outer loop
      vertex 2.626193e+01 -2.956872e+01 8.881784e-15
      vertex 2.558264e+01 -2.958647e+01 8.881784e-15
      vertex 2.591555e+01 -2.950836e+01 8.881784e-15
    endloop
  endfacet
  facet normal 1.224647e-16 6.123234e-17 -1.000000e+00
    outer loop
      vertex 2.562279e+01 -3.158857e+01 8.881784e-15
      vertex 2.629865e+01 -3.157074e+01 8.881784e-15
      vertex 2.597453e+01 -3.164574e+01 8.881784e-15
    endloop
  endfacet
  facet normal 4.273955e-18 -9.993908e-01 -3.489950e-02
    outer loop
      vertex -3.898776e+01 -4.775169e+01 1.041400e+01
      vertex -3.759127e+01 -4.745898e+01 2.032000e+00
      vertex 3.759127e+01 -4.745898e+01 2.032000e+00
    endloop
  endfacet
  facet normal 1.751684e-15 -9.993908e-01 -3.489950e-02
    outer loop
      vertex 3.838530e+01 -4.747019e+01 2.352827e+00
      vertex -3.898776e+01 -4.775169e+01 1.041400e+01
      vertex 3.759127e+01 -4.745898e+01 2.032000e+00
    endloop
  endfacet
  facet normal -8.555457e-15 -9.993908e-01 -3.489950e-02
    outer loop
      vertex -3.898776e+01 -4.775169e+01 1.041400e+01
      vertex -3.838520e+01 -4.747019e+01 2.352727e+00
      vertex -3.759127e+01 -4.745898e+01 2.032000e+00
    endloop
  endfacet
  facet normal 6.377944e-14 -9.993908e-01 -3.489950e-02
    outer loop
      vertex -3.898776e+01 -4.775169e+01 1.041400e+01
      vertex -3.873358e+01 -4.749750e+01 3.135109e+00
      vertex -3.838520e+01 -4.747019e+01 2.352727e+00
    endloop
  endfacet
  facet normal 4.273955e-18 -9.993908e-01 -3.489950e-02
    outer loop
      vertex 3.873358e+01 -4.749750e+01 3.135109e+00
      vertex 3.898776e+01 -4.775169e+01 1.041400e+01
      vertex -3.898776e+01 -4.775169e+01 1.041400e+01
    endloop
  endfacet
  facet normal -1.224647e-16 -6.123234e-17 1.000000e+00
    outer loop
      vertex 4.102100e+01 -4.749847e+01 1.041400e+01
      vertex -3.898776e+01 -4.775169e+01 1.041400e+01
      vertex 3.898776e+01 -4.775169e+01 1.041400e+01
    endloop
  endfacet
  facet normal 4.959921e-16 -9.993908e-01 -3.489950e-02
    outer loop
      vertex 3.838530e+01 -4.747019e+01 2.352827e+00
      vertex 3.873358e+01 -4.749750e+01 3.135109e+00
      vertex -3.898776e+01 -4.775169e+01 1.041400e+01
    endloop
  endfacet
  facet normal -1.224647e-16 -6.123234e-17 1.000000e+00
    outer loop
      vertex -4.102100e+01 -4.749847e+01 1.041400e+01
      vertex -3.898776e+01 -4.775169e+01 1.041400e+01
      vertex 4.102100e+01 -4.749847e+01 1.041400e+01
    endloop
  endfacet
  facet normal -1.224647e-16 -6.123234e-17 1.000000e+00
    outer loop
      vertex -4.102100e+01 -4.749847e+01 1.041400e+01
      vertex -4.079776e+01 -4.803711e+01 1.041400e+01
      vertex -3.898776e+01 -4.775169e+01 1.041400e+01
    endloop
  endfacet
  facet normal -1.224647e-16 -6.123234e-17 1.000000e+00
    outer loop
      vertex 4.079776e+01 -4.803711e+01 1.041400e+01
      vertex 4.102100e+01 -4.749847e+01 1.041400e+01
      vertex 3.898776e+01 -4.775169e+01 1.041400e+01
    endloop
  endfacet
  facet normal 9.993908e-01 2.136978e-18 -3.489950e-02
    outer loop
      vertex 4.076434e+01 4.724180e+01 3.064194e+00
      vertex 4.102100e+01 -4.749847e+01 1.041400e+01
      vertex 4.076434e+01 -4.724180e+01 3.064194e+00
    endloop
  endfacet
  facet normal 9.228437e-01 -3.824680e-01 -4.558249e-02
    outer loop
      vertex 4.079776e+01 -4.803711e+01 1.041400e+01
      vertex 4.076434e+01 -4.724180e+01 3.064194e+00
      vertex 4.102100e+01 -4.749847e+01 1.041400e+01
    endloop
  endfacet
  facet normal 9.603699e-01 1.706720e-17 -2.787285e-01
    outer loop
      vertex 4.033063e+01 -4.720217e+01 1.569840e+00
      vertex 4.076434e+01 4.724180e+01 3.064194e+00
      vertex 4.076434e+01 -4.724180e+01 3.064194e+00
    endloop
  endfacet
  facet normal 9.229643e-01 -3.821805e-01 -4.555192e-02
    outer loop
      vertex 4.054095e+01 -4.777998e+01 3.053201e+00
      vertex 4.076434e+01 -4.724180e+01 3.064194e+00
      vertex 4.079776e+01 -4.803711e+01 1.041400e+01
    endloop
  endfacet
  facet normal 8.813357e-01 -3.904018e-01 -2.661462e-01
    outer loop
      vertex 4.011261e+01 -4.772999e+01 1.622122e+00
      vertex 4.033063e+01 -4.720217e+01 1.569840e+00
      vertex 4.076434e+01 -4.724180e+01 3.064194e+00
    endloop
  endfacet
  facet normal 8.889828e-01 -3.633114e-01 -2.787731e-01
    outer loop
      vertex 4.011261e+01 -4.772999e+01 1.622122e+00
      vertex 4.076434e+01 -4.724180e+01 3.064194e+00
      vertex 4.054095e+01 -4.777998e+01 3.053201e+00
    endloop
  endfacet
  facet normal 9.993908e-01 2.136978e-18 -3.489950e-02
    outer loop
      vertex 4.076434e+01 4.724180e+01 3.064194e+00
      vertex 4.102100e+01 4.749846e+01 1.041400e+01
      vertex 4.102100e+01 -4.749847e+01 1.041400e+01
    endloop
  endfacet
  facet normal -1.224647e-16 -6.123234e-17 1.000000e+00
    outer loop
      vertex 4.000438e+01 -4.724338e+01 1.041400e+01
      vertex 4.102100e+01 -4.749847e+01 1.041400e+01
      vertex 4.102100e+01 4.749846e+01 1.041400e+01
    endloop
  endfacet
  facet normal -1.224647e-16 -6.123234e-17 1.000000e+00
    outer loop
      vertex 4.000438e+01 -4.724338e+01 1.041400e+01
      vertex -4.102100e+01 -4.749847e+01 1.041400e+01
      vertex 4.102100e+01 -4.749847e+01 1.041400e+01
    endloop
  endfacet
  facet normal 9.229635e-01 3.821794e-01 -4.557659e-02
    outer loop
      vertex 4.054095e+01 4.777997e+01 3.053201e+00
      vertex 4.102100e+01 4.749846e+01 1.041400e+01
      vertex 4.076434e+01 4.724180e+01 3.064194e+00
    endloop
  endfacet
  facet normal -1.224647e-16 -6.123234e-17 1.000000e+00
    outer loop
      vertex 4.000438e+01 4.191000e+01 1.041400e+01
      vertex 4.000438e+01 -4.724338e+01 1.041400e+01
      vertex 4.102100e+01 4.749846e+01 1.041400e+01
    endloop
  endfacet
  facet normal -1.224647e-16 -6.123234e-17 1.000000e+00
    outer loop
      vertex 3.721100e+01 4.191000e+01 1.041400e+01
      vertex 4.000438e+01 4.191000e+01 1.041400e+01
      vertex 4.102100e+01 4.749846e+01 1.041400e+01
    endloop
  endfacet
  facet normal -1.224647e-16 -6.123234e-17 1.000000e+00
    outer loop
      vertex 3.721100e+01 4.343400e+01 1.041400e+01
      vertex 3.721100e+01 4.191000e+01 1.041400e+01
      vertex 4.102100e+01 4.749846e+01 1.041400e+01
    endloop
  endfacet
  facet normal -1.224647e-16 -6.123234e-17 1.000000e+00
    outer loop
      vertex 3.916761e+01 4.780759e+01 1.041400e+01
      vertex 3.721100e+01 4.343400e+01 1.041400e+01
      vertex 4.102100e+01 4.749846e+01 1.041400e+01
    endloop
  endfacet
  facet normal -1.224647e-16 -6.123234e-17 1.000000e+00
    outer loop
      vertex 4.079776e+01 4.803710e+01 1.041400e+01
      vertex 3.916761e+01 4.780759e+01 1.041400e+01
      vertex 4.102100e+01 4.749846e+01 1.041400e+01
    endloop
  endfacet
  facet normal 9.228447e-01 3.824684e-01 -4.555779e-02
    outer loop
      vertex 4.054095e+01 4.777997e+01 3.053201e+00
      vertex 4.079776e+01 4.803710e+01 1.041400e+01
      vertex 4.102100e+01 4.749846e+01 1.041400e+01
    endloop
  endfacet
  facet normal 9.603715e-01 -9.376372e-08 -2.787230e-01
    outer loop
      vertex 4.033065e+01 4.720216e+01 1.569872e+00
      vertex 4.076434e+01 4.724180e+01 3.064194e+00
      vertex 4.033063e+01 -4.720217e+01 1.569840e+00
    endloop
  endfacet
  facet normal 8.916234e-01 3.646183e-01 -2.684425e-01
    outer loop
      vertex 4.054095e+01 4.777997e+01 3.053201e+00
      vertex 4.076434e+01 4.724180e+01 3.064194e+00
      vertex 4.033065e+01 4.720216e+01 1.569872e+00
    endloop
  endfacet
  facet normal -9.228447e-01 -3.824684e-01 -4.555805e-02
    outer loop
      vertex -4.054095e+01 -4.777998e+01 3.053201e+00
      vertex -4.079776e+01 -4.803711e+01 1.041400e+01
      vertex -4.102100e+01 -4.749847e+01 1.041400e+01
    endloop
  endfacet
  facet normal -1.224647e-16 -6.123234e-17 1.000000e+00
    outer loop
      vertex -4.000438e+01 4.191000e+01 1.041400e+01
      vertex -4.102100e+01 4.749846e+01 1.041400e+01
      vertex -4.102100e+01 -4.749847e+01 1.041400e+01
    endloop
  endfacet
  facet normal -9.993908e-01 2.136978e-18 -3.489950e-02
    outer loop
      vertex -4.076434e+01 -4.724180e+01 3.064194e+00
      vertex -4.102100e+01 -4.749847e+01 1.041400e+01
      vertex -4.102100e+01 4.749846e+01 1.041400e+01
    endloop
  endfacet
  facet normal -1.224647e-16 -6.123234e-17 1.000000e+00
    outer loop
      vertex -4.000438e+01 -4.724338e+01 1.041400e+01
      vertex -4.000438e+01 4.191000e+01 1.041400e+01
      vertex -4.102100e+01 -4.749847e+01 1.041400e+01
    endloop
  endfacet
  facet normal -1.224647e-16 -6.123234e-17 1.000000e+00
    outer loop
      vertex 4.000438e+01 -4.724338e+01 1.041400e+01
      vertex -4.000438e+01 -4.724338e+01 1.041400e+01
      vertex -4.102100e+01 -4.749847e+01 1.041400e+01
    endloop
  endfacet
  facet normal -9.229622e-01 -3.821824e-01 -4.557666e-02
    outer loop
      vertex -4.054095e+01 -4.777998e+01 3.053201e+00
      vertex -4.102100e+01 -4.749847e+01 1.041400e+01
      vertex -4.076434e+01 -4.724180e+01 3.064194e+00
    endloop
  endfacet
  facet normal -1.224647e-16 -6.123234e-17 1.000000e+00
    outer loop
      vertex -3.916761e+01 4.780759e+01 1.041400e+01
      vertex -4.079776e+01 4.803710e+01 1.041400e+01
      vertex -4.102100e+01 4.749846e+01 1.041400e+01
    endloop
  endfacet
  facet normal -9.228437e-01 3.824680e-01 -4.558249e-02
    outer loop
      vertex -4.076434e+01 4.724180e+01 3.064194e+00
      vertex -4.102100e+01 4.749846e+01 1.041400e+01
      vertex -4.079776e+01 4.803710e+01 1.041400e+01
    endloop
  endfacet
  facet normal -1.224647e-16 -6.123234e-17 1.000000e+00
    outer loop
      vertex -3.721100e+01 4.343400e+01 1.041400e+01
      vertex -3.916761e+01 4.780759e+01 1.041400e+01
      vertex -4.102100e+01 4.749846e+01 1.041400e+01
    endloop
  endfacet
  facet normal -1.224647e-16 -6.123234e-17 1.000000e+00
    outer loop
      vertex -4.000438e+01 4.191000e+01 1.041400e+01
      vertex -3.721100e+01 4.343400e+01 1.041400e+01
      vertex -4.102100e+01 4.749846e+01 1.041400e+01
    endloop
  endfacet
  facet normal -9.993908e-01 2.136978e-18 -3.489950e-02
    outer loop
      vertex -4.076434e+01 4.724180e+01 3.064194e+00
      vertex -4.076434e+01 -4.724180e+01 3.064194e+00
      vertex -4.102100e+01 4.749846e+01 1.041400e+01
    endloop
  endfacet
  facet normal -1.224647e-16 -6.123234e-17 1.000000e+00
    outer loop
      vertex -3.986562e+01 4.826000e+01 1.041400e+01
      vertex -4.025946e+01 4.826000e+01 1.041400e+01
      vertex -4.079776e+01 4.803710e+01 1.041400e+01
    endloop
  endfacet
  facet normal -3.821751e-01 9.229654e-01 -4.557490e-02
    outer loop
      vertex -4.054095e+01 4.777998e+01 3.053201e+00
      vertex -4.079776e+01 4.803710e+01 1.041400e+01
      vertex -4.025946e+01 4.826000e+01 1.041400e+01
    endloop
  endfacet
  facet normal -1.224647e-16 -6.123234e-17 1.000000e+00
    outer loop
      vertex -3.944979e+01 4.813701e+01 1.041400e+01
      vertex -3.986562e+01 4.826000e+01 1.041400e+01
      vertex -4.079776e+01 4.803710e+01 1.041400e+01
    endloop
  endfacet
  facet normal -1.224647e-16 -6.123234e-17 1.000000e+00
    outer loop
      vertex -3.916761e+01 4.780759e+01 1.041400e+01
      vertex -3.944979e+01 4.813701e+01 1.041400e+01
      vertex -4.079776e+01 4.803710e+01 1.041400e+01
    endloop
  endfacet
  facet normal -9.229631e-01 3.821834e-01 -4.555224e-02
    outer loop
      vertex -4.054095e+01 4.777998e+01 3.053201e+00
      vertex -4.076434e+01 4.724180e+01 3.064194e+00
      vertex -4.079776e+01 4.803710e+01 1.041400e+01
    endloop
  endfacet
  facet normal 4.273955e-18 9.993908e-01 -3.489950e-02
    outer loop
      vertex -4.000280e+01 4.800334e+01 3.064194e+00
      vertex -4.025946e+01 4.826000e+01 1.041400e+01
      vertex -3.986562e+01 4.826000e+01 1.041400e+01
    endloop
  endfacet
  facet normal -3.821563e-01 9.229732e-01 -4.557613e-02
    outer loop
      vertex -4.054095e+01 4.777998e+01 3.053201e+00
      vertex -4.025946e+01 4.826000e+01 1.041400e+01
      vertex -4.000280e+01 4.800334e+01 3.064194e+00
    endloop
  endfacet
  facet normal 2.835855e-01 9.587742e-01 -1.820199e-02
    outer loop
      vertex -3.939889e+01 4.795749e+01 1.751406e+00
      vertex -3.986562e+01 4.826000e+01 1.041400e+01
      vertex -3.944979e+01 4.813701e+01 1.041400e+01
    endloop
  endfacet
  facet normal 3.946618e-17 9.993908e-01 -3.489950e-02
    outer loop
      vertex -3.966580e+01 4.796329e+01 1.917317e+00
      vertex -3.986562e+01 4.826000e+01 1.041400e+01
      vertex -3.939889e+01 4.795749e+01 1.751406e+00
    endloop
  endfacet
  facet normal 1.104230e-16 9.993908e-01 -3.489950e-02
    outer loop
      vertex -3.966580e+01 4.796329e+01 1.917317e+00
      vertex -4.000280e+01 4.800334e+01 3.064194e+00
      vertex -3.986562e+01 4.826000e+01 1.041400e+01
    endloop
  endfacet
  facet normal 7.593235e-01 6.504586e-01 1.820530e-02
    outer loop
      vertex -3.901761e+01 4.785689e+01 2.396385e+00
      vertex -3.944979e+01 4.813701e+01 1.041400e+01
      vertex -3.916761e+01 4.780759e+01 1.041400e+01
    endloop
  endfacet
  facet normal 1.463782e-01 9.890339e-01 -1.963534e-02
    outer loop
      vertex -3.918125e+01 4.793204e+01 2.091943e+00
      vertex -3.939889e+01 4.795749e+01 1.751406e+00
      vertex -3.944979e+01 4.813701e+01 1.041400e+01
    endloop
  endfacet
  facet normal 4.301241e-01 9.027311e-01 -8.353614e-03
    outer loop
      vertex -3.901761e+01 4.785689e+01 2.396385e+00
      vertex -3.918125e+01 4.793204e+01 2.091943e+00
      vertex -3.944979e+01 4.813701e+01 1.041400e+01
    endloop
  endfacet
  facet normal 9.122621e-01 4.081173e-01 3.489950e-02
    outer loop
      vertex -3.694459e+01 4.349087e+01 2.785135e+00
      vertex -3.916761e+01 4.780759e+01 1.041400e+01
      vertex -3.721100e+01 4.343400e+01 1.041400e+01
    endloop
  endfacet
  facet normal 9.122621e-01 4.081173e-01 3.489950e-02
    outer loop
      vertex -3.875658e+01 4.754119e+01 2.785135e+00
      vertex -3.916761e+01 4.780759e+01 1.041400e+01
      vertex -3.694459e+01 4.349087e+01 2.785135e+00
    endloop
  endfacet
  facet normal 8.410540e-01 5.403044e-01 2.644684e-02
    outer loop
      vertex -3.887261e+01 4.772902e+01 2.637663e+00
      vertex -3.916761e+01 4.780759e+01 1.041400e+01
      vertex -3.875658e+01 4.754119e+01 2.785135e+00
    endloop
  endfacet
  facet normal 6.454722e-01 7.635996e-01 1.677109e-02
    outer loop
      vertex -3.887261e+01 4.772902e+01 2.637663e+00
      vertex -3.901761e+01 4.785689e+01 2.396385e+00
      vertex -3.916761e+01 4.780759e+01 1.041400e+01
    endloop
  endfacet
  facet normal -1.224647e-16 -6.123234e-17 1.000000e+00
    outer loop
      vertex -4.000438e+01 4.191000e+01 1.041400e+01
      vertex -3.721100e+01 4.191000e+01 1.041400e+01
      vertex -3.721100e+01 4.343400e+01 1.041400e+01
    endloop
  endfacet
  facet normal 9.993908e-01 -2.136978e-18 3.489950e-02
    outer loop
      vertex -3.694459e+01 4.164359e+01 2.785135e+00
      vertex -3.721100e+01 4.343400e+01 1.041400e+01
      vertex -3.721100e+01 4.191000e+01 1.041400e+01
    endloop
  endfacet
  facet normal 9.993908e-01 -2.136978e-18 3.489950e-02
    outer loop
      vertex -3.694459e+01 4.349087e+01 2.785135e+00
      vertex -3.721100e+01 4.343400e+01 1.041400e+01
      vertex -3.694459e+01 4.164359e+01 2.785135e+00
    endloop
  endfacet
  facet normal -4.273955e-18 -9.993908e-01 3.489950e-02
    outer loop
      vertex -3.817239e+01 4.185678e+01 8.890000e+00
      vertex -3.721100e+01 4.191000e+01 1.041400e+01
      vertex -4.000438e+01 4.191000e+01 1.041400e+01
    endloop
  endfacet
  facet normal -2.171183e-15 -9.993908e-01 3.489950e-02
    outer loop
      vertex -3.795920e+01 4.164359e+01 2.785135e+00
      vertex -3.721100e+01 4.191000e+01 1.041400e+01
      vertex -3.817239e+01 4.185678e+01 8.890000e+00
    endloop
  endfacet
  facet normal -4.273955e-18 -9.993908e-01 3.489950e-02
    outer loop
      vertex -3.694459e+01 4.164359e+01 2.785135e+00
      vertex -3.721100e+01 4.191000e+01 1.041400e+01
      vertex -3.795920e+01 4.164359e+01 2.785135e+00
    endloop
  endfacet
  facet normal 9.993908e-01 -2.136978e-18 3.489950e-02
    outer loop
      vertex -3.995116e+01 4.185678e+01 8.890000e+00
      vertex -4.000438e+01 4.191000e+01 1.041400e+01
      vertex -4.000438e+01 -4.724338e+01 1.041400e+01
    endloop
  endfacet
  facet normal 7.844565e-16 -9.993908e-01 3.489950e-02
    outer loop
      vertex -3.817239e+01 4.185678e+01 8.890000e+00
      vertex -4.000438e+01 4.191000e+01 1.041400e+01
      vertex -3.995116e+01 4.185678e+01 8.890000e+00
    endloop
  endfacet
  facet normal -4.273955e-18 9.993908e-01 3.489950e-02
    outer loop
      vertex -3.995116e+01 -4.719016e+01 8.890000e+00
      vertex -4.000438e+01 -4.724338e+01 1.041400e+01
      vertex 4.000438e+01 -4.724338e+01 1.041400e+01
    endloop
  endfacet
  facet normal 9.993908e-01 3.725293e-15 3.489950e-02
    outer loop
      vertex -3.994814e+01 -3.590226e+01 8.803572e+00
      vertex -3.995116e+01 -3.562002e+01 8.890000e+00
      vertex -4.000438e+01 -4.724338e+01 1.041400e+01
    endloop
  endfacet
  facet normal 9.993908e-01 -2.136978e-18 3.489950e-02
    outer loop
      vertex -3.995116e+01 -6.035966e+00 8.890000e+00
      vertex -4.000438e+01 -4.724338e+01 1.041400e+01
      vertex -3.995116e+01 -3.562002e+01 8.890000e+00
    endloop
  endfacet
  facet normal 9.993908e-01 -1.087165e-15 3.489950e-02
    outer loop
      vertex -3.994046e+01 -3.616331e+01 8.583580e+00
      vertex -3.994814e+01 -3.590226e+01 8.803572e+00
      vertex -4.000438e+01 -4.724338e+01 1.041400e+01
    endloop
  endfacet
  facet normal 9.993908e-01 -3.817375e-17 3.489950e-02
    outer loop
      vertex -3.994814e+01 -4.385376e+01 8.803587e+00
      vertex -3.994046e+01 -3.616331e+01 8.583580e+00
      vertex -4.000438e+01 -4.724338e+01 1.041400e+01
    endloop
  endfacet
  facet normal 9.993908e-01 -1.463927e-14 3.489950e-02
    outer loop
      vertex -3.995116e+01 -4.413597e+01 8.890000e+00
      vertex -3.994814e+01 -4.385376e+01 8.803587e+00
      vertex -4.000438e+01 -4.724338e+01 1.041400e+01
    endloop
  endfacet
  facet normal 9.993908e-01 -4.150917e-18 3.489950e-02
    outer loop
      vertex -3.995116e+01 -4.719016e+01 8.890000e+00
      vertex -3.995116e+01 -4.413597e+01 8.890000e+00
      vertex -4.000438e+01 -4.724338e+01 1.041400e+01
    endloop
  endfacet
  facet normal 9.993908e-01 2.680499e-18 3.489950e-02
    outer loop
      vertex -3.995116e+01 4.057998e+01 8.890000e+00
      vertex -3.995116e+01 4.185678e+01 8.890000e+00
      vertex -4.000438e+01 -4.724338e+01 1.041400e+01
    endloop
  endfacet
  facet normal 9.993908e-01 4.109977e-16 3.489950e-02
    outer loop
      vertex -3.994820e+01 4.030055e+01 8.805243e+00
      vertex -3.995116e+01 4.057998e+01 8.890000e+00
      vertex -4.000438e+01 -4.724338e+01 1.041400e+01
    endloop
  endfacet
  facet normal 1.224647e-16 6.123234e-17 -1.000000e+00
    outer loop
      vertex -2.716514e+01 -3.509251e+01 5.080003e-01
      vertex -2.736197e+01 -3.517328e+01 5.080003e-01
      vertex -2.796081e+01 -3.515173e+01 5.080003e-01
    endloop
  endfacet
  facet normal 9.993908e-01 -5.597422e-16 3.489950e-02
    outer loop
      vertex -3.995116e+01 3.206403e+01 8.890000e+00
      vertex -3.994820e+01 4.030055e+01 8.805243e+00
      vertex -4.000438e+01 -4.724338e+01 1.041400e+01
    endloop
  endfacet
  facet normal 9.993908e-01 -2.136978e-18 3.489950e-02
    outer loop
      vertex -3.995116e+01 2.479978e+00 8.890000e+00
      vertex -3.995116e+01 3.206403e+01 8.890000e+00
      vertex -4.000438e+01 -4.724338e+01 1.041400e+01
    endloop
  endfacet
  facet normal 9.993908e-01 1.032929e-16 3.489950e-02
    outer loop
      vertex -3.994814e+01 2.197701e+00 8.803536e+00
      vertex -3.995116e+01 2.479978e+00 8.890000e+00
      vertex -4.000438e+01 -4.724338e+01 1.041400e+01
    endloop
  endfacet
  facet normal 9.993908e-01 -5.763115e-17 3.489950e-02
    outer loop
      vertex -3.995116e+01 -6.035966e+00 8.890000e+00
      vertex -3.994814e+01 2.197701e+00 8.803536e+00
      vertex -4.000438e+01 -4.724338e+01 1.041400e+01
    endloop
  endfacet
  facet normal -9.993908e-01 -2.136978e-18 3.489950e-02
    outer loop
      vertex 3.995116e+01 -4.719016e+01 8.890000e+00
      vertex 4.000438e+01 -4.724338e+01 1.041400e+01
      vertex 4.000438e+01 4.191000e+01 1.041400e+01
    endloop
  endfacet
  facet normal -1.453586e-16 9.993908e-01 3.489950e-02
    outer loop
      vertex -3.995116e+01 -4.719016e+01 8.890000e+00
      vertex 4.000438e+01 -4.724338e+01 1.041400e+01
      vertex 3.995116e+01 -4.719016e+01 8.890000e+00
    endloop
  endfacet
  facet normal -4.273955e-18 -9.993908e-01 3.489950e-02
    outer loop
      vertex 3.995116e+01 4.185678e+01 8.890000e+00
      vertex 4.000438e+01 4.191000e+01 1.041400e+01
      vertex 3.721100e+01 4.191000e+01 1.041400e+01
    endloop
  endfacet
  facet normal -9.993908e-01 -7.230298e-16 3.489950e-02
    outer loop
      vertex 3.994814e+01 3.234626e+01 8.803573e+00
      vertex 3.995116e+01 3.206402e+01 8.890000e+00
      vertex 4.000438e+01 4.191000e+01 1.041400e+01
    endloop
  endfacet
  facet normal -9.993908e-01 -2.136978e-18 3.489950e-02
    outer loop
      vertex 3.995116e+01 2.479966e+00 8.890000e+00
      vertex 4.000438e+01 4.191000e+01 1.041400e+01
      vertex 3.995116e+01 3.206402e+01 8.890000e+00
    endloop
  endfacet
  facet normal -9.993908e-01 -8.571427e-16 3.489950e-02
    outer loop
      vertex 3.994046e+01 3.260730e+01 8.583580e+00
      vertex 3.994814e+01 3.234626e+01 8.803573e+00
      vertex 4.000438e+01 4.191000e+01 1.041400e+01
    endloop
  endfacet
  facet normal -9.993908e-01 -2.087814e-16 3.489950e-02
    outer loop
      vertex 3.973798e+01 3.270852e+01 2.785135e+00
      vertex 3.994046e+01 3.260730e+01 8.583580e+00
      vertex 4.000438e+01 4.191000e+01 1.041400e+01
    endloop
  endfacet
  facet normal -9.993908e-01 7.203842e-15 3.489950e-02
    outer loop
      vertex 3.994046e+01 4.003669e+01 8.583580e+00
      vertex 3.973798e+01 3.270852e+01 2.785135e+00
      vertex 4.000438e+01 4.191000e+01 1.041400e+01
    endloop
  endfacet
  facet normal -9.993908e-01 -1.579105e-14 3.489950e-02
    outer loop
      vertex 3.994814e+01 4.029776e+01 8.803587e+00
      vertex 3.994046e+01 4.003669e+01 8.583580e+00
      vertex 4.000438e+01 4.191000e+01 1.041400e+01
    endloop
  endfacet
  facet normal 1.224647e-16 6.123234e-17 -1.000000e+00
    outer loop
      vertex -2.736197e+01 -3.517328e+01 5.080003e-01
      vertex -2.785289e+01 -3.517328e+01 5.080003e-01
      vertex -2.796081e+01 -3.515173e+01 5.080003e-01
    endloop
  endfacet
  facet normal -9.993908e-01 7.232930e-15 3.489950e-02
    outer loop
      vertex 3.995116e+01 4.057997e+01 8.890000e+00
      vertex 3.994814e+01 4.029776e+01 8.803587e+00
      vertex 4.000438e+01 4.191000e+01 1.041400e+01
    endloop
  endfacet
  facet normal -9.993908e-01 7.497887e-18 3.489950e-02
    outer loop
      vertex 3.995116e+01 4.185678e+01 8.890000e+00
      vertex 3.995116e+01 4.057997e+01 8.890000e+00
      vertex 4.000438e+01 4.191000e+01 1.041400e+01
    endloop
  endfacet
  facet normal -9.993908e-01 -1.230304e-19 3.489950e-02
    outer loop
      vertex 3.995116e+01 -4.413598e+01 8.890000e+00
      vertex 3.995116e+01 -4.719016e+01 8.890000e+00
      vertex 4.000438e+01 4.191000e+01 1.041400e+01
    endloop
  endfacet
  facet normal -9.993908e-01 -8.485073e-16 3.489950e-02
    outer loop
      vertex 3.994821e+01 -4.385702e+01 8.805521e+00
      vertex 3.995116e+01 -4.413598e+01 8.890000e+00
      vertex 4.000438e+01 4.191000e+01 1.041400e+01
    endloop
  endfacet
  facet normal 1.224647e-16 6.123234e-17 -1.000000e+00
    outer loop
      vertex -2.710316e+01 -3.500076e+01 5.080003e-01
      vertex -2.805247e+01 -3.508976e+01 5.080003e-01
      vertex -2.813325e+01 -3.489257e+01 5.080003e-01
    endloop
  endfacet
  facet normal -9.993908e-01 1.077678e-15 3.489950e-02
    outer loop
      vertex 3.995116e+01 -3.562003e+01 8.890000e+00
      vertex 3.994821e+01 -4.385702e+01 8.805521e+00
      vertex 4.000438e+01 4.191000e+01 1.041400e+01
    endloop
  endfacet
  facet normal -9.993908e-01 -2.136978e-18 3.489950e-02
    outer loop
      vertex 3.995116e+01 -6.035978e+00 8.890000e+00
      vertex 3.995116e+01 -3.562003e+01 8.890000e+00
      vertex 4.000438e+01 4.191000e+01 1.041400e+01
    endloop
  endfacet
  facet normal -9.993908e-01 -8.440764e-16 3.489950e-02
    outer loop
      vertex 3.994814e+01 -5.753703e+00 8.803538e+00
      vertex 3.995116e+01 -6.035978e+00 8.890000e+00
      vertex 4.000438e+01 4.191000e+01 1.041400e+01
    endloop
  endfacet
  facet normal -9.993908e-01 4.194084e-16 3.489950e-02
    outer loop
      vertex 3.994814e+01 -5.753703e+00 8.803538e+00
      vertex 4.000438e+01 4.191000e+01 1.041400e+01
      vertex 3.995116e+01 2.479966e+00 8.890000e+00
    endloop
  endfacet
  facet normal -9.993908e-01 3.251964e-16 3.489950e-02
    outer loop
      vertex 3.995116e+01 2.479966e+00 8.890000e+00
      vertex 3.994046e+01 -5.492697e+00 8.583580e+00
      vertex 3.994814e+01 -5.753703e+00 8.803538e+00
    endloop
  endfacet
  facet normal -9.993908e-01 -2.136978e-18 3.489950e-02
    outer loop
      vertex 3.694459e+01 4.349087e+01 2.785135e+00
      vertex 3.721100e+01 4.191000e+01 1.041400e+01
      vertex 3.721100e+01 4.343400e+01 1.041400e+01
    endloop
  endfacet
  facet normal -9.993908e-01 -2.136978e-18 3.489950e-02
    outer loop
      vertex 3.694459e+01 4.164359e+01 2.785135e+00
      vertex 3.721100e+01 4.191000e+01 1.041400e+01
      vertex 3.694459e+01 4.349087e+01 2.785135e+00
    endloop
  endfacet
  facet normal -1.393112e-15 -9.993908e-01 3.489950e-02
    outer loop
      vertex 3.795920e+01 4.164359e+01 2.785135e+00
      vertex 3.721100e+01 4.191000e+01 1.041400e+01
      vertex 3.694459e+01 4.164359e+01 2.785135e+00
    endloop
  endfacet
  facet normal 7.913724e-16 -9.993908e-01 3.489950e-02
    outer loop
      vertex 3.817239e+01 4.185678e+01 8.890000e+00
      vertex 3.995116e+01 4.185678e+01 8.890000e+00
      vertex 3.721100e+01 4.191000e+01 1.041400e+01
    endloop
  endfacet
  facet normal 2.162635e-15 -9.993908e-01 3.489950e-02
    outer loop
      vertex 3.795920e+01 4.164359e+01 2.785135e+00
      vertex 3.817239e+01 4.185678e+01 8.890000e+00
      vertex 3.721100e+01 4.191000e+01 1.041400e+01
    endloop
  endfacet
  facet normal -9.122621e-01 4.081173e-01 3.489950e-02
    outer loop
      vertex 3.875658e+01 4.754119e+01 2.785135e+00
      vertex 3.721100e+01 4.343400e+01 1.041400e+01
      vertex 3.916761e+01 4.780759e+01 1.041400e+01
    endloop
  endfacet
  facet normal -9.122621e-01 4.081173e-01 3.489950e-02
    outer loop
      vertex 3.875658e+01 4.754119e+01 2.785135e+00
      vertex 3.694459e+01 4.349087e+01 2.785135e+00
      vertex 3.721100e+01 4.343400e+01 1.041400e+01
    endloop
  endfacet
  facet normal -1.224647e-16 -6.123234e-17 1.000000e+00
    outer loop
      vertex 4.079776e+01 4.803710e+01 1.041400e+01
      vertex 3.944979e+01 4.813701e+01 1.041400e+01
      vertex 3.916761e+01 4.780759e+01 1.041400e+01
    endloop
  endfacet
  facet normal -7.593237e-01 6.504587e-01 1.819666e-02
    outer loop
      vertex 3.875658e+01 4.754119e+01 2.785135e+00
      vertex 3.916761e+01 4.780759e+01 1.041400e+01
      vertex 3.944979e+01 4.813701e+01 1.041400e+01
    endloop
  endfacet
  facet normal -1.224647e-16 -6.123234e-17 1.000000e+00
    outer loop
      vertex 4.025946e+01 4.826000e+01 1.041400e+01
      vertex 3.986562e+01 4.826000e+01 1.041400e+01
      vertex 3.944979e+01 4.813701e+01 1.041400e+01
    endloop
  endfacet
  facet normal -2.835856e-01 9.587747e-01 -1.817355e-02
    outer loop
      vertex 3.901842e+01 4.785742e+01 2.395078e+00
      vertex 3.944979e+01 4.813701e+01 1.041400e+01
      vertex 3.986562e+01 4.826000e+01 1.041400e+01
    endloop
  endfacet
  facet normal -1.224647e-16 -6.123234e-17 1.000000e+00
    outer loop
      vertex 4.079776e+01 4.803710e+01 1.041400e+01
      vertex 4.025946e+01 4.826000e+01 1.041400e+01
      vertex 3.944979e+01 4.813701e+01 1.041400e+01
    endloop
  endfacet
  facet normal -8.378888e-01 5.448067e-01 3.358723e-02
    outer loop
      vertex 3.887302e+01 4.772941e+01 2.636958e+00
      vertex 3.875658e+01 4.754119e+01 2.785135e+00
      vertex 3.944979e+01 4.813701e+01 1.041400e+01
    endloop
  endfacet
  facet normal -6.525845e-01 7.576662e-01 8.688258e-03
    outer loop
      vertex 3.901842e+01 4.785742e+01 2.395078e+00
      vertex 3.887302e+01 4.772941e+01 2.636958e+00
      vertex 3.944979e+01 4.813701e+01 1.041400e+01
    endloop
  endfacet
  facet normal 4.273955e-18 9.993908e-01 -3.489950e-02
    outer loop
      vertex 4.000280e+01 4.800334e+01 3.064194e+00
      vertex 3.986562e+01 4.826000e+01 1.041400e+01
      vertex 4.025946e+01 4.826000e+01 1.041400e+01
    endloop
  endfacet
  facet normal -7.193029e-17 9.993908e-01 -3.489950e-02
    outer loop
      vertex 3.967326e+01 4.796373e+01 1.930031e+00
      vertex 3.939889e+01 4.795749e+01 1.751406e+00
      vertex 3.986562e+01 4.826000e+01 1.041400e+01
    endloop
  endfacet
  facet normal -1.559071e-01 9.874274e-01 -2.608169e-02
    outer loop
      vertex 3.918165e+01 4.793217e+01 2.091212e+00
      vertex 3.986562e+01 4.826000e+01 1.041400e+01
      vertex 3.939889e+01 4.795749e+01 1.751406e+00
    endloop
  endfacet
  facet normal -6.352488e-17 9.993908e-01 -3.489950e-02
    outer loop
      vertex 4.000280e+01 4.800334e+01 3.064194e+00
      vertex 3.967326e+01 4.796373e+01 1.930031e+00
      vertex 3.986562e+01 4.826000e+01 1.041400e+01
    endloop
  endfacet
  facet normal -4.185041e-01 9.082139e-01 -1.381195e-03
    outer loop
      vertex 3.918165e+01 4.793217e+01 2.091212e+00
      vertex 3.901842e+01 4.785742e+01 2.395078e+00
      vertex 3.986562e+01 4.826000e+01 1.041400e+01
    endloop
  endfacet
  facet normal 3.821751e-01 9.229653e-01 -4.557651e-02
    outer loop
      vertex 4.000280e+01 4.800334e+01 3.064194e+00
      vertex 4.025946e+01 4.826000e+01 1.041400e+01
      vertex 4.079776e+01 4.803710e+01 1.041400e+01
    endloop
  endfacet
  facet normal 3.821595e-01 9.229718e-01 -4.557486e-02
    outer loop
      vertex 4.054095e+01 4.777997e+01 3.053201e+00
      vertex 4.000280e+01 4.800334e+01 3.064194e+00
      vertex 4.079776e+01 4.803710e+01 1.041400e+01
    endloop
  endfacet
  facet normal -9.594913e-01 1.725150e-17 -2.817384e-01
    outer loop
      vertex -4.032051e+01 4.720171e+01 1.552694e+00
      vertex -4.076434e+01 -4.724180e+01 3.064194e+00
      vertex -4.076434e+01 4.724180e+01 3.064194e+00
    endloop
  endfacet
  facet normal -9.594902e-01 -6.178256e-08 -2.817419e-01
    outer loop
      vertex -4.032051e+01 4.720171e+01 1.552694e+00
      vertex -4.032050e+01 -4.720171e+01 1.552674e+00
      vertex -4.076434e+01 -4.724180e+01 3.064194e+00
    endloop
  endfacet
  facet normal -8.909111e-01 -3.642685e-01 -2.712670e-01
    outer loop
      vertex -4.054095e+01 -4.777998e+01 3.053201e+00
      vertex -4.076434e+01 -4.724180e+01 3.064194e+00
      vertex -4.032050e+01 -4.720171e+01 1.552674e+00
    endloop
  endfacet
  facet normal -8.834715e-01 3.831513e-01 -2.695798e-01
    outer loop
      vertex -4.011257e+01 4.772999e+01 1.622049e+00
      vertex -4.032051e+01 4.720171e+01 1.552694e+00
      vertex -4.076434e+01 4.724180e+01 3.064194e+00
    endloop
  endfacet
  facet normal -8.889786e-01 3.633129e-01 -2.787842e-01
    outer loop
      vertex -4.011257e+01 4.772999e+01 1.622049e+00
      vertex -4.076434e+01 4.724180e+01 3.064194e+00
      vertex -4.054095e+01 4.777998e+01 3.053201e+00
    endloop
  endfacet
  facet normal 1.135471e-16 -3.746101e-01 -9.271824e-01
    outer loop
      vertex 3.759127e+01 -4.768981e+01 2.138670e-01
      vertex -3.759127e+01 -4.716048e+01 0.000000e+00
      vertex 3.759127e+01 -4.716048e+01 1.065814e-14
    endloop
  endfacet
  facet normal -2.407429e-01 5.943143e-17 -9.705889e-01
    outer loop
      vertex -3.907503e+01 -4.717026e+01 3.680280e-01
      vertex -3.759127e+01 4.716048e+01 5.329071e-15
      vertex -3.759127e+01 -4.716048e+01 0.000000e+00
    endloop
  endfacet
  facet normal -2.198078e-01 -3.848624e-01 -8.964181e-01
    outer loop
      vertex -3.903726e+01 -4.769372e+01 5.835021e-01
      vertex -3.907503e+01 -4.717026e+01 3.680280e-01
      vertex -3.759127e+01 -4.716048e+01 0.000000e+00
    endloop
  endfacet
  facet normal 2.859236e-08 -3.746066e-01 -9.271839e-01
    outer loop
      vertex -3.759127e+01 -4.768981e+01 2.138632e-01
      vertex -3.759127e+01 -4.716048e+01 0.000000e+00
      vertex 3.759127e+01 -4.768981e+01 2.138670e-01
    endloop
  endfacet
  facet normal -2.296948e-01 -3.645906e-01 -9.023935e-01
    outer loop
      vertex -3.903726e+01 -4.769372e+01 5.835021e-01
      vertex -3.759127e+01 -4.716048e+01 0.000000e+00
      vertex -3.759127e+01 -4.768981e+01 2.138632e-01
    endloop
  endfacet
  facet normal 2.437106e-01 5.938606e-17 -9.698480e-01
    outer loop
      vertex 3.909217e+01 4.717051e+01 3.771572e-01
      vertex 3.759127e+01 -4.716048e+01 1.065814e-14
      vertex 3.759127e+01 4.716048e+01 1.598721e-14
    endloop
  endfacet
  facet normal 2.437145e-01 -6.543630e-08 -9.698470e-01
    outer loop
      vertex 3.909217e+01 4.717051e+01 3.771572e-01
      vertex 3.909220e+01 -4.717051e+01 3.771693e-01
      vertex 3.759127e+01 -4.716048e+01 1.065814e-14
    endloop
  endfacet
  facet normal 2.246019e-01 -3.650390e-01 -9.034935e-01
    outer loop
      vertex 3.759127e+01 -4.768981e+01 2.138670e-01
      vertex 3.759127e+01 -4.716048e+01 1.065814e-14
      vertex 3.909220e+01 -4.717051e+01 3.771693e-01
    endloop
  endfacet
  facet normal 1.139292e-16 3.667941e-01 -9.303021e-01
    outer loop
      vertex -3.759127e+01 4.768051e+01 2.050353e-01
      vertex 3.759127e+01 4.716048e+01 1.598721e-14
      vertex -3.759127e+01 4.716048e+01 5.329071e-15
    endloop
  endfacet
  facet normal 2.232701e-01 3.778369e-01 -8.985487e-01
    outer loop
      vertex 3.903733e+01 4.769372e+01 5.835400e-01
      vertex 3.909217e+01 4.717051e+01 3.771572e-01
      vertex 3.759127e+01 4.716048e+01 1.598721e-14
    endloop
  endfacet
  facet normal 2.186733e-08 3.667969e-01 -9.303011e-01
    outer loop
      vertex 3.759127e+01 4.768052e+01 2.050384e-01
      vertex 3.759127e+01 4.716048e+01 1.598721e-14
      vertex -3.759127e+01 4.768051e+01 2.050353e-01
    endloop
  endfacet
  facet normal 2.335150e-01 3.566560e-01 -9.045812e-01
    outer loop
      vertex 3.903733e+01 4.769372e+01 5.835400e-01
      vertex 3.759127e+01 4.716048e+01 1.598721e-14
      vertex 3.759127e+01 4.768052e+01 2.050384e-01
    endloop
  endfacet
  facet normal -2.407372e-01 -9.608512e-08 -9.705903e-01
    outer loop
      vertex -3.907499e+01 4.717026e+01 3.680099e-01
      vertex -3.759127e+01 4.716048e+01 5.329071e-15
      vertex -3.907503e+01 -4.717026e+01 3.680280e-01
    endloop
  endfacet
  facet normal -2.225972e-01 3.575914e-01 -9.069614e-01
    outer loop
      vertex -3.759127e+01 4.768051e+01 2.050353e-01
      vertex -3.759127e+01 4.716048e+01 5.329071e-15
      vertex -3.907499e+01 4.717026e+01 3.680099e-01
    endloop
  endfacet
  facet normal 1.224647e-16 6.123234e-17 -1.000000e+00
    outer loop
      vertex -2.682578e+01 -3.188246e+01 1.776357e-15
      vertex -2.506123e+01 -3.183355e+01 1.776357e-15
      vertex -2.522297e+01 -3.190021e+01 1.776357e-15
    endloop
  endfacet
  facet normal 3.810685e-01 -9.245468e-01 -9.944735e-18
    outer loop
      vertex -2.522297e+01 -3.190021e+01 5.080003e-01
      vertex -2.522297e+01 -3.190021e+01 1.776357e-15
      vertex -2.506123e+01 -3.183355e+01 1.776357e-15
    endloop
  endfacet
  facet normal 1.224647e-16 6.123234e-17 -1.000000e+00
    outer loop
      vertex -2.673821e+01 -3.190021e+01 1.776357e-15
      vertex -2.682578e+01 -3.188246e+01 1.776357e-15
      vertex -2.522297e+01 -3.190021e+01 1.776357e-15
    endloop
  endfacet
  facet normal 7.498799e-33 -1.000000e+00 -6.123234e-17
    outer loop
      vertex -2.673821e+01 -3.190021e+01 5.080003e-01
      vertex -2.673821e+01 -3.190021e+01 1.776357e-15
      vertex -2.522297e+01 -3.190021e+01 1.776357e-15
    endloop
  endfacet
  facet normal 7.498799e-33 -1.000000e+00 -6.123234e-17
    outer loop
      vertex -2.522297e+01 -3.190021e+01 5.080003e-01
      vertex -2.673821e+01 -3.190021e+01 5.080003e-01
      vertex -2.522297e+01 -3.190021e+01 1.776357e-15
    endloop
  endfacet
  facet normal 1.224647e-16 6.123234e-17 -1.000000e+00
    outer loop
      vertex -2.690100e+01 -3.183260e+01 1.776357e-15
      vertex -2.501142e+01 -3.175849e+01 1.776357e-15
      vertex -2.506123e+01 -3.183355e+01 1.776357e-15
    endloop
  endfacet
  facet normal 8.332267e-01 -5.529315e-01 6.818354e-17
    outer loop
      vertex -2.506123e+01 -3.183355e+01 5.080003e-01
      vertex -2.506123e+01 -3.183355e+01 1.776357e-15
      vertex -2.501142e+01 -3.175849e+01 1.776357e-15
    endloop
  endfacet
  facet normal 1.224647e-16 6.123234e-17 -1.000000e+00
    outer loop
      vertex -2.682578e+01 -3.188246e+01 1.776357e-15
      vertex -2.690100e+01 -3.183260e+01 1.776357e-15
      vertex -2.506123e+01 -3.183355e+01 1.776357e-15
    endloop
  endfacet
  facet normal 3.810685e-01 -9.245468e-01 -9.944735e-18
    outer loop
      vertex -2.506123e+01 -3.183355e+01 5.080003e-01
      vertex -2.522297e+01 -3.190021e+01 5.080003e-01
      vertex -2.506123e+01 -3.183355e+01 1.776357e-15
    endloop
  endfacet
  facet normal 1.224647e-16 6.123234e-17 -1.000000e+00
    outer loop
      vertex -2.696768e+01 -3.167127e+01 1.776357e-15
      vertex -2.499371e+01 -3.167127e+01 1.776357e-15
      vertex -2.501142e+01 -3.175849e+01 1.776357e-15
    endloop
  endfacet
  facet normal 9.800012e-01 -1.989920e-01 1.078308e-16
    outer loop
      vertex -2.501142e+01 -3.175849e+01 5.080003e-01
      vertex -2.501142e+01 -3.175849e+01 1.776357e-15
      vertex -2.499371e+01 -3.167127e+01 1.776357e-15
    endloop
  endfacet
  facet normal 1.224647e-16 6.123234e-17 -1.000000e+00
    outer loop
      vertex -2.690100e+01 -3.183260e+01 1.776357e-15
      vertex -2.696768e+01 -3.167127e+01 1.776357e-15
      vertex -2.501142e+01 -3.175849e+01 1.776357e-15
    endloop
  endfacet
  facet normal 8.332267e-01 -5.529315e-01 6.818354e-17
    outer loop
      vertex -2.501142e+01 -3.175849e+01 5.080003e-01
      vertex -2.506123e+01 -3.183355e+01 5.080003e-01
      vertex -2.501142e+01 -3.175849e+01 1.776357e-15
    endloop
  endfacet
  facet normal 1.224647e-16 6.123234e-17 -1.000000e+00
    outer loop
      vertex -2.696768e+01 -2.970976e+01 1.776357e-15
      vertex -2.499371e+01 -2.970976e+01 1.776357e-15
      vertex -2.499371e+01 -3.167127e+01 1.776357e-15
    endloop
  endfacet
  facet normal 1.000000e+00 0.000000e+00 1.224647e-16
    outer loop
      vertex -2.499371e+01 -3.167127e+01 5.080003e-01
      vertex -2.499371e+01 -3.167127e+01 1.776357e-15
      vertex -2.499371e+01 -2.970976e+01 1.776357e-15
    endloop
  endfacet
  facet normal 1.224647e-16 6.123234e-17 -1.000000e+00
    outer loop
      vertex -2.696768e+01 -3.167127e+01 1.776357e-15
      vertex -2.696768e+01 -2.970976e+01 1.776357e-15
      vertex -2.499371e+01 -3.167127e+01 1.776357e-15
    endloop
  endfacet
  facet normal 9.800012e-01 -1.989920e-01 1.078308e-16
    outer loop
      vertex -2.501142e+01 -3.175849e+01 5.080003e-01
      vertex -2.499371e+01 -3.167127e+01 1.776357e-15
      vertex -2.499371e+01 -3.167127e+01 5.080003e-01
    endloop
  endfacet
  facet normal 1.224647e-16 6.123234e-17 -1.000000e+00
    outer loop
      vertex -2.689366e+01 -2.955496e+01 1.776357e-15
      vertex -2.506775e+01 -2.955487e+01 1.776357e-15
      vertex -2.499371e+01 -2.970976e+01 1.776357e-15
    endloop
  endfacet
  facet normal 9.022109e-01 4.312952e-01 1.368982e-16
    outer loop
      vertex -2.499371e+01 -2.970976e+01 5.080003e-01
      vertex -2.499371e+01 -2.970976e+01 1.776357e-15
      vertex -2.506775e+01 -2.955487e+01 1.776357e-15
    endloop
  endfacet
  facet normal 1.224647e-16 6.123234e-17 -1.000000e+00
    outer loop
      vertex -2.696768e+01 -2.970976e+01 1.776357e-15
      vertex -2.689366e+01 -2.955496e+01 1.776357e-15
      vertex -2.499371e+01 -2.970976e+01 1.776357e-15
    endloop
  endfacet
  facet normal 1.000000e+00 0.000000e+00 1.224647e-16
    outer loop
      vertex -2.499371e+01 -3.167127e+01 5.080003e-01
      vertex -2.499371e+01 -2.970976e+01 1.776357e-15
      vertex -2.499371e+01 -2.970976e+01 5.080003e-01
    endloop
  endfacet
  facet normal 1.224647e-16 6.123234e-17 -1.000000e+00
    outer loop
      vertex -2.673821e+01 -2.948082e+01 1.776357e-15
      vertex -2.522297e+01 -2.948082e+01 1.776357e-15
      vertex -2.506775e+01 -2.955487e+01 1.776357e-15
    endloop
  endfacet
  facet normal 4.306332e-01 9.025271e-01 1.080012e-16
    outer loop
      vertex -2.506775e+01 -2.955487e+01 5.080003e-01
      vertex -2.506775e+01 -2.955487e+01 1.776357e-15
      vertex -2.522297e+01 -2.948082e+01 1.776357e-15
    endloop
  endfacet
  facet normal 1.224647e-16 6.123234e-17 -1.000000e+00
    outer loop
      vertex -2.681832e+01 -2.950075e+01 1.776357e-15
      vertex -2.673821e+01 -2.948082e+01 1.776357e-15
      vertex -2.506775e+01 -2.955487e+01 1.776357e-15
    endloop
  endfacet
  facet normal 1.224647e-16 6.123234e-17 -1.000000e+00
    outer loop
      vertex -2.689366e+01 -2.955496e+01 1.776357e-15
      vertex -2.681832e+01 -2.950075e+01 1.776357e-15
      vertex -2.506775e+01 -2.955487e+01 1.776357e-15
    endloop
  endfacet
  facet normal 9.022109e-01 4.312952e-01 1.368982e-16
    outer loop
      vertex -2.506775e+01 -2.955487e+01 5.080003e-01
      vertex -2.499371e+01 -2.970976e+01 5.080003e-01
      vertex -2.506775e+01 -2.955487e+01 1.776357e-15
    endloop
  endfacet
  facet normal -7.498799e-33 1.000000e+00 6.123234e-17
    outer loop
      vertex -2.522297e+01 -2.948082e+01 5.080003e-01
      vertex -2.522297e+01 -2.948082e+01 1.776357e-15
      vertex -2.673821e+01 -2.948082e+01 1.776357e-15
    endloop
  endfacet
  facet normal 4.306332e-01 9.025271e-01 1.080012e-16
    outer loop
      vertex -2.506775e+01 -2.955487e+01 5.080003e-01
      vertex -2.522297e+01 -2.948082e+01 1.776357e-15
      vertex -2.522297e+01 -2.948082e+01 5.080003e-01
    endloop
  endfacet
  facet normal -2.414454e-01 9.704144e-01 2.985221e-17
    outer loop
      vertex -2.673821e+01 -2.948082e+01 5.080003e-01
      vertex -2.673821e+01 -2.948082e+01 1.776357e-15
      vertex -2.681832e+01 -2.950075e+01 1.776357e-15
    endloop
  endfacet
  facet normal -7.498799e-33 1.000000e+00 6.123234e-17
    outer loop
      vertex -2.522297e+01 -2.948082e+01 5.080003e-01
      vertex -2.673821e+01 -2.948082e+01 1.776357e-15
      vertex -2.673821e+01 -2.948082e+01 5.080003e-01
    endloop
  endfacet
  facet normal -5.841008e-01 8.116811e-01 -2.183059e-17
    outer loop
      vertex -2.681832e+01 -2.950075e+01 5.080003e-01
      vertex -2.681832e+01 -2.950075e+01 1.776357e-15
      vertex -2.689366e+01 -2.955496e+01 1.776357e-15
    endloop
  endfacet
  facet normal -2.414454e-01 9.704144e-01 2.985221e-17
    outer loop
      vertex -2.681832e+01 -2.950075e+01 5.080003e-01
      vertex -2.673821e+01 -2.948082e+01 5.080003e-01
      vertex -2.681832e+01 -2.950075e+01 1.776357e-15
    endloop
  endfacet
  facet normal -9.021595e-01 4.314028e-01 -8.406687e-17
    outer loop
      vertex -2.689366e+01 -2.955496e+01 5.080003e-01
      vertex -2.689366e+01 -2.955496e+01 1.776357e-15
      vertex -2.696768e+01 -2.970976e+01 1.776357e-15
    endloop
  endfacet
  facet normal -5.841008e-01 8.116811e-01 -2.183059e-17
    outer loop
      vertex -2.689366e+01 -2.955496e+01 5.080003e-01
      vertex -2.681832e+01 -2.950075e+01 5.080003e-01
      vertex -2.689366e+01 -2.955496e+01 1.776357e-15
    endloop
  endfacet
  facet normal -1.000000e+00 0.000000e+00 -1.224647e-16
    outer loop
      vertex -2.696768e+01 -2.970976e+01 5.080003e-01
      vertex -2.696768e+01 -2.970976e+01 1.776357e-15
      vertex -2.696768e+01 -3.167127e+01 1.776357e-15
    endloop
  endfacet
  facet normal -9.021595e-01 4.314028e-01 -8.406687e-17
    outer loop
      vertex -2.689366e+01 -2.955496e+01 5.080003e-01
      vertex -2.696768e+01 -2.970976e+01 1.776357e-15
      vertex -2.696768e+01 -2.970976e+01 5.080003e-01
    endloop
  endfacet
  facet normal -9.241784e-01 -3.819610e-01 -1.365676e-16
    outer loop
      vertex -2.696768e+01 -3.167127e+01 5.080003e-01
      vertex -2.696768e+01 -3.167127e+01 1.776357e-15
      vertex -2.690100e+01 -3.183260e+01 1.776357e-15
    endloop
  endfacet
  facet normal -1.000000e+00 0.000000e+00 -1.224647e-16
    outer loop
      vertex -2.696768e+01 -2.970976e+01 5.080003e-01
      vertex -2.696768e+01 -3.167127e+01 1.776357e-15
      vertex -2.696768e+01 -3.167127e+01 5.080003e-01
    endloop
  endfacet
  facet normal -5.524986e-01 -8.335139e-01 -1.186996e-16
    outer loop
      vertex -2.690100e+01 -3.183260e+01 5.080003e-01
      vertex -2.690100e+01 -3.183260e+01 1.776357e-15
      vertex -2.682578e+01 -3.188246e+01 1.776357e-15
    endloop
  endfacet
  facet normal -9.241784e-01 -3.819610e-01 -1.365676e-16
    outer loop
      vertex -2.690100e+01 -3.183260e+01 5.080003e-01
      vertex -2.696768e+01 -3.167127e+01 5.080003e-01
      vertex -2.690100e+01 -3.183260e+01 1.776357e-15
    endloop
  endfacet
  facet normal -1.986428e-01 -9.800720e-01 -8.433882e-17
    outer loop
      vertex -2.682578e+01 -3.188246e+01 5.080003e-01
      vertex -2.682578e+01 -3.188246e+01 1.776357e-15
      vertex -2.673821e+01 -3.190021e+01 1.776357e-15
    endloop
  endfacet
  facet normal -5.524986e-01 -8.335139e-01 -1.186996e-16
    outer loop
      vertex -2.682578e+01 -3.188246e+01 5.080003e-01
      vertex -2.690100e+01 -3.183260e+01 5.080003e-01
      vertex -2.682578e+01 -3.188246e+01 1.776357e-15
    endloop
  endfacet
  facet normal -1.986428e-01 -9.800720e-01 -8.433882e-17
    outer loop
      vertex -2.682578e+01 -3.188246e+01 5.080003e-01
      vertex -2.673821e+01 -3.190021e+01 1.776357e-15
      vertex -2.673821e+01 -3.190021e+01 5.080003e-01
    endloop
  endfacet
  facet normal 1.224647e-16 6.123234e-17 -1.000000e+00
    outer loop
      vertex -2.424698e+01 -3.188246e+01 1.776357e-15
      vertex -2.248242e+01 -3.183357e+01 1.776357e-15
      vertex -2.264398e+01 -3.190021e+01 1.776357e-15
    endloop
  endfacet
  facet normal 3.813192e-01 -9.244434e-01 -9.907704e-18
    outer loop
      vertex -2.264398e+01 -3.190021e+01 5.080003e-01
      vertex -2.264398e+01 -3.190021e+01 1.776357e-15
      vertex -2.248242e+01 -3.183357e+01 1.776357e-15
    endloop
  endfacet
  facet normal 1.224647e-16 6.123234e-17 -1.000000e+00
    outer loop
      vertex -2.415944e+01 -3.190021e+01 1.776357e-15
      vertex -2.424698e+01 -3.188246e+01 1.776357e-15
      vertex -2.264398e+01 -3.190021e+01 1.776357e-15
    endloop
  endfacet
  facet normal 7.443228e-15 -1.000000e+00 -6.123234e-17
    outer loop
      vertex -2.415944e+01 -3.190021e+01 5.080003e-01
      vertex -2.415944e+01 -3.190021e+01 1.776357e-15
      vertex -2.264398e+01 -3.190021e+01 1.776357e-15
    endloop
  endfacet
  facet normal 7.443228e-15 -1.000000e+00 -6.123234e-17
    outer loop
      vertex -2.264398e+01 -3.190021e+01 5.080003e-01
      vertex -2.415944e+01 -3.190021e+01 5.080003e-01
      vertex -2.264398e+01 -3.190021e+01 1.776357e-15
    endloop
  endfacet
  facet normal 1.224647e-16 6.123234e-17 -1.000000e+00
    outer loop
      vertex -2.432219e+01 -3.183260e+01 1.776357e-15
      vertex -2.243261e+01 -3.175850e+01 1.776357e-15
      vertex -2.248242e+01 -3.183357e+01 1.776357e-15
    endloop
  endfacet
  facet normal 8.332605e-01 -5.528806e-01 9.319239e-15
    outer loop
      vertex -2.248242e+01 -3.183357e+01 5.080003e-01
      vertex -2.248242e+01 -3.183357e+01 1.776357e-15
      vertex -2.243261e+01 -3.175850e+01 1.776357e-15
    endloop
  endfacet
  facet normal 1.224647e-16 6.123234e-17 -1.000000e+00
    outer loop
      vertex -2.424698e+01 -3.188246e+01 1.776357e-15
      vertex -2.432219e+01 -3.183260e+01 1.776357e-15
      vertex -2.248242e+01 -3.183357e+01 1.776357e-15
    endloop
  endfacet
  facet normal 3.813192e-01 -9.244434e-01 4.223585e-15
    outer loop
      vertex -2.248242e+01 -3.183357e+01 5.080003e-01
      vertex -2.264398e+01 -3.190021e+01 5.080003e-01
      vertex -2.248242e+01 -3.183357e+01 1.776357e-15
    endloop
  endfacet
  facet normal 1.224647e-16 6.123234e-17 -1.000000e+00
    outer loop
      vertex -2.438887e+01 -3.167127e+01 1.776357e-15
      vertex -2.241490e+01 -3.167127e+01 1.776357e-15
      vertex -2.243261e+01 -3.175850e+01 1.776357e-15
    endloop
  endfacet
  facet normal 9.800082e-01 -1.989572e-01 1.078338e-16
    outer loop
      vertex -2.243261e+01 -3.175850e+01 5.080003e-01
      vertex -2.243261e+01 -3.175850e+01 1.776357e-15
      vertex -2.241490e+01 -3.167127e+01 1.776357e-15
    endloop
  endfacet
  facet normal 1.224647e-16 6.123234e-17 -1.000000e+00
    outer loop
      vertex -2.432219e+01 -3.183260e+01 1.776357e-15
      vertex -2.438887e+01 -3.167127e+01 1.776357e-15
      vertex -2.243261e+01 -3.175850e+01 1.776357e-15
    endloop
  endfacet
  facet normal 8.332605e-01 -5.528806e-01 6.819080e-17
    outer loop
      vertex -2.243261e+01 -3.175850e+01 5.080003e-01
      vertex -2.248242e+01 -3.183357e+01 5.080003e-01
      vertex -2.243261e+01 -3.175850e+01 1.776357e-15
    endloop
  endfacet
  facet normal 1.224647e-16 6.123234e-17 -1.000000e+00
    outer loop
      vertex -2.438887e+01 -2.970976e+01 1.776357e-15
      vertex -2.241490e+01 -2.970976e+01 1.776357e-15
      vertex -2.241490e+01 -3.167127e+01 1.776357e-15
    endloop
  endfacet
  facet normal 1.000000e+00 0.000000e+00 1.224647e-16
    outer loop
      vertex -2.241490e+01 -3.167127e+01 5.080003e-01
      vertex -2.241490e+01 -3.167127e+01 1.776357e-15
      vertex -2.241490e+01 -2.970976e+01 1.776357e-15
    endloop
  endfacet
  facet normal 1.224647e-16 6.123234e-17 -1.000000e+00
    outer loop
      vertex -2.438887e+01 -3.167127e+01 1.776357e-15
      vertex -2.438887e+01 -2.970976e+01 1.776357e-15
      vertex -2.241490e+01 -3.167127e+01 1.776357e-15
    endloop
  endfacet
  facet normal 9.800082e-01 -1.989572e-01 1.078338e-16
    outer loop
      vertex -2.243261e+01 -3.175850e+01 5.080003e-01
      vertex -2.241490e+01 -3.167127e+01 1.776357e-15
      vertex -2.241490e+01 -3.167127e+01 5.080003e-01
    endloop
  endfacet
  facet normal 1.224647e-16 6.123234e-17 -1.000000e+00
    outer loop
      vertex -2.431485e+01 -2.955495e+01 1.776357e-15
      vertex -2.248893e+01 -2.955483e+01 1.776357e-15
      vertex -2.241490e+01 -2.970976e+01 1.776357e-15
    endloop
  endfacet
  facet normal 9.022875e-01 4.311349e-01 1.368977e-16
    outer loop
      vertex -2.241490e+01 -2.970976e+01 5.080003e-01
      vertex -2.241490e+01 -2.970976e+01 1.776357e-15
      vertex -2.248893e+01 -2.955483e+01 1.776357e-15
    endloop
  endfacet
  facet normal 1.224647e-16 6.123234e-17 -1.000000e+00
    outer loop
      vertex -2.438887e+01 -2.970976e+01 1.776357e-15
      vertex -2.431485e+01 -2.955495e+01 1.776357e-15
      vertex -2.241490e+01 -2.970976e+01 1.776357e-15
    endloop
  endfacet
  facet normal 1.000000e+00 0.000000e+00 1.224647e-16
    outer loop
      vertex -2.241490e+01 -3.167127e+01 5.080003e-01
      vertex -2.241490e+01 -2.970976e+01 1.776357e-15
      vertex -2.241490e+01 -2.970976e+01 5.080003e-01
    endloop
  endfacet
  facet normal 1.224647e-16 6.123234e-17 -1.000000e+00
    outer loop
      vertex -2.415944e+01 -2.948082e+01 1.776357e-15
      vertex -2.264398e+01 -2.948082e+01 1.776357e-15
      vertex -2.248893e+01 -2.955483e+01 1.776357e-15
    endloop
  endfacet
  facet normal 4.307938e-01 9.024504e-01 1.080162e-16
    outer loop
      vertex -2.248893e+01 -2.955483e+01 5.080003e-01
      vertex -2.248893e+01 -2.955483e+01 1.776357e-15
      vertex -2.264398e+01 -2.948082e+01 1.776357e-15
    endloop
  endfacet
  facet normal 1.224647e-16 6.123234e-17 -1.000000e+00
    outer loop
      vertex -2.423952e+01 -2.950074e+01 1.776357e-15
      vertex -2.415944e+01 -2.948082e+01 1.776357e-15
      vertex -2.248893e+01 -2.955483e+01 1.776357e-15
    endloop
  endfacet
  facet normal 1.224647e-16 6.123234e-17 -1.000000e+00
    outer loop
      vertex -2.431485e+01 -2.955495e+01 1.776357e-15
      vertex -2.423952e+01 -2.950074e+01 1.776357e-15
      vertex -2.248893e+01 -2.955483e+01 1.776357e-15
    endloop
  endfacet
  facet normal 9.022875e-01 4.311349e-01 1.368977e-16
    outer loop
      vertex -2.248893e+01 -2.955483e+01 5.080003e-01
      vertex -2.241490e+01 -2.970976e+01 5.080003e-01
      vertex -2.248893e+01 -2.955483e+01 1.776357e-15
    endloop
  endfacet
  facet normal -7.498799e-33 1.000000e+00 6.123234e-17
    outer loop
      vertex -2.264398e+01 -2.948082e+01 5.080003e-01
      vertex -2.264398e+01 -2.948082e+01 1.776357e-15
      vertex -2.415944e+01 -2.948082e+01 1.776357e-15
    endloop
  endfacet
  facet normal 4.307938e-01 9.024504e-01 1.080162e-16
    outer loop
      vertex -2.248893e+01 -2.955483e+01 5.080003e-01
      vertex -2.264398e+01 -2.948082e+01 1.776357e-15
      vertex -2.264398e+01 -2.948082e+01 5.080003e-01
    endloop
  endfacet
  facet normal -2.414606e-01 9.704106e-01 2.985012e-17
    outer loop
      vertex -2.415944e+01 -2.948082e+01 5.080003e-01
      vertex -2.415944e+01 -2.948082e+01 1.776357e-15
      vertex -2.423952e+01 -2.950074e+01 1.776357e-15
    endloop
  endfacet
  facet normal -7.498799e-33 1.000000e+00 6.123234e-17
    outer loop
      vertex -2.264398e+01 -2.948082e+01 5.080003e-01
      vertex -2.415944e+01 -2.948082e+01 1.776357e-15
      vertex -2.415944e+01 -2.948082e+01 5.080003e-01
    endloop
  endfacet
  facet normal -5.841378e-01 8.116545e-01 -2.183674e-17
    outer loop
      vertex -2.423952e+01 -2.950074e+01 5.080003e-01
      vertex -2.423952e+01 -2.950074e+01 1.776357e-15
      vertex -2.431485e+01 -2.955495e+01 1.776357e-15
    endloop
  endfacet
  facet normal -2.414606e-01 9.704106e-01 2.985012e-17
    outer loop
      vertex -2.423952e+01 -2.950074e+01 5.080003e-01
      vertex -2.415944e+01 -2.948082e+01 5.080003e-01
      vertex -2.423952e+01 -2.950074e+01 1.776357e-15
    endloop
  endfacet
  facet normal -9.021747e-01 4.313708e-01 -8.407069e-17
    outer loop
      vertex -2.431485e+01 -2.955495e+01 5.080003e-01
      vertex -2.431485e+01 -2.955495e+01 1.776357e-15
      vertex -2.438887e+01 -2.970976e+01 1.776357e-15
    endloop
  endfacet
  facet normal -5.841378e-01 8.116545e-01 -2.183674e-17
    outer loop
      vertex -2.431485e+01 -2.955495e+01 5.080003e-01
      vertex -2.423952e+01 -2.950074e+01 5.080003e-01
      vertex -2.431485e+01 -2.955495e+01 1.776357e-15
    endloop
  endfacet
  facet normal -1.000000e+00 0.000000e+00 -1.224647e-16
    outer loop
      vertex -2.438887e+01 -2.970976e+01 5.080003e-01
      vertex -2.438887e+01 -2.970976e+01 1.776357e-15
      vertex -2.438887e+01 -3.167127e+01 1.776357e-15
    endloop
  endfacet
  facet normal -9.021747e-01 4.313708e-01 -8.407069e-17
    outer loop
      vertex -2.431485e+01 -2.955495e+01 5.080003e-01
      vertex -2.438887e+01 -2.970976e+01 1.776357e-15
      vertex -2.438887e+01 -2.970976e+01 5.080003e-01
    endloop
  endfacet
  facet normal -9.241834e-01 -3.819489e-01 -1.365675e-16
    outer loop
      vertex -2.438887e+01 -3.167127e+01 5.080003e-01
      vertex -2.438887e+01 -3.167127e+01 1.776357e-15
      vertex -2.432219e+01 -3.183260e+01 1.776357e-15
    endloop
  endfacet
  facet normal -1.000000e+00 0.000000e+00 -1.224647e-16
    outer loop
      vertex -2.438887e+01 -2.970976e+01 5.080003e-01
      vertex -2.438887e+01 -3.167127e+01 1.776357e-15
      vertex -2.438887e+01 -3.167127e+01 5.080003e-01
    endloop
  endfacet
  facet normal -5.525319e-01 -8.334917e-01 9.187029e-15
    outer loop
      vertex -2.432219e+01 -3.183260e+01 5.080003e-01
      vertex -2.432219e+01 -3.183260e+01 1.776357e-15
      vertex -2.424698e+01 -3.188246e+01 1.776357e-15
    endloop
  endfacet
  facet normal -9.241834e-01 -3.819489e-01 -7.046344e-15
    outer loop
      vertex -2.432219e+01 -3.183260e+01 5.080003e-01
      vertex -2.438887e+01 -3.167127e+01 5.080003e-01
      vertex -2.432219e+01 -3.183260e+01 1.776357e-15
    endloop
  endfacet
  facet normal -1.986709e-01 -9.800662e-01 1.836896e-14
    outer loop
      vertex -2.424698e+01 -3.188246e+01 5.080003e-01
      vertex -2.424698e+01 -3.188246e+01 1.776357e-15
      vertex -2.415944e+01 -3.190021e+01 1.776357e-15
    endloop
  endfacet
  facet normal -5.525319e-01 -8.334917e-01 9.187029e-15
    outer loop
      vertex -2.424698e+01 -3.188246e+01 5.080003e-01
      vertex -2.432219e+01 -3.183260e+01 5.080003e-01
      vertex -2.424698e+01 -3.188246e+01 1.776357e-15
    endloop
  endfacet
  facet normal -1.986709e-01 -9.800662e-01 -1.186291e-15
    outer loop
      vertex -2.424698e+01 -3.188246e+01 5.080003e-01
      vertex -2.415944e+01 -3.190021e+01 1.776357e-15
      vertex -2.415944e+01 -3.190021e+01 5.080003e-01
    endloop
  endfacet
  facet normal 1.224647e-16 6.123234e-17 -1.000000e+00
    outer loop
      vertex -2.288942e+01 -3.438160e+01 1.776357e-15
      vertex -2.241131e+01 -3.438160e+01 1.776357e-15
      vertex -2.241539e+01 -3.440200e+01 1.776357e-15
    endloop
  endfacet
  facet normal 9.805807e-01 -1.961161e-01 1.080779e-16
    outer loop
      vertex -2.241131e+01 -3.438160e+01 5.080003e-01
      vertex -2.241539e+01 -3.440200e+01 1.776357e-15
      vertex -2.241131e+01 -3.438160e+01 1.776357e-15
    endloop
  endfacet
  facet normal 1.224647e-16 6.123234e-17 -1.000000e+00
    outer loop
      vertex -2.660758e+01 -3.438160e+01 1.776357e-15
      vertex -2.288942e+01 -3.438160e+01 1.776357e-15
      vertex -2.241539e+01 -3.440200e+01 1.776357e-15
    endloop
  endfacet
  facet normal 1.224647e-16 6.123234e-17 -1.000000e+00
    outer loop
      vertex -2.708569e+01 -3.438160e+01 1.776357e-15
      vertex -2.660758e+01 -3.438160e+01 1.776357e-15
      vertex -2.241539e+01 -3.440200e+01 1.776357e-15
    endloop
  endfacet
  facet normal 1.224647e-16 6.123234e-17 -1.000000e+00
    outer loop
      vertex -2.241539e+01 -3.489257e+01 1.776357e-15
      vertex -2.708569e+01 -3.438160e+01 1.776357e-15
      vertex -2.241539e+01 -3.440200e+01 1.776357e-15
    endloop
  endfacet
  facet normal 1.000000e+00 0.000000e+00 1.224647e-16
    outer loop
      vertex -2.241539e+01 -3.440200e+01 5.080003e-01
      vertex -2.241539e+01 -3.489257e+01 1.776357e-15
      vertex -2.241539e+01 -3.440200e+01 1.776357e-15
    endloop
  endfacet
  facet normal 9.805807e-01 -1.961161e-01 1.080779e-16
    outer loop
      vertex -2.241131e+01 -3.438160e+01 5.080003e-01
      vertex -2.241539e+01 -3.440200e+01 5.080003e-01
      vertex -2.241539e+01 -3.440200e+01 1.776357e-15
    endloop
  endfacet
  facet normal -7.498799e-33 1.000000e+00 6.123234e-17
    outer loop
      vertex -2.288942e+01 -3.438160e+01 5.080003e-01
      vertex -2.241131e+01 -3.438160e+01 1.776357e-15
      vertex -2.288942e+01 -3.438160e+01 1.776357e-15
    endloop
  endfacet
  facet normal -7.498799e-33 1.000000e+00 6.123234e-17
    outer loop
      vertex -2.241131e+01 -3.438160e+01 5.080003e-01
      vertex -2.241131e+01 -3.438160e+01 1.776357e-15
      vertex -2.288942e+01 -3.438160e+01 5.080003e-01
    endloop
  endfacet
  facet normal 1.224647e-16 6.123234e-17 -1.000000e+00
    outer loop
      vertex -2.641047e+01 -3.430085e+01 1.776357e-15
      vertex -2.299756e+01 -3.436005e+01 1.776357e-15
      vertex -2.288942e+01 -3.438160e+01 1.776357e-15
    endloop
  endfacet
  facet normal 1.954002e-01 9.807236e-01 8.398162e-17
    outer loop
      vertex -2.288942e+01 -3.438160e+01 5.080003e-01
      vertex -2.288942e+01 -3.438160e+01 1.776357e-15
      vertex -2.299756e+01 -3.436005e+01 1.776357e-15
    endloop
  endfacet
  facet normal 1.224647e-16 6.123234e-17 -1.000000e+00
    outer loop
      vertex -2.660758e+01 -3.438160e+01 1.776357e-15
      vertex -2.641047e+01 -3.430085e+01 1.776357e-15
      vertex -2.288942e+01 -3.438160e+01 1.776357e-15
    endloop
  endfacet
  facet normal 1.224647e-16 6.123234e-17 -1.000000e+00
    outer loop
      vertex -2.641047e+01 -3.430085e+01 1.776357e-15
      vertex -2.308927e+01 -3.429812e+01 1.776357e-15
      vertex -2.299756e+01 -3.436005e+01 1.776357e-15
    endloop
  endfacet
  facet normal 5.596313e-01 8.287416e-01 1.192809e-16
    outer loop
      vertex -2.299756e+01 -3.436005e+01 5.080003e-01
      vertex -2.299756e+01 -3.436005e+01 1.776357e-15
      vertex -2.308927e+01 -3.429812e+01 1.776357e-15
    endloop
  endfacet
  facet normal 1.954002e-01 9.807236e-01 8.398162e-17
    outer loop
      vertex -2.299756e+01 -3.436005e+01 5.080003e-01
      vertex -2.288942e+01 -3.438160e+01 5.080003e-01
      vertex -2.299756e+01 -3.436005e+01 1.776357e-15
    endloop
  endfacet
  facet normal 1.224647e-16 6.123234e-17 -1.000000e+00
    outer loop
      vertex -2.632704e+01 -3.410155e+01 1.776357e-15
      vertex -2.316996e+01 -3.410155e+01 1.776357e-15
      vertex -2.308927e+01 -3.429812e+01 1.776357e-15
    endloop
  endfacet
  facet normal 9.251025e-01 3.797173e-01 1.365434e-16
    outer loop
      vertex -2.308927e+01 -3.429812e+01 5.080003e-01
      vertex -2.308927e+01 -3.429812e+01 1.776357e-15
      vertex -2.316996e+01 -3.410155e+01 1.776357e-15
    endloop
  endfacet
  facet normal 1.224647e-16 6.123234e-17 -1.000000e+00
    outer loop
      vertex -2.634855e+01 -3.420930e+01 1.776357e-15
      vertex -2.632704e+01 -3.410155e+01 1.776357e-15
      vertex -2.308927e+01 -3.429812e+01 1.776357e-15
    endloop
  endfacet
  facet normal 1.224647e-16 6.123234e-17 -1.000000e+00
    outer loop
      vertex -2.641047e+01 -3.430085e+01 1.776357e-15
      vertex -2.634855e+01 -3.420930e+01 1.776357e-15
      vertex -2.308927e+01 -3.429812e+01 1.776357e-15
    endloop
  endfacet
  facet normal 5.596313e-01 8.287416e-01 1.192809e-16
    outer loop
      vertex -2.308927e+01 -3.429812e+01 5.080003e-01
      vertex -2.299756e+01 -3.436005e+01 5.080003e-01
      vertex -2.308927e+01 -3.429812e+01 1.776357e-15
    endloop
  endfacet
  facet normal 1.224647e-16 6.123234e-17 -1.000000e+00
    outer loop
      vertex -2.632704e+01 -3.361101e+01 1.776357e-15
      vertex -2.316996e+01 -3.361101e+01 1.776357e-15
      vertex -2.316996e+01 -3.410155e+01 1.776357e-15
    endloop
  endfacet
  facet normal 1.000000e+00 0.000000e+00 1.224647e-16
    outer loop
      vertex -2.316996e+01 -3.361101e+01 5.080003e-01
      vertex -2.316996e+01 -3.410155e+01 1.776357e-15
      vertex -2.316996e+01 -3.361101e+01 1.776357e-15
    endloop
  endfacet
  facet normal 1.224647e-16 6.123234e-17 -1.000000e+00
    outer loop
      vertex -2.632704e+01 -3.410155e+01 1.776357e-15
      vertex -2.632704e+01 -3.361101e+01 1.776357e-15
      vertex -2.316996e+01 -3.410155e+01 1.776357e-15
    endloop
  endfacet
  facet normal 1.000000e+00 0.000000e+00 1.224647e-16
    outer loop
      vertex -2.316996e+01 -3.410155e+01 5.080003e-01
      vertex -2.316996e+01 -3.410155e+01 1.776357e-15
      vertex -2.316996e+01 -3.361101e+01 5.080003e-01
    endloop
  endfacet
  facet normal 9.251025e-01 3.797173e-01 1.365434e-16
    outer loop
      vertex -2.308927e+01 -3.429812e+01 5.080003e-01
      vertex -2.316996e+01 -3.410155e+01 1.776357e-15
      vertex -2.316996e+01 -3.410155e+01 5.080003e-01
    endloop
  endfacet
  facet normal 1.224647e-16 6.123234e-17 -1.000000e+00
    outer loop
      vertex -2.641047e+01 -3.430085e+01 5.080003e-01
      vertex -2.660758e+01 -3.438160e+01 5.080003e-01
      vertex -2.811173e+01 -3.429424e+01 5.080003e-01
    endloop
  endfacet
  facet normal 1.224647e-16 6.123234e-17 -1.000000e+00
    outer loop
      vertex -2.660758e+01 -3.438160e+01 5.080003e-01
      vertex -2.708569e+01 -3.438160e+01 5.080003e-01
      vertex -2.811173e+01 -3.429424e+01 5.080003e-01
    endloop
  endfacet
  facet normal 1.224647e-16 6.123234e-17 -1.000000e+00
    outer loop
      vertex -2.634855e+01 -3.420930e+01 5.080003e-01
      vertex -2.811173e+01 -3.429424e+01 5.080003e-01
      vertex -2.804973e+01 -3.420251e+01 5.080003e-01
    endloop
  endfacet
  facet normal 1.224647e-16 6.123234e-17 -1.000000e+00
    outer loop
      vertex -2.362031e+01 -3.357965e+01 1.776357e-15
      vertex -2.316368e+01 -3.357965e+01 1.776357e-15
      vertex -2.316996e+01 -3.361101e+01 1.776357e-15
    endloop
  endfacet
  facet normal 9.805387e-01 -1.963259e-01 1.080599e-16
    outer loop
      vertex -2.316996e+01 -3.361101e+01 5.080003e-01
      vertex -2.316996e+01 -3.361101e+01 1.776357e-15
      vertex -2.316368e+01 -3.357965e+01 1.776357e-15
    endloop
  endfacet
  facet normal 1.224647e-16 6.123234e-17 -1.000000e+00
    outer loop
      vertex -2.587669e+01 -3.357965e+01 1.776357e-15
      vertex -2.362031e+01 -3.357965e+01 1.776357e-15
      vertex -2.316996e+01 -3.361101e+01 1.776357e-15
    endloop
  endfacet
  facet normal 1.224647e-16 6.123234e-17 -1.000000e+00
    outer loop
      vertex -2.633335e+01 -3.357965e+01 1.776357e-15
      vertex -2.587669e+01 -3.357965e+01 1.776357e-15
      vertex -2.316996e+01 -3.361101e+01 1.776357e-15
    endloop
  endfacet
  facet normal 1.224647e-16 6.123234e-17 -1.000000e+00
    outer loop
      vertex -2.632704e+01 -3.361101e+01 1.776357e-15
      vertex -2.633335e+01 -3.357965e+01 1.776357e-15
      vertex -2.316996e+01 -3.361101e+01 1.776357e-15
    endloop
  endfacet
  facet normal 1.224647e-16 6.123234e-17 -1.000000e+00
    outer loop
      vertex -2.708161e+01 -3.489257e+01 5.080003e-01
      vertex -2.813325e+01 -3.489257e+01 5.080003e-01
      vertex -2.813325e+01 -3.440200e+01 5.080003e-01
    endloop
  endfacet
  facet normal -7.498799e-33 1.000000e+00 6.123234e-17
    outer loop
      vertex -2.362031e+01 -3.357965e+01 5.080003e-01
      vertex -2.316368e+01 -3.357965e+01 1.776357e-15
      vertex -2.362031e+01 -3.357965e+01 1.776357e-15
    endloop
  endfacet
  facet normal -7.498799e-33 1.000000e+00 6.123234e-17
    outer loop
      vertex -2.316368e+01 -3.357965e+01 5.080003e-01
      vertex -2.316368e+01 -3.357965e+01 1.776357e-15
      vertex -2.362031e+01 -3.357965e+01 5.080003e-01
    endloop
  endfacet
  facet normal 9.805387e-01 -1.963259e-01 -5.334439e-15
    outer loop
      vertex -2.316996e+01 -3.361101e+01 5.080003e-01
      vertex -2.316368e+01 -3.357965e+01 1.776357e-15
      vertex -2.316368e+01 -3.357965e+01 5.080003e-01
    endloop
  endfacet
  facet normal 1.224647e-16 6.123234e-17 -1.000000e+00
    outer loop
      vertex -2.567993e+01 -3.349877e+01 1.776357e-15
      vertex -2.372804e+01 -3.355814e+01 1.776357e-15
      vertex -2.362031e+01 -3.357965e+01 1.776357e-15
    endloop
  endfacet
  facet normal 1.958641e-01 9.806311e-01 8.403277e-17
    outer loop
      vertex -2.362031e+01 -3.357965e+01 5.080003e-01
      vertex -2.362031e+01 -3.357965e+01 1.776357e-15
      vertex -2.372804e+01 -3.355814e+01 1.776357e-15
    endloop
  endfacet
  facet normal 1.224647e-16 6.123234e-17 -1.000000e+00
    outer loop
      vertex -2.587669e+01 -3.357965e+01 1.776357e-15
      vertex -2.567993e+01 -3.349877e+01 1.776357e-15
      vertex -2.362031e+01 -3.357965e+01 1.776357e-15
    endloop
  endfacet
  facet normal 1.224647e-16 6.123234e-17 -1.000000e+00
    outer loop
      vertex -2.567993e+01 -3.349877e+01 1.776357e-15
      vertex -2.381976e+01 -3.349611e+01 1.776357e-15
      vertex -2.372804e+01 -3.355814e+01 1.776357e-15
    endloop
  endfacet
  facet normal 5.602080e-01 8.283520e-01 2.499756e-14
    outer loop
      vertex -2.372804e+01 -3.355814e+01 5.080003e-01
      vertex -2.372804e+01 -3.355814e+01 1.776357e-15
      vertex -2.381976e+01 -3.349611e+01 1.776357e-15
    endloop
  endfacet
  facet normal 1.958641e-01 9.806311e-01 8.782146e-15
    outer loop
      vertex -2.372804e+01 -3.355814e+01 5.080003e-01
      vertex -2.362031e+01 -3.357965e+01 5.080003e-01
      vertex -2.372804e+01 -3.355814e+01 1.776357e-15
    endloop
  endfacet
  facet normal 1.224647e-16 6.123234e-17 -1.000000e+00
    outer loop
      vertex -2.559633e+01 -3.329894e+01 1.776357e-15
      vertex -2.390070e+01 -3.329894e+01 1.776357e-15
      vertex -2.381976e+01 -3.349611e+01 1.776357e-15
    endloop
  endfacet
  facet normal 9.250748e-01 3.797849e-01 1.224441e-14
    outer loop
      vertex -2.381976e+01 -3.349611e+01 5.080003e-01
      vertex -2.381976e+01 -3.349611e+01 1.776357e-15
      vertex -2.390070e+01 -3.329894e+01 1.776357e-15
    endloop
  endfacet
  facet normal 1.224647e-16 6.123234e-17 -1.000000e+00
    outer loop
      vertex -2.561788e+01 -3.340690e+01 1.776357e-15
      vertex -2.559633e+01 -3.329894e+01 1.776357e-15
      vertex -2.381976e+01 -3.349611e+01 1.776357e-15
    endloop
  endfacet
  facet normal 1.224647e-16 6.123234e-17 -1.000000e+00
    outer loop
      vertex -2.567993e+01 -3.349877e+01 1.776357e-15
      vertex -2.561788e+01 -3.340690e+01 1.776357e-15
      vertex -2.381976e+01 -3.349611e+01 1.776357e-15
    endloop
  endfacet
  facet normal 5.602080e-01 8.283520e-01 -5.834667e-15
    outer loop
      vertex -2.381976e+01 -3.349611e+01 5.080003e-01
      vertex -2.372804e+01 -3.355814e+01 5.080003e-01
      vertex -2.381976e+01 -3.349611e+01 1.776357e-15
    endloop
  endfacet
  facet normal 1.224647e-16 6.123234e-17 -1.000000e+00
    outer loop
      vertex -2.559633e+01 -3.280840e+01 1.776357e-15
      vertex -2.390070e+01 -3.280840e+01 1.776357e-15
      vertex -2.390070e+01 -3.329894e+01 1.776357e-15
    endloop
  endfacet
  facet normal 1.000000e+00 0.000000e+00 1.224647e-16
    outer loop
      vertex -2.390070e+01 -3.280840e+01 5.080003e-01
      vertex -2.390070e+01 -3.329894e+01 1.776357e-15
      vertex -2.390070e+01 -3.280840e+01 1.776357e-15
    endloop
  endfacet
  facet normal 1.224647e-16 6.123234e-17 -1.000000e+00
    outer loop
      vertex -2.559633e+01 -3.329894e+01 1.776357e-15
      vertex -2.559633e+01 -3.280840e+01 1.776357e-15
      vertex -2.390070e+01 -3.329894e+01 1.776357e-15
    endloop
  endfacet
  facet normal 1.000000e+00 0.000000e+00 1.224647e-16
    outer loop
      vertex -2.390070e+01 -3.329894e+01 5.080003e-01
      vertex -2.390070e+01 -3.329894e+01 1.776357e-15
      vertex -2.390070e+01 -3.280840e+01 5.080003e-01
    endloop
  endfacet
  facet normal 9.250748e-01 3.797849e-01 1.365441e-16
    outer loop
      vertex -2.381976e+01 -3.349611e+01 5.080003e-01
      vertex -2.390070e+01 -3.329894e+01 1.776357e-15
      vertex -2.390070e+01 -3.329894e+01 5.080003e-01
    endloop
  endfacet
  facet normal 1.224647e-16 6.123234e-17 -1.000000e+00
    outer loop
      vertex -2.560540e+01 -3.274386e+01 1.776357e-15
      vertex -2.389164e+01 -3.274393e+01 1.776357e-15
      vertex -2.390070e+01 -3.280840e+01 1.776357e-15
    endloop
  endfacet
  facet normal 9.902764e-01 -1.391137e-01 1.127556e-16
    outer loop
      vertex -2.390070e+01 -3.280840e+01 5.080003e-01
      vertex -2.390070e+01 -3.280840e+01 1.776357e-15
      vertex -2.389164e+01 -3.274393e+01 1.776357e-15
    endloop
  endfacet
  facet normal 1.224647e-16 6.123234e-17 -1.000000e+00
    outer loop
      vertex -2.559633e+01 -3.280840e+01 1.776357e-15
      vertex -2.560540e+01 -3.274386e+01 1.776357e-15
      vertex -2.390070e+01 -3.280840e+01 1.776357e-15
    endloop
  endfacet
  facet normal 1.224647e-16 6.123234e-17 -1.000000e+00
    outer loop
      vertex -2.458439e+01 -3.267896e+01 1.776357e-15
      vertex -2.386509e+01 -3.267896e+01 1.776357e-15
      vertex -2.389164e+01 -3.274393e+01 1.776357e-15
    endloop
  endfacet
  facet normal 9.256547e-01 -3.783694e-01 9.019157e-17
    outer loop
      vertex -2.389164e+01 -3.274393e+01 5.080003e-01
      vertex -2.389164e+01 -3.274393e+01 1.776357e-15
      vertex -2.386509e+01 -3.267896e+01 1.776357e-15
    endloop
  endfacet
  facet normal 1.224647e-16 6.123234e-17 -1.000000e+00
    outer loop
      vertex -2.475881e+01 -3.267896e+01 1.776357e-15
      vertex -2.458439e+01 -3.267896e+01 1.776357e-15
      vertex -2.389164e+01 -3.274393e+01 1.776357e-15
    endloop
  endfacet
  facet normal 1.224647e-16 6.123234e-17 -1.000000e+00
    outer loop
      vertex -2.563195e+01 -3.267896e+01 1.776357e-15
      vertex -2.475881e+01 -3.267896e+01 1.776357e-15
      vertex -2.389164e+01 -3.274393e+01 1.776357e-15
    endloop
  endfacet
  facet normal 1.224647e-16 6.123234e-17 -1.000000e+00
    outer loop
      vertex -2.560540e+01 -3.274386e+01 1.776357e-15
      vertex -2.563195e+01 -3.267896e+01 1.776357e-15
      vertex -2.389164e+01 -3.274393e+01 1.776357e-15
    endloop
  endfacet
  facet normal 9.902764e-01 -1.391137e-01 1.127556e-16
    outer loop
      vertex -2.389164e+01 -3.274393e+01 5.080003e-01
      vertex -2.390070e+01 -3.280840e+01 5.080003e-01
      vertex -2.389164e+01 -3.274393e+01 1.776357e-15
    endloop
  endfacet
  facet normal -7.498799e-33 1.000000e+00 6.123234e-17
    outer loop
      vertex -2.386509e+01 -3.267896e+01 5.080003e-01
      vertex -2.386509e+01 -3.267896e+01 1.776357e-15
      vertex -2.458439e+01 -3.267896e+01 1.776357e-15
    endloop
  endfacet
  facet normal 9.256547e-01 -3.783694e-01 3.091817e-14
    outer loop
      vertex -2.389164e+01 -3.274393e+01 5.080003e-01
      vertex -2.386509e+01 -3.267896e+01 1.776357e-15
      vertex -2.386509e+01 -3.267896e+01 5.080003e-01
    endloop
  endfacet
  facet normal 1.224647e-16 6.123234e-17 -1.000000e+00
    outer loop
      vertex -2.471374e+01 -3.267546e+01 1.776357e-15
      vertex -2.462966e+01 -3.267544e+01 1.776357e-15
      vertex -2.458439e+01 -3.267896e+01 1.776357e-15
    endloop
  endfacet
  facet normal 7.728028e-02 9.970094e-01 7.051332e-17
    outer loop
      vertex -2.458439e+01 -3.267896e+01 5.080003e-01
      vertex -2.458439e+01 -3.267896e+01 1.776357e-15
      vertex -2.462966e+01 -3.267544e+01 1.776357e-15
    endloop
  endfacet
  facet normal 1.224647e-16 6.123234e-17 -1.000000e+00
    outer loop
      vertex -2.475881e+01 -3.267896e+01 1.776357e-15
      vertex -2.471374e+01 -3.267546e+01 1.776357e-15
      vertex -2.458439e+01 -3.267896e+01 1.776357e-15
    endloop
  endfacet
  facet normal -7.498799e-33 1.000000e+00 6.123234e-17
    outer loop
      vertex -2.386509e+01 -3.267896e+01 5.080003e-01
      vertex -2.458439e+01 -3.267896e+01 1.776357e-15
      vertex -2.458439e+01 -3.267896e+01 5.080003e-01
    endloop
  endfacet
  facet normal 1.224647e-16 6.123234e-17 -1.000000e+00
    outer loop
      vertex -2.471374e+01 -3.267546e+01 1.776357e-15
      vertex -2.467160e+01 -3.266500e+01 1.776357e-15
      vertex -2.462966e+01 -3.267544e+01 1.776357e-15
    endloop
  endfacet
  facet normal 2.416653e-01 9.703597e-01 8.901286e-17
    outer loop
      vertex -2.462966e+01 -3.267544e+01 5.080003e-01
      vertex -2.462966e+01 -3.267544e+01 1.776357e-15
      vertex -2.467160e+01 -3.266500e+01 1.776357e-15
    endloop
  endfacet
  facet normal 7.728028e-02 9.970094e-01 7.051332e-17
    outer loop
      vertex -2.462966e+01 -3.267544e+01 5.080003e-01
      vertex -2.458439e+01 -3.267896e+01 5.080003e-01
      vertex -2.462966e+01 -3.267544e+01 1.776357e-15
    endloop
  endfacet
  facet normal -2.408427e-01 9.705642e-01 2.993519e-17
    outer loop
      vertex -2.467160e+01 -3.266500e+01 5.080003e-01
      vertex -2.467160e+01 -3.266500e+01 1.776357e-15
      vertex -2.471374e+01 -3.267546e+01 1.776357e-15
    endloop
  endfacet
  facet normal 2.416653e-01 9.703597e-01 8.901286e-17
    outer loop
      vertex -2.462966e+01 -3.267544e+01 5.080003e-01
      vertex -2.467160e+01 -3.266500e+01 1.776357e-15
      vertex -2.467160e+01 -3.266500e+01 5.080003e-01
    endloop
  endfacet
  facet normal -7.732669e-02 9.970058e-01 5.157921e-17
    outer loop
      vertex -2.471374e+01 -3.267546e+01 5.080003e-01
      vertex -2.471374e+01 -3.267546e+01 1.776357e-15
      vertex -2.475881e+01 -3.267896e+01 1.776357e-15
    endloop
  endfacet
  facet normal -2.408427e-01 9.705642e-01 2.993519e-17
    outer loop
      vertex -2.471374e+01 -3.267546e+01 5.080003e-01
      vertex -2.467160e+01 -3.266500e+01 5.080003e-01
      vertex -2.471374e+01 -3.267546e+01 1.776357e-15
    endloop
  endfacet
  facet normal -7.498799e-33 1.000000e+00 6.123234e-17
    outer loop
      vertex -2.475881e+01 -3.267896e+01 5.080003e-01
      vertex -2.475881e+01 -3.267896e+01 1.776357e-15
      vertex -2.563195e+01 -3.267896e+01 1.776357e-15
    endloop
  endfacet
  facet normal -7.732669e-02 9.970058e-01 5.157921e-17
    outer loop
      vertex -2.471374e+01 -3.267546e+01 5.080003e-01
      vertex -2.475881e+01 -3.267896e+01 1.776357e-15
      vertex -2.475881e+01 -3.267896e+01 5.080003e-01
    endloop
  endfacet
  facet normal -9.255921e-01 -3.785226e-01 -1.365302e-16
    outer loop
      vertex -2.563195e+01 -3.267896e+01 5.080003e-01
      vertex -2.563195e+01 -3.267896e+01 1.776357e-15
      vertex -2.560540e+01 -3.274386e+01 1.776357e-15
    endloop
  endfacet
  facet normal -7.498799e-33 1.000000e+00 6.123234e-17
    outer loop
      vertex -2.475881e+01 -3.267896e+01 5.080003e-01
      vertex -2.563195e+01 -3.267896e+01 1.776357e-15
      vertex -2.563195e+01 -3.267896e+01 5.080003e-01
    endloop
  endfacet
  facet normal -9.902614e-01 -1.392199e-01 -1.297968e-16
    outer loop
      vertex -2.560540e+01 -3.274386e+01 5.080003e-01
      vertex -2.560540e+01 -3.274386e+01 1.776357e-15
      vertex -2.559633e+01 -3.280840e+01 1.776357e-15
    endloop
  endfacet
  facet normal -9.255921e-01 -3.785226e-01 -1.365302e-16
    outer loop
      vertex -2.560540e+01 -3.274386e+01 5.080003e-01
      vertex -2.563195e+01 -3.267896e+01 5.080003e-01
      vertex -2.560540e+01 -3.274386e+01 1.776357e-15
    endloop
  endfacet
  facet normal -1.000000e+00 0.000000e+00 -1.224647e-16
    outer loop
      vertex -2.559633e+01 -3.329894e+01 5.080003e-01
      vertex -2.559633e+01 -3.280840e+01 1.776357e-15
      vertex -2.559633e+01 -3.329894e+01 1.776357e-15
    endloop
  endfacet
  facet normal -1.000000e+00 0.000000e+00 -1.224647e-16
    outer loop
      vertex -2.559633e+01 -3.280840e+01 5.080003e-01
      vertex -2.559633e+01 -3.280840e+01 1.776357e-15
      vertex -2.559633e+01 -3.329894e+01 5.080003e-01
    endloop
  endfacet
  facet normal -9.902614e-01 -1.392199e-01 -1.297968e-16
    outer loop
      vertex -2.560540e+01 -3.274386e+01 5.080003e-01
      vertex -2.559633e+01 -3.280840e+01 1.776357e-15
      vertex -2.559633e+01 -3.280840e+01 5.080003e-01
    endloop
  endfacet
  facet normal -9.806526e-01 1.957559e-01 -1.081087e-16
    outer loop
      vertex -2.559633e+01 -3.329894e+01 5.080003e-01
      vertex -2.559633e+01 -3.329894e+01 1.776357e-15
      vertex -2.561788e+01 -3.340690e+01 1.776357e-15
    endloop
  endfacet
  facet normal -8.286742e-01 5.597313e-01 -6.720966e-17
    outer loop
      vertex -2.561788e+01 -3.340690e+01 5.080003e-01
      vertex -2.561788e+01 -3.340690e+01 1.776357e-15
      vertex -2.567993e+01 -3.349877e+01 1.776357e-15
    endloop
  endfacet
  facet normal -9.806526e-01 1.957559e-01 -1.081087e-16
    outer loop
      vertex -2.561788e+01 -3.340690e+01 5.080003e-01
      vertex -2.559633e+01 -3.329894e+01 5.080003e-01
      vertex -2.561788e+01 -3.340690e+01 1.776357e-15
    endloop
  endfacet
  facet normal -3.802002e-01 9.249042e-01 1.007295e-17
    outer loop
      vertex -2.567993e+01 -3.349877e+01 5.080003e-01
      vertex -2.567993e+01 -3.349877e+01 1.776357e-15
      vertex -2.587669e+01 -3.357965e+01 1.776357e-15
    endloop
  endfacet
  facet normal -8.286742e-01 5.597313e-01 -6.720966e-17
    outer loop
      vertex -2.567993e+01 -3.349877e+01 5.080003e-01
      vertex -2.561788e+01 -3.340690e+01 5.080003e-01
      vertex -2.567993e+01 -3.349877e+01 1.776357e-15
    endloop
  endfacet
  facet normal -7.498799e-33 1.000000e+00 6.123234e-17
    outer loop
      vertex -2.633335e+01 -3.357965e+01 5.080003e-01
      vertex -2.587669e+01 -3.357965e+01 1.776357e-15
      vertex -2.633335e+01 -3.357965e+01 1.776357e-15
    endloop
  endfacet
  facet normal -7.498799e-33 1.000000e+00 6.123234e-17
    outer loop
      vertex -2.587669e+01 -3.357965e+01 5.080003e-01
      vertex -2.587669e+01 -3.357965e+01 1.776357e-15
      vertex -2.633335e+01 -3.357965e+01 5.080003e-01
    endloop
  endfacet
  facet normal -3.802002e-01 9.249042e-01 1.007295e-17
    outer loop
      vertex -2.567993e+01 -3.349877e+01 5.080003e-01
      vertex -2.587669e+01 -3.357965e+01 1.776357e-15
      vertex -2.587669e+01 -3.357965e+01 5.080003e-01
    endloop
  endfacet
  facet normal -9.803283e-01 -1.973742e-01 -1.321413e-16
    outer loop
      vertex -2.633335e+01 -3.357965e+01 5.080003e-01
      vertex -2.633335e+01 -3.357965e+01 1.776357e-15
      vertex -2.632704e+01 -3.361101e+01 1.776357e-15
    endloop
  endfacet
  facet normal 1.224647e-16 6.123234e-17 -1.000000e+00
    outer loop
      vertex -2.708569e+01 -3.438160e+01 5.080003e-01
      vertex -2.708161e+01 -3.489257e+01 5.080003e-01
      vertex -2.813325e+01 -3.440200e+01 5.080003e-01
    endloop
  endfacet
  facet normal 1.224647e-16 6.123234e-17 -1.000000e+00
    outer loop
      vertex -2.634855e+01 -3.420930e+01 5.080003e-01
      vertex -2.804973e+01 -3.420251e+01 5.080003e-01
      vertex -2.785289e+01 -3.412164e+01 5.080003e-01
    endloop
  endfacet
  facet normal -1.000000e+00 0.000000e+00 -1.224647e-16
    outer loop
      vertex -2.632704e+01 -3.410155e+01 5.080003e-01
      vertex -2.632704e+01 -3.361101e+01 1.776357e-15
      vertex -2.632704e+01 -3.410155e+01 1.776357e-15
    endloop
  endfacet
  facet normal -1.000000e+00 0.000000e+00 -1.224647e-16
    outer loop
      vertex -2.632704e+01 -3.361101e+01 5.080003e-01
      vertex -2.632704e+01 -3.361101e+01 1.776357e-15
      vertex -2.632704e+01 -3.410155e+01 5.080003e-01
    endloop
  endfacet
  facet normal -9.803283e-01 -1.973742e-01 -1.321413e-16
    outer loop
      vertex -2.633335e+01 -3.357965e+01 5.080003e-01
      vertex -2.632704e+01 -3.361101e+01 1.776357e-15
      vertex -2.632704e+01 -3.361101e+01 5.080003e-01
    endloop
  endfacet
  facet normal -9.806516e-01 1.957614e-01 -1.081083e-16
    outer loop
      vertex -2.632704e+01 -3.410155e+01 5.080003e-01
      vertex -2.632704e+01 -3.410155e+01 1.776357e-15
      vertex -2.634855e+01 -3.420930e+01 1.776357e-15
    endloop
  endfacet
  facet normal -8.283129e-01 5.602658e-01 -6.713268e-17
    outer loop
      vertex -2.634855e+01 -3.420930e+01 5.080003e-01
      vertex -2.634855e+01 -3.420930e+01 1.776357e-15
      vertex -2.641047e+01 -3.430085e+01 1.776357e-15
    endloop
  endfacet
  facet normal -9.806516e-01 1.957614e-01 -1.081083e-16
    outer loop
      vertex -2.634855e+01 -3.420930e+01 5.080003e-01
      vertex -2.632704e+01 -3.410155e+01 5.080003e-01
      vertex -2.634855e+01 -3.420930e+01 1.776357e-15
    endloop
  endfacet
  facet normal -3.790923e-01 9.253588e-01 1.023647e-17
    outer loop
      vertex -2.641047e+01 -3.430085e+01 5.080003e-01
      vertex -2.641047e+01 -3.430085e+01 1.776357e-15
      vertex -2.660758e+01 -3.438160e+01 1.776357e-15
    endloop
  endfacet
  facet normal -8.283129e-01 5.602658e-01 -6.713268e-17
    outer loop
      vertex -2.641047e+01 -3.430085e+01 5.080003e-01
      vertex -2.634855e+01 -3.420930e+01 5.080003e-01
      vertex -2.641047e+01 -3.430085e+01 1.776357e-15
    endloop
  endfacet
  facet normal -7.498799e-33 1.000000e+00 6.123234e-17
    outer loop
      vertex -2.708569e+01 -3.438160e+01 5.080003e-01
      vertex -2.660758e+01 -3.438160e+01 1.776357e-15
      vertex -2.708569e+01 -3.438160e+01 1.776357e-15
    endloop
  endfacet
  facet normal -7.498799e-33 1.000000e+00 6.123234e-17
    outer loop
      vertex -2.660758e+01 -3.438160e+01 5.080003e-01
      vertex -2.660758e+01 -3.438160e+01 1.776357e-15
      vertex -2.708569e+01 -3.438160e+01 5.080003e-01
    endloop
  endfacet
  facet normal -3.790923e-01 9.253588e-01 1.023647e-17
    outer loop
      vertex -2.641047e+01 -3.430085e+01 5.080003e-01
      vertex -2.660758e+01 -3.438160e+01 1.776357e-15
      vertex -2.660758e+01 -3.438160e+01 5.080003e-01
    endloop
  endfacet
  facet normal 1.224647e-16 6.123234e-17 -1.000000e+00
    outer loop
      vertex -2.241539e+01 -3.489257e+01 1.776357e-15
      vertex -2.708161e+01 -3.489257e+01 1.776357e-15
      vertex -2.708569e+01 -3.438160e+01 1.776357e-15
    endloop
  endfacet
  facet normal -9.999682e-01 -7.987184e-03 -1.229498e-16
    outer loop
      vertex -2.708569e+01 -3.438160e+01 5.080003e-01
      vertex -2.708569e+01 -3.438160e+01 1.776357e-15
      vertex -2.708161e+01 -3.489257e+01 1.776357e-15
    endloop
  endfacet
  facet normal 1.224647e-16 6.123234e-17 -1.000000e+00
    outer loop
      vertex -2.233461e+01 -3.508976e+01 1.776357e-15
      vertex -2.710316e+01 -3.500076e+01 1.776357e-15
      vertex -2.708161e+01 -3.489257e+01 1.776357e-15
    endloop
  endfacet
  facet normal -9.807283e-01 1.953770e-01 -1.081412e-16
    outer loop
      vertex -2.708161e+01 -3.489257e+01 5.080003e-01
      vertex -2.708161e+01 -3.489257e+01 1.776357e-15
      vertex -2.710316e+01 -3.500076e+01 1.776357e-15
    endloop
  endfacet
  facet normal 1.224647e-16 6.123234e-17 -1.000000e+00
    outer loop
      vertex -2.241539e+01 -3.489257e+01 1.776357e-15
      vertex -2.233461e+01 -3.508976e+01 1.776357e-15
      vertex -2.708161e+01 -3.489257e+01 1.776357e-15
    endloop
  endfacet
  facet normal -9.999682e-01 -7.987184e-03 -1.229498e-16
    outer loop
      vertex -2.708569e+01 -3.438160e+01 5.080003e-01
      vertex -2.708161e+01 -3.489257e+01 1.776357e-15
      vertex -2.708161e+01 -3.489257e+01 5.080003e-01
    endloop
  endfacet
  facet normal 1.224647e-16 6.123234e-17 -1.000000e+00
    outer loop
      vertex -2.233461e+01 -3.508976e+01 1.776357e-15
      vertex -2.716514e+01 -3.509251e+01 1.776357e-15
      vertex -2.710316e+01 -3.500076e+01 1.776357e-15
    endloop
  endfacet
  facet normal -8.286622e-01 5.597491e-01 -6.720710e-17
    outer loop
      vertex -2.710316e+01 -3.500076e+01 5.080003e-01
      vertex -2.710316e+01 -3.500076e+01 1.776357e-15
      vertex -2.716514e+01 -3.509251e+01 1.776357e-15
    endloop
  endfacet
  facet normal -9.807283e-01 1.953770e-01 -1.081412e-16
    outer loop
      vertex -2.710316e+01 -3.500076e+01 5.080003e-01
      vertex -2.708161e+01 -3.489257e+01 5.080003e-01
      vertex -2.710316e+01 -3.500076e+01 1.776357e-15
    endloop
  endfacet
  facet normal 1.224647e-16 6.123234e-17 -1.000000e+00
    outer loop
      vertex -2.213503e+01 -3.517328e+01 1.776357e-15
      vertex -2.736197e+01 -3.517328e+01 1.776357e-15
      vertex -2.716514e+01 -3.509251e+01 1.776357e-15
    endloop
  endfacet
  facet normal -3.796440e-01 9.251326e-01 1.015505e-17
    outer loop
      vertex -2.716514e+01 -3.509251e+01 5.080003e-01
      vertex -2.716514e+01 -3.509251e+01 1.776357e-15
      vertex -2.736197e+01 -3.517328e+01 1.776357e-15
    endloop
  endfacet
  facet normal 1.224647e-16 6.123234e-17 -1.000000e+00
    outer loop
      vertex -2.224296e+01 -3.515173e+01 1.776357e-15
      vertex -2.213503e+01 -3.517328e+01 1.776357e-15
      vertex -2.716514e+01 -3.509251e+01 1.776357e-15
    endloop
  endfacet
  facet normal 1.224647e-16 6.123234e-17 -1.000000e+00
    outer loop
      vertex -2.233461e+01 -3.508976e+01 1.776357e-15
      vertex -2.224296e+01 -3.515173e+01 1.776357e-15
      vertex -2.716514e+01 -3.509251e+01 1.776357e-15
    endloop
  endfacet
  facet normal -8.286622e-01 5.597491e-01 -6.720710e-17
    outer loop
      vertex -2.716514e+01 -3.509251e+01 5.080003e-01
      vertex -2.710316e+01 -3.500076e+01 5.080003e-01
      vertex -2.716514e+01 -3.509251e+01 1.776357e-15
    endloop
  endfacet
  facet normal -7.498799e-33 1.000000e+00 6.123234e-17
    outer loop
      vertex -2.785289e+01 -3.517328e+01 5.080003e-01
      vertex -2.736197e+01 -3.517328e+01 1.776357e-15
      vertex -2.785289e+01 -3.517328e+01 1.776357e-15
    endloop
  endfacet
  facet normal -7.498799e-33 1.000000e+00 6.123234e-17
    outer loop
      vertex -2.736197e+01 -3.517328e+01 5.080003e-01
      vertex -2.736197e+01 -3.517328e+01 1.776357e-15
      vertex -2.785289e+01 -3.517328e+01 5.080003e-01
    endloop
  endfacet
  facet normal -3.796440e-01 9.251326e-01 1.015505e-17
    outer loop
      vertex -2.716514e+01 -3.509251e+01 5.080003e-01
      vertex -2.736197e+01 -3.517328e+01 1.776357e-15
      vertex -2.736197e+01 -3.517328e+01 5.080003e-01
    endloop
  endfacet
  facet normal 1.957625e-01 9.806514e-01 8.402157e-17
    outer loop
      vertex -2.785289e+01 -3.517328e+01 5.080003e-01
      vertex -2.785289e+01 -3.517328e+01 1.776357e-15
      vertex -2.796081e+01 -3.515173e+01 1.776357e-15
    endloop
  endfacet
  facet normal 5.601417e-01 8.283968e-01 1.193222e-16
    outer loop
      vertex -2.796081e+01 -3.515173e+01 5.080003e-01
      vertex -2.796081e+01 -3.515173e+01 1.776357e-15
      vertex -2.805247e+01 -3.508976e+01 1.776357e-15
    endloop
  endfacet
  facet normal 1.957625e-01 9.806514e-01 8.402157e-17
    outer loop
      vertex -2.796081e+01 -3.515173e+01 5.080003e-01
      vertex -2.785289e+01 -3.517328e+01 5.080003e-01
      vertex -2.796081e+01 -3.515173e+01 1.776357e-15
    endloop
  endfacet
  facet normal 9.253576e-01 3.790954e-01 1.365365e-16
    outer loop
      vertex -2.805247e+01 -3.508976e+01 5.080003e-01
      vertex -2.805247e+01 -3.508976e+01 1.776357e-15
      vertex -2.813325e+01 -3.489257e+01 1.776357e-15
    endloop
  endfacet
  facet normal 5.601417e-01 8.283968e-01 1.193222e-16
    outer loop
      vertex -2.805247e+01 -3.508976e+01 5.080003e-01
      vertex -2.796081e+01 -3.515173e+01 5.080003e-01
      vertex -2.805247e+01 -3.508976e+01 1.776357e-15
    endloop
  endfacet
  facet normal 1.000000e+00 0.000000e+00 1.224647e-16
    outer loop
      vertex -2.813325e+01 -3.440200e+01 5.080003e-01
      vertex -2.813325e+01 -3.489257e+01 1.776357e-15
      vertex -2.813325e+01 -3.440200e+01 1.776357e-15
    endloop
  endfacet
  facet normal 1.000000e+00 0.000000e+00 1.224647e-16
    outer loop
      vertex -2.813325e+01 -3.489257e+01 5.080003e-01
      vertex -2.813325e+01 -3.489257e+01 1.776357e-15
      vertex -2.813325e+01 -3.440200e+01 5.080003e-01
    endloop
  endfacet
  facet normal 9.253576e-01 3.790954e-01 1.365365e-16
    outer loop
      vertex -2.805247e+01 -3.508976e+01 5.080003e-01
      vertex -2.813325e+01 -3.489257e+01 1.776357e-15
      vertex -2.813325e+01 -3.489257e+01 5.080003e-01
    endloop
  endfacet
  facet normal 9.806378e-01 -1.958300e-01 1.081024e-16
    outer loop
      vertex -2.813325e+01 -3.440200e+01 5.080003e-01
      vertex -2.813325e+01 -3.440200e+01 1.776357e-15
      vertex -2.811173e+01 -3.429424e+01 1.776357e-15
    endloop
  endfacet
  facet normal 8.285044e-01 -5.599826e-01 6.717348e-17
    outer loop
      vertex -2.811173e+01 -3.429424e+01 5.080003e-01
      vertex -2.811173e+01 -3.429424e+01 1.776357e-15
      vertex -2.804973e+01 -3.420251e+01 1.776357e-15
    endloop
  endfacet
  facet normal 9.806378e-01 -1.958300e-01 1.081024e-16
    outer loop
      vertex -2.811173e+01 -3.429424e+01 5.080003e-01
      vertex -2.813325e+01 -3.440200e+01 5.080003e-01
      vertex -2.811173e+01 -3.429424e+01 1.776357e-15
    endloop
  endfacet
  facet normal 3.800119e-01 -9.249815e-01 -1.010075e-17
    outer loop
      vertex -2.804973e+01 -3.420251e+01 5.080003e-01
      vertex -2.804973e+01 -3.420251e+01 1.776357e-15
      vertex -2.785289e+01 -3.412164e+01 1.776357e-15
    endloop
  endfacet
  facet normal 8.285044e-01 -5.599826e-01 6.717348e-17
    outer loop
      vertex -2.804973e+01 -3.420251e+01 5.080003e-01
      vertex -2.811173e+01 -3.429424e+01 5.080003e-01
      vertex -2.804973e+01 -3.420251e+01 1.776357e-15
    endloop
  endfacet
  facet normal 7.498799e-33 -1.000000e+00 -6.123234e-17
    outer loop
      vertex -2.737442e+01 -3.412164e+01 5.080003e-01
      vertex -2.785289e+01 -3.412164e+01 1.776357e-15
      vertex -2.737442e+01 -3.412164e+01 1.776357e-15
    endloop
  endfacet
  facet normal 7.498799e-33 -1.000000e+00 -6.123234e-17
    outer loop
      vertex -2.785289e+01 -3.412164e+01 5.080003e-01
      vertex -2.785289e+01 -3.412164e+01 1.776357e-15
      vertex -2.737442e+01 -3.412164e+01 5.080003e-01
    endloop
  endfacet
  facet normal 3.800119e-01 -9.249815e-01 -1.010075e-17
    outer loop
      vertex -2.804973e+01 -3.420251e+01 5.080003e-01
      vertex -2.785289e+01 -3.412164e+01 1.776357e-15
      vertex -2.785289e+01 -3.412164e+01 5.080003e-01
    endloop
  endfacet
  facet normal 9.999681e-01 7.992640e-03 1.229502e-16
    outer loop
      vertex -2.737442e+01 -3.412164e+01 5.080003e-01
      vertex -2.737442e+01 -3.412164e+01 1.776357e-15
      vertex -2.737850e+01 -3.361101e+01 1.776357e-15
    endloop
  endfacet
  facet normal 9.806932e-01 -1.955527e-01 1.081261e-16
    outer loop
      vertex -2.737850e+01 -3.361101e+01 5.080003e-01
      vertex -2.737850e+01 -3.361101e+01 1.776357e-15
      vertex -2.735695e+01 -3.350289e+01 1.776357e-15
    endloop
  endfacet
  facet normal 9.999681e-01 7.992640e-03 1.229502e-16
    outer loop
      vertex -2.737442e+01 -3.412164e+01 5.080003e-01
      vertex -2.737850e+01 -3.361101e+01 1.776357e-15
      vertex -2.737850e+01 -3.361101e+01 5.080003e-01
    endloop
  endfacet
  facet normal 8.286062e-01 -5.598320e-01 6.719516e-17
    outer loop
      vertex -2.735695e+01 -3.350289e+01 5.080003e-01
      vertex -2.735695e+01 -3.350289e+01 1.776357e-15
      vertex -2.729494e+01 -3.341111e+01 1.776357e-15
    endloop
  endfacet
  facet normal 9.806932e-01 -1.955527e-01 1.081261e-16
    outer loop
      vertex -2.735695e+01 -3.350289e+01 5.080003e-01
      vertex -2.737850e+01 -3.361101e+01 5.080003e-01
      vertex -2.735695e+01 -3.350289e+01 1.776357e-15
    endloop
  endfacet
  facet normal 3.795605e-01 -9.251669e-01 -1.016738e-17
    outer loop
      vertex -2.729494e+01 -3.341111e+01 5.080003e-01
      vertex -2.729494e+01 -3.341111e+01 1.776357e-15
      vertex -2.709797e+01 -3.333030e+01 1.776357e-15
    endloop
  endfacet
  facet normal 8.286062e-01 -5.598320e-01 6.719516e-17
    outer loop
      vertex -2.729494e+01 -3.341111e+01 5.080003e-01
      vertex -2.735695e+01 -3.350289e+01 5.080003e-01
      vertex -2.729494e+01 -3.341111e+01 1.776357e-15
    endloop
  endfacet
  facet normal 7.498799e-33 -1.000000e+00 -6.123234e-17
    outer loop
      vertex -2.664131e+01 -3.333030e+01 5.080003e-01
      vertex -2.709797e+01 -3.333030e+01 1.776357e-15
      vertex -2.664131e+01 -3.333030e+01 1.776357e-15
    endloop
  endfacet
  facet normal 7.498799e-33 -1.000000e+00 -6.123234e-17
    outer loop
      vertex -2.709797e+01 -3.333030e+01 5.080003e-01
      vertex -2.709797e+01 -3.333030e+01 1.776357e-15
      vertex -2.664131e+01 -3.333030e+01 5.080003e-01
    endloop
  endfacet
  facet normal 3.795605e-01 -9.251669e-01 -1.016738e-17
    outer loop
      vertex -2.729494e+01 -3.341111e+01 5.080003e-01
      vertex -2.709797e+01 -3.333030e+01 1.776357e-15
      vertex -2.709797e+01 -3.333030e+01 5.080003e-01
    endloop
  endfacet
  facet normal 1.224647e-16 6.123234e-17 -1.000000e+00
    outer loop
      vertex -2.716514e+01 -3.509251e+01 5.080003e-01
      vertex -2.805247e+01 -3.508976e+01 5.080003e-01
      vertex -2.710316e+01 -3.500076e+01 5.080003e-01
    endloop
  endfacet
  facet normal 9.803283e-01 1.973742e-01 1.321413e-16
    outer loop
      vertex -2.664131e+01 -3.333030e+01 5.080003e-01
      vertex -2.664131e+01 -3.333030e+01 1.776357e-15
      vertex -2.664762e+01 -3.329894e+01 1.776357e-15
    endloop
  endfacet
  facet normal 1.224647e-16 6.123234e-17 -1.000000e+00
    outer loop
      vertex -2.634855e+01 -3.420930e+01 5.080003e-01
      vertex -2.785289e+01 -3.412164e+01 5.080003e-01
      vertex -2.737442e+01 -3.412164e+01 5.080003e-01
    endloop
  endfacet
  facet normal -1.498442e-15 6.123234e-17 -1.000000e+00
    outer loop
      vertex -2.751749e+01 -3.266730e+01 1.776357e-15
      vertex -2.664762e+01 -3.280840e+01 1.776357e-15
      vertex -2.664762e+01 -3.329894e+01 1.776357e-15
    endloop
  endfacet
  facet normal 1.000000e+00 0.000000e+00 1.224647e-16
    outer loop
      vertex -2.664762e+01 -3.280840e+01 5.080003e-01
      vertex -2.664762e+01 -3.329894e+01 1.776357e-15
      vertex -2.664762e+01 -3.280840e+01 1.776357e-15
    endloop
  endfacet
  facet normal 1.000000e+00 0.000000e+00 1.224647e-16
    outer loop
      vertex -2.664762e+01 -3.329894e+01 5.080003e-01
      vertex -2.664762e+01 -3.329894e+01 1.776357e-15
      vertex -2.664762e+01 -3.280840e+01 5.080003e-01
    endloop
  endfacet
  facet normal 9.803283e-01 1.973742e-01 1.321413e-16
    outer loop
      vertex -2.664131e+01 -3.333030e+01 5.080003e-01
      vertex -2.664762e+01 -3.329894e+01 1.776357e-15
      vertex -2.664762e+01 -3.329894e+01 5.080003e-01
    endloop
  endfacet
  facet normal -1.462328e-15 2.838635e-16 -1.000000e+00
    outer loop
      vertex -2.751749e+01 -3.266730e+01 1.776357e-15
      vertex -2.663856e+01 -3.274393e+01 1.776357e-15
      vertex -2.664762e+01 -3.280840e+01 1.776357e-15
    endloop
  endfacet
  facet normal 9.902764e-01 -1.391137e-01 1.127556e-16
    outer loop
      vertex -2.664762e+01 -3.280840e+01 5.080003e-01
      vertex -2.664762e+01 -3.280840e+01 1.776357e-15
      vertex -2.663856e+01 -3.274393e+01 1.776357e-15
    endloop
  endfacet
  facet normal 1.224647e-16 6.123234e-17 -1.000000e+00
    outer loop
      vertex -2.733542e+01 -3.267896e+01 1.776357e-15
      vertex -2.661201e+01 -3.267896e+01 1.776357e-15
      vertex -2.663856e+01 -3.274393e+01 1.776357e-15
    endloop
  endfacet
  facet normal 9.256547e-01 -3.783694e-01 9.019157e-17
    outer loop
      vertex -2.663856e+01 -3.274393e+01 5.080003e-01
      vertex -2.663856e+01 -3.274393e+01 1.776357e-15
      vertex -2.661201e+01 -3.267896e+01 1.776357e-15
    endloop
  endfacet
  facet normal -2.457808e-14 -2.648647e-13 -1.000000e+00
    outer loop
      vertex -2.751749e+01 -3.266730e+01 1.776357e-15
      vertex -2.733542e+01 -3.267896e+01 1.776357e-15
      vertex -2.663856e+01 -3.274393e+01 1.776357e-15
    endloop
  endfacet
  facet normal 9.902764e-01 -1.391137e-01 1.127556e-16
    outer loop
      vertex -2.663856e+01 -3.274393e+01 5.080003e-01
      vertex -2.664762e+01 -3.280840e+01 5.080003e-01
      vertex -2.663856e+01 -3.274393e+01 1.776357e-15
    endloop
  endfacet
  facet normal -7.498799e-33 1.000000e+00 6.123234e-17
    outer loop
      vertex -2.661201e+01 -3.267896e+01 5.080003e-01
      vertex -2.661201e+01 -3.267896e+01 1.776357e-15
      vertex -2.733542e+01 -3.267896e+01 1.776357e-15
    endloop
  endfacet
  facet normal 9.256547e-01 -3.783694e-01 9.019157e-17
    outer loop
      vertex -2.663856e+01 -3.274393e+01 5.080003e-01
      vertex -2.661201e+01 -3.267896e+01 1.776357e-15
      vertex -2.661201e+01 -3.267896e+01 5.080003e-01
    endloop
  endfacet
  facet normal 6.387357e-02 9.979580e-01 6.892956e-17
    outer loop
      vertex -2.733542e+01 -3.267896e+01 5.080003e-01
      vertex -2.733542e+01 -3.267896e+01 1.776357e-15
      vertex -2.751749e+01 -3.266730e+01 1.776357e-15
    endloop
  endfacet
  facet normal -7.498799e-33 1.000000e+00 6.123234e-17
    outer loop
      vertex -2.661201e+01 -3.267896e+01 5.080003e-01
      vertex -2.733542e+01 -3.267896e+01 1.776357e-15
      vertex -2.733542e+01 -3.267896e+01 5.080003e-01
    endloop
  endfacet
  facet normal 3.318126e-01 9.433454e-01 9.839857e-17
    outer loop
      vertex -2.751749e+01 -3.266730e+01 5.080003e-01
      vertex -2.751749e+01 -3.266730e+01 1.776357e-15
      vertex -2.766218e+01 -3.261641e+01 1.776357e-15
    endloop
  endfacet
  facet normal 6.387357e-02 9.979580e-01 6.892956e-17
    outer loop
      vertex -2.751749e+01 -3.266730e+01 5.080003e-01
      vertex -2.733542e+01 -3.267896e+01 5.080003e-01
      vertex -2.751749e+01 -3.266730e+01 1.776357e-15
    endloop
  endfacet
  facet normal 6.883764e-01 7.253537e-01 1.287169e-16
    outer loop
      vertex -2.766218e+01 -3.261641e+01 5.080003e-01
      vertex -2.766218e+01 -3.261641e+01 1.776357e-15
      vertex -2.775926e+01 -3.252427e+01 1.776357e-15
    endloop
  endfacet
  facet normal 3.318126e-01 9.433454e-01 9.839857e-17
    outer loop
      vertex -2.766218e+01 -3.261641e+01 5.080003e-01
      vertex -2.751749e+01 -3.266730e+01 5.080003e-01
      vertex -2.766218e+01 -3.261641e+01 1.776357e-15
    endloop
  endfacet
  facet normal 9.688684e-01 2.475762e-01 1.338118e-16
    outer loop
      vertex -2.775926e+01 -3.252427e+01 5.080003e-01
      vertex -2.775926e+01 -3.252427e+01 1.776357e-15
      vertex -2.779547e+01 -3.238258e+01 1.776357e-15
    endloop
  endfacet
  facet normal 6.883764e-01 7.253537e-01 1.287169e-16
    outer loop
      vertex -2.775926e+01 -3.252427e+01 5.080003e-01
      vertex -2.766218e+01 -3.261641e+01 5.080003e-01
      vertex -2.775926e+01 -3.252427e+01 1.776357e-15
    endloop
  endfacet
  facet normal 1.000000e+00 0.000000e+00 1.224647e-16
    outer loop
      vertex -2.779547e+01 -3.238258e+01 5.080003e-01
      vertex -2.779547e+01 -3.238258e+01 1.776357e-15
      vertex -2.779547e+01 -2.894427e+01 1.776357e-15
    endloop
  endfacet
  facet normal 9.688684e-01 2.475762e-01 1.338118e-16
    outer loop
      vertex -2.775926e+01 -3.252427e+01 5.080003e-01
      vertex -2.779547e+01 -3.238258e+01 1.776357e-15
      vertex -2.779547e+01 -3.238258e+01 5.080003e-01
    endloop
  endfacet
  facet normal 9.850340e-01 -1.723598e-01 1.100779e-16
    outer loop
      vertex -2.779547e+01 -2.894427e+01 5.080003e-01
      vertex -2.779547e+01 -2.894427e+01 1.776357e-15
      vertex -2.776889e+01 -2.879238e+01 1.776357e-15
    endloop
  endfacet
  facet normal 1.000000e+00 0.000000e+00 1.224647e-16
    outer loop
      vertex -2.779547e+01 -3.238258e+01 5.080003e-01
      vertex -2.779547e+01 -2.894427e+01 1.776357e-15
      vertex -2.779547e+01 -2.894427e+01 5.080003e-01
    endloop
  endfacet
  facet normal 9.013974e-01 -4.329928e-01 8.387618e-17
    outer loop
      vertex -2.776889e+01 -2.879238e+01 5.080003e-01
      vertex -2.776889e+01 -2.879238e+01 1.776357e-15
      vertex -2.770903e+01 -2.866775e+01 1.776357e-15
    endloop
  endfacet
  facet normal 9.850340e-01 -1.723598e-01 1.100779e-16
    outer loop
      vertex -2.776889e+01 -2.879238e+01 5.080003e-01
      vertex -2.779547e+01 -2.894427e+01 5.080003e-01
      vertex -2.776889e+01 -2.879238e+01 1.776357e-15
    endloop
  endfacet
  facet normal 6.616292e-01 -7.498313e-01 3.511229e-17
    outer loop
      vertex -2.770903e+01 -2.866775e+01 5.080003e-01
      vertex -2.770903e+01 -2.866775e+01 1.776357e-15
      vertex -2.761816e+01 -2.858757e+01 1.776357e-15
    endloop
  endfacet
  facet normal 9.013974e-01 -4.329928e-01 8.387618e-17
    outer loop
      vertex -2.770903e+01 -2.866775e+01 5.080003e-01
      vertex -2.776889e+01 -2.879238e+01 5.080003e-01
      vertex -2.770903e+01 -2.866775e+01 1.776357e-15
    endloop
  endfacet
  facet normal 2.244134e-01 -9.744940e-01 -3.218784e-17
    outer loop
      vertex -2.761816e+01 -2.858757e+01 5.080003e-01
      vertex -2.761816e+01 -2.858757e+01 1.776357e-15
      vertex -2.749397e+01 -2.855898e+01 1.776357e-15
    endloop
  endfacet
  facet normal 6.616292e-01 -7.498313e-01 3.511229e-17
    outer loop
      vertex -2.761816e+01 -2.858757e+01 5.080003e-01
      vertex -2.770903e+01 -2.866775e+01 5.080003e-01
      vertex -2.761816e+01 -2.858757e+01 1.776357e-15
    endloop
  endfacet
  facet normal 7.498799e-33 -1.000000e+00 -6.123234e-17
    outer loop
      vertex -2.749397e+01 -2.855898e+01 5.080003e-01
      vertex -2.749397e+01 -2.855898e+01 1.776357e-15
      vertex -2.593306e+01 -2.855898e+01 1.776357e-15
    endloop
  endfacet
  facet normal 2.244134e-01 -9.744940e-01 -3.218784e-17
    outer loop
      vertex -2.761816e+01 -2.858757e+01 5.080003e-01
      vertex -2.749397e+01 -2.855898e+01 1.776357e-15
      vertex -2.749397e+01 -2.855898e+01 5.080003e-01
    endloop
  endfacet
  facet normal 5.618222e-02 -9.984205e-01 -5.425528e-17
    outer loop
      vertex -2.593306e+01 -2.855898e+01 5.080003e-01
      vertex -2.593306e+01 -2.855898e+01 1.776357e-15
      vertex -2.588897e+01 -2.855650e+01 1.776357e-15
    endloop
  endfacet
  facet normal 7.498799e-33 -1.000000e+00 -6.123234e-17
    outer loop
      vertex -2.749397e+01 -2.855898e+01 5.080003e-01
      vertex -2.593306e+01 -2.855898e+01 1.776357e-15
      vertex -2.593306e+01 -2.855898e+01 5.080003e-01
    endloop
  endfacet
  facet normal 4.328758e-01 -9.014536e-01 -2.186113e-18
    outer loop
      vertex -2.588897e+01 -2.855650e+01 5.080003e-01
      vertex -2.588897e+01 -2.855650e+01 1.776357e-15
      vertex -2.584811e+01 -2.853688e+01 1.776357e-15
    endloop
  endfacet
  facet normal 5.618222e-02 -9.984205e-01 -5.425528e-17
    outer loop
      vertex -2.588897e+01 -2.855650e+01 5.080003e-01
      vertex -2.593306e+01 -2.855898e+01 5.080003e-01
      vertex -2.588897e+01 -2.855650e+01 1.776357e-15
    endloop
  endfacet
  facet normal 8.227813e-01 -5.683581e-01 6.595975e-17
    outer loop
      vertex -2.584811e+01 -2.853688e+01 5.080003e-01
      vertex -2.584811e+01 -2.853688e+01 1.776357e-15
      vertex -2.582226e+01 -2.849945e+01 1.776357e-15
    endloop
  endfacet
  facet normal 4.328758e-01 -9.014536e-01 -2.186113e-18
    outer loop
      vertex -2.584811e+01 -2.853688e+01 5.080003e-01
      vertex -2.588897e+01 -2.855650e+01 5.080003e-01
      vertex -2.584811e+01 -2.853688e+01 1.776357e-15
    endloop
  endfacet
  facet normal 9.874083e-01 -1.581923e-01 1.112362e-16
    outer loop
      vertex -2.582226e+01 -2.849945e+01 5.080003e-01
      vertex -2.582226e+01 -2.849945e+01 1.776357e-15
      vertex -2.581400e+01 -2.844794e+01 1.776357e-15
    endloop
  endfacet
  facet normal 8.227813e-01 -5.683581e-01 6.595975e-17
    outer loop
      vertex -2.582226e+01 -2.849945e+01 5.080003e-01
      vertex -2.584811e+01 -2.853688e+01 5.080003e-01
      vertex -2.582226e+01 -2.849945e+01 1.776357e-15
    endloop
  endfacet
  facet normal 1.000000e+00 0.000000e+00 1.224647e-16
    outer loop
      vertex -2.581400e+01 -2.844794e+01 5.080003e-01
      vertex -2.581400e+01 -2.844794e+01 1.776357e-15
      vertex -2.581400e+01 -2.659098e+01 1.776357e-15
    endloop
  endfacet
  facet normal 9.874083e-01 -1.581923e-01 1.112362e-16
    outer loop
      vertex -2.582226e+01 -2.849945e+01 5.080003e-01
      vertex -2.581400e+01 -2.844794e+01 1.776357e-15
      vertex -2.581400e+01 -2.844794e+01 5.080003e-01
    endloop
  endfacet
  facet normal 9.994492e-01 3.318700e-02 1.244293e-16
    outer loop
      vertex -2.581400e+01 -2.659098e+01 5.080003e-01
      vertex -2.581400e+01 -2.659098e+01 1.776357e-15
      vertex -2.581790e+01 -2.647356e+01 1.776357e-15
    endloop
  endfacet
  facet normal 1.000000e+00 0.000000e+00 1.224647e-16
    outer loop
      vertex -2.581400e+01 -2.844794e+01 5.080003e-01
      vertex -2.581400e+01 -2.659098e+01 1.776357e-15
      vertex -2.581400e+01 -2.659098e+01 5.080003e-01
    endloop
  endfacet
  facet normal 9.873859e-01 -1.583320e-01 1.112249e-16
    outer loop
      vertex -2.581790e+01 -2.647356e+01 5.080003e-01
      vertex -2.581790e+01 -2.647356e+01 1.776357e-15
      vertex -2.580155e+01 -2.637156e+01 1.776357e-15
    endloop
  endfacet
  facet normal 9.994492e-01 3.318700e-02 1.244293e-16
    outer loop
      vertex -2.581790e+01 -2.647356e+01 5.080003e-01
      vertex -2.581400e+01 -2.659098e+01 5.080003e-01
      vertex -2.581790e+01 -2.647356e+01 1.776357e-15
    endloop
  endfacet
  facet normal 8.671312e-01 -4.980799e-01 7.569434e-17
    outer loop
      vertex -2.580155e+01 -2.637156e+01 5.080003e-01
      vertex -2.580155e+01 -2.637156e+01 1.776357e-15
      vertex -2.575709e+01 -2.629416e+01 1.776357e-15
    endloop
  endfacet
  facet normal 9.873859e-01 -1.583320e-01 1.112249e-16
    outer loop
      vertex -2.580155e+01 -2.637156e+01 5.080003e-01
      vertex -2.581790e+01 -2.647356e+01 5.080003e-01
      vertex -2.580155e+01 -2.637156e+01 1.776357e-15
    endloop
  endfacet
  facet normal 3.504051e-01 -9.365982e-01 -1.443785e-17
    outer loop
      vertex -2.575709e+01 -2.629416e+01 5.080003e-01
      vertex -2.575709e+01 -2.629416e+01 1.776357e-15
      vertex -2.567911e+01 -2.626499e+01 1.776357e-15
    endloop
  endfacet
  facet normal 8.671312e-01 -4.980799e-01 7.569434e-17
    outer loop
      vertex -2.575709e+01 -2.629416e+01 5.080003e-01
      vertex -2.580155e+01 -2.637156e+01 5.080003e-01
      vertex -2.575709e+01 -2.629416e+01 1.776357e-15
    endloop
  endfacet
  facet normal 7.498799e-33 -1.000000e+00 -6.123234e-17
    outer loop
      vertex -2.567911e+01 -2.626499e+01 5.080003e-01
      vertex -2.567911e+01 -2.626499e+01 1.776357e-15
      vertex -2.366409e+01 -2.626499e+01 1.776357e-15
    endloop
  endfacet
  facet normal 3.504051e-01 -9.365982e-01 -1.443785e-17
    outer loop
      vertex -2.575709e+01 -2.629416e+01 5.080003e-01
      vertex -2.567911e+01 -2.626499e+01 1.776357e-15
      vertex -2.567911e+01 -2.626499e+01 5.080003e-01
    endloop
  endfacet
  facet normal -3.533349e-01 -9.354969e-01 -1.005537e-16
    outer loop
      vertex -2.366409e+01 -2.626499e+01 5.080003e-01
      vertex -2.366409e+01 -2.626499e+01 1.776357e-15
      vertex -2.358571e+01 -2.629459e+01 1.776357e-15
    endloop
  endfacet
  facet normal 7.498799e-33 -1.000000e+00 -6.123234e-17
    outer loop
      vertex -2.567911e+01 -2.626499e+01 5.080003e-01
      vertex -2.366409e+01 -2.626499e+01 1.776357e-15
      vertex -2.366409e+01 -2.626499e+01 5.080003e-01
    endloop
  endfacet
  facet normal -8.695760e-01 -4.937990e-01 -1.367288e-16
    outer loop
      vertex -2.358571e+01 -2.629459e+01 5.080003e-01
      vertex -2.358571e+01 -2.629459e+01 1.776357e-15
      vertex -2.354141e+01 -2.637261e+01 1.776357e-15
    endloop
  endfacet
  facet normal -3.533349e-01 -9.354969e-01 -1.005537e-16
    outer loop
      vertex -2.358571e+01 -2.629459e+01 5.080003e-01
      vertex -2.366409e+01 -2.626499e+01 5.080003e-01
      vertex -2.358571e+01 -2.629459e+01 1.776357e-15
    endloop
  endfacet
  facet normal -9.878096e-01 -1.556670e-01 -1.305036e-16
    outer loop
      vertex -2.354141e+01 -2.637261e+01 5.080003e-01
      vertex -2.354141e+01 -2.637261e+01 1.776357e-15
      vertex -2.352527e+01 -2.647502e+01 1.776357e-15
    endloop
  endfacet
  facet normal -8.695760e-01 -4.937990e-01 -1.367288e-16
    outer loop
      vertex -2.354141e+01 -2.637261e+01 5.080003e-01
      vertex -2.358571e+01 -2.629459e+01 5.080003e-01
      vertex -2.354141e+01 -2.637261e+01 1.776357e-15
    endloop
  endfacet
  facet normal -9.994288e-01 3.379295e-02 -1.203255e-16
    outer loop
      vertex -2.352527e+01 -2.647502e+01 5.080003e-01
      vertex -2.352527e+01 -2.647502e+01 1.776357e-15
      vertex -2.352919e+01 -2.659098e+01 1.776357e-15
    endloop
  endfacet
  facet normal -9.878096e-01 -1.556670e-01 -1.305036e-16
    outer loop
      vertex -2.352527e+01 -2.647502e+01 5.080003e-01
      vertex -2.354141e+01 -2.637261e+01 5.080003e-01
      vertex -2.352527e+01 -2.647502e+01 1.776357e-15
    endloop
  endfacet
  facet normal -1.000000e+00 0.000000e+00 -1.224647e-16
    outer loop
      vertex -2.352919e+01 -2.659098e+01 5.080003e-01
      vertex -2.352919e+01 -2.659098e+01 1.776357e-15
      vertex -2.352919e+01 -2.844794e+01 1.776357e-15
    endloop
  endfacet
  facet normal -9.994288e-01 3.379295e-02 -1.203255e-16
    outer loop
      vertex -2.352527e+01 -2.647502e+01 5.080003e-01
      vertex -2.352919e+01 -2.659098e+01 1.776357e-15
      vertex -2.352919e+01 -2.659098e+01 5.080003e-01
    endloop
  endfacet
  facet normal -1.804501e-15 -2.841100e-14 -1.000000e+00
    outer loop
      vertex -2.188857e+01 -2.855898e+01 1.776357e-15
      vertex -2.352149e+01 -2.849798e+01 1.776357e-15
      vertex -2.352919e+01 -2.844794e+01 1.776357e-15
    endloop
  endfacet
  facet normal -9.883548e-01 -1.521671e-01 -1.303561e-16
    outer loop
      vertex -2.352919e+01 -2.844794e+01 5.080003e-01
      vertex -2.352919e+01 -2.844794e+01 1.776357e-15
      vertex -2.352149e+01 -2.849798e+01 1.776357e-15
    endloop
  endfacet
  facet normal -1.000000e+00 0.000000e+00 -1.224647e-16
    outer loop
      vertex -2.352919e+01 -2.659098e+01 5.080003e-01
      vertex -2.352919e+01 -2.844794e+01 1.776357e-15
      vertex -2.352919e+01 -2.844794e+01 5.080003e-01
    endloop
  endfacet
  facet normal 6.864054e-16 3.827682e-14 -1.000000e+00
    outer loop
      vertex -2.188857e+01 -2.855898e+01 1.776357e-15
      vertex -2.349615e+01 -2.853525e+01 1.776357e-15
      vertex -2.352149e+01 -2.849798e+01 1.776357e-15
    endloop
  endfacet
  facet normal -8.269584e-01 -5.622631e-01 -1.357019e-16
    outer loop
      vertex -2.352149e+01 -2.849798e+01 5.080003e-01
      vertex -2.352149e+01 -2.849798e+01 1.776357e-15
      vertex -2.349615e+01 -2.853525e+01 1.776357e-15
    endloop
  endfacet
  facet normal -9.883548e-01 -1.521671e-01 -1.303561e-16
    outer loop
      vertex -2.352149e+01 -2.849798e+01 5.080003e-01
      vertex -2.352919e+01 -2.844794e+01 5.080003e-01
      vertex -2.352149e+01 -2.849798e+01 1.776357e-15
    endloop
  endfacet
  facet normal -8.766966e-16 -6.764718e-14 -1.000000e+00
    outer loop
      vertex -2.188857e+01 -2.855898e+01 1.776357e-15
      vertex -2.345339e+01 -2.855671e+01 1.776357e-15
      vertex -2.349615e+01 -2.853525e+01 1.776357e-15
    endloop
  endfacet
  facet normal -4.485164e-01 -8.937746e-01 -1.096553e-16
    outer loop
      vertex -2.349615e+01 -2.853525e+01 5.080003e-01
      vertex -2.349615e+01 -2.853525e+01 1.776357e-15
      vertex -2.345339e+01 -2.855671e+01 1.776357e-15
    endloop
  endfacet
  facet normal -8.269584e-01 -5.622631e-01 -1.357019e-16
    outer loop
      vertex -2.349615e+01 -2.853525e+01 5.080003e-01
      vertex -2.352149e+01 -2.849798e+01 5.080003e-01
      vertex -2.349615e+01 -2.853525e+01 1.776357e-15
    endloop
  endfacet
  facet normal 1.224647e-16 6.219147e-13 -1.000000e+00
    outer loop
      vertex -2.188857e+01 -2.855898e+01 1.776357e-15
      vertex -2.341031e+01 -2.855898e+01 1.776357e-15
      vertex -2.345339e+01 -2.855671e+01 1.776357e-15
    endloop
  endfacet
  facet normal -5.255402e-02 -9.986181e-01 -6.758373e-17
    outer loop
      vertex -2.345339e+01 -2.855671e+01 5.080003e-01
      vertex -2.345339e+01 -2.855671e+01 1.776357e-15
      vertex -2.341031e+01 -2.855898e+01 1.776357e-15
    endloop
  endfacet
  facet normal -4.485164e-01 -8.937746e-01 -1.096553e-16
    outer loop
      vertex -2.345339e+01 -2.855671e+01 5.080003e-01
      vertex -2.349615e+01 -2.853525e+01 5.080003e-01
      vertex -2.345339e+01 -2.855671e+01 1.776357e-15
    endloop
  endfacet
  facet normal 7.498799e-33 -1.000000e+00 -6.123234e-17
    outer loop
      vertex -2.341031e+01 -2.855898e+01 5.080003e-01
      vertex -2.341031e+01 -2.855898e+01 1.776357e-15
      vertex -2.188857e+01 -2.855898e+01 1.776357e-15
    endloop
  endfacet
  facet normal -5.255402e-02 -9.986181e-01 -6.758373e-17
    outer loop
      vertex -2.345339e+01 -2.855671e+01 5.080003e-01
      vertex -2.341031e+01 -2.855898e+01 1.776357e-15
      vertex -2.341031e+01 -2.855898e+01 5.080003e-01
    endloop
  endfacet
  facet normal -2.154290e-01 -9.765195e-01 -8.617701e-17
    outer loop
      vertex -2.188857e+01 -2.855898e+01 5.080003e-01
      vertex -2.188857e+01 -2.855898e+01 1.776357e-15
      vertex -2.176869e+01 -2.858543e+01 1.776357e-15
    endloop
  endfacet
  facet normal 7.498799e-33 -1.000000e+00 -6.123234e-17
    outer loop
      vertex -2.341031e+01 -2.855898e+01 5.080003e-01
      vertex -2.188857e+01 -2.855898e+01 1.776357e-15
      vertex -2.188857e+01 -2.855898e+01 5.080003e-01
    endloop
  endfacet
  facet normal -6.515740e-01 -7.585852e-01 -1.262447e-16
    outer loop
      vertex -2.176869e+01 -2.858543e+01 5.080003e-01
      vertex -2.176869e+01 -2.858543e+01 1.776357e-15
      vertex -2.167501e+01 -2.866589e+01 3.552714e-15
    endloop
  endfacet
  facet normal -2.154290e-01 -9.765195e-01 -8.617701e-17
    outer loop
      vertex -2.176869e+01 -2.858543e+01 5.080003e-01
      vertex -2.188857e+01 -2.855898e+01 5.080003e-01
      vertex -2.176869e+01 -2.858543e+01 1.776357e-15
    endloop
  endfacet
  facet normal -8.999124e-01 -4.360709e-01 -1.369091e-16
    outer loop
      vertex -2.167501e+01 -2.866589e+01 5.080003e-01
      vertex -2.167501e+01 -2.866589e+01 3.552714e-15
      vertex -2.161399e+01 -2.879182e+01 3.552714e-15
    endloop
  endfacet
  facet normal -6.515740e-01 -7.585852e-01 -1.262447e-16
    outer loop
      vertex -2.167501e+01 -2.866589e+01 5.080003e-01
      vertex -2.176869e+01 -2.858543e+01 5.080003e-01
      vertex -2.167501e+01 -2.866589e+01 3.552714e-15
    endloop
  endfacet
  facet normal -9.849662e-01 -1.727476e-01 -1.312013e-16
    outer loop
      vertex -2.161399e+01 -2.879182e+01 5.080003e-01
      vertex -2.161399e+01 -2.879182e+01 3.552714e-15
      vertex -2.158725e+01 -2.894427e+01 3.552714e-15
    endloop
  endfacet
  facet normal -8.999124e-01 -4.360709e-01 -1.369091e-16
    outer loop
      vertex -2.161399e+01 -2.879182e+01 5.080003e-01
      vertex -2.167501e+01 -2.866589e+01 5.080003e-01
      vertex -2.161399e+01 -2.879182e+01 3.552714e-15
    endloop
  endfacet
  facet normal -1.000000e+00 0.000000e+00 -1.224647e-16
    outer loop
      vertex -2.158725e+01 -2.894427e+01 5.080003e-01
      vertex -2.158725e+01 -2.894427e+01 3.552714e-15
      vertex -2.158725e+01 -3.238258e+01 3.552714e-15
    endloop
  endfacet
  facet normal -9.849662e-01 -1.727476e-01 -1.312013e-16
    outer loop
      vertex -2.161399e+01 -2.879182e+01 5.080003e-01
      vertex -2.158725e+01 -2.894427e+01 3.552714e-15
      vertex -2.158725e+01 -2.894427e+01 5.080003e-01
    endloop
  endfacet
  facet normal -9.717197e-01 2.361374e-01 -1.045421e-16
    outer loop
      vertex -2.158725e+01 -3.238258e+01 5.080003e-01
      vertex -2.158725e+01 -3.238258e+01 3.552714e-15
      vertex -2.162042e+01 -3.251909e+01 3.552714e-15
    endloop
  endfacet
  facet normal -1.000000e+00 0.000000e+00 -1.224647e-16
    outer loop
      vertex -2.158725e+01 -2.894427e+01 5.080003e-01
      vertex -2.158725e+01 -3.238258e+01 3.552714e-15
      vertex -2.158725e+01 -3.238258e+01 5.080003e-01
    endloop
  endfacet
  facet normal -6.991528e-01 7.149723e-01 -4.184209e-17
    outer loop
      vertex -2.162042e+01 -3.251909e+01 5.080003e-01
      vertex -2.162042e+01 -3.251909e+01 3.552714e-15
      vertex -2.171946e+01 -3.261594e+01 3.552714e-15
    endloop
  endfacet
  facet normal -9.717197e-01 2.361374e-01 -1.045421e-16
    outer loop
      vertex -2.162042e+01 -3.251909e+01 5.080003e-01
      vertex -2.158725e+01 -3.238258e+01 5.080003e-01
      vertex -2.162042e+01 -3.251909e+01 3.552714e-15
    endloop
  endfacet
  facet normal -3.282351e-01 9.445961e-01 1.764262e-17
    outer loop
      vertex -2.171946e+01 -3.261594e+01 5.080003e-01
      vertex -2.171946e+01 -3.261594e+01 3.552714e-15
      vertex -2.186977e+01 -3.266817e+01 1.776357e-15
    endloop
  endfacet
  facet normal -6.991528e-01 7.149723e-01 -4.184209e-17
    outer loop
      vertex -2.171946e+01 -3.261594e+01 5.080003e-01
      vertex -2.162042e+01 -3.251909e+01 5.080003e-01
      vertex -2.171946e+01 -3.261594e+01 3.552714e-15
    endloop
  endfacet
  facet normal -6.068680e-02 9.981568e-01 5.368749e-17
    outer loop
      vertex -2.186977e+01 -3.266817e+01 5.080003e-01
      vertex -2.186977e+01 -3.266817e+01 1.776357e-15
      vertex -2.204716e+01 -3.267896e+01 1.776357e-15
    endloop
  endfacet
  facet normal -3.282351e-01 9.445961e-01 1.764262e-17
    outer loop
      vertex -2.186977e+01 -3.266817e+01 5.080003e-01
      vertex -2.171946e+01 -3.261594e+01 5.080003e-01
      vertex -2.186977e+01 -3.266817e+01 1.776357e-15
    endloop
  endfacet
  facet normal -7.498799e-33 1.000000e+00 6.123234e-17
    outer loop
      vertex -2.204716e+01 -3.267896e+01 5.080003e-01
      vertex -2.204716e+01 -3.267896e+01 1.776357e-15
      vertex -2.288499e+01 -3.267896e+01 1.776357e-15
    endloop
  endfacet
  facet normal -6.068680e-02 9.981568e-01 5.368749e-17
    outer loop
      vertex -2.186977e+01 -3.266817e+01 5.080003e-01
      vertex -2.204716e+01 -3.267896e+01 1.776357e-15
      vertex -2.204716e+01 -3.267896e+01 5.080003e-01
    endloop
  endfacet
  facet normal -9.257525e-01 -3.781300e-01 -1.365258e-16
    outer loop
      vertex -2.288499e+01 -3.267896e+01 5.080003e-01
      vertex -2.288499e+01 -3.267896e+01 1.776357e-15
      vertex -2.285848e+01 -3.274386e+01 1.776357e-15
    endloop
  endfacet
  facet normal -7.498799e-33 1.000000e+00 6.123234e-17
    outer loop
      vertex -2.204716e+01 -3.267896e+01 5.080003e-01
      vertex -2.288499e+01 -3.267896e+01 1.776357e-15
      vertex -2.288499e+01 -3.267896e+01 5.080003e-01
    endloop
  endfacet
  facet normal -9.902710e-01 -1.391522e-01 -1.297938e-16
    outer loop
      vertex -2.285848e+01 -3.274386e+01 5.080003e-01
      vertex -2.285848e+01 -3.274386e+01 1.776357e-15
      vertex -2.284941e+01 -3.280840e+01 1.776357e-15
    endloop
  endfacet
  facet normal -9.257525e-01 -3.781300e-01 -1.365258e-16
    outer loop
      vertex -2.285848e+01 -3.274386e+01 5.080003e-01
      vertex -2.288499e+01 -3.267896e+01 5.080003e-01
      vertex -2.285848e+01 -3.274386e+01 1.776357e-15
    endloop
  endfacet
  facet normal 1.224647e-16 6.123234e-17 -1.000000e+00
    outer loop
      vertex -2.239906e+01 -3.333030e+01 1.776357e-15
      vertex -2.284941e+01 -3.329894e+01 1.776357e-15
      vertex -2.284941e+01 -3.280840e+01 1.776357e-15
    endloop
  endfacet
  facet normal -1.000000e+00 0.000000e+00 -1.224647e-16
    outer loop
      vertex -2.284941e+01 -3.329894e+01 5.080003e-01
      vertex -2.284941e+01 -3.280840e+01 1.776357e-15
      vertex -2.284941e+01 -3.329894e+01 1.776357e-15
    endloop
  endfacet
  facet normal 1.224647e-16 6.123234e-17 -1.000000e+00
    outer loop
      vertex -2.229105e+01 -3.335185e+01 1.776357e-15
      vertex -2.239906e+01 -3.333030e+01 1.776357e-15
      vertex -2.284941e+01 -3.280840e+01 1.776357e-15
    endloop
  endfacet
  facet normal -1.000000e+00 0.000000e+00 -1.224647e-16
    outer loop
      vertex -2.284941e+01 -3.280840e+01 5.080003e-01
      vertex -2.284941e+01 -3.280840e+01 1.776357e-15
      vertex -2.284941e+01 -3.329894e+01 5.080003e-01
    endloop
  endfacet
  facet normal -9.902710e-01 -1.391522e-01 -1.297938e-16
    outer loop
      vertex -2.285848e+01 -3.274386e+01 5.080003e-01
      vertex -2.284941e+01 -3.280840e+01 1.776357e-15
      vertex -2.284941e+01 -3.280840e+01 5.080003e-01
    endloop
  endfacet
  facet normal 1.224647e-16 6.123234e-17 -1.000000e+00
    outer loop
      vertex -2.567993e+01 -3.349877e+01 5.080003e-01
      vertex -2.587669e+01 -3.357965e+01 5.080003e-01
      vertex -2.735695e+01 -3.350289e+01 5.080003e-01
    endloop
  endfacet
  facet normal 1.224647e-16 6.123234e-17 -1.000000e+00
    outer loop
      vertex -2.587669e+01 -3.357965e+01 5.080003e-01
      vertex -2.633335e+01 -3.357965e+01 5.080003e-01
      vertex -2.735695e+01 -3.350289e+01 5.080003e-01
    endloop
  endfacet
  facet normal 1.224647e-16 6.123234e-17 -1.000000e+00
    outer loop
      vertex -2.239906e+01 -3.333030e+01 1.776357e-15
      vertex -2.285573e+01 -3.333030e+01 1.776357e-15
      vertex -2.284941e+01 -3.329894e+01 1.776357e-15
    endloop
  endfacet
  facet normal -9.803283e-01 1.973742e-01 -1.079699e-16
    outer loop
      vertex -2.284941e+01 -3.329894e+01 5.080003e-01
      vertex -2.284941e+01 -3.329894e+01 1.776357e-15
      vertex -2.285573e+01 -3.333030e+01 1.776357e-15
    endloop
  endfacet
  facet normal 1.224647e-16 6.123234e-17 -1.000000e+00
    outer loop
      vertex -2.634855e+01 -3.420930e+01 5.080003e-01
      vertex -2.737442e+01 -3.412164e+01 5.080003e-01
      vertex -2.632704e+01 -3.410155e+01 5.080003e-01
    endloop
  endfacet
  facet normal 7.498799e-33 -1.000000e+00 -6.123234e-17
    outer loop
      vertex -2.239906e+01 -3.333030e+01 5.080003e-01
      vertex -2.285573e+01 -3.333030e+01 1.776357e-15
      vertex -2.239906e+01 -3.333030e+01 1.776357e-15
    endloop
  endfacet
  facet normal 7.498799e-33 -1.000000e+00 -6.123234e-17
    outer loop
      vertex -2.285573e+01 -3.333030e+01 5.080003e-01
      vertex -2.285573e+01 -3.333030e+01 1.776357e-15
      vertex -2.239906e+01 -3.333030e+01 5.080003e-01
    endloop
  endfacet
  facet normal -9.803283e-01 1.973742e-01 -1.079699e-16
    outer loop
      vertex -2.284941e+01 -3.329894e+01 5.080003e-01
      vertex -2.285573e+01 -3.333030e+01 1.776357e-15
      vertex -2.285573e+01 -3.333030e+01 5.080003e-01
    endloop
  endfacet
  facet normal -1.956265e-01 -9.806784e-01 -8.400657e-17
    outer loop
      vertex -2.239906e+01 -3.333030e+01 5.080003e-01
      vertex -2.239906e+01 -3.333030e+01 1.776357e-15
      vertex -2.229105e+01 -3.335185e+01 1.776357e-15
    endloop
  endfacet
  facet normal -5.600676e-01 -8.284469e-01 1.516690e-14
    outer loop
      vertex -2.229105e+01 -3.335185e+01 5.080003e-01
      vertex -2.229105e+01 -3.335185e+01 1.776357e-15
      vertex -2.219935e+01 -3.341384e+01 1.776357e-15
    endloop
  endfacet
  facet normal -1.956265e-01 -9.806784e-01 2.060548e-14
    outer loop
      vertex -2.229105e+01 -3.335185e+01 5.080003e-01
      vertex -2.239906e+01 -3.333030e+01 5.080003e-01
      vertex -2.229105e+01 -3.335185e+01 1.776357e-15
    endloop
  endfacet
  facet normal -9.252767e-01 -3.792929e-01 -1.365387e-16
    outer loop
      vertex -2.219935e+01 -3.341384e+01 5.080003e-01
      vertex -2.219935e+01 -3.341384e+01 1.776357e-15
      vertex -2.211853e+01 -3.361101e+01 1.776357e-15
    endloop
  endfacet
  facet normal -5.600676e-01 -8.284469e-01 -1.193163e-16
    outer loop
      vertex -2.219935e+01 -3.341384e+01 5.080003e-01
      vertex -2.229105e+01 -3.335185e+01 5.080003e-01
      vertex -2.219935e+01 -3.341384e+01 1.776357e-15
    endloop
  endfacet
  facet normal 1.224647e-16 6.123234e-17 -1.000000e+00
    outer loop
      vertex -2.164414e+01 -3.412164e+01 3.552714e-15
      vertex -2.211853e+01 -3.410155e+01 1.776357e-15
      vertex -2.211853e+01 -3.361101e+01 1.776357e-15
    endloop
  endfacet
  facet normal -1.000000e+00 3.449255e-14 -1.224647e-16
    outer loop
      vertex -2.211853e+01 -3.410155e+01 5.080003e-01
      vertex -2.211853e+01 -3.361101e+01 1.776357e-15
      vertex -2.211853e+01 -3.410155e+01 1.776357e-15
    endloop
  endfacet
  facet normal 1.224647e-16 6.123234e-17 -1.000000e+00
    outer loop
      vertex -2.153639e+01 -3.414316e+01 3.552714e-15
      vertex -2.164414e+01 -3.412164e+01 3.552714e-15
      vertex -2.211853e+01 -3.361101e+01 1.776357e-15
    endloop
  endfacet
  facet normal -1.000000e+00 3.449255e-14 -1.224647e-16
    outer loop
      vertex -2.211853e+01 -3.361101e+01 5.080003e-01
      vertex -2.211853e+01 -3.361101e+01 1.776357e-15
      vertex -2.211853e+01 -3.410155e+01 5.080003e-01
    endloop
  endfacet
  facet normal -9.252767e-01 -3.792929e-01 8.283859e-15
    outer loop
      vertex -2.219935e+01 -3.341384e+01 5.080003e-01
      vertex -2.211853e+01 -3.361101e+01 1.776357e-15
      vertex -2.211853e+01 -3.361101e+01 5.080003e-01
    endloop
  endfacet
  facet normal 1.224647e-16 6.123234e-17 -1.000000e+00
    outer loop
      vertex -2.164414e+01 -3.412164e+01 3.552714e-15
      vertex -2.212261e+01 -3.412164e+01 1.776357e-15
      vertex -2.211853e+01 -3.410155e+01 1.776357e-15
    endloop
  endfacet
  facet normal -9.799873e-01 1.990599e-01 -1.078249e-16
    outer loop
      vertex -2.212261e+01 -3.412164e+01 5.080003e-01
      vertex -2.211853e+01 -3.410155e+01 1.776357e-15
      vertex -2.212261e+01 -3.412164e+01 1.776357e-15
    endloop
  endfacet
  facet normal -9.799873e-01 1.990599e-01 -1.078249e-16
    outer loop
      vertex -2.211853e+01 -3.410155e+01 5.080003e-01
      vertex -2.211853e+01 -3.410155e+01 1.776357e-15
      vertex -2.212261e+01 -3.412164e+01 5.080003e-01
    endloop
  endfacet
  facet normal 7.498799e-33 -1.000000e+00 -6.123234e-17
    outer loop
      vertex -2.164414e+01 -3.412164e+01 5.080003e-01
      vertex -2.212261e+01 -3.412164e+01 1.776357e-15
      vertex -2.164414e+01 -3.412164e+01 3.552714e-15
    endloop
  endfacet
  facet normal 7.498799e-33 -1.000000e+00 -6.123234e-17
    outer loop
      vertex -2.212261e+01 -3.412164e+01 5.080003e-01
      vertex -2.212261e+01 -3.412164e+01 1.776357e-15
      vertex -2.164414e+01 -3.412164e+01 5.080003e-01
    endloop
  endfacet
  facet normal -1.958300e-01 -9.806378e-01 -8.402900e-17
    outer loop
      vertex -2.164414e+01 -3.412164e+01 5.080003e-01
      vertex -2.164414e+01 -3.412164e+01 3.552714e-15
      vertex -2.153639e+01 -3.414316e+01 3.552714e-15
    endloop
  endfacet
  facet normal -5.599826e-01 -8.285044e-01 -1.193094e-16
    outer loop
      vertex -2.153639e+01 -3.414316e+01 5.080003e-01
      vertex -2.153639e+01 -3.414316e+01 3.552714e-15
      vertex -2.144465e+01 -3.420516e+01 3.552714e-15
    endloop
  endfacet
  facet normal -1.958300e-01 -9.806378e-01 -8.402900e-17
    outer loop
      vertex -2.153639e+01 -3.414316e+01 5.080003e-01
      vertex -2.164414e+01 -3.412164e+01 5.080003e-01
      vertex -2.153639e+01 -3.414316e+01 3.552714e-15
    endloop
  endfacet
  facet normal -9.249815e-01 -3.800119e-01 -1.365466e-16
    outer loop
      vertex -2.144465e+01 -3.420516e+01 5.080003e-01
      vertex -2.144465e+01 -3.420516e+01 3.552714e-15
      vertex -2.136378e+01 -3.440200e+01 3.552714e-15
    endloop
  endfacet
  facet normal -5.599826e-01 -8.285044e-01 -1.193094e-16
    outer loop
      vertex -2.144465e+01 -3.420516e+01 5.080003e-01
      vertex -2.153639e+01 -3.414316e+01 5.080003e-01
      vertex -2.144465e+01 -3.420516e+01 3.552714e-15
    endloop
  endfacet
  facet normal -1.000000e+00 0.000000e+00 -1.224647e-16
    outer loop
      vertex -2.136378e+01 -3.489257e+01 5.080003e-01
      vertex -2.136378e+01 -3.440200e+01 3.552714e-15
      vertex -2.136378e+01 -3.489257e+01 3.552714e-15
    endloop
  endfacet
  facet normal -1.000000e+00 0.000000e+00 -1.224647e-16
    outer loop
      vertex -2.136378e+01 -3.440200e+01 5.080003e-01
      vertex -2.136378e+01 -3.440200e+01 3.552714e-15
      vertex -2.136378e+01 -3.489257e+01 5.080003e-01
    endloop
  endfacet
  facet normal -9.249815e-01 -3.800119e-01 -1.365466e-16
    outer loop
      vertex -2.144465e+01 -3.420516e+01 5.080003e-01
      vertex -2.136378e+01 -3.440200e+01 3.552714e-15
      vertex -2.136378e+01 -3.440200e+01 5.080003e-01
    endloop
  endfacet
  facet normal -9.807283e-01 1.953770e-01 -1.081412e-16
    outer loop
      vertex -2.136378e+01 -3.489257e+01 5.080003e-01
      vertex -2.136378e+01 -3.489257e+01 3.552714e-15
      vertex -2.138534e+01 -3.500076e+01 3.552714e-15
    endloop
  endfacet
  facet normal -8.286622e-01 5.597491e-01 -6.720710e-17
    outer loop
      vertex -2.138534e+01 -3.500076e+01 5.080003e-01
      vertex -2.138534e+01 -3.500076e+01 3.552714e-15
      vertex -2.144731e+01 -3.509251e+01 3.552714e-15
    endloop
  endfacet
  facet normal -9.807283e-01 1.953770e-01 -1.081412e-16
    outer loop
      vertex -2.138534e+01 -3.500076e+01 5.080003e-01
      vertex -2.136378e+01 -3.489257e+01 5.080003e-01
      vertex -2.138534e+01 -3.500076e+01 3.552714e-15
    endloop
  endfacet
  facet normal -3.796440e-01 9.251326e-01 1.015505e-17
    outer loop
      vertex -2.144731e+01 -3.509251e+01 5.080003e-01
      vertex -2.144731e+01 -3.509251e+01 3.552714e-15
      vertex -2.164414e+01 -3.517328e+01 3.552714e-15
    endloop
  endfacet
  facet normal -8.286622e-01 5.597491e-01 -6.720710e-17
    outer loop
      vertex -2.144731e+01 -3.509251e+01 5.080003e-01
      vertex -2.138534e+01 -3.500076e+01 5.080003e-01
      vertex -2.144731e+01 -3.509251e+01 3.552714e-15
    endloop
  endfacet
  facet normal -4.595738e-14 1.000000e+00 6.123234e-17
    outer loop
      vertex -2.213503e+01 -3.517328e+01 5.080003e-01
      vertex -2.164414e+01 -3.517328e+01 3.552714e-15
      vertex -2.213503e+01 -3.517328e+01 1.776357e-15
    endloop
  endfacet
  facet normal -4.595738e-14 1.000000e+00 6.123234e-17
    outer loop
      vertex -2.164414e+01 -3.517328e+01 5.080003e-01
      vertex -2.164414e+01 -3.517328e+01 3.552714e-15
      vertex -2.213503e+01 -3.517328e+01 5.080003e-01
    endloop
  endfacet
  facet normal -3.796440e-01 9.251326e-01 -1.052674e-14
    outer loop
      vertex -2.144731e+01 -3.509251e+01 5.080003e-01
      vertex -2.164414e+01 -3.517328e+01 3.552714e-15
      vertex -2.164414e+01 -3.517328e+01 5.080003e-01
    endloop
  endfacet
  facet normal 1.957392e-01 9.806559e-01 8.401900e-17
    outer loop
      vertex -2.213503e+01 -3.517328e+01 5.080003e-01
      vertex -2.213503e+01 -3.517328e+01 1.776357e-15
      vertex -2.224296e+01 -3.515173e+01 1.776357e-15
    endloop
  endfacet
  facet normal 5.601414e-01 8.283970e-01 -5.574803e-15
    outer loop
      vertex -2.224296e+01 -3.515173e+01 5.080003e-01
      vertex -2.224296e+01 -3.515173e+01 1.776357e-15
      vertex -2.233461e+01 -3.508976e+01 1.776357e-15
    endloop
  endfacet
  facet normal 1.957392e-01 9.806559e-01 -3.260015e-14
    outer loop
      vertex -2.224296e+01 -3.515173e+01 5.080003e-01
      vertex -2.213503e+01 -3.517328e+01 5.080003e-01
      vertex -2.224296e+01 -3.515173e+01 1.776357e-15
    endloop
  endfacet
  facet normal 9.253747e-01 3.790538e-01 1.226730e-14
    outer loop
      vertex -2.233461e+01 -3.508976e+01 5.080003e-01
      vertex -2.233461e+01 -3.508976e+01 1.776357e-15
      vertex -2.241539e+01 -3.489257e+01 1.776357e-15
    endloop
  endfacet
  facet normal 5.601414e-01 8.283970e-01 -5.837150e-15
    outer loop
      vertex -2.233461e+01 -3.508976e+01 5.080003e-01
      vertex -2.224296e+01 -3.515173e+01 5.080003e-01
      vertex -2.233461e+01 -3.508976e+01 1.776357e-15
    endloop
  endfacet
  facet normal 1.000000e+00 0.000000e+00 1.224647e-16
    outer loop
      vertex -2.241539e+01 -3.440200e+01 5.080003e-01
      vertex -2.241539e+01 -3.489257e+01 5.080003e-01
      vertex -2.241539e+01 -3.489257e+01 1.776357e-15
    endloop
  endfacet
  facet normal 9.253747e-01 3.790538e-01 1.365361e-16
    outer loop
      vertex -2.233461e+01 -3.508976e+01 5.080003e-01
      vertex -2.241539e+01 -3.489257e+01 1.776357e-15
      vertex -2.241539e+01 -3.489257e+01 5.080003e-01
    endloop
  endfacet
  facet normal -4.273955e-18 9.993908e-01 3.489950e-02
    outer loop
      vertex 3.810893e+01 -4.566523e+01 8.890000e+00
      vertex 3.789574e+01 -4.545205e+01 2.785135e+00
      vertex 2.077052e+01 -4.545205e+01 2.785135e+00
    endloop
  endfacet
  facet normal -4.981183e-17 9.135420e-01 4.067445e-01
    outer loop
      vertex 3.789574e+01 -4.537464e+01 2.611285e+00
      vertex 2.077052e+01 -4.545205e+01 2.785135e+00
      vertex 3.789574e+01 -4.545205e+01 2.785135e+00
    endloop
  endfacet
  facet normal -4.273955e-18 9.993908e-01 3.489950e-02
    outer loop
      vertex 2.066396e+01 -4.566523e+01 8.890000e+00
      vertex 3.810893e+01 -4.566523e+01 8.890000e+00
      vertex 2.077052e+01 -4.545205e+01 2.785135e+00
    endloop
  endfacet
  facet normal 1.926487e-01 9.805470e-01 3.760415e-02
    outer loop
      vertex 2.065047e+01 -4.542842e+01 2.784118e+00
      vertex 2.066396e+01 -4.566523e+01 8.890000e+00
      vertex 2.077052e+01 -4.545205e+01 2.785135e+00
    endloop
  endfacet
  facet normal 1.574790e-01 8.236825e-01 5.447453e-01
    outer loop
      vertex 2.059973e+01 -4.530544e+01 2.612834e+00
      vertex 2.065047e+01 -4.542842e+01 2.784118e+00
      vertex 2.077052e+01 -4.545205e+01 2.785135e+00
    endloop
  endfacet
  facet normal -4.847907e-05 9.153077e-01 4.027553e-01
    outer loop
      vertex 2.077052e+01 -4.537623e+01 2.612831e+00
      vertex 2.077052e+01 -4.545205e+01 2.785135e+00
      vertex 3.789574e+01 -4.537464e+01 2.611285e+00
    endloop
  endfacet
  facet normal 3.547058e-01 8.557926e-01 3.765673e-01
    outer loop
      vertex 2.059973e+01 -4.530544e+01 2.612834e+00
      vertex 2.077052e+01 -4.545205e+01 2.785135e+00
      vertex 2.077052e+01 -4.537623e+01 2.612831e+00
    endloop
  endfacet
  facet normal -3.811887e-01 9.233741e-01 4.555634e-02
    outer loop
      vertex 3.833284e+01 -4.557280e+01 8.890000e+00
      vertex 3.789574e+01 -4.545205e+01 2.785135e+00
      vertex 3.810893e+01 -4.566523e+01 8.890000e+00
    endloop
  endfacet
  facet normal -1.927098e-01 9.806942e-01 3.319518e-02
    outer loop
      vertex 3.801570e+01 -4.542838e+01 2.782446e+00
      vertex 3.789574e+01 -4.545205e+01 2.785135e+00
      vertex 3.833284e+01 -4.557280e+01 8.890000e+00
    endloop
  endfacet
  facet normal -1.686384e-01 9.004583e-01 4.009188e-01
    outer loop
      vertex 3.789574e+01 -4.537464e+01 2.611285e+00
      vertex 3.789574e+01 -4.545205e+01 2.785135e+00
      vertex 3.801570e+01 -4.542838e+01 2.782446e+00
    endloop
  endfacet
  facet normal -1.224647e-16 -1.768101e-16 1.000000e+00
    outer loop
      vertex -3.995116e+01 -4.719016e+01 8.890000e+00
      vertex 3.810893e+01 -4.566523e+01 8.890000e+00
      vertex 2.066396e+01 -4.566523e+01 8.890000e+00
    endloop
  endfacet
  facet normal -1.224647e-16 -1.768101e-16 1.000000e+00
    outer loop
      vertex -3.995116e+01 -4.719016e+01 8.890000e+00
      vertex 3.995116e+01 -4.719016e+01 8.890000e+00
      vertex 3.810893e+01 -4.566523e+01 8.890000e+00
    endloop
  endfacet
  facet normal -9.062887e-17 -1.383499e-16 1.000000e+00
    outer loop
      vertex 3.833284e+01 -4.557280e+01 8.890000e+00
      vertex 3.810893e+01 -4.566523e+01 8.890000e+00
      vertex 3.995116e+01 -4.719016e+01 8.890000e+00
    endloop
  endfacet
  facet normal -1.224647e-16 -1.768101e-16 1.000000e+00
    outer loop
      vertex 2.034660e+01 -4.566523e+01 8.890000e+00
      vertex -3.995116e+01 -4.719016e+01 8.890000e+00
      vertex 2.066396e+01 -4.566523e+01 8.890000e+00
    endloop
  endfacet
  facet normal -1.224647e-16 -6.123234e-17 1.000000e+00
    outer loop
      vertex 2.044003e+01 -4.557274e+01 8.890000e+00
      vertex 2.034660e+01 -4.566523e+01 8.890000e+00
      vertex 2.066396e+01 -4.566523e+01 8.890000e+00
    endloop
  endfacet
  facet normal 3.815259e-01 9.236960e-01 3.498215e-02
    outer loop
      vertex 2.065047e+01 -4.542842e+01 2.784118e+00
      vertex 2.044003e+01 -4.557274e+01 8.890000e+00
      vertex 2.066396e+01 -4.566523e+01 8.890000e+00
    endloop
  endfacet
  facet normal -4.273955e-18 9.993908e-01 3.489950e-02
    outer loop
      vertex -1.834548e+01 -4.545205e+01 2.785135e+00
      vertex 1.845204e+01 -4.566523e+01 8.890000e+00
      vertex 1.834548e+01 -4.545205e+01 2.785135e+00
    endloop
  endfacet
  facet normal -3.814705e-01 9.235617e-01 3.891008e-02
    outer loop
      vertex 1.867597e+01 -4.557274e+01 8.890000e+00
      vertex 1.834548e+01 -4.545205e+01 2.785135e+00
      vertex 1.845204e+01 -4.566523e+01 8.890000e+00
    endloop
  endfacet
  facet normal -4.981087e-17 9.135454e-01 4.067366e-01
    outer loop
      vertex 1.834548e+01 -4.537464e+01 2.611288e+00
      vertex -1.834548e+01 -4.545205e+01 2.785135e+00
      vertex 1.834548e+01 -4.545205e+01 2.785135e+00
    endloop
  endfacet
  facet normal -3.791685e-01 9.245136e-01 3.880428e-02
    outer loop
      vertex 1.856827e+01 -4.536065e+01 2.784579e+00
      vertex 1.834548e+01 -4.545205e+01 2.785135e+00
      vertex 1.867597e+01 -4.557274e+01 8.890000e+00
    endloop
  endfacet
  facet normal -3.500964e-01 8.557305e-01 3.809958e-01
    outer loop
      vertex 1.834548e+01 -4.537464e+01 2.611288e+00
      vertex 1.834548e+01 -4.545205e+01 2.785135e+00
      vertex 1.856827e+01 -4.536065e+01 2.784579e+00
    endloop
  endfacet
  facet normal -4.273955e-18 9.993908e-01 3.489950e-02
    outer loop
      vertex -1.834548e+01 -4.545205e+01 2.785135e+00
      vertex -1.845204e+01 -4.566523e+01 8.890000e+00
      vertex 1.845204e+01 -4.566523e+01 8.890000e+00
    endloop
  endfacet
  facet normal -1.224647e-16 -1.768101e-16 1.000000e+00
    outer loop
      vertex -3.995116e+01 -4.719016e+01 8.890000e+00
      vertex 1.845204e+01 -4.566523e+01 8.890000e+00
      vertex -1.845204e+01 -4.566523e+01 8.890000e+00
    endloop
  endfacet
  facet normal -1.224647e-16 -1.768101e-16 1.000000e+00
    outer loop
      vertex 1.876940e+01 -4.566523e+01 8.890000e+00
      vertex 1.845204e+01 -4.566523e+01 8.890000e+00
      vertex -3.995116e+01 -4.719016e+01 8.890000e+00
    endloop
  endfacet
  facet normal -1.224647e-16 -6.123234e-17 1.000000e+00
    outer loop
      vertex 1.876940e+01 -4.566523e+01 8.890000e+00
      vertex 1.867597e+01 -4.557274e+01 8.890000e+00
      vertex 1.845204e+01 -4.566523e+01 8.890000e+00
    endloop
  endfacet
  facet normal 3.823973e-01 9.231783e-01 3.891287e-02
    outer loop
      vertex -1.856985e+01 -4.535909e+01 2.784601e+00
      vertex -1.845204e+01 -4.566523e+01 8.890000e+00
      vertex -1.834548e+01 -4.545205e+01 2.785135e+00
    endloop
  endfacet
  facet normal -1.224647e-16 -1.768101e-16 1.000000e+00
    outer loop
      vertex -1.876940e+01 -4.566523e+01 8.890000e+00
      vertex -3.995116e+01 -4.719016e+01 8.890000e+00
      vertex -1.845204e+01 -4.566523e+01 8.890000e+00
    endloop
  endfacet
  facet normal -1.224647e-16 -6.123234e-17 1.000000e+00
    outer loop
      vertex -1.867597e+01 -4.557274e+01 8.890000e+00
      vertex -1.876940e+01 -4.566523e+01 8.890000e+00
      vertex -1.845204e+01 -4.566523e+01 8.890000e+00
    endloop
  endfacet
  facet normal 3.814699e-01 9.235603e-01 3.894991e-02
    outer loop
      vertex -1.856985e+01 -4.535909e+01 2.784601e+00
      vertex -1.867597e+01 -4.557274e+01 8.890000e+00
      vertex -1.845204e+01 -4.566523e+01 8.890000e+00
    endloop
  endfacet
  facet normal 3.531963e-01 8.546643e-01 3.805277e-01
    outer loop
      vertex -1.834548e+01 -4.537464e+01 2.611285e+00
      vertex -1.856985e+01 -4.535909e+01 2.784601e+00
      vertex -1.834548e+01 -4.545205e+01 2.785135e+00
    endloop
  endfacet
  facet normal 3.875131e-08 9.135424e-01 4.067435e-01
    outer loop
      vertex -1.834548e+01 -4.537464e+01 2.611285e+00
      vertex -1.834548e+01 -4.545205e+01 2.785135e+00
      vertex 1.834548e+01 -4.537464e+01 2.611288e+00
    endloop
  endfacet
  facet normal -4.273955e-18 9.993908e-01 3.489950e-02
    outer loop
      vertex -3.789574e+01 -4.545205e+01 2.785135e+00
      vertex -2.066396e+01 -4.566523e+01 8.890000e+00
      vertex -2.077052e+01 -4.545205e+01 2.785135e+00
    endloop
  endfacet
  facet normal -3.814705e-01 9.235617e-01 3.891008e-02
    outer loop
      vertex -2.044003e+01 -4.557274e+01 8.890000e+00
      vertex -2.077052e+01 -4.545205e+01 2.785135e+00
      vertex -2.066396e+01 -4.566523e+01 8.890000e+00
    endloop
  endfacet
  facet normal -4.981087e-17 9.135454e-01 4.067366e-01
    outer loop
      vertex -2.077052e+01 -4.537464e+01 2.611288e+00
      vertex -3.789574e+01 -4.545205e+01 2.785135e+00
      vertex -2.077052e+01 -4.545205e+01 2.785135e+00
    endloop
  endfacet
  facet normal -3.791685e-01 9.245136e-01 3.880428e-02
    outer loop
      vertex -2.054773e+01 -4.536065e+01 2.784579e+00
      vertex -2.077052e+01 -4.545205e+01 2.785135e+00
      vertex -2.044003e+01 -4.557274e+01 8.890000e+00
    endloop
  endfacet
  facet normal -3.500964e-01 8.557305e-01 3.809958e-01
    outer loop
      vertex -2.077052e+01 -4.537464e+01 2.611288e+00
      vertex -2.077052e+01 -4.545205e+01 2.785135e+00
      vertex -2.054773e+01 -4.536065e+01 2.784579e+00
    endloop
  endfacet
  facet normal -4.273955e-18 9.993908e-01 3.489950e-02
    outer loop
      vertex -3.789574e+01 -4.545205e+01 2.785135e+00
      vertex -3.810893e+01 -4.566523e+01 8.890000e+00
      vertex -2.066396e+01 -4.566523e+01 8.890000e+00
    endloop
  endfacet
  facet normal -1.224647e-16 -1.768101e-16 1.000000e+00
    outer loop
      vertex -3.995116e+01 -4.719016e+01 8.890000e+00
      vertex -2.066396e+01 -4.566523e+01 8.890000e+00
      vertex -3.810893e+01 -4.566523e+01 8.890000e+00
    endloop
  endfacet
  facet normal -1.224647e-16 -1.768101e-16 1.000000e+00
    outer loop
      vertex -2.034660e+01 -4.566523e+01 8.890000e+00
      vertex -2.066396e+01 -4.566523e+01 8.890000e+00
      vertex -3.995116e+01 -4.719016e+01 8.890000e+00
    endloop
  endfacet
  facet normal -1.224647e-16 -6.123234e-17 1.000000e+00
    outer loop
      vertex -2.034660e+01 -4.566523e+01 8.890000e+00
      vertex -2.044003e+01 -4.557274e+01 8.890000e+00
      vertex -2.066396e+01 -4.566523e+01 8.890000e+00
    endloop
  endfacet
  facet normal 3.788515e-01 9.243379e-01 4.550838e-02
    outer loop
      vertex -3.811839e+01 -4.536061e+01 2.781470e+00
      vertex -3.810893e+01 -4.566523e+01 8.890000e+00
      vertex -3.789574e+01 -4.545205e+01 2.785135e+00
    endloop
  endfacet
  facet normal -1.543005e-16 -1.383499e-16 1.000000e+00
    outer loop
      vertex -3.833284e+01 -4.557280e+01 8.890000e+00
      vertex -3.995116e+01 -4.719016e+01 8.890000e+00
      vertex -3.810893e+01 -4.566523e+01 8.890000e+00
    endloop
  endfacet
  facet normal 3.811904e-01 9.233783e-01 4.545690e-02
    outer loop
      vertex -3.811839e+01 -4.536061e+01 2.781470e+00
      vertex -3.833284e+01 -4.557280e+01 8.890000e+00
      vertex -3.810893e+01 -4.566523e+01 8.890000e+00
    endloop
  endfacet
  facet normal 3.457453e-01 8.571989e-01 3.816677e-01
    outer loop
      vertex -3.789574e+01 -4.537464e+01 2.611281e+00
      vertex -3.811839e+01 -4.536061e+01 2.781470e+00
      vertex -3.789574e+01 -4.545205e+01 2.785135e+00
    endloop
  endfacet
  facet normal 2.103223e-07 9.135377e-01 4.067539e-01
    outer loop
      vertex -3.789574e+01 -4.537464e+01 2.611281e+00
      vertex -3.789574e+01 -4.545205e+01 2.785135e+00
      vertex -2.077052e+01 -4.537464e+01 2.611288e+00
    endloop
  endfacet
  facet normal -9.993908e-01 -2.136978e-18 3.489950e-02
    outer loop
      vertex 3.842623e+01 2.378604e+01 8.890000e+00
      vertex 3.821305e+01 2.361869e+01 2.785135e+00
      vertex 3.821305e+01 2.230451e+01 2.785135e+00
    endloop
  endfacet
  facet normal -9.743616e-01 -1.377653e-17 2.249877e-01
    outer loop
      vertex 3.819124e+01 2.361869e+01 2.690686e+00
      vertex 3.821305e+01 2.230451e+01 2.785135e+00
      vertex 3.821305e+01 2.361869e+01 2.785135e+00
    endloop
  endfacet
  facet normal -9.993908e-01 -3.737868e-14 3.489950e-02
    outer loop
      vertex 3.821370e+01 2.226320e+01 2.803952e+00
      vertex 3.842623e+01 2.378604e+01 8.890000e+00
      vertex 3.821305e+01 2.230451e+01 2.785135e+00
    endloop
  endfacet
  facet normal -9.706953e-01 8.666825e-02 2.241412e-01
    outer loop
      vertex 3.819124e+01 2.230451e+01 2.690686e+00
      vertex 3.821370e+01 2.226320e+01 2.803952e+00
      vertex 3.821305e+01 2.230451e+01 2.785135e+00
    endloop
  endfacet
  facet normal -9.743616e-01 -1.415515e-14 2.249877e-01
    outer loop
      vertex 3.819124e+01 2.361869e+01 2.690686e+00
      vertex 3.819124e+01 2.230451e+01 2.690686e+00
      vertex 3.821305e+01 2.230451e+01 2.785135e+00
    endloop
  endfacet
  facet normal -9.993908e-01 3.930097e-14 3.489950e-02
    outer loop
      vertex 3.842623e+01 2.378604e+01 8.890000e+00
      vertex 3.821370e+01 2.366000e+01 2.803952e+00
      vertex 3.821305e+01 2.361869e+01 2.785135e+00
    endloop
  endfacet
  facet normal -8.390143e-01 -2.144623e-01 5.000609e-01
    outer loop
      vertex 3.813787e+01 2.386694e+01 2.765474e+00
      vertex 3.821305e+01 2.361869e+01 2.785135e+00
      vertex 3.821370e+01 2.366000e+01 2.803952e+00
    endloop
  endfacet
  facet normal -9.389466e-01 -2.671568e-01 2.168101e-01
    outer loop
      vertex 3.813787e+01 2.386694e+01 2.765474e+00
      vertex 3.819124e+01 2.361869e+01 2.690686e+00
      vertex 3.821305e+01 2.361869e+01 2.785135e+00
    endloop
  endfacet
  facet normal -9.993908e-01 -7.939123e-14 3.489950e-02
    outer loop
      vertex 3.842623e+01 2.378604e+01 8.890000e+00
      vertex 3.821518e+01 2.368055e+01 2.846420e+00
      vertex 3.821370e+01 2.366000e+01 2.803952e+00
    endloop
  endfacet
  facet normal -9.337331e-01 -3.083347e-01 1.818575e-01
    outer loop
      vertex 3.813787e+01 2.386694e+01 2.765474e+00
      vertex 3.821370e+01 2.366000e+01 2.803952e+00
      vertex 3.821518e+01 2.368055e+01 2.846420e+00
    endloop
  endfacet
  facet normal -9.802243e-01 -1.942805e-01 3.762137e-02
    outer loop
      vertex 3.840224e+01 2.390708e+01 8.890000e+00
      vertex 3.821518e+01 2.368055e+01 2.846420e+00
      vertex 3.842623e+01 2.378604e+01 8.890000e+00
    endloop
  endfacet
  facet normal -9.798475e-01 -1.961608e-01 3.768018e-02
    outer loop
      vertex 3.819064e+01 2.380265e+01 2.843751e+00
      vertex 3.821518e+01 2.368055e+01 2.846420e+00
      vertex 3.840224e+01 2.390708e+01 8.890000e+00
    endloop
  endfacet
  facet normal -8.754999e-01 -1.660906e-01 4.537772e-01
    outer loop
      vertex 3.813787e+01 2.386694e+01 2.765474e+00
      vertex 3.821518e+01 2.368055e+01 2.846420e+00
      vertex 3.819064e+01 2.380265e+01 2.843751e+00
    endloop
  endfacet
  facet normal -9.993908e-01 -2.136978e-18 3.489950e-02
    outer loop
      vertex 3.821518e+01 2.224265e+01 2.846420e+00
      vertex 3.842623e+01 2.213716e+01 8.890000e+00
      vertex 3.842623e+01 2.378604e+01 8.890000e+00
    endloop
  endfacet
  facet normal -2.380425e-16 -6.123234e-17 1.000000e+00
    outer loop
      vertex 3.995116e+01 3.206402e+01 8.890000e+00
      vertex 3.842623e+01 2.378604e+01 8.890000e+00
      vertex 3.842623e+01 2.213716e+01 8.890000e+00
    endloop
  endfacet
  facet normal -9.993908e-01 5.436491e-14 3.489950e-02
    outer loop
      vertex 3.821370e+01 2.226320e+01 2.803952e+00
      vertex 3.821518e+01 2.224265e+01 2.846420e+00
      vertex 3.842623e+01 2.378604e+01 8.890000e+00
    endloop
  endfacet
  facet normal -1.781403e-16 -7.226724e-17 1.000000e+00
    outer loop
      vertex 3.840224e+01 2.390708e+01 8.890000e+00
      vertex 3.842623e+01 2.378604e+01 8.890000e+00
      vertex 3.995116e+01 3.206402e+01 8.890000e+00
    endloop
  endfacet
  facet normal -9.798487e-01 1.961619e-01 3.764109e-02
    outer loop
      vertex 3.819064e+01 2.212055e+01 2.843751e+00
      vertex 3.842623e+01 2.213716e+01 8.890000e+00
      vertex 3.821518e+01 2.224265e+01 2.846420e+00
    endloop
  endfacet
  facet normal -3.005481e-16 -5.163045e-17 1.000000e+00
    outer loop
      vertex 3.833279e+01 2.040412e+01 8.890000e+00
      vertex 3.995116e+01 3.206402e+01 8.890000e+00
      vertex 3.842623e+01 2.213716e+01 8.890000e+00
    endloop
  endfacet
  facet normal -1.224647e-16 -6.123234e-17 1.000000e+00
    outer loop
      vertex 3.810873e+01 2.049660e+01 8.890000e+00
      vertex 3.833279e+01 2.040412e+01 8.890000e+00
      vertex 3.842623e+01 2.213716e+01 8.890000e+00
    endloop
  endfacet
  facet normal -1.224647e-16 -6.123234e-17 1.000000e+00
    outer loop
      vertex 3.840224e+01 2.201612e+01 8.890000e+00
      vertex 3.810873e+01 2.049660e+01 8.890000e+00
      vertex 3.842623e+01 2.213716e+01 8.890000e+00
    endloop
  endfacet
  facet normal -9.802229e-01 1.942802e-01 3.766084e-02
    outer loop
      vertex 3.819064e+01 2.212055e+01 2.843751e+00
      vertex 3.840224e+01 2.201612e+01 8.890000e+00
      vertex 3.842623e+01 2.213716e+01 8.890000e+00
    endloop
  endfacet
  facet normal -5.455129e-01 7.467428e-01 3.805141e-01
    outer loop
      vertex 3.819124e+01 2.230451e+01 2.690686e+00
      vertex 3.821518e+01 2.224265e+01 2.846420e+00
      vertex 3.821370e+01 2.226320e+01 2.803952e+00
    endloop
  endfacet
  facet normal -8.754999e-01 1.660906e-01 4.537772e-01
    outer loop
      vertex 3.813787e+01 2.205626e+01 2.765474e+00
      vertex 3.819064e+01 2.212055e+01 2.843751e+00
      vertex 3.821518e+01 2.224265e+01 2.846420e+00
    endloop
  endfacet
  facet normal -9.277133e-01 2.753568e-01 2.520448e-01
    outer loop
      vertex 3.813787e+01 2.205626e+01 2.765474e+00
      vertex 3.821518e+01 2.224265e+01 2.846420e+00
      vertex 3.819124e+01 2.230451e+01 2.690686e+00
    endloop
  endfacet
  facet normal -9.993908e-01 4.366073e-14 3.489950e-02
    outer loop
      vertex 3.842304e+01 4.044842e+01 8.798517e+00
      vertex 3.821305e+01 4.025284e+01 2.785135e+00
      vertex 3.841534e+01 4.035395e+01 8.578041e+00
    endloop
  endfacet
  facet normal -1.184042e-15 -9.998477e-01 1.745241e-02
    outer loop
      vertex 3.942063e+01 4.025291e+01 2.789567e+00
      vertex 3.841534e+01 4.035395e+01 8.578041e+00
      vertex 3.821305e+01 4.025284e+01 2.785135e+00
    endloop
  endfacet
  facet normal 1.979213e-04 -9.191831e-01 3.938303e-01
    outer loop
      vertex 3.962277e+01 4.044887e+01 8.798957e+00
      vertex 3.842304e+01 4.044842e+01 8.798517e+00
      vertex 3.841534e+01 4.035395e+01 8.578041e+00
    endloop
  endfacet
  facet normal -2.343678e-15 -9.998477e-01 1.745241e-02
    outer loop
      vertex 3.942063e+01 4.025291e+01 2.789567e+00
      vertex 3.962277e+01 4.035395e+01 8.578041e+00
      vertex 3.841534e+01 4.035395e+01 8.578041e+00
    endloop
  endfacet
  facet normal -2.307141e-15 -9.187913e-01 3.947437e-01
    outer loop
      vertex 3.962277e+01 4.044887e+01 8.798957e+00
      vertex 3.841534e+01 4.035395e+01 8.578041e+00
      vertex 3.962277e+01 4.035395e+01 8.578041e+00
    endloop
  endfacet
  facet normal -9.993908e-01 3.815054e-17 3.489950e-02
    outer loop
      vertex 3.842623e+01 4.067140e+01 8.890000e+00
      vertex 3.821305e+01 4.138975e+01 2.785135e+00
      vertex 3.821305e+01 4.025284e+01 2.785135e+00
    endloop
  endfacet
  facet normal -9.741644e-01 2.675037e-16 2.258400e-01
    outer loop
      vertex 3.819105e+01 4.138975e+01 2.690265e+00
      vertex 3.821305e+01 4.025284e+01 2.785135e+00
      vertex 3.821305e+01 4.138975e+01 2.785135e+00
    endloop
  endfacet
  facet normal -9.993908e-01 -1.406758e-14 3.489950e-02
    outer loop
      vertex 3.842541e+01 4.055162e+01 8.866538e+00
      vertex 3.842623e+01 4.067140e+01 8.890000e+00
      vertex 3.821305e+01 4.025284e+01 2.785135e+00
    endloop
  endfacet
  facet normal -9.993908e-01 -5.495006e-15 3.489950e-02
    outer loop
      vertex 3.842304e+01 4.044842e+01 8.798517e+00
      vertex 3.842541e+01 4.055162e+01 8.866538e+00
      vertex 3.821305e+01 4.025284e+01 2.785135e+00
    endloop
  endfacet
  facet normal -8.849105e-04 -9.661447e-01 2.579989e-01
    outer loop
      vertex 3.818330e+01 4.022330e+01 2.674442e+00
      vertex 3.942063e+01 4.025291e+01 2.789567e+00
      vertex 3.821305e+01 4.025284e+01 2.785135e+00
    endloop
  endfacet
  facet normal -9.659356e-01 2.906717e-03 2.587661e-01
    outer loop
      vertex 3.818330e+01 4.022330e+01 2.674442e+00
      vertex 3.821305e+01 4.025284e+01 2.785135e+00
      vertex 3.819105e+01 4.138975e+01 2.690265e+00
    endloop
  endfacet
  facet normal -9.993908e-01 -2.136978e-18 3.489950e-02
    outer loop
      vertex 3.842623e+01 4.067140e+01 8.890000e+00
      vertex 3.842623e+01 4.160293e+01 8.890000e+00
      vertex 3.821305e+01 4.138975e+01 2.785135e+00
    endloop
  endfacet
  facet normal -9.233741e-01 -3.811887e-01 4.555634e-02
    outer loop
      vertex 3.835228e+01 4.178207e+01 8.890000e+00
      vertex 3.821305e+01 4.138975e+01 2.785135e+00
      vertex 3.842623e+01 4.160293e+01 8.890000e+00
    endloop
  endfacet
  facet normal 1.224647e-16 6.123234e-17 -1.000000e+00
    outer loop
      vertex -2.567993e+01 -3.349877e+01 5.080003e-01
      vertex -2.735695e+01 -3.350289e+01 5.080003e-01
      vertex -2.729494e+01 -3.341111e+01 5.080003e-01
    endloop
  endfacet
  facet normal 1.224647e-16 6.123234e-17 -1.000000e+00
    outer loop
      vertex -2.632704e+01 -3.361101e+01 5.080003e-01
      vertex -2.632704e+01 -3.410155e+01 5.080003e-01
      vertex -2.737850e+01 -3.361101e+01 5.080003e-01
    endloop
  endfacet
  facet normal -6.886902e-18 -6.123234e-17 1.000000e+00
    outer loop
      vertex 3.995116e+01 4.185678e+01 8.890000e+00
      vertex 3.842623e+01 4.160293e+01 8.890000e+00
      vertex 3.842623e+01 4.067140e+01 8.890000e+00
    endloop
  endfacet
  facet normal -1.431867e-17 -1.658734e-17 1.000000e+00
    outer loop
      vertex 3.835228e+01 4.178207e+01 8.890000e+00
      vertex 3.842623e+01 4.160293e+01 8.890000e+00
      vertex 3.995116e+01 4.185678e+01 8.890000e+00
    endloop
  endfacet
  facet normal -7.997010e-16 -1.922173e-01 9.813524e-01
    outer loop
      vertex 3.962277e+01 4.067140e+01 8.890000e+00
      vertex 3.842623e+01 4.067140e+01 8.890000e+00
      vertex 3.842541e+01 4.055162e+01 8.866538e+00
    endloop
  endfacet
  facet normal -1.224647e-16 8.745291e-17 1.000000e+00
    outer loop
      vertex 3.962277e+01 4.067140e+01 8.890000e+00
      vertex 3.995116e+01 4.185678e+01 8.890000e+00
      vertex 3.842623e+01 4.067140e+01 8.890000e+00
    endloop
  endfacet
  facet normal -1.012384e-04 -5.503159e-01 8.349565e-01
    outer loop
      vertex 3.962277e+01 4.044887e+01 8.798957e+00
      vertex 3.842541e+01 4.055162e+01 8.866538e+00
      vertex 3.842304e+01 4.044842e+01 8.798517e+00
    endloop
  endfacet
  facet normal 1.974014e-02 -3.785749e-01 9.253601e-01
    outer loop
      vertex 3.962277e+01 4.044887e+01 8.798957e+00
      vertex 3.962277e+01 4.067140e+01 8.890000e+00
      vertex 3.842541e+01 4.055162e+01 8.866538e+00
    endloop
  endfacet
  facet normal -9.993908e-01 -2.136978e-18 3.489950e-02
    outer loop
      vertex 3.821518e+01 2.584945e+01 2.846420e+00
      vertex 3.842623e+01 2.574396e+01 8.890000e+00
      vertex 3.842623e+01 3.197259e+01 8.890000e+00
    endloop
  endfacet
  facet normal -1.224647e-16 -6.123234e-17 1.000000e+00
    outer loop
      vertex 3.962277e+01 3.197259e+01 8.890000e+00
      vertex 3.842623e+01 3.197259e+01 8.890000e+00
      vertex 3.842623e+01 2.574396e+01 8.890000e+00
    endloop
  endfacet
  facet normal -9.993908e-01 -2.579783e-14 3.489950e-02
    outer loop
      vertex 3.821370e+01 2.587000e+01 2.803952e+00
      vertex 3.821518e+01 2.584945e+01 2.846420e+00
      vertex 3.842623e+01 3.197259e+01 8.890000e+00
    endloop
  endfacet
  facet normal -9.993908e-01 -2.940502e-14 3.489950e-02
    outer loop
      vertex 3.821305e+01 2.591131e+01 2.785135e+00
      vertex 3.821370e+01 2.587000e+01 2.803952e+00
      vertex 3.842623e+01 3.197259e+01 8.890000e+00
    endloop
  endfacet
  facet normal -9.993908e-01 1.234423e-14 3.489950e-02
    outer loop
      vertex 3.842541e+01 3.209238e+01 8.866538e+00
      vertex 3.821305e+01 2.591131e+01 2.785135e+00
      vertex 3.842623e+01 3.197259e+01 8.890000e+00
    endloop
  endfacet
  facet normal 3.883955e-02 1.923281e-01 9.805618e-01
    outer loop
      vertex 3.962277e+01 3.219513e+01 8.798957e+00
      vertex 3.842541e+01 3.209238e+01 8.866538e+00
      vertex 3.842623e+01 3.197259e+01 8.890000e+00
    endloop
  endfacet
  facet normal -9.946992e-16 3.786488e-01 9.255404e-01
    outer loop
      vertex 3.962277e+01 3.219513e+01 8.798957e+00
      vertex 3.842623e+01 3.197259e+01 8.890000e+00
      vertex 3.962277e+01 3.197259e+01 8.890000e+00
    endloop
  endfacet
  facet normal -9.798487e-01 1.961619e-01 3.764109e-02
    outer loop
      vertex 3.819064e+01 2.572734e+01 2.843751e+00
      vertex 3.842623e+01 2.574396e+01 8.890000e+00
      vertex 3.821518e+01 2.584945e+01 2.846420e+00
    endloop
  endfacet
  facet normal -1.318960e-15 1.995755e-16 1.000000e+00
    outer loop
      vertex 3.978874e+01 3.199465e+01 8.890000e+00
      vertex 3.842623e+01 2.574396e+01 8.890000e+00
      vertex 3.995116e+01 3.206402e+01 8.890000e+00
    endloop
  endfacet
  facet normal -7.697398e-16 6.705759e-17 1.000000e+00
    outer loop
      vertex 3.840224e+01 2.562292e+01 8.890000e+00
      vertex 3.995116e+01 3.206402e+01 8.890000e+00
      vertex 3.842623e+01 2.574396e+01 8.890000e+00
    endloop
  endfacet
  facet normal -1.224647e-16 -6.123234e-17 1.000000e+00
    outer loop
      vertex 3.978874e+01 3.199465e+01 8.890000e+00
      vertex 3.962277e+01 3.197259e+01 8.890000e+00
      vertex 3.842623e+01 2.574396e+01 8.890000e+00
    endloop
  endfacet
  facet normal -9.802229e-01 1.942802e-01 3.766084e-02
    outer loop
      vertex 3.819064e+01 2.572734e+01 2.843751e+00
      vertex 3.840224e+01 2.562292e+01 8.890000e+00
      vertex 3.842623e+01 2.574396e+01 8.890000e+00
    endloop
  endfacet
  facet normal -5.455129e-01 7.467428e-01 3.805141e-01
    outer loop
      vertex 3.819124e+01 2.591131e+01 2.690686e+00
      vertex 3.821518e+01 2.584945e+01 2.846420e+00
      vertex 3.821370e+01 2.587000e+01 2.803952e+00
    endloop
  endfacet
  facet normal -8.754999e-01 1.660906e-01 4.537772e-01
    outer loop
      vertex 3.813787e+01 2.566306e+01 2.765474e+00
      vertex 3.819064e+01 2.572734e+01 2.843751e+00
      vertex 3.821518e+01 2.584945e+01 2.846420e+00
    endloop
  endfacet
  facet normal -9.277133e-01 2.753568e-01 2.520448e-01
    outer loop
      vertex 3.813787e+01 2.566306e+01 2.765474e+00
      vertex 3.821518e+01 2.584945e+01 2.846420e+00
      vertex 3.819124e+01 2.591131e+01 2.690686e+00
    endloop
  endfacet
  facet normal -9.706953e-01 8.666825e-02 2.241412e-01
    outer loop
      vertex 3.819124e+01 2.591131e+01 2.690686e+00
      vertex 3.821370e+01 2.587000e+01 2.803952e+00
      vertex 3.821305e+01 2.591131e+01 2.785135e+00
    endloop
  endfacet
  facet normal -9.993908e-01 -2.136978e-18 3.489950e-02
    outer loop
      vertex 3.841534e+01 3.229005e+01 8.578041e+00
      vertex 3.821305e+01 3.239116e+01 2.785135e+00
      vertex 3.821305e+01 2.591131e+01 2.785135e+00
    endloop
  endfacet
  facet normal -9.661022e-01 -1.580772e-17 2.581597e-01
    outer loop
      vertex 3.818321e+01 3.242146e+01 2.673473e+00
      vertex 3.821305e+01 2.591131e+01 2.785135e+00
      vertex 3.821305e+01 3.239116e+01 2.785135e+00
    endloop
  endfacet
  facet normal -9.993908e-01 -1.144830e-14 3.489950e-02
    outer loop
      vertex 3.842304e+01 3.219558e+01 8.798517e+00
      vertex 3.841534e+01 3.229005e+01 8.578041e+00
      vertex 3.821305e+01 2.591131e+01 2.785135e+00
    endloop
  endfacet
  facet normal -9.993908e-01 2.005106e-15 3.489950e-02
    outer loop
      vertex 3.842541e+01 3.209238e+01 8.866538e+00
      vertex 3.842304e+01 3.219558e+01 8.798517e+00
      vertex 3.821305e+01 2.591131e+01 2.785135e+00
    endloop
  endfacet
  facet normal -9.743614e-01 -6.068244e-04 2.249877e-01
    outer loop
      vertex 3.819124e+01 2.591131e+01 2.690686e+00
      vertex 3.821305e+01 2.591131e+01 2.785135e+00
      vertex 3.818321e+01 3.242146e+01 2.673473e+00
    endloop
  endfacet
  facet normal -3.683086e-17 9.998477e-01 1.745241e-02
    outer loop
      vertex 3.942063e+01 3.239108e+01 2.789567e+00
      vertex 3.821305e+01 3.239116e+01 2.785135e+00
      vertex 3.841534e+01 3.229005e+01 8.578041e+00
    endloop
  endfacet
  facet normal -1.389766e-03 9.187903e-01 3.947435e-01
    outer loop
      vertex 3.942063e+01 3.246702e+01 2.612834e+00
      vertex 3.821305e+01 3.239116e+01 2.785135e+00
      vertex 3.942063e+01 3.239108e+01 2.789567e+00
    endloop
  endfacet
  facet normal -2.235876e-02 9.633294e-01 2.673886e-01
    outer loop
      vertex 3.818321e+01 3.242146e+01 2.673473e+00
      vertex 3.821305e+01 3.239116e+01 2.785135e+00
      vertex 3.942063e+01 3.246702e+01 2.612834e+00
    endloop
  endfacet
  facet normal -1.632072e-16 9.191807e-01 3.938362e-01
    outer loop
      vertex 3.962277e+01 3.229005e+01 8.578041e+00
      vertex 3.841534e+01 3.229005e+01 8.578041e+00
      vertex 3.842304e+01 3.219558e+01 8.798517e+00
    endloop
  endfacet
  facet normal -7.232344e-18 9.998477e-01 1.745241e-02
    outer loop
      vertex 3.962277e+01 3.229005e+01 8.578041e+00
      vertex 3.942063e+01 3.239108e+01 2.789567e+00
      vertex 3.841534e+01 3.229005e+01 8.578041e+00
    endloop
  endfacet
  facet normal -1.012342e-04 5.503159e-01 8.349565e-01
    outer loop
      vertex 3.962277e+01 3.219513e+01 8.798957e+00
      vertex 3.842304e+01 3.219558e+01 8.798517e+00
      vertex 3.842541e+01 3.209238e+01 8.866538e+00
    endloop
  endfacet
  facet normal 1.974322e-04 9.187913e-01 3.947437e-01
    outer loop
      vertex 3.962277e+01 3.219513e+01 8.798957e+00
      vertex 3.962277e+01 3.229005e+01 8.578041e+00
      vertex 3.842304e+01 3.219558e+01 8.798517e+00
    endloop
  endfacet
  facet normal -9.993908e-01 3.912133e-14 3.489950e-02
    outer loop
      vertex 3.842304e+01 2.348418e+00 8.798517e+00
      vertex 3.837301e+01 2.232797e+00 7.366000e+00
      vertex 3.841534e+01 2.253953e+00 8.578041e+00
    endloop
  endfacet
  facet normal 1.909443e-15 -9.998477e-01 1.745241e-02
    outer loop
      vertex 3.942063e+01 2.152915e+00 2.789567e+00
      vertex 3.841534e+01 2.253953e+00 8.578041e+00
      vertex 3.837301e+01 2.232797e+00 7.366000e+00
    endloop
  endfacet
  facet normal 1.979213e-04 -9.191831e-01 3.938303e-01
    outer loop
      vertex 3.962277e+01 2.348866e+00 8.798957e+00
      vertex 3.842304e+01 2.348418e+00 8.798517e+00
      vertex 3.841534e+01 2.253953e+00 8.578041e+00
    endloop
  endfacet
  facet normal 4.650925e-15 -9.998477e-01 1.745241e-02
    outer loop
      vertex 3.942063e+01 2.152915e+00 2.789567e+00
      vertex 3.962277e+01 2.253953e+00 8.578041e+00
      vertex 3.841534e+01 2.253953e+00 8.578041e+00
    endloop
  endfacet
  facet normal 4.122905e-15 -9.187913e-01 3.947437e-01
    outer loop
      vertex 3.962277e+01 2.348866e+00 8.798957e+00
      vertex 3.841534e+01 2.253953e+00 8.578041e+00
      vertex 3.962277e+01 2.253953e+00 8.578041e+00
    endloop
  endfacet
  facet normal -9.993908e-01 -2.136978e-18 3.489950e-02
    outer loop
      vertex 3.842623e+01 2.571403e+00 8.890000e+00
      vertex 3.837301e+01 4.434559e+00 7.366000e+00
      vertex 3.837301e+01 2.232797e+00 7.366000e+00
    endloop
  endfacet
  facet normal -1.224647e-16 -6.123234e-17 1.000000e+00
    outer loop
      vertex 3.828052e+01 4.210635e+00 7.366000e+00
      vertex 3.837301e+01 2.232797e+00 7.366000e+00
      vertex 3.837301e+01 4.434559e+00 7.366000e+00
    endloop
  endfacet
  facet normal -9.993908e-01 -1.376639e-14 3.489950e-02
    outer loop
      vertex 3.842541e+01 2.451622e+00 8.866538e+00
      vertex 3.842623e+01 2.571403e+00 8.890000e+00
      vertex 3.837301e+01 2.232797e+00 7.366000e+00
    endloop
  endfacet
  facet normal -9.993908e-01 -5.651731e-15 3.489950e-02
    outer loop
      vertex 3.842304e+01 2.348418e+00 8.798517e+00
      vertex 3.842541e+01 2.451622e+00 8.866538e+00
      vertex 3.837301e+01 2.232797e+00 7.366000e+00
    endloop
  endfacet
  facet normal -2.137303e-18 -9.998477e-01 1.745241e-02
    outer loop
      vertex 3.821320e+01 2.152915e+00 2.789567e+00
      vertex 3.942063e+01 2.152915e+00 2.789567e+00
      vertex 3.837301e+01 2.232797e+00 7.366000e+00
    endloop
  endfacet
  facet normal -8.556731e-01 -5.160534e-01 3.888851e-02
    outer loop
      vertex 3.826320e+01 2.414881e+00 7.366000e+00
      vertex 3.821320e+01 2.152915e+00 2.789567e+00
      vertex 3.837301e+01 2.232797e+00 7.366000e+00
    endloop
  endfacet
  facet normal -1.224647e-16 -6.123234e-17 1.000000e+00
    outer loop
      vertex 3.826320e+01 2.414881e+00 7.366000e+00
      vertex 3.837301e+01 2.232797e+00 7.366000e+00
      vertex 3.828052e+01 4.210635e+00 7.366000e+00
    endloop
  endfacet
  facet normal -9.993908e-01 1.729997e-16 3.489950e-02
    outer loop
      vertex 3.842623e+01 2.017924e+01 8.890000e+00
      vertex 3.821305e+01 4.514517e+00 2.785135e+00
      vertex 3.837301e+01 4.434559e+00 7.366000e+00
    endloop
  endfacet
  facet normal -9.805470e-01 1.926487e-01 3.760415e-02
    outer loop
      vertex 3.818942e+01 4.394472e+00 2.784118e+00
      vertex 3.837301e+01 4.434559e+00 7.366000e+00
      vertex 3.821305e+01 4.514517e+00 2.785135e+00
    endloop
  endfacet
  facet normal -9.993908e-01 -2.136978e-18 3.489950e-02
    outer loop
      vertex 3.842623e+01 2.571403e+00 8.890000e+00
      vertex 3.842623e+01 2.017924e+01 8.890000e+00
      vertex 3.837301e+01 4.434559e+00 7.366000e+00
    endloop
  endfacet
  facet normal -9.237374e-01 3.815430e-01 3.367529e-02
    outer loop
      vertex 3.818942e+01 4.394472e+00 2.784118e+00
      vertex 3.828052e+01 4.210635e+00 7.366000e+00
      vertex 3.837301e+01 4.434559e+00 7.366000e+00
    endloop
  endfacet
  facet normal -9.993908e-01 -2.136978e-18 3.489950e-02
    outer loop
      vertex 3.842623e+01 2.017924e+01 8.890000e+00
      vertex 3.821305e+01 2.001189e+01 2.785135e+00
      vertex 3.821305e+01 4.514517e+00 2.785135e+00
    endloop
  endfacet
  facet normal -9.743616e-01 -1.377653e-17 2.249877e-01
    outer loop
      vertex 3.819124e+01 2.001189e+01 2.690686e+00
      vertex 3.821305e+01 4.514517e+00 2.785135e+00
      vertex 3.821305e+01 2.001189e+01 2.785135e+00
    endloop
  endfacet
  facet normal -8.236825e-01 1.574790e-01 5.447453e-01
    outer loop
      vertex 3.806644e+01 4.343724e+00 2.612834e+00
      vertex 3.818942e+01 4.394472e+00 2.784118e+00
      vertex 3.821305e+01 4.514517e+00 2.785135e+00
    endloop
  endfacet
  facet normal -9.153071e-01 1.166514e-03 4.027549e-01
    outer loop
      vertex 3.819124e+01 2.001189e+01 2.690686e+00
      vertex 3.813723e+01 4.514517e+00 2.612831e+00
      vertex 3.821305e+01 4.514517e+00 2.785135e+00
    endloop
  endfacet
  facet normal -8.557926e-01 3.547058e-01 3.765673e-01
    outer loop
      vertex 3.806644e+01 4.343724e+00 2.612834e+00
      vertex 3.821305e+01 4.514517e+00 2.785135e+00
      vertex 3.813723e+01 4.514517e+00 2.612831e+00
    endloop
  endfacet
  facet normal -9.993908e-01 4.042392e-14 3.489950e-02
    outer loop
      vertex 3.842623e+01 2.017924e+01 8.890000e+00
      vertex 3.821370e+01 2.005319e+01 2.803952e+00
      vertex 3.821305e+01 2.001189e+01 2.785135e+00
    endloop
  endfacet
  facet normal -8.390143e-01 -2.144623e-01 5.000609e-01
    outer loop
      vertex 3.813787e+01 2.026014e+01 2.765474e+00
      vertex 3.821305e+01 2.001189e+01 2.785135e+00
      vertex 3.821370e+01 2.005319e+01 2.803952e+00
    endloop
  endfacet
  facet normal -9.389466e-01 -2.671568e-01 2.168101e-01
    outer loop
      vertex 3.813787e+01 2.026014e+01 2.765474e+00
      vertex 3.819124e+01 2.001189e+01 2.690686e+00
      vertex 3.821305e+01 2.001189e+01 2.785135e+00
    endloop
  endfacet
  facet normal -9.993908e-01 1.494361e-13 3.489950e-02
    outer loop
      vertex 3.842623e+01 2.017924e+01 8.890000e+00
      vertex 3.821518e+01 2.007375e+01 2.846420e+00
      vertex 3.821370e+01 2.005319e+01 2.803952e+00
    endloop
  endfacet
  facet normal -9.337331e-01 -3.083347e-01 1.818575e-01
    outer loop
      vertex 3.813787e+01 2.026014e+01 2.765474e+00
      vertex 3.821370e+01 2.005319e+01 2.803952e+00
      vertex 3.821518e+01 2.007375e+01 2.846420e+00
    endloop
  endfacet
  facet normal -9.802243e-01 -1.942805e-01 3.762137e-02
    outer loop
      vertex 3.840224e+01 2.030028e+01 8.890000e+00
      vertex 3.821518e+01 2.007375e+01 2.846420e+00
      vertex 3.842623e+01 2.017924e+01 8.890000e+00
    endloop
  endfacet
  facet normal -9.798475e-01 -1.961608e-01 3.768018e-02
    outer loop
      vertex 3.819064e+01 2.019585e+01 2.843751e+00
      vertex 3.821518e+01 2.007375e+01 2.846420e+00
      vertex 3.840224e+01 2.030028e+01 8.890000e+00
    endloop
  endfacet
  facet normal -8.754999e-01 -1.660906e-01 4.537772e-01
    outer loop
      vertex 3.813787e+01 2.026014e+01 2.765474e+00
      vertex 3.821518e+01 2.007375e+01 2.846420e+00
      vertex 3.819064e+01 2.019585e+01 2.843751e+00
    endloop
  endfacet
  facet normal -2.380425e-16 -6.123234e-17 1.000000e+00
    outer loop
      vertex 3.995116e+01 3.206402e+01 8.890000e+00
      vertex 3.842623e+01 2.017924e+01 8.890000e+00
      vertex 3.842623e+01 2.571403e+00 8.890000e+00
    endloop
  endfacet
  facet normal -1.678836e-16 -7.023438e-17 1.000000e+00
    outer loop
      vertex 3.840224e+01 2.030028e+01 8.890000e+00
      vertex 3.842623e+01 2.017924e+01 8.890000e+00
      vertex 3.995116e+01 3.206402e+01 8.890000e+00
    endloop
  endfacet
  facet normal -1.026208e-15 -1.922173e-01 9.813524e-01
    outer loop
      vertex 3.962277e+01 2.571403e+00 8.890000e+00
      vertex 3.842623e+01 2.571403e+00 8.890000e+00
      vertex 3.842541e+01 2.451622e+00 8.866538e+00
    endloop
  endfacet
  facet normal -1.224647e-16 -6.720834e-17 1.000000e+00
    outer loop
      vertex 3.962277e+01 2.571403e+00 8.890000e+00
      vertex 3.995116e+01 3.206402e+01 8.890000e+00
      vertex 3.842623e+01 2.571403e+00 8.890000e+00
    endloop
  endfacet
  facet normal -1.012384e-04 -5.503159e-01 8.349565e-01
    outer loop
      vertex 3.962277e+01 2.348866e+00 8.798957e+00
      vertex 3.842541e+01 2.451622e+00 8.866538e+00
      vertex 3.842304e+01 2.348418e+00 8.798517e+00
    endloop
  endfacet
  facet normal 1.974014e-02 -3.785749e-01 9.253601e-01
    outer loop
      vertex 3.962277e+01 2.348866e+00 8.798957e+00
      vertex 3.962277e+01 2.571403e+00 8.890000e+00
      vertex 3.842541e+01 2.451622e+00 8.866538e+00
    endloop
  endfacet
  facet normal -9.993908e-01 -2.136978e-18 3.489950e-02
    outer loop
      vertex 3.821305e+01 -3.594716e+01 2.785135e+00
      vertex 3.842623e+01 -3.552859e+01 8.890000e+00
      vertex 3.842623e+01 -6.127403e+00 8.890000e+00
    endloop
  endfacet
  facet normal -1.224647e-16 -6.123234e-17 1.000000e+00
    outer loop
      vertex 3.962277e+01 -6.127403e+00 8.890000e+00
      vertex 3.842623e+01 -6.127403e+00 8.890000e+00
      vertex 3.842623e+01 -3.552859e+01 8.890000e+00
    endloop
  endfacet
  facet normal -9.993908e-01 7.062802e-15 3.489950e-02
    outer loop
      vertex 3.842541e+01 -6.007624e+00 8.866538e+00
      vertex 3.821305e+01 -3.594716e+01 2.785135e+00
      vertex 3.842623e+01 -6.127403e+00 8.890000e+00
    endloop
  endfacet
  facet normal 3.883955e-02 1.923281e-01 9.805618e-01
    outer loop
      vertex 3.962277e+01 -5.904869e+00 8.798957e+00
      vertex 3.842541e+01 -6.007624e+00 8.866538e+00
      vertex 3.842623e+01 -6.127403e+00 8.890000e+00
    endloop
  endfacet
  facet normal -1.133460e-16 3.786488e-01 9.255404e-01
    outer loop
      vertex 3.962277e+01 -5.904869e+00 8.798957e+00
      vertex 3.842623e+01 -6.127403e+00 8.890000e+00
      vertex 3.962277e+01 -6.127403e+00 8.890000e+00
    endloop
  endfacet
  facet normal -9.993908e-01 -1.356795e-14 3.489950e-02
    outer loop
      vertex 3.821305e+01 -3.594716e+01 2.785135e+00
      vertex 3.842541e+01 -3.564838e+01 8.866538e+00
      vertex 3.842623e+01 -3.552859e+01 8.890000e+00
    endloop
  endfacet
  facet normal -1.201810e-16 -1.922173e-01 9.813524e-01
    outer loop
      vertex 3.962277e+01 -3.552859e+01 8.890000e+00
      vertex 3.842623e+01 -3.552859e+01 8.890000e+00
      vertex 3.842541e+01 -3.564838e+01 8.866538e+00
    endloop
  endfacet
  facet normal -1.229463e-15 -9.970492e-18 1.000000e+00
    outer loop
      vertex 3.978874e+01 -6.105353e+00 8.890000e+00
      vertex 3.842623e+01 -3.552859e+01 8.890000e+00
      vertex 3.995116e+01 -6.035978e+00 8.890000e+00
    endloop
  endfacet
  facet normal -1.224647e-16 -6.720834e-17 1.000000e+00
    outer loop
      vertex 3.962277e+01 -3.552859e+01 8.890000e+00
      vertex 3.995116e+01 -6.035978e+00 8.890000e+00
      vertex 3.842623e+01 -3.552859e+01 8.890000e+00
    endloop
  endfacet
  facet normal -1.224647e-16 -6.123234e-17 1.000000e+00
    outer loop
      vertex 3.978874e+01 -6.105353e+00 8.890000e+00
      vertex 3.962277e+01 -6.127403e+00 8.890000e+00
      vertex 3.842623e+01 -3.552859e+01 8.890000e+00
    endloop
  endfacet
  facet normal -9.993908e-01 -3.225195e-15 3.489950e-02
    outer loop
      vertex 3.821305e+01 -3.594716e+01 2.785135e+00
      vertex 3.842304e+01 -3.575158e+01 8.798517e+00
      vertex 3.842541e+01 -3.564838e+01 8.866538e+00
    endloop
  endfacet
  facet normal -1.012384e-04 -5.503159e-01 8.349565e-01
    outer loop
      vertex 3.962277e+01 -3.575113e+01 8.798957e+00
      vertex 3.842541e+01 -3.564838e+01 8.866538e+00
      vertex 3.842304e+01 -3.575158e+01 8.798517e+00
    endloop
  endfacet
  facet normal 1.974014e-02 -3.785749e-01 9.253601e-01
    outer loop
      vertex 3.962277e+01 -3.575113e+01 8.798957e+00
      vertex 3.962277e+01 -3.552859e+01 8.890000e+00
      vertex 3.842541e+01 -3.564838e+01 8.866538e+00
    endloop
  endfacet
  facet normal -9.993908e-01 4.048131e-14 3.489950e-02
    outer loop
      vertex 3.821305e+01 -3.594716e+01 2.785135e+00
      vertex 3.841534e+01 -3.584605e+01 8.578041e+00
      vertex 3.842304e+01 -3.575158e+01 8.798517e+00
    endloop
  endfacet
  facet normal 1.979213e-04 -9.191831e-01 3.938303e-01
    outer loop
      vertex 3.962277e+01 -3.575113e+01 8.798957e+00
      vertex 3.842304e+01 -3.575158e+01 8.798517e+00
      vertex 3.841534e+01 -3.584605e+01 8.578041e+00
    endloop
  endfacet
  facet normal -4.710715e-15 -9.998477e-01 1.745241e-02
    outer loop
      vertex 3.942063e+01 -3.594709e+01 2.789567e+00
      vertex 3.841534e+01 -3.584605e+01 8.578041e+00
      vertex 3.821305e+01 -3.594716e+01 2.785135e+00
    endloop
  endfacet
  facet normal -9.348288e-15 -9.998477e-01 1.745241e-02
    outer loop
      vertex 3.942063e+01 -3.594709e+01 2.789567e+00
      vertex 3.962277e+01 -3.584605e+01 8.578041e+00
      vertex 3.841534e+01 -3.584605e+01 8.578041e+00
    endloop
  endfacet
  facet normal -8.631776e-15 -9.187913e-01 3.947437e-01
    outer loop
      vertex 3.962277e+01 -3.575113e+01 8.798957e+00
      vertex 3.841534e+01 -3.584605e+01 8.578041e+00
      vertex 3.962277e+01 -3.584605e+01 8.578041e+00
    endloop
  endfacet
  facet normal -9.993908e-01 -2.136978e-18 3.489950e-02
    outer loop
      vertex 3.841534e+01 -5.809956e+00 8.578041e+00
      vertex 3.821305e+01 -5.708836e+00 2.785135e+00
      vertex 3.821305e+01 -3.594716e+01 2.785135e+00
    endloop
  endfacet
  facet normal -9.661022e-01 -1.580772e-17 2.581597e-01
    outer loop
      vertex 3.818321e+01 -5.678538e+00 2.673473e+00
      vertex 3.821305e+01 -3.594716e+01 2.785135e+00
      vertex 3.821305e+01 -5.708836e+00 2.785135e+00
    endloop
  endfacet
  facet normal -9.993908e-01 -3.043364e-15 3.489950e-02
    outer loop
      vertex 3.842304e+01 -5.904421e+00 8.798517e+00
      vertex 3.841534e+01 -5.809956e+00 8.578041e+00
      vertex 3.821305e+01 -3.594716e+01 2.785135e+00
    endloop
  endfacet
  facet normal -9.993908e-01 8.408042e-16 3.489950e-02
    outer loop
      vertex 3.842541e+01 -6.007624e+00 8.866538e+00
      vertex 3.842304e+01 -5.904421e+00 8.798517e+00
      vertex 3.821305e+01 -3.594716e+01 2.785135e+00
    endloop
  endfacet
  facet normal -8.849105e-04 -9.661447e-01 2.579989e-01
    outer loop
      vertex 3.818330e+01 -3.597670e+01 2.674442e+00
      vertex 3.942063e+01 -3.594709e+01 2.789567e+00
      vertex 3.821305e+01 -3.594716e+01 2.785135e+00
    endloop
  endfacet
  facet normal -9.657459e-01 5.256085e-06 2.594893e-01
    outer loop
      vertex 3.818330e+01 -3.597670e+01 2.674442e+00
      vertex 3.821305e+01 -3.594716e+01 2.785135e+00
      vertex 3.818321e+01 -5.678538e+00 2.673473e+00
    endloop
  endfacet
  facet normal 1.397054e-14 9.998477e-01 1.745241e-02
    outer loop
      vertex 3.942063e+01 -5.708914e+00 2.789567e+00
      vertex 3.821305e+01 -5.708836e+00 2.785135e+00
      vertex 3.841534e+01 -5.809956e+00 8.578041e+00
    endloop
  endfacet
  facet normal -1.389766e-03 9.187903e-01 3.947435e-01
    outer loop
      vertex 3.942063e+01 -5.632986e+00 2.612834e+00
      vertex 3.821305e+01 -5.708836e+00 2.785135e+00
      vertex 3.942063e+01 -5.708914e+00 2.789567e+00
    endloop
  endfacet
  facet normal -2.235876e-02 9.633294e-01 2.673886e-01
    outer loop
      vertex 3.818321e+01 -5.678538e+00 2.673473e+00
      vertex 3.821305e+01 -5.708836e+00 2.785135e+00
      vertex 3.942063e+01 -5.632986e+00 2.612834e+00
    endloop
  endfacet
  facet normal 8.423828e-15 9.191807e-01 3.938362e-01
    outer loop
      vertex 3.962277e+01 -5.809956e+00 8.578041e+00
      vertex 3.841534e+01 -5.809956e+00 8.578041e+00
      vertex 3.842304e+01 -5.904421e+00 8.798517e+00
    endloop
  endfacet
  facet normal 9.333399e-15 9.998477e-01 1.745241e-02
    outer loop
      vertex 3.962277e+01 -5.809956e+00 8.578041e+00
      vertex 3.942063e+01 -5.708914e+00 2.789567e+00
      vertex 3.841534e+01 -5.809956e+00 8.578041e+00
    endloop
  endfacet
  facet normal -1.012342e-04 5.503159e-01 8.349565e-01
    outer loop
      vertex 3.962277e+01 -5.904869e+00 8.798957e+00
      vertex 3.842304e+01 -5.904421e+00 8.798517e+00
      vertex 3.842541e+01 -6.007624e+00 8.866538e+00
    endloop
  endfacet
  facet normal 1.974322e-04 9.187913e-01 3.947437e-01
    outer loop
      vertex 3.962277e+01 -5.904869e+00 8.798957e+00
      vertex 3.962277e+01 -5.809956e+00 8.578041e+00
      vertex 3.842304e+01 -5.904421e+00 8.798517e+00
    endloop
  endfacet
  facet normal -9.993908e-01 -2.136978e-18 3.489950e-02
    outer loop
      vertex 3.821305e+01 -4.513474e+01 2.785135e+00
      vertex 3.842623e+01 -4.534793e+01 8.890000e+00
      vertex 3.842623e+01 -4.422740e+01 8.890000e+00
    endloop
  endfacet
  facet normal -1.224647e-16 -6.123234e-17 1.000000e+00
    outer loop
      vertex 3.962277e+01 -4.422740e+01 8.890000e+00
      vertex 3.842623e+01 -4.422740e+01 8.890000e+00
      vertex 3.842623e+01 -4.534793e+01 8.890000e+00
    endloop
  endfacet
  facet normal -9.993908e-01 1.243248e-14 3.489950e-02
    outer loop
      vertex 3.842541e+01 -4.410762e+01 8.866538e+00
      vertex 3.821305e+01 -4.513474e+01 2.785135e+00
      vertex 3.842623e+01 -4.422740e+01 8.890000e+00
    endloop
  endfacet
  facet normal 3.883955e-02 1.923281e-01 9.805618e-01
    outer loop
      vertex 3.962277e+01 -4.400487e+01 8.798957e+00
      vertex 3.842541e+01 -4.410762e+01 8.866538e+00
      vertex 3.842623e+01 -4.422740e+01 8.890000e+00
    endloop
  endfacet
  facet normal 3.442458e-15 3.786488e-01 9.255404e-01
    outer loop
      vertex 3.962277e+01 -4.400487e+01 8.798957e+00
      vertex 3.842623e+01 -4.422740e+01 8.890000e+00
      vertex 3.962277e+01 -4.422740e+01 8.890000e+00
    endloop
  endfacet
  facet normal -9.232944e-01 3.813814e-01 4.556029e-02
    outer loop
      vertex 3.812039e+01 -4.535862e+01 2.781469e+00
      vertex 3.842623e+01 -4.534793e+01 8.890000e+00
      vertex 3.821305e+01 -4.513474e+01 2.785135e+00
    endloop
  endfacet
  facet normal 1.518828e-16 -1.155784e-16 1.000000e+00
    outer loop
      vertex 3.840225e+01 -4.546898e+01 8.890000e+00
      vertex 3.995116e+01 -4.413598e+01 8.890000e+00
      vertex 3.842623e+01 -4.534793e+01 8.890000e+00
    endloop
  endfacet
  facet normal 4.300302e-15 -5.335316e-15 1.000000e+00
    outer loop
      vertex 3.978874e+01 -4.420535e+01 8.890000e+00
      vertex 3.842623e+01 -4.534793e+01 8.890000e+00
      vertex 3.995116e+01 -4.413598e+01 8.890000e+00
    endloop
  endfacet
  facet normal -9.797742e-01 1.940855e-01 4.871607e-02
    outer loop
      vertex 3.812039e+01 -4.535862e+01 2.781469e+00
      vertex 3.840225e+01 -4.546898e+01 8.890000e+00
      vertex 3.842623e+01 -4.534793e+01 8.890000e+00
    endloop
  endfacet
  facet normal -1.224647e-16 -6.123234e-17 1.000000e+00
    outer loop
      vertex 3.978874e+01 -4.420535e+01 8.890000e+00
      vertex 3.962277e+01 -4.422740e+01 8.890000e+00
      vertex 3.842623e+01 -4.534793e+01 8.890000e+00
    endloop
  endfacet
  facet normal -9.993908e-01 -2.136978e-18 3.489950e-02
    outer loop
      vertex 3.841534e+01 -4.390996e+01 8.578041e+00
      vertex 3.821305e+01 -4.380884e+01 2.785135e+00
      vertex 3.821305e+01 -4.513474e+01 2.785135e+00
    endloop
  endfacet
  facet normal -9.661022e-01 -1.580772e-17 2.581597e-01
    outer loop
      vertex 3.818321e+01 -4.377854e+01 2.673473e+00
      vertex 3.821305e+01 -4.513474e+01 2.785135e+00
      vertex 3.821305e+01 -4.380884e+01 2.785135e+00
    endloop
  endfacet
  facet normal -9.993908e-01 -3.050636e-14 3.489950e-02
    outer loop
      vertex 3.842304e+01 -4.400442e+01 8.798517e+00
      vertex 3.841534e+01 -4.390996e+01 8.578041e+00
      vertex 3.821305e+01 -4.513474e+01 2.785135e+00
    endloop
  endfacet
  facet normal -9.993908e-01 8.889690e-15 3.489950e-02
    outer loop
      vertex 3.842541e+01 -4.410762e+01 8.866538e+00
      vertex 3.842304e+01 -4.400442e+01 8.798517e+00
      vertex 3.821305e+01 -4.513474e+01 2.785135e+00
    endloop
  endfacet
  facet normal -8.542682e-01 3.472237e-01 3.868612e-01
    outer loop
      vertex 3.806537e+01 -4.530437e+01 2.611288e+00
      vertex 3.812039e+01 -4.535862e+01 2.781469e+00
      vertex 3.821305e+01 -4.513474e+01 2.785135e+00
    endloop
  endfacet
  facet normal -9.134582e-01 1.338929e-02 4.067121e-01
    outer loop
      vertex 3.813564e+01 -4.513474e+01 2.611283e+00
      vertex 3.821305e+01 -4.513474e+01 2.785135e+00
      vertex 3.818321e+01 -4.377854e+01 2.673473e+00
    endloop
  endfacet
  facet normal -8.544034e-01 3.539447e-01 3.804183e-01
    outer loop
      vertex 3.806537e+01 -4.530437e+01 2.611288e+00
      vertex 3.821305e+01 -4.513474e+01 2.785135e+00
      vertex 3.813564e+01 -4.513474e+01 2.611283e+00
    endloop
  endfacet
  facet normal 4.629916e-15 9.998477e-01 1.745241e-02
    outer loop
      vertex 3.942063e+01 -4.380891e+01 2.789567e+00
      vertex 3.821305e+01 -4.380884e+01 2.785135e+00
      vertex 3.841534e+01 -4.390996e+01 8.578041e+00
    endloop
  endfacet
  facet normal -1.389766e-03 9.187903e-01 3.947435e-01
    outer loop
      vertex 3.942063e+01 -4.373299e+01 2.612834e+00
      vertex 3.821305e+01 -4.380884e+01 2.785135e+00
      vertex 3.942063e+01 -4.380891e+01 2.789567e+00
    endloop
  endfacet
  facet normal -2.235876e-02 9.633294e-01 2.673886e-01
    outer loop
      vertex 3.818321e+01 -4.377854e+01 2.673473e+00
      vertex 3.821305e+01 -4.380884e+01 2.785135e+00
      vertex 3.942063e+01 -4.373299e+01 2.612834e+00
    endloop
  endfacet
  facet normal -1.632072e-16 9.191807e-01 3.938362e-01
    outer loop
      vertex 3.962277e+01 -4.390996e+01 8.578041e+00
      vertex 3.841534e+01 -4.390996e+01 8.578041e+00
      vertex 3.842304e+01 -4.400442e+01 8.798517e+00
    endloop
  endfacet
  facet normal -7.232344e-18 9.998477e-01 1.745241e-02
    outer loop
      vertex 3.962277e+01 -4.390996e+01 8.578041e+00
      vertex 3.942063e+01 -4.380891e+01 2.789567e+00
      vertex 3.841534e+01 -4.390996e+01 8.578041e+00
    endloop
  endfacet
  facet normal -1.012342e-04 5.503159e-01 8.349565e-01
    outer loop
      vertex 3.962277e+01 -4.400487e+01 8.798957e+00
      vertex 3.842304e+01 -4.400442e+01 8.798517e+00
      vertex 3.842541e+01 -4.410762e+01 8.866538e+00
    endloop
  endfacet
  facet normal 1.974322e-04 9.187913e-01 3.947437e-01
    outer loop
      vertex 3.962277e+01 -4.400487e+01 8.798957e+00
      vertex 3.962277e+01 -4.390996e+01 8.578041e+00
      vertex 3.842304e+01 -4.400442e+01 8.798517e+00
    endloop
  endfacet
  facet normal 9.993908e-01 -4.267408e-14 3.489950e-02
    outer loop
      vertex -3.842623e+01 2.213716e+01 8.890000e+00
      vertex -3.821370e+01 2.226320e+01 2.803952e+00
      vertex -3.821305e+01 2.230451e+01 2.785135e+00
    endloop
  endfacet
  facet normal 8.390143e-01 2.144623e-01 5.000609e-01
    outer loop
      vertex -3.813787e+01 2.205626e+01 2.765474e+00
      vertex -3.821305e+01 2.230451e+01 2.785135e+00
      vertex -3.821370e+01 2.226320e+01 2.803952e+00
    endloop
  endfacet
  facet normal 9.993908e-01 -2.136978e-18 3.489950e-02
    outer loop
      vertex -3.821305e+01 2.361869e+01 2.785135e+00
      vertex -3.842623e+01 2.213716e+01 8.890000e+00
      vertex -3.821305e+01 2.230451e+01 2.785135e+00
    endloop
  endfacet
  facet normal 9.743616e-01 -1.377653e-17 2.249877e-01
    outer loop
      vertex -3.819124e+01 2.230451e+01 2.690686e+00
      vertex -3.821305e+01 2.361869e+01 2.785135e+00
      vertex -3.821305e+01 2.230451e+01 2.785135e+00
    endloop
  endfacet
  facet normal 9.389466e-01 2.671568e-01 2.168101e-01
    outer loop
      vertex -3.813787e+01 2.205626e+01 2.765474e+00
      vertex -3.819124e+01 2.230451e+01 2.690686e+00
      vertex -3.821305e+01 2.230451e+01 2.785135e+00
    endloop
  endfacet
  facet normal 9.993908e-01 1.144115e-13 3.489950e-02
    outer loop
      vertex -3.842623e+01 2.213716e+01 8.890000e+00
      vertex -3.821518e+01 2.224265e+01 2.846420e+00
      vertex -3.821370e+01 2.226320e+01 2.803952e+00
    endloop
  endfacet
  facet normal 9.337331e-01 3.083347e-01 1.818575e-01
    outer loop
      vertex -3.813787e+01 2.205626e+01 2.765474e+00
      vertex -3.821370e+01 2.226320e+01 2.803952e+00
      vertex -3.821518e+01 2.224265e+01 2.846420e+00
    endloop
  endfacet
  facet normal 9.802243e-01 1.942805e-01 3.762137e-02
    outer loop
      vertex -3.840224e+01 2.201612e+01 8.890000e+00
      vertex -3.821518e+01 2.224265e+01 2.846420e+00
      vertex -3.842623e+01 2.213716e+01 8.890000e+00
    endloop
  endfacet
  facet normal 9.798475e-01 1.961608e-01 3.768018e-02
    outer loop
      vertex -3.819064e+01 2.212055e+01 2.843751e+00
      vertex -3.821518e+01 2.224265e+01 2.846420e+00
      vertex -3.840224e+01 2.201612e+01 8.890000e+00
    endloop
  endfacet
  facet normal 8.754999e-01 1.660906e-01 4.537772e-01
    outer loop
      vertex -3.813787e+01 2.205626e+01 2.765474e+00
      vertex -3.821518e+01 2.224265e+01 2.846420e+00
      vertex -3.819064e+01 2.212055e+01 2.843751e+00
    endloop
  endfacet
  facet normal 9.993908e-01 -2.136978e-18 3.489950e-02
    outer loop
      vertex -3.821518e+01 2.368055e+01 2.846420e+00
      vertex -3.842623e+01 2.378604e+01 8.890000e+00
      vertex -3.842623e+01 2.213716e+01 8.890000e+00
    endloop
  endfacet
  facet normal -1.224647e-16 -6.123234e-17 1.000000e+00
    outer loop
      vertex -3.995116e+01 2.479978e+00 8.890000e+00
      vertex -3.842623e+01 2.213716e+01 8.890000e+00
      vertex -3.842623e+01 2.378604e+01 8.890000e+00
    endloop
  endfacet
  facet normal 9.993908e-01 -7.173947e-14 3.489950e-02
    outer loop
      vertex -3.821370e+01 2.366000e+01 2.803952e+00
      vertex -3.821518e+01 2.368055e+01 2.846420e+00
      vertex -3.842623e+01 2.213716e+01 8.890000e+00
    endloop
  endfacet
  facet normal 9.993908e-01 3.630372e-14 3.489950e-02
    outer loop
      vertex -3.821305e+01 2.361869e+01 2.785135e+00
      vertex -3.821370e+01 2.366000e+01 2.803952e+00
      vertex -3.842623e+01 2.213716e+01 8.890000e+00
    endloop
  endfacet
  facet normal -1.224647e-16 -6.123234e-17 1.000000e+00
    outer loop
      vertex -3.840224e+01 2.201612e+01 8.890000e+00
      vertex -3.842623e+01 2.213716e+01 8.890000e+00
      vertex -3.995116e+01 2.479978e+00 8.890000e+00
    endloop
  endfacet
  facet normal 9.798487e-01 -1.961619e-01 3.764109e-02
    outer loop
      vertex -3.819064e+01 2.380265e+01 2.843751e+00
      vertex -3.842623e+01 2.378604e+01 8.890000e+00
      vertex -3.821518e+01 2.368055e+01 2.846420e+00
    endloop
  endfacet
  facet normal -1.224647e-16 -6.123234e-17 1.000000e+00
    outer loop
      vertex -3.833279e+01 2.551908e+01 8.890000e+00
      vertex -3.995116e+01 2.479978e+00 8.890000e+00
      vertex -3.842623e+01 2.378604e+01 8.890000e+00
    endloop
  endfacet
  facet normal -1.224647e-16 -6.123234e-17 1.000000e+00
    outer loop
      vertex -3.810873e+01 2.542660e+01 8.890000e+00
      vertex -3.833279e+01 2.551908e+01 8.890000e+00
      vertex -3.842623e+01 2.378604e+01 8.890000e+00
    endloop
  endfacet
  facet normal -1.224647e-16 -6.123234e-17 1.000000e+00
    outer loop
      vertex -3.840224e+01 2.390708e+01 8.890000e+00
      vertex -3.810873e+01 2.542660e+01 8.890000e+00
      vertex -3.842623e+01 2.378604e+01 8.890000e+00
    endloop
  endfacet
  facet normal 9.802229e-01 -1.942802e-01 3.766084e-02
    outer loop
      vertex -3.819064e+01 2.380265e+01 2.843751e+00
      vertex -3.840224e+01 2.390708e+01 8.890000e+00
      vertex -3.842623e+01 2.378604e+01 8.890000e+00
    endloop
  endfacet
  facet normal 5.455129e-01 -7.467428e-01 3.805141e-01
    outer loop
      vertex -3.819124e+01 2.361869e+01 2.690686e+00
      vertex -3.821518e+01 2.368055e+01 2.846420e+00
      vertex -3.821370e+01 2.366000e+01 2.803952e+00
    endloop
  endfacet
  facet normal 8.754999e-01 -1.660906e-01 4.537772e-01
    outer loop
      vertex -3.813787e+01 2.386694e+01 2.765474e+00
      vertex -3.819064e+01 2.380265e+01 2.843751e+00
      vertex -3.821518e+01 2.368055e+01 2.846420e+00
    endloop
  endfacet
  facet normal 9.277133e-01 -2.753568e-01 2.520448e-01
    outer loop
      vertex -3.813787e+01 2.386694e+01 2.765474e+00
      vertex -3.821518e+01 2.368055e+01 2.846420e+00
      vertex -3.819124e+01 2.361869e+01 2.690686e+00
    endloop
  endfacet
  facet normal 9.706953e-01 -8.666825e-02 2.241412e-01
    outer loop
      vertex -3.819124e+01 2.361869e+01 2.690686e+00
      vertex -3.821370e+01 2.366000e+01 2.803952e+00
      vertex -3.821305e+01 2.361869e+01 2.785135e+00
    endloop
  endfacet
  facet normal 9.743616e-01 5.772015e-15 2.249877e-01
    outer loop
      vertex -3.819124e+01 2.361869e+01 2.690686e+00
      vertex -3.821305e+01 2.361869e+01 2.785135e+00
      vertex -3.819124e+01 2.230451e+01 2.690686e+00
    endloop
  endfacet
  facet normal 9.993908e-01 -4.153429e-14 3.489950e-02
    outer loop
      vertex -3.842304e+01 -4.400442e+01 8.798517e+00
      vertex -3.821305e+01 -4.380884e+01 2.785135e+00
      vertex -3.841534e+01 -4.390996e+01 8.578041e+00
    endloop
  endfacet
  facet normal 4.699293e-15 9.998477e-01 1.745241e-02
    outer loop
      vertex -3.942063e+01 -4.380891e+01 2.789567e+00
      vertex -3.841534e+01 -4.390996e+01 8.578041e+00
      vertex -3.821305e+01 -4.380884e+01 2.785135e+00
    endloop
  endfacet
  facet normal -1.979213e-04 9.191831e-01 3.938303e-01
    outer loop
      vertex -3.962277e+01 -4.400487e+01 8.798957e+00
      vertex -3.842304e+01 -4.400442e+01 8.798517e+00
      vertex -3.841534e+01 -4.390996e+01 8.578041e+00
    endloop
  endfacet
  facet normal -1.214389e-17 9.998477e-01 1.745241e-02
    outer loop
      vertex -3.942063e+01 -4.380891e+01 2.789567e+00
      vertex -3.962277e+01 -4.390996e+01 8.578041e+00
      vertex -3.841534e+01 -4.390996e+01 8.578041e+00
    endloop
  endfacet
  facet normal -1.537528e-16 9.187913e-01 3.947437e-01
    outer loop
      vertex -3.962277e+01 -4.400487e+01 8.798957e+00
      vertex -3.841534e+01 -4.390996e+01 8.578041e+00
      vertex -3.962277e+01 -4.390996e+01 8.578041e+00
    endloop
  endfacet
  facet normal 9.993908e-01 -2.136978e-18 3.489950e-02
    outer loop
      vertex -3.842623e+01 -4.422740e+01 8.890000e+00
      vertex -3.821305e+01 -4.513474e+01 2.785135e+00
      vertex -3.821305e+01 -4.380884e+01 2.785135e+00
    endloop
  endfacet
  facet normal 9.135432e-01 -2.490574e-17 4.067416e-01
    outer loop
      vertex -3.813564e+01 -4.513474e+01 2.611285e+00
      vertex -3.821305e+01 -4.380884e+01 2.785135e+00
      vertex -3.821305e+01 -4.513474e+01 2.785135e+00
    endloop
  endfacet
  facet normal 9.993908e-01 1.562277e-14 3.489950e-02
    outer loop
      vertex -3.842541e+01 -4.410762e+01 8.866538e+00
      vertex -3.842623e+01 -4.422740e+01 8.890000e+00
      vertex -3.821305e+01 -4.380884e+01 2.785135e+00
    endloop
  endfacet
  facet normal 9.993908e-01 1.562629e-15 3.489950e-02
    outer loop
      vertex -3.842304e+01 -4.400442e+01 8.798517e+00
      vertex -3.842541e+01 -4.410762e+01 8.866538e+00
      vertex -3.821305e+01 -4.380884e+01 2.785135e+00
    endloop
  endfacet
  facet normal 8.849105e-04 9.661447e-01 2.579989e-01
    outer loop
      vertex -3.818330e+01 -4.377931e+01 2.674442e+00
      vertex -3.942063e+01 -4.380891e+01 2.789567e+00
      vertex -3.821305e+01 -4.380884e+01 2.785135e+00
    endloop
  endfacet
  facet normal 9.640647e-01 2.156160e-02 2.647915e-01
    outer loop
      vertex -3.818330e+01 -4.377931e+01 2.674442e+00
      vertex -3.821305e+01 -4.380884e+01 2.785135e+00
      vertex -3.813564e+01 -4.513474e+01 2.611285e+00
    endloop
  endfacet
  facet normal 9.993908e-01 -2.136978e-18 3.489950e-02
    outer loop
      vertex -3.842623e+01 -4.422740e+01 8.890000e+00
      vertex -3.842623e+01 -4.534793e+01 8.890000e+00
      vertex -3.821305e+01 -4.513474e+01 2.785135e+00
    endloop
  endfacet
  facet normal 9.801139e-01 1.941528e-01 4.100630e-02
    outer loop
      vertex -3.840225e+01 -4.546898e+01 8.890000e+00
      vertex -3.821305e+01 -4.513474e+01 2.785135e+00
      vertex -3.842623e+01 -4.534793e+01 8.890000e+00
    endloop
  endfacet
  facet normal 9.799358e-01 1.950405e-01 4.104938e-02
    outer loop
      vertex -3.818875e+01 -4.525623e+01 2.782423e+00
      vertex -3.821305e+01 -4.513474e+01 2.785135e+00
      vertex -3.840225e+01 -4.546898e+01 8.890000e+00
    endloop
  endfacet
  facet normal 9.000810e-01 1.710421e-01 4.007478e-01
    outer loop
      vertex -3.813564e+01 -4.513474e+01 2.611285e+00
      vertex -3.821305e+01 -4.513474e+01 2.785135e+00
      vertex -3.818875e+01 -4.525623e+01 2.782423e+00
    endloop
  endfacet
  facet normal -2.380425e-16 -6.123234e-17 1.000000e+00
    outer loop
      vertex -3.995116e+01 -4.719016e+01 8.890000e+00
      vertex -3.842623e+01 -4.534793e+01 8.890000e+00
      vertex -3.842623e+01 -4.422740e+01 8.890000e+00
    endloop
  endfacet
  facet normal -2.157244e-16 -7.970635e-17 1.000000e+00
    outer loop
      vertex -3.840225e+01 -4.546898e+01 8.890000e+00
      vertex -3.842623e+01 -4.534793e+01 8.890000e+00
      vertex -3.995116e+01 -4.719016e+01 8.890000e+00
    endloop
  endfacet
  facet normal -1.201810e-16 1.922173e-01 9.813524e-01
    outer loop
      vertex -3.962277e+01 -4.422740e+01 8.890000e+00
      vertex -3.842623e+01 -4.422740e+01 8.890000e+00
      vertex -3.842541e+01 -4.410762e+01 8.866538e+00
    endloop
  endfacet
  facet normal -1.224647e-16 -1.207202e-16 1.000000e+00
    outer loop
      vertex -3.962277e+01 -4.422740e+01 8.890000e+00
      vertex -3.995116e+01 -4.719016e+01 8.890000e+00
      vertex -3.842623e+01 -4.422740e+01 8.890000e+00
    endloop
  endfacet
  facet normal 1.012384e-04 5.503159e-01 8.349565e-01
    outer loop
      vertex -3.962277e+01 -4.400487e+01 8.798957e+00
      vertex -3.842541e+01 -4.410762e+01 8.866538e+00
      vertex -3.842304e+01 -4.400442e+01 8.798517e+00
    endloop
  endfacet
  facet normal -1.974014e-02 3.785749e-01 9.253601e-01
    outer loop
      vertex -3.962277e+01 -4.400487e+01 8.798957e+00
      vertex -3.962277e+01 -4.422740e+01 8.890000e+00
      vertex -3.842541e+01 -4.410762e+01 8.866538e+00
    endloop
  endfacet
  facet normal 9.993908e-01 -2.136978e-18 3.489950e-02
    outer loop
      vertex -3.821305e+01 -5.708836e+00 2.785135e+00
      vertex -3.842623e+01 -6.127403e+00 8.890000e+00
      vertex -3.842623e+01 -3.552859e+01 8.890000e+00
    endloop
  endfacet
  facet normal -1.224647e-16 -6.123234e-17 1.000000e+00
    outer loop
      vertex -3.962277e+01 -3.552859e+01 8.890000e+00
      vertex -3.842623e+01 -3.552859e+01 8.890000e+00
      vertex -3.842623e+01 -6.127403e+00 8.890000e+00
    endloop
  endfacet
  facet normal 9.993908e-01 -7.696851e-15 3.489950e-02
    outer loop
      vertex -3.842541e+01 -3.564838e+01 8.866538e+00
      vertex -3.821305e+01 -5.708836e+00 2.785135e+00
      vertex -3.842623e+01 -3.552859e+01 8.890000e+00
    endloop
  endfacet
  facet normal -3.883955e-02 -1.923281e-01 9.805618e-01
    outer loop
      vertex -3.962277e+01 -3.575113e+01 8.798957e+00
      vertex -3.842541e+01 -3.564838e+01 8.866538e+00
      vertex -3.842623e+01 -3.552859e+01 8.890000e+00
    endloop
  endfacet
  facet normal -1.133460e-16 -3.786488e-01 9.255404e-01
    outer loop
      vertex -3.962277e+01 -3.575113e+01 8.798957e+00
      vertex -3.842623e+01 -3.552859e+01 8.890000e+00
      vertex -3.962277e+01 -3.552859e+01 8.890000e+00
    endloop
  endfacet
  facet normal 9.993908e-01 1.356367e-14 3.489950e-02
    outer loop
      vertex -3.821305e+01 -5.708836e+00 2.785135e+00
      vertex -3.842541e+01 -6.007624e+00 8.866538e+00
      vertex -3.842623e+01 -6.127403e+00 8.890000e+00
    endloop
  endfacet
  facet normal -1.201810e-16 1.922173e-01 9.813524e-01
    outer loop
      vertex -3.962277e+01 -6.127403e+00 8.890000e+00
      vertex -3.842623e+01 -6.127403e+00 8.890000e+00
      vertex -3.842541e+01 -6.007624e+00 8.866538e+00
    endloop
  endfacet
  facet normal -1.224647e-16 -6.123234e-17 1.000000e+00
    outer loop
      vertex -3.978874e+01 -3.555065e+01 8.890000e+00
      vertex -3.842623e+01 -6.127403e+00 8.890000e+00
      vertex -3.995116e+01 -3.562002e+01 8.890000e+00
    endloop
  endfacet
  facet normal -1.224647e-16 -6.123234e-17 1.000000e+00
    outer loop
      vertex -3.962277e+01 -6.127403e+00 8.890000e+00
      vertex -3.995116e+01 -3.562002e+01 8.890000e+00
      vertex -3.842623e+01 -6.127403e+00 8.890000e+00
    endloop
  endfacet
  facet normal -1.224647e-16 -6.123234e-17 1.000000e+00
    outer loop
      vertex -3.978874e+01 -3.555065e+01 8.890000e+00
      vertex -3.962277e+01 -3.552859e+01 8.890000e+00
      vertex -3.842623e+01 -6.127403e+00 8.890000e+00
    endloop
  endfacet
  facet normal 9.993908e-01 4.141795e-15 3.489950e-02
    outer loop
      vertex -3.821305e+01 -5.708836e+00 2.785135e+00
      vertex -3.842304e+01 -5.904421e+00 8.798517e+00
      vertex -3.842541e+01 -6.007624e+00 8.866538e+00
    endloop
  endfacet
  facet normal 1.012384e-04 5.503159e-01 8.349565e-01
    outer loop
      vertex -3.962277e+01 -5.904869e+00 8.798957e+00
      vertex -3.842541e+01 -6.007624e+00 8.866538e+00
      vertex -3.842304e+01 -5.904421e+00 8.798517e+00
    endloop
  endfacet
  facet normal -1.974014e-02 3.785749e-01 9.253601e-01
    outer loop
      vertex -3.962277e+01 -5.904869e+00 8.798957e+00
      vertex -3.962277e+01 -6.127403e+00 8.890000e+00
      vertex -3.842541e+01 -6.007624e+00 8.866538e+00
    endloop
  endfacet
  facet normal 9.993908e-01 -4.181728e-14 3.489950e-02
    outer loop
      vertex -3.821305e+01 -5.708836e+00 2.785135e+00
      vertex -3.841534e+01 -5.809956e+00 8.578041e+00
      vertex -3.842304e+01 -5.904421e+00 8.798517e+00
    endloop
  endfacet
  facet normal -1.979213e-04 9.191831e-01 3.938303e-01
    outer loop
      vertex -3.962277e+01 -5.904869e+00 8.798957e+00
      vertex -3.842304e+01 -5.904421e+00 8.798517e+00
      vertex -3.841534e+01 -5.809956e+00 8.578041e+00
    endloop
  endfacet
  facet normal -4.634200e-15 9.998477e-01 1.745241e-02
    outer loop
      vertex -3.942063e+01 -5.708914e+00 2.789567e+00
      vertex -3.841534e+01 -5.809956e+00 8.578041e+00
      vertex -3.821305e+01 -5.708836e+00 2.785135e+00
    endloop
  endfacet
  facet normal -1.214389e-17 9.998477e-01 1.745241e-02
    outer loop
      vertex -3.942063e+01 -5.708914e+00 2.789567e+00
      vertex -3.962277e+01 -5.809956e+00 8.578041e+00
      vertex -3.841534e+01 -5.809956e+00 8.578041e+00
    endloop
  endfacet
  facet normal -1.688114e-16 9.187913e-01 3.947437e-01
    outer loop
      vertex -3.962277e+01 -5.904869e+00 8.798957e+00
      vertex -3.841534e+01 -5.809956e+00 8.578041e+00
      vertex -3.962277e+01 -5.809956e+00 8.578041e+00
    endloop
  endfacet
  facet normal 9.993908e-01 -2.136978e-18 3.489950e-02
    outer loop
      vertex -3.841534e+01 -3.584605e+01 8.578041e+00
      vertex -3.821305e+01 -3.594716e+01 2.785135e+00
      vertex -3.821305e+01 -5.708836e+00 2.785135e+00
    endloop
  endfacet
  facet normal 9.661022e-01 -1.580772e-17 2.581597e-01
    outer loop
      vertex -3.818321e+01 -3.597746e+01 2.673473e+00
      vertex -3.821305e+01 -5.708836e+00 2.785135e+00
      vertex -3.821305e+01 -3.594716e+01 2.785135e+00
    endloop
  endfacet
  facet normal 9.993908e-01 3.108346e-15 3.489950e-02
    outer loop
      vertex -3.842304e+01 -3.575158e+01 8.798517e+00
      vertex -3.841534e+01 -3.584605e+01 8.578041e+00
      vertex -3.821305e+01 -5.708836e+00 2.785135e+00
    endloop
  endfacet
  facet normal 9.993908e-01 -6.810818e-16 3.489950e-02
    outer loop
      vertex -3.842541e+01 -3.564838e+01 8.866538e+00
      vertex -3.842304e+01 -3.575158e+01 8.798517e+00
      vertex -3.821305e+01 -5.708836e+00 2.785135e+00
    endloop
  endfacet
  facet normal 8.849105e-04 9.661447e-01 2.579989e-01
    outer loop
      vertex -3.818330e+01 -5.679308e+00 2.674442e+00
      vertex -3.942063e+01 -5.708914e+00 2.789567e+00
      vertex -3.821305e+01 -5.708836e+00 2.785135e+00
    endloop
  endfacet
  facet normal 9.657459e-01 -5.256085e-06 2.594893e-01
    outer loop
      vertex -3.818330e+01 -5.679308e+00 2.674442e+00
      vertex -3.821305e+01 -5.708836e+00 2.785135e+00
      vertex -3.818321e+01 -3.597746e+01 2.673473e+00
    endloop
  endfacet
  facet normal -4.634200e-15 -9.998477e-01 1.745241e-02
    outer loop
      vertex -3.942063e+01 -3.594709e+01 2.789567e+00
      vertex -3.821305e+01 -3.594716e+01 2.785135e+00
      vertex -3.841534e+01 -3.584605e+01 8.578041e+00
    endloop
  endfacet
  facet normal 1.389766e-03 -9.187903e-01 3.947435e-01
    outer loop
      vertex -3.942063e+01 -3.602302e+01 2.612834e+00
      vertex -3.821305e+01 -3.594716e+01 2.785135e+00
      vertex -3.942063e+01 -3.594709e+01 2.789567e+00
    endloop
  endfacet
  facet normal 2.235876e-02 -9.633294e-01 2.673886e-01
    outer loop
      vertex -3.818321e+01 -3.597746e+01 2.673473e+00
      vertex -3.821305e+01 -3.594716e+01 2.785135e+00
      vertex -3.942063e+01 -3.602302e+01 2.612834e+00
    endloop
  endfacet
  facet normal -1.632072e-16 -9.191807e-01 3.938362e-01
    outer loop
      vertex -3.962277e+01 -3.584605e+01 8.578041e+00
      vertex -3.841534e+01 -3.584605e+01 8.578041e+00
      vertex -3.842304e+01 -3.575158e+01 8.798517e+00
    endloop
  endfacet
  facet normal -7.232344e-18 -9.998477e-01 1.745241e-02
    outer loop
      vertex -3.962277e+01 -3.584605e+01 8.578041e+00
      vertex -3.942063e+01 -3.594709e+01 2.789567e+00
      vertex -3.841534e+01 -3.584605e+01 8.578041e+00
    endloop
  endfacet
  facet normal 1.012342e-04 -5.503159e-01 8.349565e-01
    outer loop
      vertex -3.962277e+01 -3.575113e+01 8.798957e+00
      vertex -3.842304e+01 -3.575158e+01 8.798517e+00
      vertex -3.842541e+01 -3.564838e+01 8.866538e+00
    endloop
  endfacet
  facet normal -1.974322e-04 -9.187913e-01 3.947437e-01
    outer loop
      vertex -3.962277e+01 -3.575113e+01 8.798957e+00
      vertex -3.962277e+01 -3.584605e+01 8.578041e+00
      vertex -3.842304e+01 -3.575158e+01 8.798517e+00
    endloop
  endfacet
  facet normal 9.993908e-01 -2.136978e-18 3.489950e-02
    outer loop
      vertex -3.821518e+01 2.007375e+01 2.846420e+00
      vertex -3.842623e+01 2.017924e+01 8.890000e+00
      vertex -3.842623e+01 2.571403e+00 8.890000e+00
    endloop
  endfacet
  facet normal -1.224647e-16 -6.123234e-17 1.000000e+00
    outer loop
      vertex -3.962277e+01 2.571403e+00 8.890000e+00
      vertex -3.842623e+01 2.571403e+00 8.890000e+00
      vertex -3.842623e+01 2.017924e+01 8.890000e+00
    endloop
  endfacet
  facet normal 9.993908e-01 1.556661e-14 3.489950e-02
    outer loop
      vertex -3.821370e+01 2.005319e+01 2.803952e+00
      vertex -3.821518e+01 2.007375e+01 2.846420e+00
      vertex -3.842623e+01 2.571403e+00 8.890000e+00
    endloop
  endfacet
  facet normal 9.993908e-01 1.855221e-14 3.489950e-02
    outer loop
      vertex -3.821305e+01 2.001189e+01 2.785135e+00
      vertex -3.821370e+01 2.005319e+01 2.803952e+00
      vertex -3.842623e+01 2.571403e+00 8.890000e+00
    endloop
  endfacet
  facet normal 9.993908e-01 8.300197e-16 3.489950e-02
    outer loop
      vertex -3.837301e+01 4.434559e+00 7.366000e+00
      vertex -3.821305e+01 2.001189e+01 2.785135e+00
      vertex -3.842623e+01 2.571403e+00 8.890000e+00
    endloop
  endfacet
  facet normal 9.993908e-01 -1.281922e-14 3.489950e-02
    outer loop
      vertex -3.842541e+01 2.451622e+00 8.866538e+00
      vertex -3.837301e+01 4.434559e+00 7.366000e+00
      vertex -3.842623e+01 2.571403e+00 8.890000e+00
    endloop
  endfacet
  facet normal -3.883955e-02 -1.923281e-01 9.805618e-01
    outer loop
      vertex -3.962277e+01 2.348866e+00 8.798957e+00
      vertex -3.842541e+01 2.451622e+00 8.866538e+00
      vertex -3.842623e+01 2.571403e+00 8.890000e+00
    endloop
  endfacet
  facet normal -1.133460e-16 -3.786488e-01 9.255404e-01
    outer loop
      vertex -3.962277e+01 2.348866e+00 8.798957e+00
      vertex -3.842623e+01 2.571403e+00 8.890000e+00
      vertex -3.962277e+01 2.571403e+00 8.890000e+00
    endloop
  endfacet
  facet normal 9.798487e-01 -1.961619e-01 3.764109e-02
    outer loop
      vertex -3.819064e+01 2.019585e+01 2.843751e+00
      vertex -3.842623e+01 2.017924e+01 8.890000e+00
      vertex -3.821518e+01 2.007375e+01 2.846420e+00
    endloop
  endfacet
  facet normal -1.224647e-16 -6.123234e-17 1.000000e+00
    outer loop
      vertex -3.978874e+01 2.549351e+00 8.890000e+00
      vertex -3.842623e+01 2.017924e+01 8.890000e+00
      vertex -3.995116e+01 2.479978e+00 8.890000e+00
    endloop
  endfacet
  facet normal -1.224647e-16 -6.123234e-17 1.000000e+00
    outer loop
      vertex -3.833279e+01 2.191228e+01 8.890000e+00
      vertex -3.995116e+01 2.479978e+00 8.890000e+00
      vertex -3.842623e+01 2.017924e+01 8.890000e+00
    endloop
  endfacet
  facet normal -1.224647e-16 -6.123234e-17 1.000000e+00
    outer loop
      vertex -3.978874e+01 2.549351e+00 8.890000e+00
      vertex -3.962277e+01 2.571403e+00 8.890000e+00
      vertex -3.842623e+01 2.017924e+01 8.890000e+00
    endloop
  endfacet
  facet normal -1.224647e-16 -6.123234e-17 1.000000e+00
    outer loop
      vertex -3.810873e+01 2.181980e+01 8.890000e+00
      vertex -3.833279e+01 2.191228e+01 8.890000e+00
      vertex -3.842623e+01 2.017924e+01 8.890000e+00
    endloop
  endfacet
  facet normal -1.224647e-16 -6.123234e-17 1.000000e+00
    outer loop
      vertex -3.840224e+01 2.030028e+01 8.890000e+00
      vertex -3.810873e+01 2.181980e+01 8.890000e+00
      vertex -3.842623e+01 2.017924e+01 8.890000e+00
    endloop
  endfacet
  facet normal 9.802229e-01 -1.942802e-01 3.766084e-02
    outer loop
      vertex -3.819064e+01 2.019585e+01 2.843751e+00
      vertex -3.840224e+01 2.030028e+01 8.890000e+00
      vertex -3.842623e+01 2.017924e+01 8.890000e+00
    endloop
  endfacet
  facet normal 5.455129e-01 -7.467428e-01 3.805141e-01
    outer loop
      vertex -3.819124e+01 2.001189e+01 2.690686e+00
      vertex -3.821518e+01 2.007375e+01 2.846420e+00
      vertex -3.821370e+01 2.005319e+01 2.803952e+00
    endloop
  endfacet
  facet normal 8.754999e-01 -1.660906e-01 4.537772e-01
    outer loop
      vertex -3.813787e+01 2.026014e+01 2.765474e+00
      vertex -3.819064e+01 2.019585e+01 2.843751e+00
      vertex -3.821518e+01 2.007375e+01 2.846420e+00
    endloop
  endfacet
  facet normal 9.277133e-01 -2.753568e-01 2.520448e-01
    outer loop
      vertex -3.813787e+01 2.026014e+01 2.765474e+00
      vertex -3.821518e+01 2.007375e+01 2.846420e+00
      vertex -3.819124e+01 2.001189e+01 2.690686e+00
    endloop
  endfacet
  facet normal 9.706953e-01 -8.666825e-02 2.241412e-01
    outer loop
      vertex -3.819124e+01 2.001189e+01 2.690686e+00
      vertex -3.821370e+01 2.005319e+01 2.803952e+00
      vertex -3.821305e+01 2.001189e+01 2.785135e+00
    endloop
  endfacet
  facet normal 9.993908e-01 -2.136978e-18 3.489950e-02
    outer loop
      vertex -3.837301e+01 4.434559e+00 7.366000e+00
      vertex -3.821305e+01 4.514517e+00 2.785135e+00
      vertex -3.821305e+01 2.001189e+01 2.785135e+00
    endloop
  endfacet
  facet normal 9.135454e-01 -2.490544e-17 4.067366e-01
    outer loop
      vertex -3.813564e+01 4.514517e+00 2.611288e+00
      vertex -3.821305e+01 2.001189e+01 2.785135e+00
      vertex -3.821305e+01 4.514517e+00 2.785135e+00
    endloop
  endfacet
  facet normal 9.743589e-01 2.342581e-03 2.249871e-01
    outer loop
      vertex -3.819124e+01 2.001189e+01 2.690686e+00
      vertex -3.821305e+01 2.001189e+01 2.785135e+00
      vertex -3.813564e+01 4.514517e+00 2.611288e+00
    endloop
  endfacet
  facet normal 9.235617e-01 3.814705e-01 3.891008e-02
    outer loop
      vertex -3.828052e+01 4.210635e+00 7.366000e+00
      vertex -3.821305e+01 4.514517e+00 2.785135e+00
      vertex -3.837301e+01 4.434559e+00 7.366000e+00
    endloop
  endfacet
  facet normal 9.245148e-01 3.791690e-01 3.877144e-02
    outer loop
      vertex -3.812165e+01 4.291729e+00 2.784579e+00
      vertex -3.821305e+01 4.514517e+00 2.785135e+00
      vertex -3.828052e+01 4.210635e+00 7.366000e+00
    endloop
  endfacet
  facet normal 8.557305e-01 3.500964e-01 3.809958e-01
    outer loop
      vertex -3.813564e+01 4.514517e+00 2.611288e+00
      vertex -3.821305e+01 4.514517e+00 2.785135e+00
      vertex -3.812165e+01 4.291729e+00 2.784579e+00
    endloop
  endfacet
  facet normal 9.993908e-01 -2.136978e-18 3.489950e-02
    outer loop
      vertex -3.841534e+01 2.253953e+00 8.578041e+00
      vertex -3.837301e+01 2.232797e+00 7.366000e+00
      vertex -3.837301e+01 4.434559e+00 7.366000e+00
    endloop
  endfacet
  facet normal -1.224647e-16 -6.123234e-17 1.000000e+00
    outer loop
      vertex -3.826320e+01 2.414881e+00 7.366000e+00
      vertex -3.837301e+01 4.434559e+00 7.366000e+00
      vertex -3.837301e+01 2.232797e+00 7.366000e+00
    endloop
  endfacet
  facet normal 9.993908e-01 -3.194926e-15 3.489950e-02
    outer loop
      vertex -3.842304e+01 2.348418e+00 8.798517e+00
      vertex -3.841534e+01 2.253953e+00 8.578041e+00
      vertex -3.837301e+01 4.434559e+00 7.366000e+00
    endloop
  endfacet
  facet normal 9.993908e-01 -2.967096e-15 3.489950e-02
    outer loop
      vertex -3.842541e+01 2.451622e+00 8.866538e+00
      vertex -3.842304e+01 2.348418e+00 8.798517e+00
      vertex -3.837301e+01 4.434559e+00 7.366000e+00
    endloop
  endfacet
  facet normal -1.224647e-16 -6.123234e-17 1.000000e+00
    outer loop
      vertex -3.828052e+01 4.210635e+00 7.366000e+00
      vertex -3.837301e+01 4.434559e+00 7.366000e+00
      vertex -3.826320e+01 2.414881e+00 7.366000e+00
    endloop
  endfacet
  facet normal -1.328762e-14 -9.998477e-01 1.745241e-02
    outer loop
      vertex -3.942063e+01 2.152915e+00 2.789567e+00
      vertex -3.837301e+01 2.232797e+00 7.366000e+00
      vertex -3.841534e+01 2.253953e+00 8.578041e+00
    endloop
  endfacet
  facet normal 9.973706e-01 -6.293696e-02 3.592752e-02
    outer loop
      vertex -3.821320e+01 2.152915e+00 2.789567e+00
      vertex -3.820421e+01 2.152954e+00 2.540000e+00
      vertex -3.837301e+01 2.232797e+00 7.366000e+00
    endloop
  endfacet
  facet normal 8.517866e-01 -5.224769e-01 3.843806e-02
    outer loop
      vertex -3.809824e+01 2.331071e+00 2.612921e+00
      vertex -3.837301e+01 2.232797e+00 7.366000e+00
      vertex -3.820421e+01 2.152954e+00 2.540000e+00
    endloop
  endfacet
  facet normal -2.137303e-18 -9.998477e-01 1.745241e-02
    outer loop
      vertex -3.942063e+01 2.152915e+00 2.789567e+00
      vertex -3.821320e+01 2.152915e+00 2.789567e+00
      vertex -3.837301e+01 2.232797e+00 7.366000e+00
    endloop
  endfacet
  facet normal 8.556762e-01 -5.160553e-01 3.879568e-02
    outer loop
      vertex -3.809824e+01 2.331071e+00 2.612921e+00
      vertex -3.826320e+01 2.414881e+00 7.366000e+00
      vertex -3.837301e+01 2.232797e+00 7.366000e+00
    endloop
  endfacet
  facet normal -5.067787e-15 -9.191807e-01 3.938362e-01
    outer loop
      vertex -3.962277e+01 2.253953e+00 8.578041e+00
      vertex -3.841534e+01 2.253953e+00 8.578041e+00
      vertex -3.842304e+01 2.348418e+00 8.798517e+00
    endloop
  endfacet
  facet normal 4.255480e-15 -9.998477e-01 1.745241e-02
    outer loop
      vertex -3.962277e+01 2.253953e+00 8.578041e+00
      vertex -3.942063e+01 2.152915e+00 2.789567e+00
      vertex -3.841534e+01 2.253953e+00 8.578041e+00
    endloop
  endfacet
  facet normal 1.012342e-04 -5.503159e-01 8.349565e-01
    outer loop
      vertex -3.962277e+01 2.348866e+00 8.798957e+00
      vertex -3.842304e+01 2.348418e+00 8.798517e+00
      vertex -3.842541e+01 2.451622e+00 8.866538e+00
    endloop
  endfacet
  facet normal -1.974322e-04 -9.187913e-01 3.947437e-01
    outer loop
      vertex -3.962277e+01 2.348866e+00 8.798957e+00
      vertex -3.962277e+01 2.253953e+00 8.578041e+00
      vertex -3.842304e+01 2.348418e+00 8.798517e+00
    endloop
  endfacet
  facet normal 9.993908e-01 -3.682343e-14 3.489950e-02
    outer loop
      vertex -3.842304e+01 3.219558e+01 8.798517e+00
      vertex -3.821305e+01 3.239116e+01 2.785135e+00
      vertex -3.841534e+01 3.229005e+01 8.578041e+00
    endloop
  endfacet
  facet normal 3.094509e-17 9.998477e-01 1.745241e-02
    outer loop
      vertex -3.942063e+01 3.239108e+01 2.789567e+00
      vertex -3.841534e+01 3.229005e+01 8.578041e+00
      vertex -3.821305e+01 3.239116e+01 2.785135e+00
    endloop
  endfacet
  facet normal -1.979213e-04 9.191831e-01 3.938303e-01
    outer loop
      vertex -3.962277e+01 3.219513e+01 8.798957e+00
      vertex -3.842304e+01 3.219558e+01 8.798517e+00
      vertex -3.841534e+01 3.229005e+01 8.578041e+00
    endloop
  endfacet
  facet normal -2.113527e-15 9.998477e-01 1.745241e-02
    outer loop
      vertex -3.942063e+01 3.239108e+01 2.789567e+00
      vertex -3.962277e+01 3.229005e+01 8.578041e+00
      vertex -3.841534e+01 3.229005e+01 8.578041e+00
    endloop
  endfacet
  facet normal 2.752568e-15 9.187913e-01 3.947437e-01
    outer loop
      vertex -3.962277e+01 3.219513e+01 8.798957e+00
      vertex -3.841534e+01 3.229005e+01 8.578041e+00
      vertex -3.962277e+01 3.229005e+01 8.578041e+00
    endloop
  endfacet
  facet normal 9.993908e-01 -2.136978e-18 3.489950e-02
    outer loop
      vertex -3.842623e+01 3.197259e+01 8.890000e+00
      vertex -3.821305e+01 2.591131e+01 2.785135e+00
      vertex -3.821305e+01 3.239116e+01 2.785135e+00
    endloop
  endfacet
  facet normal 9.743616e-01 -1.377653e-17 2.249877e-01
    outer loop
      vertex -3.819124e+01 2.591131e+01 2.690686e+00
      vertex -3.821305e+01 3.239116e+01 2.785135e+00
      vertex -3.821305e+01 2.591131e+01 2.785135e+00
    endloop
  endfacet
  facet normal 9.993908e-01 1.447815e-14 3.489950e-02
    outer loop
      vertex -3.842541e+01 3.209238e+01 8.866538e+00
      vertex -3.842623e+01 3.197259e+01 8.890000e+00
      vertex -3.821305e+01 3.239116e+01 2.785135e+00
    endloop
  endfacet
  facet normal 9.993908e-01 4.131004e-15 3.489950e-02
    outer loop
      vertex -3.842304e+01 3.219558e+01 8.798517e+00
      vertex -3.842541e+01 3.209238e+01 8.866538e+00
      vertex -3.821305e+01 3.239116e+01 2.785135e+00
    endloop
  endfacet
  facet normal 8.849105e-04 9.661447e-01 2.579989e-01
    outer loop
      vertex -3.818330e+01 3.242069e+01 2.674442e+00
      vertex -3.942063e+01 3.239108e+01 2.789567e+00
      vertex -3.821305e+01 3.239116e+01 2.785135e+00
    endloop
  endfacet
  facet normal 9.657810e-01 -5.298652e-04 2.593587e-01
    outer loop
      vertex -3.819124e+01 2.591131e+01 2.690686e+00
      vertex -3.818330e+01 3.242069e+01 2.674442e+00
      vertex -3.821305e+01 3.239116e+01 2.785135e+00
    endloop
  endfacet
  facet normal 9.993908e-01 -4.379702e-14 3.489950e-02
    outer loop
      vertex -3.842623e+01 2.574396e+01 8.890000e+00
      vertex -3.821370e+01 2.587000e+01 2.803952e+00
      vertex -3.821305e+01 2.591131e+01 2.785135e+00
    endloop
  endfacet
  facet normal 8.390143e-01 2.144623e-01 5.000609e-01
    outer loop
      vertex -3.813787e+01 2.566306e+01 2.765474e+00
      vertex -3.821305e+01 2.591131e+01 2.785135e+00
      vertex -3.821370e+01 2.587000e+01 2.803952e+00
    endloop
  endfacet
  facet normal 9.993908e-01 -2.136978e-18 3.489950e-02
    outer loop
      vertex -3.842623e+01 3.197259e+01 8.890000e+00
      vertex -3.842623e+01 2.574396e+01 8.890000e+00
      vertex -3.821305e+01 2.591131e+01 2.785135e+00
    endloop
  endfacet
  facet normal 9.389466e-01 2.671568e-01 2.168101e-01
    outer loop
      vertex -3.813787e+01 2.566306e+01 2.765474e+00
      vertex -3.819124e+01 2.591131e+01 2.690686e+00
      vertex -3.821305e+01 2.591131e+01 2.785135e+00
    endloop
  endfacet
  facet normal 9.993908e-01 -1.447705e-13 3.489950e-02
    outer loop
      vertex -3.842623e+01 2.574396e+01 8.890000e+00
      vertex -3.821518e+01 2.584945e+01 2.846420e+00
      vertex -3.821370e+01 2.587000e+01 2.803952e+00
    endloop
  endfacet
  facet normal 9.337331e-01 3.083347e-01 1.818575e-01
    outer loop
      vertex -3.813787e+01 2.566306e+01 2.765474e+00
      vertex -3.821370e+01 2.587000e+01 2.803952e+00
      vertex -3.821518e+01 2.584945e+01 2.846420e+00
    endloop
  endfacet
  facet normal 9.802243e-01 1.942805e-01 3.762137e-02
    outer loop
      vertex -3.840224e+01 2.562292e+01 8.890000e+00
      vertex -3.821518e+01 2.584945e+01 2.846420e+00
      vertex -3.842623e+01 2.574396e+01 8.890000e+00
    endloop
  endfacet
  facet normal 9.798475e-01 1.961608e-01 3.768018e-02
    outer loop
      vertex -3.819064e+01 2.572734e+01 2.843751e+00
      vertex -3.821518e+01 2.584945e+01 2.846420e+00
      vertex -3.840224e+01 2.562292e+01 8.890000e+00
    endloop
  endfacet
  facet normal 8.754999e-01 1.660906e-01 4.537772e-01
    outer loop
      vertex -3.813787e+01 2.566306e+01 2.765474e+00
      vertex -3.821518e+01 2.584945e+01 2.846420e+00
      vertex -3.819064e+01 2.572734e+01 2.843751e+00
    endloop
  endfacet
  facet normal -1.224647e-16 -6.123234e-17 1.000000e+00
    outer loop
      vertex -3.995116e+01 2.479978e+00 8.890000e+00
      vertex -3.842623e+01 2.574396e+01 8.890000e+00
      vertex -3.842623e+01 3.197259e+01 8.890000e+00
    endloop
  endfacet
  facet normal -1.224647e-16 -6.123234e-17 1.000000e+00
    outer loop
      vertex -3.840224e+01 2.562292e+01 8.890000e+00
      vertex -3.842623e+01 2.574396e+01 8.890000e+00
      vertex -3.995116e+01 2.479978e+00 8.890000e+00
    endloop
  endfacet
  facet normal -5.731943e-16 1.922173e-01 9.813524e-01
    outer loop
      vertex -3.962277e+01 3.197259e+01 8.890000e+00
      vertex -3.842623e+01 3.197259e+01 8.890000e+00
      vertex -3.842541e+01 3.209238e+01 8.866538e+00
    endloop
  endfacet
  facet normal -1.224647e-16 -6.123234e-17 1.000000e+00
    outer loop
      vertex -3.962277e+01 3.197259e+01 8.890000e+00
      vertex -3.995116e+01 2.479978e+00 8.890000e+00
      vertex -3.842623e+01 3.197259e+01 8.890000e+00
    endloop
  endfacet
  facet normal 1.012384e-04 5.503159e-01 8.349565e-01
    outer loop
      vertex -3.962277e+01 3.219513e+01 8.798957e+00
      vertex -3.842541e+01 3.209238e+01 8.866538e+00
      vertex -3.842304e+01 3.219558e+01 8.798517e+00
    endloop
  endfacet
  facet normal -1.974014e-02 3.785749e-01 9.253601e-01
    outer loop
      vertex -3.962277e+01 3.219513e+01 8.798957e+00
      vertex -3.962277e+01 3.197259e+01 8.890000e+00
      vertex -3.842541e+01 3.209238e+01 8.866538e+00
    endloop
  endfacet
  facet normal 9.993908e-01 -2.136978e-18 3.489950e-02
    outer loop
      vertex -3.821305e+01 4.138975e+01 2.785135e+00
      vertex -3.842623e+01 4.160293e+01 8.890000e+00
      vertex -3.842623e+01 4.067140e+01 8.890000e+00
    endloop
  endfacet
  facet normal -1.224647e-16 -6.123234e-17 1.000000e+00
    outer loop
      vertex -3.962277e+01 4.067140e+01 8.890000e+00
      vertex -3.842623e+01 4.067140e+01 8.890000e+00
      vertex -3.842623e+01 4.160293e+01 8.890000e+00
    endloop
  endfacet
  facet normal 9.993908e-01 -1.341277e-14 3.489950e-02
    outer loop
      vertex -3.842541e+01 4.055162e+01 8.866538e+00
      vertex -3.821305e+01 4.138975e+01 2.785135e+00
      vertex -3.842623e+01 4.067140e+01 8.890000e+00
    endloop
  endfacet
  facet normal -3.883955e-02 -1.923281e-01 9.805618e-01
    outer loop
      vertex -3.962277e+01 4.044887e+01 8.798957e+00
      vertex -3.842541e+01 4.055162e+01 8.866538e+00
      vertex -3.842623e+01 4.067140e+01 8.890000e+00
    endloop
  endfacet
  facet normal 3.425263e-16 -3.786488e-01 9.255404e-01
    outer loop
      vertex -3.962277e+01 4.044887e+01 8.798957e+00
      vertex -3.842623e+01 4.067140e+01 8.890000e+00
      vertex -3.962277e+01 4.067140e+01 8.890000e+00
    endloop
  endfacet
  facet normal 1.224647e-16 6.123234e-17 -1.000000e+00
    outer loop
      vertex -2.632704e+01 -3.410155e+01 5.080003e-01
      vertex -2.737442e+01 -3.412164e+01 5.080003e-01
      vertex -2.737850e+01 -3.361101e+01 5.080003e-01
    endloop
  endfacet
  facet normal -1.224647e-16 -6.123234e-17 1.000000e+00
    outer loop
      vertex -3.978874e+01 4.064935e+01 8.890000e+00
      vertex -3.842623e+01 4.160293e+01 8.890000e+00
      vertex -3.995116e+01 4.057998e+01 8.890000e+00
    endloop
  endfacet
  facet normal -1.224647e-16 -6.123234e-17 1.000000e+00
    outer loop
      vertex -3.835228e+01 4.178207e+01 8.890000e+00
      vertex -3.995116e+01 4.057998e+01 8.890000e+00
      vertex -3.842623e+01 4.160293e+01 8.890000e+00
    endloop
  endfacet
  facet normal -1.224647e-16 -6.123234e-17 1.000000e+00
    outer loop
      vertex -3.978874e+01 4.064935e+01 8.890000e+00
      vertex -3.962277e+01 4.067140e+01 8.890000e+00
      vertex -3.842623e+01 4.160293e+01 8.890000e+00
    endloop
  endfacet
  facet normal 9.235018e-01 -3.812414e-01 4.241840e-02
    outer loop
      vertex -3.819347e+01 4.148721e+01 2.782416e+00
      vertex -3.835228e+01 4.178207e+01 8.890000e+00
      vertex -3.842623e+01 4.160293e+01 8.890000e+00
    endloop
  endfacet
  facet normal 9.798155e-01 -1.956439e-01 4.104795e-02
    outer loop
      vertex -3.821305e+01 4.138975e+01 2.785135e+00
      vertex -3.819347e+01 4.148721e+01 2.782416e+00
      vertex -3.842623e+01 4.160293e+01 8.890000e+00
    endloop
  endfacet
  facet normal 9.993908e-01 -2.136978e-18 3.489950e-02
    outer loop
      vertex -3.841534e+01 4.035395e+01 8.578041e+00
      vertex -3.821305e+01 4.025284e+01 2.785135e+00
      vertex -3.821305e+01 4.138975e+01 2.785135e+00
    endloop
  endfacet
  facet normal 9.657456e-01 -1.588922e-17 2.594906e-01
    outer loop
      vertex -3.818330e+01 4.022330e+01 2.674442e+00
      vertex -3.821305e+01 4.138975e+01 2.785135e+00
      vertex -3.821305e+01 4.025284e+01 2.785135e+00
    endloop
  endfacet
  facet normal 9.993908e-01 2.874969e-14 3.489950e-02
    outer loop
      vertex -3.842304e+01 4.044842e+01 8.798517e+00
      vertex -3.841534e+01 4.035395e+01 8.578041e+00
      vertex -3.821305e+01 4.138975e+01 2.785135e+00
    endloop
  endfacet
  facet normal 9.993908e-01 -3.936440e-15 3.489950e-02
    outer loop
      vertex -3.842541e+01 4.055162e+01 8.866538e+00
      vertex -3.842304e+01 4.044842e+01 8.798517e+00
      vertex -3.821305e+01 4.138975e+01 2.785135e+00
    endloop
  endfacet
  facet normal 1.224647e-16 6.123234e-17 -1.000000e+00
    outer loop
      vertex -2.632704e+01 -3.361101e+01 5.080003e-01
      vertex -2.737850e+01 -3.361101e+01 5.080003e-01
      vertex -2.735695e+01 -3.350289e+01 5.080003e-01
    endloop
  endfacet
  facet normal 9.741588e-01 3.408015e-03 2.258387e-01
    outer loop
      vertex -3.818330e+01 4.022330e+01 2.674442e+00
      vertex -3.819105e+01 4.138975e+01 2.690265e+00
      vertex -3.821305e+01 4.138975e+01 2.785135e+00
    endloop
  endfacet
  facet normal -1.135024e-15 -9.998477e-01 1.745241e-02
    outer loop
      vertex -3.942063e+01 4.025291e+01 2.789567e+00
      vertex -3.821305e+01 4.025284e+01 2.785135e+00
      vertex -3.841534e+01 4.035395e+01 8.578041e+00
    endloop
  endfacet
  facet normal 1.389766e-03 -9.187903e-01 3.947435e-01
    outer loop
      vertex -3.942063e+01 4.017698e+01 2.612834e+00
      vertex -3.821305e+01 4.025284e+01 2.785135e+00
      vertex -3.942063e+01 4.025291e+01 2.789567e+00
    endloop
  endfacet
  facet normal 2.298475e-02 -9.643937e-01 2.634698e-01
    outer loop
      vertex -3.942063e+01 4.017698e+01 2.612834e+00
      vertex -3.818330e+01 4.022330e+01 2.674442e+00
      vertex -3.821305e+01 4.025284e+01 2.785135e+00
    endloop
  endfacet
  facet normal -4.823102e-17 -9.191807e-01 3.938362e-01
    outer loop
      vertex -3.962277e+01 4.035395e+01 8.578041e+00
      vertex -3.841534e+01 4.035395e+01 8.578041e+00
      vertex -3.842304e+01 4.044842e+01 8.798517e+00
    endloop
  endfacet
  facet normal -2.137303e-18 -9.998477e-01 1.745241e-02
    outer loop
      vertex -3.962277e+01 4.035395e+01 8.578041e+00
      vertex -3.942063e+01 4.025291e+01 2.789567e+00
      vertex -3.841534e+01 4.035395e+01 8.578041e+00
    endloop
  endfacet
  facet normal 1.012342e-04 -5.503159e-01 8.349565e-01
    outer loop
      vertex -3.962277e+01 4.044887e+01 8.798957e+00
      vertex -3.842304e+01 4.044842e+01 8.798517e+00
      vertex -3.842541e+01 4.055162e+01 8.866538e+00
    endloop
  endfacet
  facet normal -1.974322e-04 -9.187913e-01 3.947437e-01
    outer loop
      vertex -3.962277e+01 4.044887e+01 8.798957e+00
      vertex -3.962277e+01 4.035395e+01 8.578041e+00
      vertex -3.842304e+01 4.044842e+01 8.798517e+00
    endloop
  endfacet
  facet normal -1.224647e-16 -6.123234e-17 1.000000e+00
    outer loop
      vertex -8.978223e-01 -1.461382e+01 2.540000e+00
      vertex 8.978223e-01 -1.461382e+01 2.540000e+00
      vertex 1.270000e+00 -1.371600e+01 2.540000e+00
    endloop
  endfacet
  facet normal -9.237749e-01 3.829360e-01 -2.936355e-16
    outer loop
      vertex 1.270000e+00 -1.371600e+01 8.128000e+00
      vertex 1.270000e+00 -1.371600e+01 2.540000e+00
      vertex 8.978223e-01 -1.461382e+01 2.540000e+00
    endloop
  endfacet
  facet normal -1.224647e-16 -6.123234e-17 1.000000e+00
    outer loop
      vertex -1.270000e+00 -1.371600e+01 2.540000e+00
      vertex -8.978223e-01 -1.461382e+01 2.540000e+00
      vertex 1.270000e+00 -1.371600e+01 2.540000e+00
    endloop
  endfacet
  facet normal -1.224647e-16 -6.123234e-17 1.000000e+00
    outer loop
      vertex 8.978223e-01 -1.281818e+01 2.540000e+00
      vertex -1.270000e+00 -1.371600e+01 2.540000e+00
      vertex 1.270000e+00 -1.371600e+01 2.540000e+00
    endloop
  endfacet
  facet normal -9.237749e-01 -3.829360e-01 6.511245e-05
    outer loop
      vertex 8.984532e-01 -1.281875e+01 8.128000e+00
      vertex 8.978223e-01 -1.281818e+01 2.540000e+00
      vertex 1.270000e+00 -1.371600e+01 2.540000e+00
    endloop
  endfacet
  facet normal -9.239183e-01 -3.825898e-01 -3.428086e-16
    outer loop
      vertex 8.984532e-01 -1.281875e+01 8.128000e+00
      vertex 1.270000e+00 -1.371600e+01 2.540000e+00
      vertex 1.270000e+00 -1.371600e+01 8.128000e+00
    endloop
  endfacet
  facet normal -1.224647e-16 -6.123234e-17 1.000000e+00
    outer loop
      vertex -8.978223e-01 -1.461382e+01 2.540000e+00
      vertex 2.981531e-16 -1.498600e+01 2.540000e+00
      vertex 8.978223e-01 -1.461382e+01 2.540000e+00
    endloop
  endfacet
  facet normal -3.829360e-01 9.237749e-01 -5.127377e-05
    outer loop
      vertex 8.984532e-01 -1.461325e+01 8.128000e+00
      vertex 8.978223e-01 -1.461382e+01 2.540000e+00
      vertex 2.981531e-16 -1.498600e+01 2.540000e+00
    endloop
  endfacet
  facet normal -9.239183e-01 3.825898e-01 6.516405e-05
    outer loop
      vertex 1.270000e+00 -1.371600e+01 8.128000e+00
      vertex 8.978223e-01 -1.461382e+01 2.540000e+00
      vertex 8.984532e-01 -1.461325e+01 8.128000e+00
    endloop
  endfacet
  facet normal 3.829360e-01 9.237749e-01 -7.231758e-05
    outer loop
      vertex -4.522725e-16 -1.498556e+01 8.128000e+00
      vertex 2.981531e-16 -1.498600e+01 2.540000e+00
      vertex -8.978223e-01 -1.461382e+01 2.540000e+00
    endloop
  endfacet
  facet normal -3.828243e-01 9.238212e-01 -7.232120e-05
    outer loop
      vertex 8.984532e-01 -1.461325e+01 8.128000e+00
      vertex 2.981531e-16 -1.498600e+01 2.540000e+00
      vertex -4.522725e-16 -1.498556e+01 8.128000e+00
    endloop
  endfacet
  facet normal 9.237749e-01 3.829360e-01 6.511245e-05
    outer loop
      vertex -8.984532e-01 -1.461325e+01 8.128000e+00
      vertex -8.978223e-01 -1.461382e+01 2.540000e+00
      vertex -1.270000e+00 -1.371600e+01 2.540000e+00
    endloop
  endfacet
  facet normal 3.828243e-01 9.238212e-01 -5.129112e-05
    outer loop
      vertex -4.522725e-16 -1.498556e+01 8.128000e+00
      vertex -8.978223e-01 -1.461382e+01 2.540000e+00
      vertex -8.984532e-01 -1.461325e+01 8.128000e+00
    endloop
  endfacet
  facet normal -1.224647e-16 -6.123234e-17 1.000000e+00
    outer loop
      vertex 8.978223e-01 -1.281818e+01 2.540000e+00
      vertex -8.978223e-01 -1.281818e+01 2.540000e+00
      vertex -1.270000e+00 -1.371600e+01 2.540000e+00
    endloop
  endfacet
  facet normal 9.237749e-01 -3.829360e-01 -1.142721e-16
    outer loop
      vertex -1.270000e+00 -1.371600e+01 8.128000e+00
      vertex -1.270000e+00 -1.371600e+01 2.540000e+00
      vertex -8.978223e-01 -1.281818e+01 2.540000e+00
    endloop
  endfacet
  facet normal 9.239183e-01 3.825898e-01 -6.966016e-17
    outer loop
      vertex -8.984532e-01 -1.461325e+01 8.128000e+00
      vertex -1.270000e+00 -1.371600e+01 2.540000e+00
      vertex -1.270000e+00 -1.371600e+01 8.128000e+00
    endloop
  endfacet
  facet normal -1.224647e-16 -6.123234e-17 1.000000e+00
    outer loop
      vertex 8.978223e-01 -1.281818e+01 2.540000e+00
      vertex 2.981531e-16 -1.244600e+01 2.540000e+00
      vertex -8.978223e-01 -1.281818e+01 2.540000e+00
    endloop
  endfacet
  facet normal 3.829360e-01 -9.237749e-01 -5.127377e-05
    outer loop
      vertex -8.984532e-01 -1.281875e+01 8.128000e+00
      vertex -8.978223e-01 -1.281818e+01 2.540000e+00
      vertex 2.981531e-16 -1.244600e+01 2.540000e+00
    endloop
  endfacet
  facet normal 9.239183e-01 -3.825898e-01 6.516405e-05
    outer loop
      vertex -8.984532e-01 -1.281875e+01 8.128000e+00
      vertex -1.270000e+00 -1.371600e+01 8.128000e+00
      vertex -8.978223e-01 -1.281818e+01 2.540000e+00
    endloop
  endfacet
  facet normal -3.829360e-01 -9.237749e-01 -7.231758e-05
    outer loop
      vertex -1.658697e-16 -1.244644e+01 8.128000e+00
      vertex 2.981531e-16 -1.244600e+01 2.540000e+00
      vertex 8.978223e-01 -1.281818e+01 2.540000e+00
    endloop
  endfacet
  facet normal 3.828243e-01 -9.238212e-01 -7.232120e-05
    outer loop
      vertex -8.984532e-01 -1.281875e+01 8.128000e+00
      vertex 2.981531e-16 -1.244600e+01 2.540000e+00
      vertex -1.658697e-16 -1.244644e+01 8.128000e+00
    endloop
  endfacet
  facet normal -3.828243e-01 -9.238212e-01 -5.129112e-05
    outer loop
      vertex -1.658697e-16 -1.244644e+01 8.128000e+00
      vertex 8.978223e-01 -1.281818e+01 2.540000e+00
      vertex 8.984532e-01 -1.281875e+01 8.128000e+00
    endloop
  endfacet
  facet normal -1.224647e-16 -6.123234e-17 1.000000e+00
    outer loop
      vertex 3.832404e+01 4.719596e+01 2.540000e+00
      vertex -3.832404e+01 4.719596e+01 2.540000e+00
      vertex -3.669075e+01 4.354507e+01 2.540000e+00
    endloop
  endfacet
  facet normal 3.419599e-01 1.529821e-01 9.271784e-01
    outer loop
      vertex -3.858552e+01 4.734836e+01 2.611293e+00
      vertex -3.669075e+01 4.354507e+01 2.540000e+00
      vertex -3.832404e+01 4.719596e+01 2.540000e+00
    endloop
  endfacet
  facet normal -1.224647e-16 -6.123234e-17 1.000000e+00
    outer loop
      vertex 3.669075e+01 4.354507e+01 2.540000e+00
      vertex 3.832404e+01 4.719596e+01 2.540000e+00
      vertex -3.669075e+01 4.354507e+01 2.540000e+00
    endloop
  endfacet
  facet normal -1.224647e-16 -6.123234e-17 1.000000e+00
    outer loop
      vertex -3.669075e+01 4.138975e+01 2.540000e+00
      vertex 3.669075e+01 4.354507e+01 2.540000e+00
      vertex -3.669075e+01 4.354507e+01 2.540000e+00
    endloop
  endfacet
  facet normal 3.719190e-01 -5.683985e-17 9.282652e-01
    outer loop
      vertex -3.686609e+01 4.350758e+01 2.610254e+00
      vertex -3.669075e+01 4.138975e+01 2.540000e+00
      vertex -3.669075e+01 4.354507e+01 2.540000e+00
    endloop
  endfacet
  facet normal 3.394917e-01 1.517316e-01 9.282904e-01
    outer loop
      vertex -3.858552e+01 4.734836e+01 2.611293e+00
      vertex -3.686609e+01 4.350758e+01 2.610254e+00
      vertex -3.669075e+01 4.354507e+01 2.540000e+00
    endloop
  endfacet
  facet normal -1.201930e-16 1.917150e-01 9.814506e-01
    outer loop
      vertex 3.844394e+01 4.748275e+01 2.483979e+00
      vertex -3.832404e+01 4.719596e+01 2.540000e+00
      vertex 3.832404e+01 4.719596e+01 2.540000e+00
    endloop
  endfacet
  facet normal 3.458284e-06 1.908233e-01 9.816244e-01
    outer loop
      vertex 3.844394e+01 4.748275e+01 2.483979e+00
      vertex -3.844316e+01 4.748169e+01 2.484456e+00
      vertex -3.832404e+01 4.719596e+01 2.540000e+00
    endloop
  endfacet
  facet normal 4.270083e-01 3.408327e-01 8.375542e-01
    outer loop
      vertex -3.858552e+01 4.734836e+01 2.611293e+00
      vertex -3.832404e+01 4.719596e+01 2.540000e+00
      vertex -3.844316e+01 4.748169e+01 2.484456e+00
    endloop
  endfacet
  facet normal -3.394944e-01 1.518791e-01 9.282652e-01
    outer loop
      vertex 3.686612e+01 4.350768e+01 2.610254e+00
      vertex 3.832404e+01 4.719596e+01 2.540000e+00
      vertex 3.669075e+01 4.354507e+01 2.540000e+00
    endloop
  endfacet
  facet normal 8.926077e-02 1.548743e-01 9.838935e-01
    outer loop
      vertex 3.880385e+01 4.771369e+01 2.414976e+00
      vertex 3.844394e+01 4.748275e+01 2.483979e+00
      vertex 3.832404e+01 4.719596e+01 2.540000e+00
    endloop
  endfacet
  facet normal -3.417905e-01 1.527679e-01 9.272763e-01
    outer loop
      vertex 3.858546e+01 4.734831e+01 2.611258e+00
      vertex 3.832404e+01 4.719596e+01 2.540000e+00
      vertex 3.686612e+01 4.350768e+01 2.610254e+00
    endloop
  endfacet
  facet normal -5.221962e-01 6.242573e-01 5.810456e-01
    outer loop
      vertex 3.880385e+01 4.771369e+01 2.414976e+00
      vertex 3.832404e+01 4.719596e+01 2.540000e+00
      vertex 3.858546e+01 4.734831e+01 2.611258e+00
    endloop
  endfacet
  facet normal -1.224647e-16 -6.123234e-17 1.000000e+00
    outer loop
      vertex -3.669075e+01 4.138975e+01 2.540000e+00
      vertex 3.669075e+01 4.138975e+01 2.540000e+00
      vertex 3.669075e+01 4.354507e+01 2.540000e+00
    endloop
  endfacet
  facet normal -3.338497e-01 -5.771922e-17 9.426264e-01
    outer loop
      vertex 3.685077e+01 4.154968e+01 2.596676e+00
      vertex 3.669075e+01 4.354507e+01 2.540000e+00
      vertex 3.669075e+01 4.138975e+01 2.540000e+00
    endloop
  endfacet
  facet normal -3.725244e-01 -3.516604e-03 9.280156e-01
    outer loop
      vertex 3.685077e+01 4.154968e+01 2.596676e+00
      vertex 3.686612e+01 4.350768e+01 2.610254e+00
      vertex 3.669075e+01 4.354507e+01 2.540000e+00
    endloop
  endfacet
  facet normal -1.224647e-16 -6.123234e-17 1.000000e+00
    outer loop
      vertex -3.795920e+01 3.999895e+01 2.540000e+00
      vertex 3.795920e+01 4.138975e+01 2.540000e+00
      vertex 3.669075e+01 4.138975e+01 2.540000e+00
    endloop
  endfacet
  facet normal -1.135473e-16 -3.746066e-01 9.271839e-01
    outer loop
      vertex 3.795920e+01 4.156619e+01 2.611288e+00
      vertex 3.669075e+01 4.138975e+01 2.540000e+00
      vertex 3.795920e+01 4.138975e+01 2.540000e+00
    endloop
  endfacet
  facet normal -1.224647e-16 -6.123234e-17 1.000000e+00
    outer loop
      vertex -3.669075e+01 4.138975e+01 2.540000e+00
      vertex -3.795920e+01 3.999895e+01 2.540000e+00
      vertex 3.669075e+01 4.138975e+01 2.540000e+00
    endloop
  endfacet
  facet normal -7.582220e-03 -3.272577e-01 9.449047e-01
    outer loop
      vertex 3.795920e+01 4.156619e+01 2.611288e+00
      vertex 3.685077e+01 4.154968e+01 2.596676e+00
      vertex 3.669075e+01 4.138975e+01 2.540000e+00
    endloop
  endfacet
  facet normal -1.224647e-16 -6.123234e-17 1.000000e+00
    outer loop
      vertex -3.795920e+01 3.999895e+01 2.540000e+00
      vertex 3.795920e+01 3.999895e+01 2.540000e+00
      vertex 3.795920e+01 4.138975e+01 2.540000e+00
    endloop
  endfacet
  facet normal -3.353707e-01 -5.768615e-17 9.420862e-01
    outer loop
      vertex 3.811985e+01 4.015952e+01 2.597191e+00
      vertex 3.795920e+01 4.138975e+01 2.540000e+00
      vertex 3.795920e+01 3.999895e+01 2.540000e+00
    endloop
  endfacet
  facet normal -1.748720e-01 -3.688343e-01 9.128971e-01
    outer loop
      vertex 3.805307e+01 4.138975e+01 2.557980e+00
      vertex 3.795920e+01 4.156619e+01 2.611288e+00
      vertex 3.795920e+01 4.138975e+01 2.540000e+00
    endloop
  endfacet
  facet normal -1.880947e-01 2.108471e-02 9.819245e-01
    outer loop
      vertex 3.811985e+01 4.015952e+01 2.597191e+00
      vertex 3.805307e+01 4.138975e+01 2.557980e+00
      vertex 3.795920e+01 4.138975e+01 2.540000e+00
    endloop
  endfacet
  facet normal -1.224647e-16 -6.123234e-17 1.000000e+00
    outer loop
      vertex 3.795920e+01 3.999895e+01 2.540000e+00
      vertex -3.946596e+01 3.997993e+01 2.540000e+00
      vertex 3.946555e+01 3.998034e+01 2.540000e+00
    endloop
  endfacet
  facet normal -1.133461e-16 -3.786466e-01 9.255413e-01
    outer loop
      vertex 3.942063e+01 4.017698e+01 2.612833e+00
      vertex 3.795920e+01 3.999895e+01 2.540000e+00
      vertex 3.942063e+01 3.999895e+01 2.540000e+00
    endloop
  endfacet
  facet normal -1.224647e-16 -6.123234e-17 1.000000e+00
    outer loop
      vertex -3.795920e+01 3.999895e+01 2.540000e+00
      vertex -3.946596e+01 3.997993e+01 2.540000e+00
      vertex 3.795920e+01 3.999895e+01 2.540000e+00
    endloop
  endfacet
  facet normal -6.932969e-03 -3.293596e-01 9.441791e-01
    outer loop
      vertex 3.942063e+01 4.017698e+01 2.612833e+00
      vertex 3.811985e+01 4.015952e+01 2.597191e+00
      vertex 3.795920e+01 3.999895e+01 2.540000e+00
    endloop
  endfacet
  facet normal -1.224647e-16 -6.123234e-17 1.000000e+00
    outer loop
      vertex 3.946555e+01 3.998034e+01 2.540000e+00
      vertex 3.942063e+01 3.999895e+01 2.540000e+00
      vertex 3.795920e+01 3.999895e+01 2.540000e+00
    endloop
  endfacet
  facet normal -1.531597e-01 -3.696965e-01 9.164423e-01
    outer loop
      vertex 3.959015e+01 4.010499e+01 2.611106e+00
      vertex 3.942063e+01 3.999895e+01 2.540000e+00
      vertex 3.946555e+01 3.998034e+01 2.540000e+00
    endloop
  endfacet
  facet normal -1.496729e-01 -3.743814e-01 9.151156e-01
    outer loop
      vertex 3.959015e+01 4.010499e+01 2.611106e+00
      vertex 3.942063e+01 4.017698e+01 2.612833e+00
      vertex 3.942063e+01 3.999895e+01 2.540000e+00
    endloop
  endfacet
  facet normal 1.224647e-16 6.123234e-17 -1.000000e+00
    outer loop
      vertex -2.561788e+01 -3.340690e+01 5.080003e-01
      vertex -2.709797e+01 -3.333030e+01 5.080003e-01
      vertex -2.664131e+01 -3.333030e+01 5.080003e-01
    endloop
  endfacet
  facet normal 1.224647e-16 6.123234e-17 -1.000000e+00
    outer loop
      vertex -2.561788e+01 -3.340690e+01 5.080003e-01
      vertex -2.729494e+01 -3.341111e+01 5.080003e-01
      vertex -2.709797e+01 -3.333030e+01 5.080003e-01
    endloop
  endfacet
  facet normal -3.697519e-01 -1.531561e-01 9.164206e-01
    outer loop
      vertex 3.959015e+01 4.010499e+01 2.611106e+00
      vertex 3.946555e+01 3.998034e+01 2.540000e+00
      vertex 3.948413e+01 3.993548e+01 2.540000e+00
    endloop
  endfacet
  facet normal 1.224647e-16 6.123234e-17 -1.000000e+00
    outer loop
      vertex -2.567993e+01 -3.349877e+01 5.080003e-01
      vertex -2.729494e+01 -3.341111e+01 5.080003e-01
      vertex -2.561788e+01 -3.340690e+01 5.080003e-01
    endloop
  endfacet
  facet normal -1.224647e-16 -6.123234e-17 1.000000e+00
    outer loop
      vertex -3.948413e+01 3.993548e+01 2.540000e+00
      vertex 3.948413e+01 3.993548e+01 2.540000e+00
      vertex 3.946555e+01 3.998034e+01 2.540000e+00
    endloop
  endfacet
  facet normal -1.224647e-16 -6.123234e-17 1.000000e+00
    outer loop
      vertex -3.946596e+01 3.997993e+01 2.540000e+00
      vertex -3.948413e+01 3.993548e+01 2.540000e+00
      vertex 3.946555e+01 3.998034e+01 2.540000e+00
    endloop
  endfacet
  facet normal -1.224647e-16 -6.123234e-17 1.000000e+00
    outer loop
      vertex -3.948413e+01 3.270852e+01 2.540000e+00
      vertex 3.948413e+01 3.270852e+01 2.540000e+00
      vertex 3.948413e+01 3.993548e+01 2.540000e+00
    endloop
  endfacet
  facet normal -3.745997e-01 -5.677381e-17 9.271867e-01
    outer loop
      vertex 3.966057e+01 3.270852e+01 2.611285e+00
      vertex 3.948413e+01 3.993548e+01 2.540000e+00
      vertex 3.948413e+01 3.270852e+01 2.540000e+00
    endloop
  endfacet
  facet normal -1.224647e-16 -6.123234e-17 1.000000e+00
    outer loop
      vertex -3.948413e+01 3.993548e+01 2.540000e+00
      vertex -3.948413e+01 3.270852e+01 2.540000e+00
      vertex 3.948413e+01 3.993548e+01 2.540000e+00
    endloop
  endfacet
  facet normal -3.702066e-01 -1.528184e-01 9.162934e-01
    outer loop
      vertex 3.966057e+01 3.993548e+01 2.611288e+00
      vertex 3.959015e+01 4.010499e+01 2.611106e+00
      vertex 3.948413e+01 3.993548e+01 2.540000e+00
    endloop
  endfacet
  facet normal -3.746066e-01 -1.967349e-07 9.271839e-01
    outer loop
      vertex 3.966057e+01 3.270852e+01 2.611285e+00
      vertex 3.966057e+01 3.993548e+01 2.611288e+00
      vertex 3.948413e+01 3.993548e+01 2.540000e+00
    endloop
  endfacet
  facet normal -1.224647e-16 -6.123234e-17 1.000000e+00
    outer loop
      vertex -3.946555e+01 3.266365e+01 2.540000e+00
      vertex 3.946596e+01 3.266407e+01 2.540000e+00
      vertex 3.948413e+01 3.270852e+01 2.540000e+00
    endloop
  endfacet
  facet normal -3.714974e-01 1.518585e-01 9.159305e-01
    outer loop
      vertex 3.959015e+01 3.253901e+01 2.611106e+00
      vertex 3.948413e+01 3.270852e+01 2.540000e+00
      vertex 3.946596e+01 3.266407e+01 2.540000e+00
    endloop
  endfacet
  facet normal -1.224647e-16 -6.123234e-17 1.000000e+00
    outer loop
      vertex -3.948413e+01 3.270852e+01 2.540000e+00
      vertex -3.946555e+01 3.266365e+01 2.540000e+00
      vertex 3.948413e+01 3.270852e+01 2.540000e+00
    endloop
  endfacet
  facet normal -3.701991e-01 1.528237e-01 9.162956e-01
    outer loop
      vertex 3.959015e+01 3.253901e+01 2.611106e+00
      vertex 3.966057e+01 3.270852e+01 2.611285e+00
      vertex 3.948413e+01 3.270852e+01 2.540000e+00
    endloop
  endfacet
  facet normal 1.224647e-16 6.123234e-17 -1.000000e+00
    outer loop
      vertex -2.561788e+01 -3.340690e+01 5.080003e-01
      vertex -2.664131e+01 -3.333030e+01 5.080003e-01
      vertex -2.664762e+01 -3.329894e+01 5.080003e-01
    endloop
  endfacet
  facet normal 1.224647e-16 6.123234e-17 -1.000000e+00
    outer loop
      vertex -2.560540e+01 -3.274386e+01 5.080003e-01
      vertex -2.559633e+01 -3.280840e+01 5.080003e-01
      vertex -2.663856e+01 -3.274393e+01 5.080003e-01
    endloop
  endfacet
  facet normal 1.224647e-16 6.123234e-17 -1.000000e+00
    outer loop
      vertex -2.559633e+01 -3.280840e+01 5.080003e-01
      vertex -2.559633e+01 -3.329894e+01 5.080003e-01
      vertex -2.664762e+01 -3.280840e+01 5.080003e-01
    endloop
  endfacet
  facet normal -1.224647e-16 -6.123234e-17 1.000000e+00
    outer loop
      vertex 3.795920e+01 3.264505e+01 2.540000e+00
      vertex 3.942063e+01 3.264505e+01 2.540000e+00
      vertex 3.946596e+01 3.266407e+01 2.540000e+00
    endloop
  endfacet
  facet normal -1.544301e-01 3.679847e-01 9.169180e-01
    outer loop
      vertex 3.959015e+01 3.253901e+01 2.611106e+00
      vertex 3.946596e+01 3.266407e+01 2.540000e+00
      vertex 3.942063e+01 3.264505e+01 2.540000e+00
    endloop
  endfacet
  facet normal -1.224647e-16 -6.123234e-17 1.000000e+00
    outer loop
      vertex -3.795920e+01 3.264505e+01 2.540000e+00
      vertex 3.795920e+01 3.264505e+01 2.540000e+00
      vertex 3.946596e+01 3.266407e+01 2.540000e+00
    endloop
  endfacet
  facet normal -1.224647e-16 -6.123234e-17 1.000000e+00
    outer loop
      vertex -3.795920e+01 3.264505e+01 2.540000e+00
      vertex 3.946596e+01 3.266407e+01 2.540000e+00
      vertex -3.946555e+01 3.266365e+01 2.540000e+00
    endloop
  endfacet
  facet normal -1.224647e-16 -6.123234e-17 1.000000e+00
    outer loop
      vertex -3.946555e+01 3.266365e+01 2.540000e+00
      vertex -3.942063e+01 3.264505e+01 2.540000e+00
      vertex -3.795920e+01 3.264505e+01 2.540000e+00
    endloop
  endfacet
  facet normal -1.153714e-16 3.353912e-01 9.420789e-01
    outer loop
      vertex 3.811978e+01 3.248436e+01 2.597205e+00
      vertex 3.942063e+01 3.264505e+01 2.540000e+00
      vertex 3.795920e+01 3.264505e+01 2.540000e+00
    endloop
  endfacet
  facet normal -1.496715e-01 3.743834e-01 9.151150e-01
    outer loop
      vertex 3.942063e+01 3.246702e+01 2.612834e+00
      vertex 3.959015e+01 3.253901e+01 2.611106e+00
      vertex 3.942063e+01 3.264505e+01 2.540000e+00
    endloop
  endfacet
  facet normal -6.070357e-03 3.786416e-01 9.255234e-01
    outer loop
      vertex 3.811978e+01 3.248436e+01 2.597205e+00
      vertex 3.942063e+01 3.246702e+01 2.612834e+00
      vertex 3.942063e+01 3.264505e+01 2.540000e+00
    endloop
  endfacet
  facet normal -1.224647e-16 -6.123234e-17 1.000000e+00
    outer loop
      vertex -3.795920e+01 2.591131e+01 2.540000e+00
      vertex 3.795920e+01 2.591131e+01 2.540000e+00
      vertex 3.795920e+01 3.264505e+01 2.540000e+00
    endloop
  endfacet
  facet normal -1.908459e-01 -6.010689e-17 9.816200e-01
    outer loop
      vertex 3.805435e+01 2.591131e+01 2.558500e+00
      vertex 3.795920e+01 3.264505e+01 2.540000e+00
      vertex 3.795920e+01 2.591131e+01 2.540000e+00
    endloop
  endfacet
  facet normal -1.224647e-16 -6.123234e-17 1.000000e+00
    outer loop
      vertex -3.795920e+01 3.264505e+01 2.540000e+00
      vertex -3.795920e+01 2.591131e+01 2.540000e+00
      vertex 3.795920e+01 3.264505e+01 2.540000e+00
    endloop
  endfacet
  facet normal -3.375070e-01 -2.183147e-03 9.413205e-01
    outer loop
      vertex 3.805435e+01 2.591131e+01 2.558500e+00
      vertex 3.811978e+01 3.248436e+01 2.597205e+00
      vertex 3.795920e+01 3.264505e+01 2.540000e+00
    endloop
  endfacet
  facet normal -1.224647e-16 -6.123234e-17 1.000000e+00
    outer loop
      vertex -3.794036e+01 2.586996e+01 2.540000e+00
      vertex 3.794036e+01 2.586996e+01 2.540000e+00
      vertex 3.795920e+01 2.591131e+01 2.540000e+00
    endloop
  endfacet
  facet normal -5.229396e-01 2.382799e-01 8.183867e-01
    outer loop
      vertex 3.796457e+01 2.565022e+01 2.619448e+00
      vertex 3.795920e+01 2.591131e+01 2.540000e+00
      vertex 3.794036e+01 2.586996e+01 2.540000e+00
    endloop
  endfacet
  facet normal -1.224647e-16 -6.123234e-17 1.000000e+00
    outer loop
      vertex -3.795920e+01 2.591131e+01 2.540000e+00
      vertex -3.794036e+01 2.586996e+01 2.540000e+00
      vertex 3.795920e+01 2.591131e+01 2.540000e+00
    endloop
  endfacet
  facet normal -1.830581e-01 2.827531e-01 9.415628e-01
    outer loop
      vertex 3.796457e+01 2.565022e+01 2.619448e+00
      vertex 3.805435e+01 2.591131e+01 2.558500e+00
      vertex 3.795920e+01 2.591131e+01 2.540000e+00
    endloop
  endfacet
  facet normal -1.224647e-16 -6.123234e-17 1.000000e+00
    outer loop
      vertex -3.789788e+01 2.584945e+01 2.540000e+00
      vertex 3.789788e+01 2.584945e+01 2.540000e+00
      vertex 3.794036e+01 2.586996e+01 2.540000e+00
    endloop
  endfacet
  facet normal -1.548946e-01 3.207779e-01 9.344031e-01
    outer loop
      vertex 3.796457e+01 2.565022e+01 2.619448e+00
      vertex 3.794036e+01 2.586996e+01 2.540000e+00
      vertex 3.789788e+01 2.584945e+01 2.540000e+00
    endloop
  endfacet
  facet normal -1.224647e-16 -6.123234e-17 1.000000e+00
    outer loop
      vertex -3.794036e+01 2.586996e+01 2.540000e+00
      vertex -3.789788e+01 2.584945e+01 2.540000e+00
      vertex 3.794036e+01 2.586996e+01 2.540000e+00
    endloop
  endfacet
  facet normal -1.201321e-16 1.942453e-01 9.809530e-01
    outer loop
      vertex -3.789919e+01 2.572846e+01 2.563957e+00
      vertex 3.789788e+01 2.584945e+01 2.540000e+00
      vertex -3.789788e+01 2.584945e+01 2.540000e+00
    endloop
  endfacet
  facet normal -1.201321e-16 1.942453e-01 9.809530e-01
    outer loop
      vertex -3.789919e+01 2.572846e+01 2.563957e+00
      vertex 3.789919e+01 2.572846e+01 2.563957e+00
      vertex 3.789788e+01 2.584945e+01 2.540000e+00
    endloop
  endfacet
  facet normal -5.200145e-01 1.604842e-01 8.389456e-01
    outer loop
      vertex 3.796457e+01 2.565022e+01 2.619448e+00
      vertex 3.789788e+01 2.584945e+01 2.540000e+00
      vertex 3.789919e+01 2.572846e+01 2.563957e+00
    endloop
  endfacet
  facet normal 3.617972e-01 7.492616e-01 5.547160e-01
    outer loop
      vertex -3.805435e+01 2.591131e+01 2.558500e+00
      vertex -3.789788e+01 2.584945e+01 2.540000e+00
      vertex -3.794036e+01 2.586996e+01 2.540000e+00
    endloop
  endfacet
  facet normal 5.200144e-01 1.604842e-01 8.389457e-01
    outer loop
      vertex -3.796457e+01 2.565022e+01 2.619448e+00
      vertex -3.789919e+01 2.572846e+01 2.563957e+00
      vertex -3.789788e+01 2.584945e+01 2.540000e+00
    endloop
  endfacet
  facet normal 2.262158e-01 2.945400e-01 9.284787e-01
    outer loop
      vertex -3.796457e+01 2.565022e+01 2.619448e+00
      vertex -3.789788e+01 2.584945e+01 2.540000e+00
      vertex -3.805435e+01 2.591131e+01 2.558500e+00
    endloop
  endfacet
  facet normal 1.901284e-01 8.663292e-02 9.779294e-01
    outer loop
      vertex -3.805435e+01 2.591131e+01 2.558500e+00
      vertex -3.794036e+01 2.586996e+01 2.540000e+00
      vertex -3.795920e+01 2.591131e+01 2.540000e+00
    endloop
  endfacet
  facet normal 3.353707e-01 -5.768615e-17 9.420862e-01
    outer loop
      vertex -3.811985e+01 3.248448e+01 2.597191e+00
      vertex -3.795920e+01 2.591131e+01 2.540000e+00
      vertex -3.795920e+01 3.264505e+01 2.540000e+00
    endloop
  endfacet
  facet normal 1.908445e-01 -3.876267e-03 9.816126e-01
    outer loop
      vertex -3.805435e+01 2.591131e+01 2.558500e+00
      vertex -3.795920e+01 2.591131e+01 2.540000e+00
      vertex -3.811985e+01 3.248448e+01 2.597191e+00
    endloop
  endfacet
  facet normal -8.442833e-16 3.786466e-01 9.255413e-01
    outer loop
      vertex -3.942063e+01 3.246702e+01 2.612833e+00
      vertex -3.795920e+01 3.264505e+01 2.540000e+00
      vertex -3.942063e+01 3.264505e+01 2.540000e+00
    endloop
  endfacet
  facet normal 6.932969e-03 3.293596e-01 9.441791e-01
    outer loop
      vertex -3.942063e+01 3.246702e+01 2.612833e+00
      vertex -3.811985e+01 3.248448e+01 2.597191e+00
      vertex -3.795920e+01 3.264505e+01 2.540000e+00
    endloop
  endfacet
  facet normal 1.531597e-01 3.696965e-01 9.164423e-01
    outer loop
      vertex -3.959015e+01 3.253901e+01 2.611106e+00
      vertex -3.942063e+01 3.264505e+01 2.540000e+00
      vertex -3.946555e+01 3.266365e+01 2.540000e+00
    endloop
  endfacet
  facet normal 1.496729e-01 3.743814e-01 9.151156e-01
    outer loop
      vertex -3.959015e+01 3.253901e+01 2.611106e+00
      vertex -3.942063e+01 3.246702e+01 2.612833e+00
      vertex -3.942063e+01 3.264505e+01 2.540000e+00
    endloop
  endfacet
  facet normal 1.224647e-16 6.123234e-17 -1.000000e+00
    outer loop
      vertex -2.559633e+01 -3.329894e+01 5.080003e-01
      vertex -2.664762e+01 -3.329894e+01 5.080003e-01
      vertex -2.664762e+01 -3.280840e+01 5.080003e-01
    endloop
  endfacet
  facet normal 3.697519e-01 1.531561e-01 9.164206e-01
    outer loop
      vertex -3.959015e+01 3.253901e+01 2.611106e+00
      vertex -3.946555e+01 3.266365e+01 2.540000e+00
      vertex -3.948413e+01 3.270852e+01 2.540000e+00
    endloop
  endfacet
  facet normal 3.745997e-01 -5.677381e-17 9.271867e-01
    outer loop
      vertex -3.966057e+01 3.993548e+01 2.611285e+00
      vertex -3.948413e+01 3.270852e+01 2.540000e+00
      vertex -3.948413e+01 3.993548e+01 2.540000e+00
    endloop
  endfacet
  facet normal 3.746066e-01 1.967349e-07 9.271839e-01
    outer loop
      vertex -3.966057e+01 3.270852e+01 2.611288e+00
      vertex -3.948413e+01 3.270852e+01 2.540000e+00
      vertex -3.966057e+01 3.993548e+01 2.611285e+00
    endloop
  endfacet
  facet normal 3.702066e-01 1.528184e-01 9.162934e-01
    outer loop
      vertex -3.959015e+01 3.253901e+01 2.611106e+00
      vertex -3.948413e+01 3.270852e+01 2.540000e+00
      vertex -3.966057e+01 3.270852e+01 2.611288e+00
    endloop
  endfacet
  facet normal 3.714974e-01 -1.518585e-01 9.159305e-01
    outer loop
      vertex -3.959015e+01 4.010499e+01 2.611106e+00
      vertex -3.948413e+01 3.993548e+01 2.540000e+00
      vertex -3.946596e+01 3.997993e+01 2.540000e+00
    endloop
  endfacet
  facet normal 3.701991e-01 -1.528237e-01 9.162956e-01
    outer loop
      vertex -3.959015e+01 4.010499e+01 2.611106e+00
      vertex -3.966057e+01 3.993548e+01 2.611285e+00
      vertex -3.948413e+01 3.993548e+01 2.540000e+00
    endloop
  endfacet
  facet normal 1.224647e-16 6.123234e-17 -1.000000e+00
    outer loop
      vertex -2.561788e+01 -3.340690e+01 5.080003e-01
      vertex -2.664762e+01 -3.329894e+01 5.080003e-01
      vertex -2.559633e+01 -3.329894e+01 5.080003e-01
    endloop
  endfacet
  facet normal -1.224647e-16 -6.123234e-17 1.000000e+00
    outer loop
      vertex -3.795920e+01 3.999895e+01 2.540000e+00
      vertex -3.942063e+01 3.999895e+01 2.540000e+00
      vertex -3.946596e+01 3.997993e+01 2.540000e+00
    endloop
  endfacet
  facet normal 1.544301e-01 -3.679847e-01 9.169180e-01
    outer loop
      vertex -3.959015e+01 4.010499e+01 2.611106e+00
      vertex -3.946596e+01 3.997993e+01 2.540000e+00
      vertex -3.942063e+01 3.999895e+01 2.540000e+00
    endloop
  endfacet
  facet normal -1.153653e-16 -3.355305e-01 9.420294e-01
    outer loop
      vertex -3.811985e+01 4.015952e+01 2.597191e+00
      vertex -3.942063e+01 3.999895e+01 2.540000e+00
      vertex -3.795920e+01 3.999895e+01 2.540000e+00
    endloop
  endfacet
  facet normal 6.047375e-03 -3.786417e-01 9.255236e-01
    outer loop
      vertex -3.942063e+01 4.017698e+01 2.612834e+00
      vertex -3.942063e+01 3.999895e+01 2.540000e+00
      vertex -3.811985e+01 4.015952e+01 2.597191e+00
    endloop
  endfacet
  facet normal 1.496715e-01 -3.743834e-01 9.151150e-01
    outer loop
      vertex -3.959015e+01 4.010499e+01 2.611106e+00
      vertex -3.942063e+01 3.999895e+01 2.540000e+00
      vertex -3.942063e+01 4.017698e+01 2.612834e+00
    endloop
  endfacet
  facet normal -1.224647e-16 -6.123234e-17 1.000000e+00
    outer loop
      vertex -3.669075e+01 4.138975e+01 2.540000e+00
      vertex -3.795920e+01 4.138975e+01 2.540000e+00
      vertex -3.795920e+01 3.999895e+01 2.540000e+00
    endloop
  endfacet
  facet normal 1.881365e-01 -6.013891e-17 9.821429e-01
    outer loop
      vertex -3.805307e+01 4.138975e+01 2.557980e+00
      vertex -3.795920e+01 3.999895e+01 2.540000e+00
      vertex -3.795920e+01 4.138975e+01 2.540000e+00
    endloop
  endfacet
  facet normal 3.452377e-01 1.116787e-02 9.384488e-01
    outer loop
      vertex -3.811985e+01 4.015952e+01 2.597191e+00
      vertex -3.795920e+01 3.999895e+01 2.540000e+00
      vertex -3.805307e+01 4.138975e+01 2.557980e+00
    endloop
  endfacet
  facet normal -1.154384e-16 -3.338497e-01 9.426264e-01
    outer loop
      vertex -3.685068e+01 4.154977e+01 2.596676e+00
      vertex -3.795920e+01 4.138975e+01 2.540000e+00
      vertex -3.669075e+01 4.138975e+01 2.540000e+00
    endloop
  endfacet
  facet normal 6.673020e-03 -3.745983e-01 9.271632e-01
    outer loop
      vertex -3.795920e+01 4.156619e+01 2.611288e+00
      vertex -3.795920e+01 4.138975e+01 2.540000e+00
      vertex -3.685068e+01 4.154977e+01 2.596676e+00
    endloop
  endfacet
  facet normal 3.472488e-01 -3.512959e-01 8.694880e-01
    outer loop
      vertex -3.813417e+01 4.151765e+01 2.661555e+00
      vertex -3.795920e+01 4.138975e+01 2.540000e+00
      vertex -3.795920e+01 4.156619e+01 2.611288e+00
    endloop
  endfacet
  facet normal 1.558621e-01 -5.600600e-01 8.136582e-01
    outer loop
      vertex -3.813417e+01 4.151765e+01 2.661555e+00
      vertex -3.805307e+01 4.138975e+01 2.557980e+00
      vertex -3.795920e+01 4.138975e+01 2.540000e+00
    endloop
  endfacet
  facet normal 3.305050e-01 -3.944064e-03 9.437960e-01
    outer loop
      vertex -3.685068e+01 4.154977e+01 2.596676e+00
      vertex -3.669075e+01 4.138975e+01 2.540000e+00
      vertex -3.686609e+01 4.350758e+01 2.610254e+00
    endloop
  endfacet
  facet normal -1.224647e-16 -6.123234e-17 1.000000e+00
    outer loop
      vertex 3.795920e+01 2.361869e+01 2.540000e+00
      vertex -3.795920e+01 2.361869e+01 2.540000e+00
      vertex -3.795920e+01 2.230451e+01 2.540000e+00
    endloop
  endfacet
  facet normal 1.908459e-01 -6.010689e-17 9.816200e-01
    outer loop
      vertex -3.805435e+01 2.361869e+01 2.558500e+00
      vertex -3.795920e+01 2.230451e+01 2.540000e+00
      vertex -3.795920e+01 2.361869e+01 2.540000e+00
    endloop
  endfacet
  facet normal -1.224647e-16 -6.123234e-17 1.000000e+00
    outer loop
      vertex 3.795920e+01 2.230451e+01 2.540000e+00
      vertex 3.795920e+01 2.361869e+01 2.540000e+00
      vertex -3.795920e+01 2.230451e+01 2.540000e+00
    endloop
  endfacet
  facet normal -1.224647e-16 -6.123234e-17 1.000000e+00
    outer loop
      vertex -3.794036e+01 2.226316e+01 2.540000e+00
      vertex 3.795920e+01 2.230451e+01 2.540000e+00
      vertex -3.795920e+01 2.230451e+01 2.540000e+00
    endloop
  endfacet
  facet normal 1.901284e-01 8.663292e-02 9.779294e-01
    outer loop
      vertex -3.805435e+01 2.230451e+01 2.558500e+00
      vertex -3.794036e+01 2.226316e+01 2.540000e+00
      vertex -3.795920e+01 2.230451e+01 2.540000e+00
    endloop
  endfacet
  facet normal 1.908459e-01 -8.603071e-15 9.816200e-01
    outer loop
      vertex -3.805435e+01 2.361869e+01 2.558500e+00
      vertex -3.805435e+01 2.230451e+01 2.558500e+00
      vertex -3.795920e+01 2.230451e+01 2.540000e+00
    endloop
  endfacet
  facet normal -1.224647e-16 -6.123234e-17 1.000000e+00
    outer loop
      vertex 3.794036e+01 2.366004e+01 2.540000e+00
      vertex -3.794036e+01 2.366004e+01 2.540000e+00
      vertex -3.795920e+01 2.361869e+01 2.540000e+00
    endloop
  endfacet
  facet normal 5.229395e-01 -2.382799e-01 8.183867e-01
    outer loop
      vertex -3.796457e+01 2.387977e+01 2.619448e+00
      vertex -3.795920e+01 2.361869e+01 2.540000e+00
      vertex -3.794036e+01 2.366004e+01 2.540000e+00
    endloop
  endfacet
  facet normal -1.224647e-16 -6.123234e-17 1.000000e+00
    outer loop
      vertex 3.795920e+01 2.361869e+01 2.540000e+00
      vertex 3.794036e+01 2.366004e+01 2.540000e+00
      vertex -3.795920e+01 2.361869e+01 2.540000e+00
    endloop
  endfacet
  facet normal 1.830581e-01 -2.827531e-01 9.415628e-01
    outer loop
      vertex -3.796457e+01 2.387977e+01 2.619448e+00
      vertex -3.805435e+01 2.361869e+01 2.558500e+00
      vertex -3.795920e+01 2.361869e+01 2.540000e+00
    endloop
  endfacet
  facet normal -1.224647e-16 -6.123234e-17 1.000000e+00
    outer loop
      vertex 3.789788e+01 2.368055e+01 2.540000e+00
      vertex -3.789788e+01 2.368055e+01 2.540000e+00
      vertex -3.794036e+01 2.366004e+01 2.540000e+00
    endloop
  endfacet
  facet normal 1.548946e-01 -3.207779e-01 9.344031e-01
    outer loop
      vertex -3.796457e+01 2.387977e+01 2.619448e+00
      vertex -3.794036e+01 2.366004e+01 2.540000e+00
      vertex -3.789788e+01 2.368055e+01 2.540000e+00
    endloop
  endfacet
  facet normal -1.224647e-16 -6.123234e-17 1.000000e+00
    outer loop
      vertex 3.794036e+01 2.366004e+01 2.540000e+00
      vertex 3.789788e+01 2.368055e+01 2.540000e+00
      vertex -3.794036e+01 2.366004e+01 2.540000e+00
    endloop
  endfacet
  facet normal -1.345713e-16 -1.942453e-01 9.809530e-01
    outer loop
      vertex 3.789919e+01 2.380153e+01 2.563957e+00
      vertex -3.789788e+01 2.368055e+01 2.540000e+00
      vertex 3.789788e+01 2.368055e+01 2.540000e+00
    endloop
  endfacet
  facet normal -1.383795e-16 -1.942453e-01 9.809530e-01
    outer loop
      vertex -3.789919e+01 2.380153e+01 2.563957e+00
      vertex -3.789788e+01 2.368055e+01 2.540000e+00
      vertex 3.789919e+01 2.380153e+01 2.563957e+00
    endloop
  endfacet
  facet normal 5.200144e-01 -1.604842e-01 8.389457e-01
    outer loop
      vertex -3.796457e+01 2.387977e+01 2.619448e+00
      vertex -3.789788e+01 2.368055e+01 2.540000e+00
      vertex -3.789919e+01 2.380153e+01 2.563957e+00
    endloop
  endfacet
  facet normal -3.617972e-01 -7.492616e-01 5.547160e-01
    outer loop
      vertex 3.805435e+01 2.361869e+01 2.558500e+00
      vertex 3.789788e+01 2.368055e+01 2.540000e+00
      vertex 3.794036e+01 2.366004e+01 2.540000e+00
    endloop
  endfacet
  facet normal -5.200143e-01 -1.604842e-01 8.389457e-01
    outer loop
      vertex 3.796457e+01 2.387977e+01 2.619448e+00
      vertex 3.789919e+01 2.380153e+01 2.563957e+00
      vertex 3.789788e+01 2.368055e+01 2.540000e+00
    endloop
  endfacet
  facet normal -2.262158e-01 -2.945400e-01 9.284787e-01
    outer loop
      vertex 3.796457e+01 2.387977e+01 2.619448e+00
      vertex 3.789788e+01 2.368055e+01 2.540000e+00
      vertex 3.805435e+01 2.361869e+01 2.558500e+00
    endloop
  endfacet
  facet normal -1.901284e-01 -8.663292e-02 9.779294e-01
    outer loop
      vertex 3.805435e+01 2.361869e+01 2.558500e+00
      vertex 3.794036e+01 2.366004e+01 2.540000e+00
      vertex 3.795920e+01 2.361869e+01 2.540000e+00
    endloop
  endfacet
  facet normal -1.908459e-01 -6.010689e-17 9.816200e-01
    outer loop
      vertex 3.805435e+01 2.230451e+01 2.558500e+00
      vertex 3.795920e+01 2.361869e+01 2.540000e+00
      vertex 3.795920e+01 2.230451e+01 2.540000e+00
    endloop
  endfacet
  facet normal -1.908459e-01 -6.145975e-15 9.816200e-01
    outer loop
      vertex 3.805435e+01 2.361869e+01 2.558500e+00
      vertex 3.795920e+01 2.361869e+01 2.540000e+00
      vertex 3.805435e+01 2.230451e+01 2.558500e+00
    endloop
  endfacet
  facet normal -1.224647e-16 -6.123234e-17 1.000000e+00
    outer loop
      vertex -3.794036e+01 2.226316e+01 2.540000e+00
      vertex 3.794036e+01 2.226316e+01 2.540000e+00
      vertex 3.795920e+01 2.230451e+01 2.540000e+00
    endloop
  endfacet
  facet normal -5.229396e-01 2.382799e-01 8.183867e-01
    outer loop
      vertex 3.796457e+01 2.204342e+01 2.619448e+00
      vertex 3.795920e+01 2.230451e+01 2.540000e+00
      vertex 3.794036e+01 2.226316e+01 2.540000e+00
    endloop
  endfacet
  facet normal -1.830581e-01 2.827531e-01 9.415628e-01
    outer loop
      vertex 3.796457e+01 2.204342e+01 2.619448e+00
      vertex 3.805435e+01 2.230451e+01 2.558500e+00
      vertex 3.795920e+01 2.230451e+01 2.540000e+00
    endloop
  endfacet
  facet normal -1.224647e-16 -6.123234e-17 1.000000e+00
    outer loop
      vertex -3.789788e+01 2.224265e+01 2.540000e+00
      vertex 3.789788e+01 2.224265e+01 2.540000e+00
      vertex 3.794036e+01 2.226316e+01 2.540000e+00
    endloop
  endfacet
  facet normal -1.548946e-01 3.207779e-01 9.344031e-01
    outer loop
      vertex 3.796457e+01 2.204342e+01 2.619448e+00
      vertex 3.794036e+01 2.226316e+01 2.540000e+00
      vertex 3.789788e+01 2.224265e+01 2.540000e+00
    endloop
  endfacet
  facet normal -1.224647e-16 -6.123234e-17 1.000000e+00
    outer loop
      vertex -3.794036e+01 2.226316e+01 2.540000e+00
      vertex -3.789788e+01 2.224265e+01 2.540000e+00
      vertex 3.794036e+01 2.226316e+01 2.540000e+00
    endloop
  endfacet
  facet normal -1.201321e-16 1.942453e-01 9.809530e-01
    outer loop
      vertex -3.789919e+01 2.212166e+01 2.563957e+00
      vertex 3.789788e+01 2.224265e+01 2.540000e+00
      vertex -3.789788e+01 2.224265e+01 2.540000e+00
    endloop
  endfacet
  facet normal -1.201321e-16 1.942453e-01 9.809530e-01
    outer loop
      vertex -3.789919e+01 2.212166e+01 2.563957e+00
      vertex 3.789919e+01 2.212166e+01 2.563957e+00
      vertex 3.789788e+01 2.224265e+01 2.540000e+00
    endloop
  endfacet
  facet normal -5.200145e-01 1.604842e-01 8.389456e-01
    outer loop
      vertex 3.796457e+01 2.204342e+01 2.619448e+00
      vertex 3.789788e+01 2.224265e+01 2.540000e+00
      vertex 3.789919e+01 2.212166e+01 2.563957e+00
    endloop
  endfacet
  facet normal 3.617972e-01 7.492616e-01 5.547160e-01
    outer loop
      vertex -3.805435e+01 2.230451e+01 2.558500e+00
      vertex -3.789788e+01 2.224265e+01 2.540000e+00
      vertex -3.794036e+01 2.226316e+01 2.540000e+00
    endloop
  endfacet
  facet normal 5.200145e-01 1.604842e-01 8.389456e-01
    outer loop
      vertex -3.796457e+01 2.204342e+01 2.619448e+00
      vertex -3.789919e+01 2.212166e+01 2.563957e+00
      vertex -3.789788e+01 2.224265e+01 2.540000e+00
    endloop
  endfacet
  facet normal 2.262158e-01 2.945400e-01 9.284787e-01
    outer loop
      vertex -3.796457e+01 2.204342e+01 2.619448e+00
      vertex -3.789788e+01 2.224265e+01 2.540000e+00
      vertex -3.805435e+01 2.230451e+01 2.558500e+00
    endloop
  endfacet
  facet normal -1.224647e-16 -6.123234e-17 1.000000e+00
    outer loop
      vertex -3.794062e+01 4.469655e+00 2.540000e+00
      vertex 3.795447e+01 4.490493e+00 2.540000e+00
      vertex 3.795920e+01 4.514517e+00 2.540000e+00
    endloop
  endfacet
  facet normal -3.775928e-01 7.431982e-02 9.229844e-01
    outer loop
      vertex 3.813723e+01 4.514517e+00 2.612831e+00
      vertex 3.795920e+01 4.514517e+00 2.540000e+00
      vertex 3.795447e+01 4.490493e+00 2.540000e+00
    endloop
  endfacet
  facet normal -1.224647e-16 -6.123234e-17 1.000000e+00
    outer loop
      vertex -3.795920e+01 4.514517e+00 2.540000e+00
      vertex -3.794062e+01 4.469655e+00 2.540000e+00
      vertex 3.795920e+01 4.514517e+00 2.540000e+00
    endloop
  endfacet
  facet normal -1.224647e-16 -6.123234e-17 1.000000e+00
    outer loop
      vertex 3.795920e+01 2.001189e+01 2.540000e+00
      vertex -3.795920e+01 4.514517e+00 2.540000e+00
      vertex 3.795920e+01 4.514517e+00 2.540000e+00
    endloop
  endfacet
  facet normal -3.786400e-01 -5.667323e-17 9.255441e-01
    outer loop
      vertex 3.813723e+01 4.514517e+00 2.612831e+00
      vertex 3.795920e+01 2.001189e+01 2.540000e+00
      vertex 3.795920e+01 4.514517e+00 2.540000e+00
    endloop
  endfacet
  facet normal -1.224647e-16 -6.123234e-17 1.000000e+00
    outer loop
      vertex 3.795447e+01 4.490493e+00 2.540000e+00
      vertex -3.794062e+01 4.469655e+00 2.540000e+00
      vertex -1.879860e+01 4.451046e+00 2.540000e+00
    endloop
  endfacet
  facet normal -3.204103e-01 2.135516e-01 9.228938e-01
    outer loop
      vertex 3.806644e+01 4.343724e+00 2.612834e+00
      vertex 3.795447e+01 4.490493e+00 2.540000e+00
      vertex 3.794052e+01 4.469552e+00 2.540000e+00
    endloop
  endfacet
  facet normal 1.224647e-16 6.123234e-17 -1.000000e+00
    outer loop
      vertex -2.559633e+01 -3.280840e+01 5.080003e-01
      vertex -2.664762e+01 -3.280840e+01 5.080003e-01
      vertex -2.663856e+01 -3.274393e+01 5.080003e-01
    endloop
  endfacet
  facet normal 1.224647e-16 6.123234e-17 -1.000000e+00
    outer loop
      vertex -2.471374e+01 -3.267546e+01 5.080003e-01
      vertex -2.751749e+01 -3.266730e+01 5.080003e-01
      vertex -2.467160e+01 -3.266500e+01 5.080003e-01
    endloop
  endfacet
  facet normal -3.834548e-01 1.589473e-01 9.097792e-01
    outer loop
      vertex 3.806644e+01 4.343724e+00 2.612834e+00
      vertex 3.813723e+01 4.514517e+00 2.612831e+00
      vertex 3.795447e+01 4.490493e+00 2.540000e+00
    endloop
  endfacet
  facet normal -1.224647e-16 -6.123234e-17 1.000000e+00
    outer loop
      vertex 1.879860e+01 4.451046e+00 2.540000e+00
      vertex 3.789570e+01 4.451046e+00 2.540000e+00
      vertex 3.794052e+01 4.469552e+00 2.540000e+00
    endloop
  endfacet
  facet normal -1.546344e-01 3.744582e-01 9.142589e-01
    outer loop
      vertex 3.806644e+01 4.343724e+00 2.612834e+00
      vertex 3.794052e+01 4.469552e+00 2.540000e+00
      vertex 3.789570e+01 4.451046e+00 2.540000e+00
    endloop
  endfacet
  facet normal -1.224647e-16 -6.123234e-17 1.000000e+00
    outer loop
      vertex 1.879860e+01 4.451046e+00 2.540000e+00
      vertex 3.794052e+01 4.469552e+00 2.540000e+00
      vertex 3.795447e+01 4.490493e+00 2.540000e+00
    endloop
  endfacet
  facet normal -1.224647e-16 -6.123234e-17 1.000000e+00
    outer loop
      vertex 3.795447e+01 4.490493e+00 2.540000e+00
      vertex -1.879860e+01 4.451046e+00 2.540000e+00
      vertex 1.879860e+01 4.451046e+00 2.540000e+00
    endloop
  endfacet
  facet normal -1.224647e-16 -6.123234e-17 1.000000e+00
    outer loop
      vertex -3.794062e+01 4.469655e+00 2.540000e+00
      vertex -3.789570e+01 4.451046e+00 2.540000e+00
      vertex -1.879860e+01 4.451046e+00 2.540000e+00
    endloop
  endfacet
  facet normal -2.252168e-16 3.786497e-01 9.255400e-01
    outer loop
      vertex 1.879860e+01 4.273013e+00 2.612835e+00
      vertex 3.789570e+01 4.451046e+00 2.540000e+00
      vertex 1.879860e+01 4.451046e+00 2.540000e+00
    endloop
  endfacet
  facet normal -1.549291e-01 3.740647e-01 9.143700e-01
    outer loop
      vertex 3.806644e+01 4.343724e+00 2.612834e+00
      vertex 3.789570e+01 4.451046e+00 2.540000e+00
      vertex 3.789570e+01 4.273019e+00 2.612830e+00
    endloop
  endfacet
  facet normal 1.408448e-07 3.786368e-01 9.255453e-01
    outer loop
      vertex 1.879860e+01 4.273013e+00 2.612835e+00
      vertex 3.789570e+01 4.273019e+00 2.612830e+00
      vertex 3.789570e+01 4.451046e+00 2.540000e+00
    endloop
  endfacet
  facet normal -1.352885e-07 3.078571e-05 1.000000e+00
    outer loop
      vertex -1.839849e+01 4.287583e+00 2.540000e+00
      vertex 1.857911e+01 4.407219e+00 2.540001e+00
      vertex 1.879860e+01 4.451046e+00 2.540000e+00
    endloop
  endfacet
  facet normal -7.538875e-02 3.775721e-01 9.229062e-01
    outer loop
      vertex 1.879860e+01 4.273013e+00 2.612835e+00
      vertex 1.879860e+01 4.451046e+00 2.540000e+00
      vertex 1.857911e+01 4.407219e+00 2.540001e+00
    endloop
  endfacet
  facet normal -1.224647e-16 -6.123234e-17 1.000000e+00
    outer loop
      vertex -1.879860e+01 4.451046e+00 2.540000e+00
      vertex -1.839849e+01 4.287583e+00 2.540000e+00
      vertex 1.879860e+01 4.451046e+00 2.540000e+00
    endloop
  endfacet
  facet normal -2.204505e-09 -1.034851e-05 1.000000e+00
    outer loop
      vertex -1.839849e+01 4.287583e+00 2.540000e+00
      vertex 1.839065e+01 4.279744e+00 2.540000e+00
      vertex 1.857911e+01 4.407219e+00 2.540001e+00
    endloop
  endfacet
  facet normal -2.216884e-01 3.277458e-01 9.183882e-01
    outer loop
      vertex 1.860131e+01 4.221321e+00 2.611702e+00
      vertex 1.857911e+01 4.407219e+00 2.540001e+00
      vertex 1.839065e+01 4.279744e+00 2.540000e+00
    endloop
  endfacet
  facet normal -9.657068e-02 3.481167e-01 9.324638e-01
    outer loop
      vertex 1.860131e+01 4.221321e+00 2.611702e+00
      vertex 1.879860e+01 4.273013e+00 2.612835e+00
      vertex 1.857911e+01 4.407219e+00 2.540001e+00
    endloop
  endfacet
  facet normal -1.224647e-16 -6.123234e-17 1.000000e+00
    outer loop
      vertex -1.822719e+01 3.879632e+00 2.540000e+00
      vertex 1.822719e+01 3.879632e+00 2.540000e+00
      vertex 1.839065e+01 4.279744e+00 2.540000e+00
    endloop
  endfacet
  facet normal -4.266982e-01 1.743248e-01 8.874342e-01
    outer loop
      vertex 1.845690e+01 4.076904e+00 2.611701e+00
      vertex 1.839065e+01 4.279744e+00 2.540000e+00
      vertex 1.822719e+01 3.879632e+00 2.540000e+00
    endloop
  endfacet
  facet normal 6.554900e-08 -5.998968e-06 1.000000e+00
    outer loop
      vertex -1.827101e+01 4.099120e+00 2.540001e+00
      vertex -1.822719e+01 3.879632e+00 2.540000e+00
      vertex 1.839065e+01 4.279744e+00 2.540000e+00
    endloop
  endfacet
  facet normal 1.491776e-09 7.002782e-06 1.000000e+00
    outer loop
      vertex -1.839849e+01 4.287583e+00 2.540000e+00
      vertex -1.827101e+01 4.099120e+00 2.540001e+00
      vertex 1.839065e+01 4.279744e+00 2.540000e+00
    endloop
  endfacet
  facet normal -2.493489e-01 2.493361e-01 9.357653e-01
    outer loop
      vertex 1.860131e+01 4.221321e+00 2.611702e+00
      vertex 1.839065e+01 4.279744e+00 2.540000e+00
      vertex 1.845690e+01 4.076904e+00 2.611701e+00
    endloop
  endfacet
  facet normal -1.224647e-16 -6.123234e-17 1.000000e+00
    outer loop
      vertex -1.822719e+01 -9.467636e+00 2.540000e+00
      vertex 1.822719e+01 -9.467636e+00 2.540000e+00
      vertex 1.822719e+01 3.879632e+00 2.540000e+00
    endloop
  endfacet
  facet normal -3.786497e-01 -5.667298e-17 9.255400e-01
    outer loop
      vertex 1.840522e+01 -9.467636e+00 2.612835e+00
      vertex 1.822719e+01 3.879632e+00 2.540000e+00
      vertex 1.822719e+01 -9.467636e+00 2.540000e+00
    endloop
  endfacet
  facet normal -1.224647e-16 -6.123234e-17 1.000000e+00
    outer loop
      vertex -1.822719e+01 3.879632e+00 2.540000e+00
      vertex -1.822719e+01 -9.467636e+00 2.540000e+00
      vertex 1.822719e+01 3.879632e+00 2.540000e+00
    endloop
  endfacet
  facet normal -3.765962e-01 1.039552e-01 9.205263e-01
    outer loop
      vertex 1.845690e+01 4.076904e+00 2.611701e+00
      vertex 1.822719e+01 3.879632e+00 2.540000e+00
      vertex 1.840522e+01 3.879632e+00 2.612834e+00
    endloop
  endfacet
  facet normal -3.786477e-01 3.150504e-08 9.255409e-01
    outer loop
      vertex 1.840522e+01 -9.467636e+00 2.612835e+00
      vertex 1.840522e+01 3.879632e+00 2.612834e+00
      vertex 1.822719e+01 3.879632e+00 2.540000e+00
    endloop
  endfacet
  facet normal -6.554900e-08 5.998968e-06 1.000000e+00
    outer loop
      vertex -1.839065e+01 -9.867745e+00 2.540000e+00
      vertex 1.827101e+01 -9.687124e+00 2.540001e+00
      vertex 1.822719e+01 -9.467636e+00 2.540000e+00
    endloop
  endfacet
  facet normal -3.775721e-01 -7.538875e-02 9.229062e-01
    outer loop
      vertex 1.840522e+01 -9.467636e+00 2.612835e+00
      vertex 1.822719e+01 -9.467636e+00 2.540000e+00
      vertex 1.827101e+01 -9.687124e+00 2.540001e+00
    endloop
  endfacet
  facet normal -1.224647e-16 -6.123234e-17 1.000000e+00
    outer loop
      vertex -1.822719e+01 -9.467636e+00 2.540000e+00
      vertex -1.839065e+01 -9.867745e+00 2.540000e+00
      vertex 1.822719e+01 -9.467636e+00 2.540000e+00
    endloop
  endfacet
  facet normal -1.491776e-09 -7.002782e-06 1.000000e+00
    outer loop
      vertex -1.839065e+01 -9.867745e+00 2.540000e+00
      vertex 1.839849e+01 -9.875581e+00 2.540000e+00
      vertex 1.827101e+01 -9.687124e+00 2.540001e+00
    endloop
  endfacet
  facet normal -3.277458e-01 -2.216884e-01 9.183882e-01
    outer loop
      vertex 1.845691e+01 -9.664923e+00 2.611702e+00
      vertex 1.827101e+01 -9.687124e+00 2.540001e+00
      vertex 1.839849e+01 -9.875581e+00 2.540000e+00
    endloop
  endfacet
  facet normal -3.481167e-01 -9.657068e-02 9.324638e-01
    outer loop
      vertex 1.845691e+01 -9.664923e+00 2.611702e+00
      vertex 1.840522e+01 -9.467636e+00 2.612835e+00
      vertex 1.827101e+01 -9.687124e+00 2.540001e+00
    endloop
  endfacet
  facet normal -1.224647e-16 -6.123234e-17 1.000000e+00
    outer loop
      vertex -1.879860e+01 -1.003905e+01 2.540000e+00
      vertex 1.879860e+01 -1.003905e+01 2.540000e+00
      vertex 1.839849e+01 -9.875581e+00 2.540000e+00
    endloop
  endfacet
  facet normal -1.743248e-01 -4.266982e-01 8.874342e-01
    outer loop
      vertex 1.860133e+01 -9.809330e+00 2.611701e+00
      vertex 1.839849e+01 -9.875581e+00 2.540000e+00
      vertex 1.879860e+01 -1.003905e+01 2.540000e+00
    endloop
  endfacet
  facet normal 1.352885e-07 -3.078571e-05 1.000000e+00
    outer loop
      vertex -1.857911e+01 -9.995220e+00 2.540001e+00
      vertex -1.879860e+01 -1.003905e+01 2.540000e+00
      vertex 1.839849e+01 -9.875581e+00 2.540000e+00
    endloop
  endfacet
  facet normal 2.204505e-09 1.034851e-05 1.000000e+00
    outer loop
      vertex -1.839065e+01 -9.867745e+00 2.540000e+00
      vertex -1.857911e+01 -9.995220e+00 2.540001e+00
      vertex 1.839849e+01 -9.875581e+00 2.540000e+00
    endloop
  endfacet
  facet normal -2.493361e-01 -2.493489e-01 9.357653e-01
    outer loop
      vertex 1.845691e+01 -9.664923e+00 2.611702e+00
      vertex 1.839849e+01 -9.875581e+00 2.540000e+00
      vertex 1.860133e+01 -9.809330e+00 2.611701e+00
    endloop
  endfacet
  facet normal -1.224647e-16 -6.123234e-17 1.000000e+00
    outer loop
      vertex -1.023672e+00 -1.057046e+01 2.540000e+00
      vertex 1.995387e+01 -1.003905e+01 2.540000e+00
      vertex 1.879860e+01 -1.003905e+01 2.540000e+00
    endloop
  endfacet
  facet normal -1.133460e-16 -3.786497e-01 9.255400e-01
    outer loop
      vertex 1.995387e+01 -9.861017e+00 2.612835e+00
      vertex 1.879860e+01 -1.003905e+01 2.540000e+00
      vertex 1.995387e+01 -1.003905e+01 2.540000e+00
    endloop
  endfacet
  facet normal -1.224647e-16 -6.123234e-17 1.000000e+00
    outer loop
      vertex -1.023672e+00 -1.057046e+01 2.540000e+00
      vertex 1.879860e+01 -1.003905e+01 2.540000e+00
      vertex -1.879860e+01 -1.003905e+01 2.540000e+00
    endloop
  endfacet
  facet normal -1.039552e-01 -3.765962e-01 9.205263e-01
    outer loop
      vertex 1.860133e+01 -9.809330e+00 2.611701e+00
      vertex 1.879860e+01 -1.003905e+01 2.540000e+00
      vertex 1.879860e+01 -9.861017e+00 2.612834e+00
    endloop
  endfacet
  facet normal -3.639905e-07 -3.786477e-01 9.255409e-01
    outer loop
      vertex 1.995387e+01 -9.861017e+00 2.612835e+00
      vertex 1.879860e+01 -9.861017e+00 2.612834e+00
      vertex 1.879860e+01 -1.003905e+01 2.540000e+00
    endloop
  endfacet
  facet normal -6.260811e-05 2.834312e-04 9.999999e-01
    outer loop
      vertex 3.308046e+00 -1.371600e+01 2.540000e+00
      vertex 2.017335e+01 -9.995220e+00 2.540001e+00
      vertex 1.995387e+01 -1.003905e+01 2.540000e+00
    endloop
  endfacet
  facet normal 7.538875e-02 -3.775721e-01 9.229062e-01
    outer loop
      vertex 1.995387e+01 -9.861017e+00 2.612835e+00
      vertex 1.995387e+01 -1.003905e+01 2.540000e+00
      vertex 2.017335e+01 -9.995220e+00 2.540001e+00
    endloop
  endfacet
  facet normal 1.182378e-13 -5.358863e-13 1.000000e+00
    outer loop
      vertex 3.144593e+00 -1.268901e+01 2.540000e+00
      vertex 3.308046e+00 -1.371600e+01 2.540000e+00
      vertex 1.995387e+01 -1.003905e+01 2.540000e+00
    endloop
  endfacet
  facet normal -5.876824e-14 5.869000e-13 1.000000e+00
    outer loop
      vertex 2.671752e+00 -1.176578e+01 2.540000e+00
      vertex 3.144593e+00 -1.268901e+01 2.540000e+00
      vertex 1.995387e+01 -1.003905e+01 2.540000e+00
    endloop
  endfacet
  facet normal -1.224647e-16 -6.123234e-17 1.000000e+00
    outer loop
      vertex 1.021456e+00 -1.056974e+01 2.540000e+00
      vertex 2.671752e+00 -1.176578e+01 2.540000e+00
      vertex 1.995387e+01 -1.003905e+01 2.540000e+00
    endloop
  endfacet
  facet normal -1.224647e-16 -6.123234e-17 1.000000e+00
    outer loop
      vertex -1.023672e+00 -1.057046e+01 2.540000e+00
      vertex 1.021456e+00 -1.056974e+01 2.540000e+00
      vertex 1.995387e+01 -1.003905e+01 2.540000e+00
    endloop
  endfacet
  facet normal -4.125262e-06 1.645077e-05 1.000000e+00
    outer loop
      vertex 3.795920e+01 -5.454957e+00 2.540000e+00
      vertex 2.036182e+01 -9.867745e+00 2.540000e+00
      vertex 2.017335e+01 -9.995220e+00 2.540001e+00
    endloop
  endfacet
  facet normal 2.216884e-01 -3.277458e-01 9.183882e-01
    outer loop
      vertex 2.015115e+01 -9.809324e+00 2.611702e+00
      vertex 2.017335e+01 -9.995220e+00 2.540001e+00
      vertex 2.036182e+01 -9.867745e+00 2.540000e+00
    endloop
  endfacet
  facet normal 1.723253e-06 -6.459963e-06 1.000000e+00
    outer loop
      vertex 3.144922e+00 -1.474196e+01 2.540000e+00
      vertex 3.795920e+01 -5.454957e+00 2.540000e+00
      vertex 2.017335e+01 -9.995220e+00 2.540001e+00
    endloop
  endfacet
  facet normal -8.111161e-08 1.300858e-08 1.000000e+00
    outer loop
      vertex 3.144922e+00 -1.474196e+01 2.540000e+00
      vertex 2.017335e+01 -9.995220e+00 2.540001e+00
      vertex 3.308046e+00 -1.371600e+01 2.540000e+00
    endloop
  endfacet
  facet normal 9.657068e-02 -3.481167e-01 9.324638e-01
    outer loop
      vertex 2.015115e+01 -9.809324e+00 2.611702e+00
      vertex 1.995387e+01 -9.861017e+00 2.612835e+00
      vertex 2.017335e+01 -9.995220e+00 2.540001e+00
    endloop
  endfacet
  facet normal -1.224647e-16 -6.123234e-17 1.000000e+00
    outer loop
      vertex 3.795920e+01 -5.454957e+00 2.540000e+00
      vertex 2.052528e+01 -9.467636e+00 2.540000e+00
      vertex 2.036182e+01 -9.867745e+00 2.540000e+00
    endloop
  endfacet
  facet normal 4.266982e-01 -1.743248e-01 8.874342e-01
    outer loop
      vertex 2.029556e+01 -9.664905e+00 2.611701e+00
      vertex 2.036182e+01 -9.867745e+00 2.540000e+00
      vertex 2.052528e+01 -9.467636e+00 2.540000e+00
    endloop
  endfacet
  facet normal 2.493489e-01 -2.493361e-01 9.357653e-01
    outer loop
      vertex 2.015115e+01 -9.809324e+00 2.611702e+00
      vertex 2.036182e+01 -9.867745e+00 2.540000e+00
      vertex 2.029556e+01 -9.664905e+00 2.611701e+00
    endloop
  endfacet
  facet normal -1.224647e-16 -6.123234e-17 1.000000e+00
    outer loop
      vertex 3.820368e+01 2.017867e+00 2.540000e+00
      vertex 2.052528e+01 2.089462e+00 2.540000e+00
      vertex 2.052528e+01 -9.467636e+00 2.540000e+00
    endloop
  endfacet
  facet normal 3.786362e-01 -5.667332e-17 9.255456e-01
    outer loop
      vertex 2.034725e+01 2.089462e+00 2.612830e+00
      vertex 2.052528e+01 -9.467636e+00 2.540000e+00
      vertex 2.052528e+01 2.089462e+00 2.540000e+00
    endloop
  endfacet
  facet normal -1.224647e-16 -6.123234e-17 1.000000e+00
    outer loop
      vertex 3.815052e+01 1.898954e+00 2.540000e+00
      vertex 3.820368e+01 2.017867e+00 2.540000e+00
      vertex 2.052528e+01 -9.467636e+00 2.540000e+00
    endloop
  endfacet
  facet normal -1.224647e-16 -6.123234e-17 1.000000e+00
    outer loop
      vertex 3.942063e+01 1.898954e+00 2.540000e+00
      vertex 3.815052e+01 1.898954e+00 2.540000e+00
      vertex 2.052528e+01 -9.467636e+00 2.540000e+00
    endloop
  endfacet
  facet normal -1.224647e-16 -6.123234e-17 1.000000e+00
    outer loop
      vertex 3.946555e+01 1.880345e+00 2.540000e+00
      vertex 3.942063e+01 1.898954e+00 2.540000e+00
      vertex 2.052528e+01 -9.467636e+00 2.540000e+00
    endloop
  endfacet
  facet normal 1.224647e-16 6.123234e-17 -1.000000e+00
    outer loop
      vertex -2.471374e+01 -3.267546e+01 5.080003e-01
      vertex -2.475881e+01 -3.267896e+01 5.080003e-01
      vertex -2.751749e+01 -3.266730e+01 5.080003e-01
    endloop
  endfacet
  facet normal -1.224647e-16 -6.123234e-17 1.000000e+00
    outer loop
      vertex 3.948413e+01 1.835483e+00 2.540000e+00
      vertex 3.946555e+01 1.880345e+00 2.540000e+00
      vertex 2.052528e+01 -9.467636e+00 2.540000e+00
    endloop
  endfacet
  facet normal -1.224647e-16 -6.123234e-17 1.000000e+00
    outer loop
      vertex 3.795920e+01 -5.454957e+00 2.540000e+00
      vertex 3.948413e+01 1.835483e+00 2.540000e+00
      vertex 2.052528e+01 -9.467636e+00 2.540000e+00
    endloop
  endfacet
  facet normal 3.765962e-01 -1.039552e-01 9.205263e-01
    outer loop
      vertex 2.029556e+01 -9.664905e+00 2.611701e+00
      vertex 2.052528e+01 -9.467636e+00 2.540000e+00
      vertex 2.034725e+01 -9.467636e+00 2.612834e+00
    endloop
  endfacet
  facet normal 3.786477e-01 2.071804e-07 9.255409e-01
    outer loop
      vertex 2.034725e+01 2.089462e+00 2.612830e+00
      vertex 2.034725e+01 -9.467636e+00 2.612834e+00
      vertex 2.052528e+01 -9.467636e+00 2.540000e+00
    endloop
  endfacet
  facet normal -1.224647e-16 -6.123234e-17 1.000000e+00
    outer loop
      vertex 3.820421e+01 2.152954e+00 2.540000e+00
      vertex 2.054379e+01 2.134269e+00 2.540000e+00
      vertex 2.052528e+01 2.089462e+00 2.540000e+00
    endloop
  endfacet
  facet normal 3.740859e-01 -1.545659e-01 9.144228e-01
    outer loop
      vertex 2.034725e+01 2.089462e+00 2.612830e+00
      vertex 2.052528e+01 2.089462e+00 2.540000e+00
      vertex 2.054379e+01 2.134269e+00 2.540000e+00
    endloop
  endfacet
  facet normal -1.224647e-16 -6.123234e-17 1.000000e+00
    outer loop
      vertex 3.820368e+01 2.017867e+00 2.540000e+00
      vertex 3.820421e+01 2.152954e+00 2.540000e+00
      vertex 2.052528e+01 2.089462e+00 2.540000e+00
    endloop
  endfacet
  facet normal -1.224647e-16 -6.123234e-17 1.000000e+00
    outer loop
      vertex 3.820421e+01 2.152954e+00 2.540000e+00
      vertex 2.056474e+01 2.148225e+00 2.540000e+00
      vertex 2.054379e+01 2.134269e+00 2.540000e+00
    endloop
  endfacet
  facet normal 2.134873e-01 -3.204490e-01 9.228953e-01
    outer loop
      vertex 2.041800e+01 2.260224e+00 2.612834e+00
      vertex 2.054379e+01 2.134269e+00 2.540000e+00
      vertex 2.056474e+01 2.148225e+00 2.540000e+00
    endloop
  endfacet
  facet normal 3.741521e-01 -1.550273e-01 9.143176e-01
    outer loop
      vertex 2.041800e+01 2.260224e+00 2.612834e+00
      vertex 2.034725e+01 2.089462e+00 2.612830e+00
      vertex 2.054379e+01 2.134269e+00 2.540000e+00
    endloop
  endfacet
  facet normal -1.224647e-16 -6.123234e-17 1.000000e+00
    outer loop
      vertex 3.820421e+01 2.152954e+00 2.540000e+00
      vertex 2.058877e+01 2.152954e+00 2.540000e+00
      vertex 2.056474e+01 2.148225e+00 2.540000e+00
    endloop
  endfacet
  facet normal 8.999938e-02 -4.574017e-01 8.846942e-01
    outer loop
      vertex 2.041800e+01 2.260224e+00 2.612834e+00
      vertex 2.056474e+01 2.148225e+00 2.540000e+00
      vertex 2.058877e+01 2.152954e+00 2.540000e+00
    endloop
  endfacet
  facet normal -1.201076e-16 -1.952530e-01 9.807529e-01
    outer loop
      vertex 3.816547e+01 2.250232e+00 2.559366e+00
      vertex 2.058877e+01 2.152954e+00 2.540000e+00
      vertex 3.820421e+01 2.152954e+00 2.540000e+00
    endloop
  endfacet
  facet normal 1.075801e-03 -3.786401e-01 9.255434e-01
    outer loop
      vertex 2.058877e+01 2.330981e+00 2.612831e+00
      vertex 2.058877e+01 2.152954e+00 2.540000e+00
      vertex 3.816547e+01 2.250232e+00 2.559366e+00
    endloop
  endfacet
  facet normal 1.550001e-01 -3.740641e-01 9.143582e-01
    outer loop
      vertex 2.041800e+01 2.260224e+00 2.612834e+00
      vertex 2.058877e+01 2.152954e+00 2.540000e+00
      vertex 2.058877e+01 2.330981e+00 2.612831e+00
    endloop
  endfacet
  facet normal -9.911959e-01 3.856275e-03 1.323472e-01
    outer loop
      vertex 3.821283e+01 2.070810e+00 2.606968e+00
      vertex 3.820421e+01 2.152954e+00 2.540000e+00
      vertex 3.820368e+01 2.017867e+00 2.540000e+00
    endloop
  endfacet
  facet normal -9.156866e-01 -4.005414e-01 3.293195e-02
    outer loop
      vertex 3.826320e+01 2.414881e+00 7.366000e+00
      vertex 3.820421e+01 2.152954e+00 2.540000e+00
      vertex 3.821320e+01 2.152915e+00 2.789567e+00
    endloop
  endfacet
  facet normal -9.866702e-01 -1.588075e-01 3.552710e-02
    outer loop
      vertex 3.821322e+01 2.130314e+00 2.689174e+00
      vertex 3.821320e+01 2.152915e+00 2.789567e+00
      vertex 3.820421e+01 2.152954e+00 2.540000e+00
    endloop
  endfacet
  facet normal -9.263833e-01 -3.752464e-01 3.168982e-02
    outer loop
      vertex 3.816547e+01 2.250232e+00 2.559366e+00
      vertex 3.820421e+01 2.152954e+00 2.540000e+00
      vertex 3.826320e+01 2.414881e+00 7.366000e+00
    endloop
  endfacet
  facet normal -9.967067e-01 -6.335060e-02 5.062100e-02
    outer loop
      vertex 3.821283e+01 2.070810e+00 2.606968e+00
      vertex 3.821322e+01 2.130314e+00 2.689174e+00
      vertex 3.820421e+01 2.152954e+00 2.540000e+00
    endloop
  endfacet
  facet normal -8.955263e-01 4.003905e-01 -1.942166e-01
    outer loop
      vertex 3.821283e+01 2.070810e+00 2.606968e+00
      vertex 3.820368e+01 2.017867e+00 2.540000e+00
      vertex 3.815052e+01 1.898954e+00 2.540000e+00
    endloop
  endfacet
  facet normal -1.133461e-16 -3.786466e-01 9.255413e-01
    outer loop
      vertex 3.942063e+01 2.076984e+00 2.612833e+00
      vertex 3.815052e+01 1.898954e+00 2.540000e+00
      vertex 3.942063e+01 1.898954e+00 2.540000e+00
    endloop
  endfacet
  facet normal -2.675424e-03 -3.622356e-01 9.320827e-01
    outer loop
      vertex 3.942063e+01 2.076984e+00 2.612833e+00
      vertex 3.821283e+01 2.070810e+00 2.606968e+00
      vertex 3.815052e+01 1.898954e+00 2.540000e+00
    endloop
  endfacet
  facet normal -1.531597e-01 -3.696965e-01 9.164423e-01
    outer loop
      vertex 3.959015e+01 2.004989e+00 2.611106e+00
      vertex 3.942063e+01 1.898954e+00 2.540000e+00
      vertex 3.946555e+01 1.880345e+00 2.540000e+00
    endloop
  endfacet
  facet normal -1.496729e-01 -3.743814e-01 9.151156e-01
    outer loop
      vertex 3.959015e+01 2.004989e+00 2.611106e+00
      vertex 3.942063e+01 2.076984e+00 2.612833e+00
      vertex 3.942063e+01 1.898954e+00 2.540000e+00
    endloop
  endfacet
  facet normal 1.224647e-16 6.123234e-17 -1.000000e+00
    outer loop
      vertex -2.475881e+01 -3.267896e+01 5.080003e-01
      vertex -2.563195e+01 -3.267896e+01 5.080003e-01
      vertex -2.751749e+01 -3.266730e+01 5.080003e-01
    endloop
  endfacet
  facet normal -3.697519e-01 -1.531561e-01 9.164206e-01
    outer loop
      vertex 3.959015e+01 2.004989e+00 2.611106e+00
      vertex 3.946555e+01 1.880345e+00 2.540000e+00
      vertex 3.948413e+01 1.835483e+00 2.540000e+00
    endloop
  endfacet
  facet normal -1.224647e-16 -6.123234e-17 1.000000e+00
    outer loop
      vertex 3.795920e+01 -5.454957e+00 2.540000e+00
      vertex 3.948413e+01 -5.391486e+00 2.540000e+00
      vertex 3.948413e+01 1.835483e+00 2.540000e+00
    endloop
  endfacet
  facet normal -3.745997e-01 -5.677381e-17 9.271867e-01
    outer loop
      vertex 3.966057e+01 -5.391486e+00 2.611285e+00
      vertex 3.948413e+01 1.835483e+00 2.540000e+00
      vertex 3.948413e+01 -5.391486e+00 2.540000e+00
    endloop
  endfacet
  facet normal -3.702066e-01 -1.528184e-01 9.162934e-01
    outer loop
      vertex 3.966057e+01 1.835483e+00 2.611288e+00
      vertex 3.959015e+01 2.004989e+00 2.611106e+00
      vertex 3.948413e+01 1.835483e+00 2.540000e+00
    endloop
  endfacet
  facet normal -3.746066e-01 -1.967349e-07 9.271839e-01
    outer loop
      vertex 3.966057e+01 -5.391486e+00 2.611285e+00
      vertex 3.966057e+01 1.835483e+00 2.611288e+00
      vertex 3.948413e+01 1.835483e+00 2.540000e+00
    endloop
  endfacet
  facet normal -1.224647e-16 -6.123234e-17 1.000000e+00
    outer loop
      vertex 3.795920e+01 -5.454957e+00 2.540000e+00
      vertex 3.946596e+01 -5.435930e+00 2.540000e+00
      vertex 3.948413e+01 -5.391486e+00 2.540000e+00
    endloop
  endfacet
  facet normal -3.714974e-01 1.518585e-01 9.159305e-01
    outer loop
      vertex 3.959015e+01 -5.560989e+00 2.611106e+00
      vertex 3.948413e+01 -5.391486e+00 2.540000e+00
      vertex 3.946596e+01 -5.435930e+00 2.540000e+00
    endloop
  endfacet
  facet normal -3.701991e-01 1.528237e-01 9.162956e-01
    outer loop
      vertex 3.959015e+01 -5.560989e+00 2.611106e+00
      vertex 3.966057e+01 -5.391486e+00 2.611285e+00
      vertex 3.948413e+01 -5.391486e+00 2.540000e+00
    endloop
  endfacet
  facet normal 1.224647e-16 6.123234e-17 -1.000000e+00
    outer loop
      vertex -2.563195e+01 -3.267896e+01 5.080003e-01
      vertex -2.661201e+01 -3.267896e+01 5.080003e-01
      vertex -2.751749e+01 -3.266730e+01 5.080003e-01
    endloop
  endfacet
  facet normal 1.224647e-16 6.123234e-17 -1.000000e+00
    outer loop
      vertex -2.467160e+01 -3.266500e+01 5.080003e-01
      vertex -2.751749e+01 -3.266730e+01 5.080003e-01
      vertex -2.766218e+01 -3.261641e+01 5.080003e-01
    endloop
  endfacet
  facet normal -1.224647e-16 -6.123234e-17 1.000000e+00
    outer loop
      vertex 3.795920e+01 -5.454957e+00 2.540000e+00
      vertex 3.942063e+01 -5.454957e+00 2.540000e+00
      vertex 3.946596e+01 -5.435930e+00 2.540000e+00
    endloop
  endfacet
  facet normal -1.544301e-01 3.679847e-01 9.169180e-01
    outer loop
      vertex 3.959015e+01 -5.560989e+00 2.611106e+00
      vertex 3.946596e+01 -5.435930e+00 2.540000e+00
      vertex 3.942063e+01 -5.454957e+00 2.540000e+00
    endloop
  endfacet
  facet normal -1.153714e-16 3.353912e-01 9.420789e-01
    outer loop
      vertex 3.811978e+01 -5.615637e+00 2.597205e+00
      vertex 3.942063e+01 -5.454957e+00 2.540000e+00
      vertex 3.795920e+01 -5.454957e+00 2.540000e+00
    endloop
  endfacet
  facet normal -1.496715e-01 3.743834e-01 9.151150e-01
    outer loop
      vertex 3.942063e+01 -5.632986e+00 2.612834e+00
      vertex 3.959015e+01 -5.560989e+00 2.611106e+00
      vertex 3.942063e+01 -5.454957e+00 2.540000e+00
    endloop
  endfacet
  facet normal -6.070357e-03 3.786416e-01 9.255234e-01
    outer loop
      vertex 3.811978e+01 -5.615637e+00 2.597205e+00
      vertex 3.942063e+01 -5.632986e+00 2.612834e+00
      vertex 3.942063e+01 -5.454957e+00 2.540000e+00
    endloop
  endfacet
  facet normal -1.224647e-16 -6.123234e-17 1.000000e+00
    outer loop
      vertex -3.795920e+01 -3.620105e+01 2.540000e+00
      vertex 3.795920e+01 -3.620105e+01 2.540000e+00
      vertex 3.795920e+01 -5.454957e+00 2.540000e+00
    endloop
  endfacet
  facet normal -3.353707e-01 -5.768615e-17 9.420862e-01
    outer loop
      vertex 3.811985e+01 -3.604048e+01 2.597191e+00
      vertex 3.795920e+01 -5.454957e+00 2.540000e+00
      vertex 3.795920e+01 -3.620105e+01 2.540000e+00
    endloop
  endfacet
  facet normal -1.224647e-16 -6.123234e-17 1.000000e+00
    outer loop
      vertex 1.023672e+00 -1.686154e+01 2.540000e+00
      vertex -3.795920e+01 -3.620105e+01 2.540000e+00
      vertex 3.795920e+01 -5.454957e+00 2.540000e+00
    endloop
  endfacet
  facet normal -1.224647e-16 -6.123234e-17 1.000000e+00
    outer loop
      vertex 2.672812e+00 -1.566476e+01 2.540000e+00
      vertex 1.023672e+00 -1.686154e+01 2.540000e+00
      vertex 3.795920e+01 -5.454957e+00 2.540000e+00
    endloop
  endfacet
  facet normal 4.230330e-11 -1.462061e-10 1.000000e+00
    outer loop
      vertex 3.144922e+00 -1.474196e+01 2.540000e+00
      vertex 2.672812e+00 -1.566476e+01 2.540000e+00
      vertex 3.795920e+01 -5.454957e+00 2.540000e+00
    endloop
  endfacet
  facet normal -3.355711e-01 -1.185875e-06 9.420149e-01
    outer loop
      vertex 3.811985e+01 -3.604048e+01 2.597191e+00
      vertex 3.811978e+01 -5.615637e+00 2.597205e+00
      vertex 3.795920e+01 -5.454957e+00 2.540000e+00
    endloop
  endfacet
  facet normal -1.224647e-16 -6.123234e-17 1.000000e+00
    outer loop
      vertex 3.795920e+01 -3.620105e+01 2.540000e+00
      vertex -3.946596e+01 -3.622007e+01 2.540000e+00
      vertex 3.946555e+01 -3.621966e+01 2.540000e+00
    endloop
  endfacet
  facet normal -1.133461e-16 -3.786466e-01 9.255413e-01
    outer loop
      vertex 3.942063e+01 -3.602302e+01 2.612833e+00
      vertex 3.795920e+01 -3.620105e+01 2.540000e+00
      vertex 3.942063e+01 -3.620105e+01 2.540000e+00
    endloop
  endfacet
  facet normal -1.224647e-16 -6.123234e-17 1.000000e+00
    outer loop
      vertex -3.795920e+01 -3.620105e+01 2.540000e+00
      vertex -3.946596e+01 -3.622007e+01 2.540000e+00
      vertex 3.795920e+01 -3.620105e+01 2.540000e+00
    endloop
  endfacet
  facet normal -6.932969e-03 -3.293596e-01 9.441791e-01
    outer loop
      vertex 3.942063e+01 -3.602302e+01 2.612833e+00
      vertex 3.811985e+01 -3.604048e+01 2.597191e+00
      vertex 3.795920e+01 -3.620105e+01 2.540000e+00
    endloop
  endfacet
  facet normal -1.224647e-16 -6.123234e-17 1.000000e+00
    outer loop
      vertex 3.946555e+01 -3.621966e+01 2.540000e+00
      vertex 3.942063e+01 -3.620105e+01 2.540000e+00
      vertex 3.795920e+01 -3.620105e+01 2.540000e+00
    endloop
  endfacet
  facet normal -1.531597e-01 -3.696965e-01 9.164423e-01
    outer loop
      vertex 3.959015e+01 -3.609501e+01 2.611106e+00
      vertex 3.942063e+01 -3.620105e+01 2.540000e+00
      vertex 3.946555e+01 -3.621966e+01 2.540000e+00
    endloop
  endfacet
  facet normal -1.496729e-01 -3.743814e-01 9.151156e-01
    outer loop
      vertex 3.959015e+01 -3.609501e+01 2.611106e+00
      vertex 3.942063e+01 -3.602302e+01 2.612833e+00
      vertex 3.942063e+01 -3.620105e+01 2.540000e+00
    endloop
  endfacet
  facet normal 1.224647e-16 6.123234e-17 -1.000000e+00
    outer loop
      vertex -2.580155e+01 -2.637156e+01 5.080003e-01
      vertex -2.354141e+01 -2.637261e+01 5.080003e-01
      vertex -2.581790e+01 -2.647356e+01 5.080003e-01
    endloop
  endfacet
  facet normal 1.224647e-16 6.123234e-17 -1.000000e+00
    outer loop
      vertex -2.661201e+01 -3.267896e+01 5.080003e-01
      vertex -2.733542e+01 -3.267896e+01 5.080003e-01
      vertex -2.751749e+01 -3.266730e+01 5.080003e-01
    endloop
  endfacet
  facet normal -3.697519e-01 -1.531561e-01 9.164206e-01
    outer loop
      vertex 3.959015e+01 -3.609501e+01 2.611106e+00
      vertex 3.946555e+01 -3.621966e+01 2.540000e+00
      vertex 3.948413e+01 -3.626452e+01 2.540000e+00
    endloop
  endfacet
  facet normal 1.224647e-16 6.123234e-17 -1.000000e+00
    outer loop
      vertex -2.581790e+01 -2.647356e+01 5.080003e-01
      vertex -2.354141e+01 -2.637261e+01 5.080003e-01
      vertex -2.352527e+01 -2.647502e+01 5.080003e-01
    endloop
  endfacet
  facet normal -1.224647e-16 -6.123234e-17 1.000000e+00
    outer loop
      vertex -3.948413e+01 -3.626452e+01 2.540000e+00
      vertex 3.948413e+01 -3.626452e+01 2.540000e+00
      vertex 3.946555e+01 -3.621966e+01 2.540000e+00
    endloop
  endfacet
  facet normal -1.224647e-16 -6.123234e-17 1.000000e+00
    outer loop
      vertex -3.946596e+01 -3.622007e+01 2.540000e+00
      vertex -3.948413e+01 -3.626452e+01 2.540000e+00
      vertex 3.946555e+01 -3.621966e+01 2.540000e+00
    endloop
  endfacet
  facet normal -1.224647e-16 -6.123234e-17 1.000000e+00
    outer loop
      vertex -3.948413e+01 -4.349149e+01 2.540000e+00
      vertex 3.948413e+01 -4.349149e+01 2.540000e+00
      vertex 3.948413e+01 -3.626452e+01 2.540000e+00
    endloop
  endfacet
  facet normal -3.745997e-01 -5.677381e-17 9.271867e-01
    outer loop
      vertex 3.966057e+01 -4.349149e+01 2.611285e+00
      vertex 3.948413e+01 -3.626452e+01 2.540000e+00
      vertex 3.948413e+01 -4.349149e+01 2.540000e+00
    endloop
  endfacet
  facet normal -1.224647e-16 -6.123234e-17 1.000000e+00
    outer loop
      vertex -3.948413e+01 -3.626452e+01 2.540000e+00
      vertex -3.948413e+01 -4.349149e+01 2.540000e+00
      vertex 3.948413e+01 -3.626452e+01 2.540000e+00
    endloop
  endfacet
  facet normal -3.702066e-01 -1.528184e-01 9.162934e-01
    outer loop
      vertex 3.966057e+01 -3.626452e+01 2.611288e+00
      vertex 3.959015e+01 -3.609501e+01 2.611106e+00
      vertex 3.948413e+01 -3.626452e+01 2.540000e+00
    endloop
  endfacet
  facet normal -3.746066e-01 -1.967349e-07 9.271839e-01
    outer loop
      vertex 3.966057e+01 -4.349149e+01 2.611285e+00
      vertex 3.966057e+01 -3.626452e+01 2.611288e+00
      vertex 3.948413e+01 -3.626452e+01 2.540000e+00
    endloop
  endfacet
  facet normal -1.224647e-16 -6.123234e-17 1.000000e+00
    outer loop
      vertex -3.946555e+01 -4.353635e+01 2.540000e+00
      vertex 3.946596e+01 -4.353593e+01 2.540000e+00
      vertex 3.948413e+01 -4.349149e+01 2.540000e+00
    endloop
  endfacet
  facet normal -3.714974e-01 1.518585e-01 9.159305e-01
    outer loop
      vertex 3.959015e+01 -4.366099e+01 2.611106e+00
      vertex 3.948413e+01 -4.349149e+01 2.540000e+00
      vertex 3.946596e+01 -4.353593e+01 2.540000e+00
    endloop
  endfacet
  facet normal -1.224647e-16 -6.123234e-17 1.000000e+00
    outer loop
      vertex -3.948413e+01 -4.349149e+01 2.540000e+00
      vertex -3.946555e+01 -4.353635e+01 2.540000e+00
      vertex 3.948413e+01 -4.349149e+01 2.540000e+00
    endloop
  endfacet
  facet normal -3.701991e-01 1.528237e-01 9.162956e-01
    outer loop
      vertex 3.959015e+01 -4.366099e+01 2.611106e+00
      vertex 3.966057e+01 -4.349149e+01 2.611285e+00
      vertex 3.948413e+01 -4.349149e+01 2.540000e+00
    endloop
  endfacet
  facet normal 1.224647e-16 6.123234e-17 -1.000000e+00
    outer loop
      vertex -2.575709e+01 -2.629416e+01 5.080003e-01
      vertex -2.567911e+01 -2.626499e+01 5.080003e-01
      vertex -2.358571e+01 -2.629459e+01 5.080003e-01
    endloop
  endfacet
  facet normal 1.224647e-16 6.123234e-17 -1.000000e+00
    outer loop
      vertex -2.580155e+01 -2.637156e+01 5.080003e-01
      vertex -2.358571e+01 -2.629459e+01 5.080003e-01
      vertex -2.354141e+01 -2.637261e+01 5.080003e-01
    endloop
  endfacet
  facet normal 1.224647e-16 6.123234e-17 -1.000000e+00
    outer loop
      vertex -2.567911e+01 -2.626499e+01 5.080003e-01
      vertex -2.366409e+01 -2.626499e+01 5.080003e-01
      vertex -2.358571e+01 -2.629459e+01 5.080003e-01
    endloop
  endfacet
  facet normal -1.224647e-16 -6.123234e-17 1.000000e+00
    outer loop
      vertex 3.795920e+01 -4.355496e+01 2.540000e+00
      vertex 3.942063e+01 -4.355496e+01 2.540000e+00
      vertex 3.946596e+01 -4.353593e+01 2.540000e+00
    endloop
  endfacet
  facet normal -1.544301e-01 3.679847e-01 9.169180e-01
    outer loop
      vertex 3.959015e+01 -4.366099e+01 2.611106e+00
      vertex 3.946596e+01 -4.353593e+01 2.540000e+00
      vertex 3.942063e+01 -4.355496e+01 2.540000e+00
    endloop
  endfacet
  facet normal -1.224647e-16 -6.123234e-17 1.000000e+00
    outer loop
      vertex -3.795920e+01 -4.355496e+01 2.540000e+00
      vertex 3.795920e+01 -4.355496e+01 2.540000e+00
      vertex 3.946596e+01 -4.353593e+01 2.540000e+00
    endloop
  endfacet
  facet normal -1.224647e-16 -6.123234e-17 1.000000e+00
    outer loop
      vertex -3.795920e+01 -4.355496e+01 2.540000e+00
      vertex 3.946596e+01 -4.353593e+01 2.540000e+00
      vertex -3.946555e+01 -4.353635e+01 2.540000e+00
    endloop
  endfacet
  facet normal -1.224647e-16 -6.123234e-17 1.000000e+00
    outer loop
      vertex -3.946555e+01 -4.353635e+01 2.540000e+00
      vertex -3.942063e+01 -4.355496e+01 2.540000e+00
      vertex -3.795920e+01 -4.355496e+01 2.540000e+00
    endloop
  endfacet
  facet normal -1.153714e-16 3.353912e-01 9.420789e-01
    outer loop
      vertex 3.811978e+01 -4.371564e+01 2.597205e+00
      vertex 3.942063e+01 -4.355496e+01 2.540000e+00
      vertex 3.795920e+01 -4.355496e+01 2.540000e+00
    endloop
  endfacet
  facet normal -1.496715e-01 3.743834e-01 9.151150e-01
    outer loop
      vertex 3.942063e+01 -4.373299e+01 2.612834e+00
      vertex 3.959015e+01 -4.366099e+01 2.611106e+00
      vertex 3.942063e+01 -4.355496e+01 2.540000e+00
    endloop
  endfacet
  facet normal -6.070357e-03 3.786416e-01 9.255234e-01
    outer loop
      vertex 3.811978e+01 -4.371564e+01 2.597205e+00
      vertex 3.942063e+01 -4.373299e+01 2.612834e+00
      vertex 3.942063e+01 -4.355496e+01 2.540000e+00
    endloop
  endfacet
  facet normal -1.224647e-16 -6.123234e-17 1.000000e+00
    outer loop
      vertex 2.070705e+01 -4.513470e+01 2.540000e+00
      vertex 3.795920e+01 -4.513474e+01 2.540000e+00
      vertex 3.795920e+01 -4.355496e+01 2.540000e+00
    endloop
  endfacet
  facet normal -3.745944e-01 -5.677394e-17 9.271888e-01
    outer loop
      vertex 3.813564e+01 -4.513474e+01 2.611283e+00
      vertex 3.795920e+01 -4.355496e+01 2.540000e+00
      vertex 3.795920e+01 -4.513474e+01 2.540000e+00
    endloop
  endfacet
  facet normal -1.224647e-16 -6.123234e-17 1.000000e+00
    outer loop
      vertex 2.070705e+01 -4.375419e+01 2.540000e+00
      vertex 2.070705e+01 -4.513470e+01 2.540000e+00
      vertex 3.795920e+01 -4.355496e+01 2.540000e+00
    endloop
  endfacet
  facet normal -1.224647e-16 -6.123234e-17 1.000000e+00
    outer loop
      vertex 1.840895e+01 -4.375419e+01 2.540000e+00
      vertex 2.070705e+01 -4.375419e+01 2.540000e+00
      vertex 3.795920e+01 -4.355496e+01 2.540000e+00
    endloop
  endfacet
  facet normal -1.224647e-16 -6.123234e-17 1.000000e+00
    outer loop
      vertex -1.840895e+01 -4.375419e+01 2.540000e+00
      vertex 1.840895e+01 -4.375419e+01 2.540000e+00
      vertex 3.795920e+01 -4.355496e+01 2.540000e+00
    endloop
  endfacet
  facet normal -1.224647e-16 -6.123234e-17 1.000000e+00
    outer loop
      vertex -2.070705e+01 -4.375419e+01 2.540000e+00
      vertex -1.840895e+01 -4.375419e+01 2.540000e+00
      vertex 3.795920e+01 -4.355496e+01 2.540000e+00
    endloop
  endfacet
  facet normal -1.224647e-16 -6.123234e-17 1.000000e+00
    outer loop
      vertex -3.795920e+01 -4.355496e+01 2.540000e+00
      vertex -2.070705e+01 -4.375419e+01 2.540000e+00
      vertex 3.795920e+01 -4.355496e+01 2.540000e+00
    endloop
  endfacet
  facet normal -3.305249e-01 5.670562e-03 9.437803e-01
    outer loop
      vertex 3.813564e+01 -4.513474e+01 2.611283e+00
      vertex 3.811978e+01 -4.371564e+01 2.597205e+00
      vertex 3.795920e+01 -4.355496e+01 2.540000e+00
    endloop
  endfacet
  facet normal -1.224647e-16 -6.123234e-17 1.000000e+00
    outer loop
      vertex 2.072555e+01 -4.517952e+01 2.540000e+00
      vertex 3.794070e+01 -4.517953e+01 2.540000e+00
      vertex 3.795920e+01 -4.513474e+01 2.540000e+00
    endloop
  endfacet
  facet normal -3.701890e-01 1.529146e-01 9.162845e-01
    outer loop
      vertex 3.813564e+01 -4.513474e+01 2.611283e+00
      vertex 3.795920e+01 -4.513474e+01 2.540000e+00
      vertex 3.794070e+01 -4.517953e+01 2.540000e+00
    endloop
  endfacet
  facet normal -1.224647e-16 -6.123234e-17 1.000000e+00
    outer loop
      vertex 2.070705e+01 -4.513470e+01 2.540000e+00
      vertex 2.072555e+01 -4.517952e+01 2.540000e+00
      vertex 3.795920e+01 -4.513474e+01 2.540000e+00
    endloop
  endfacet
  facet normal -1.224647e-16 -6.123234e-17 1.000000e+00
    outer loop
      vertex 2.074649e+01 -4.519347e+01 2.540000e+00
      vertex 3.791976e+01 -4.519348e+01 2.540000e+00
      vertex 3.794070e+01 -4.517953e+01 2.540000e+00
    endloop
  endfacet
  facet normal -2.112049e-01 3.170637e-01 9.245881e-01
    outer loop
      vertex 3.806537e+01 -4.530437e+01 2.611288e+00
      vertex 3.794070e+01 -4.517953e+01 2.540000e+00
      vertex 3.791976e+01 -4.519348e+01 2.540000e+00
    endloop
  endfacet
  facet normal -1.224647e-16 -6.123234e-17 1.000000e+00
    outer loop
      vertex 2.072555e+01 -4.517952e+01 2.540000e+00
      vertex 2.074649e+01 -4.519347e+01 2.540000e+00
      vertex 3.794070e+01 -4.517953e+01 2.540000e+00
    endloop
  endfacet
  facet normal -3.702610e-01 1.534050e-01 9.161733e-01
    outer loop
      vertex 3.806537e+01 -4.530437e+01 2.611288e+00
      vertex 3.813564e+01 -4.513474e+01 2.611283e+00
      vertex 3.794070e+01 -4.517953e+01 2.540000e+00
    endloop
  endfacet
  facet normal -1.224647e-16 -6.123234e-17 1.000000e+00
    outer loop
      vertex 2.077052e+01 -4.519820e+01 2.540000e+00
      vertex 3.789574e+01 -4.519820e+01 2.540000e+00
      vertex 3.791976e+01 -4.519348e+01 2.540000e+00
    endloop
  endfacet
  facet normal -8.913050e-02 4.531726e-01 8.869557e-01
    outer loop
      vertex 3.806537e+01 -4.530437e+01 2.611288e+00
      vertex 3.791976e+01 -4.519348e+01 2.540000e+00
      vertex 3.789574e+01 -4.519820e+01 2.540000e+00
    endloop
  endfacet
  facet normal -1.224647e-16 -6.123234e-17 1.000000e+00
    outer loop
      vertex 2.074649e+01 -4.519347e+01 2.540000e+00
      vertex 2.077052e+01 -4.519820e+01 2.540000e+00
      vertex 3.791976e+01 -4.519348e+01 2.540000e+00
    endloop
  endfacet
  facet normal -1.133465e-16 3.786400e-01 9.255441e-01
    outer loop
      vertex 2.077052e+01 -4.537623e+01 2.612831e+00
      vertex 3.789574e+01 -4.519820e+01 2.540000e+00
      vertex 2.077052e+01 -4.519820e+01 2.540000e+00
    endloop
  endfacet
  facet normal -1.533750e-01 3.701662e-01 9.162168e-01
    outer loop
      vertex 3.806537e+01 -4.530437e+01 2.611288e+00
      vertex 3.789574e+01 -4.519820e+01 2.540000e+00
      vertex 3.789574e+01 -4.537464e+01 2.611285e+00
    endloop
  endfacet
  facet normal 4.900000e-05 3.745986e-01 9.271871e-01
    outer loop
      vertex 2.077052e+01 -4.537623e+01 2.612831e+00
      vertex 3.789574e+01 -4.537464e+01 2.611285e+00
      vertex 3.789574e+01 -4.519820e+01 2.540000e+00
    endloop
  endfacet
  facet normal 7.431982e-02 3.775928e-01 9.229844e-01
    outer loop
      vertex 2.077052e+01 -4.537623e+01 2.612831e+00
      vertex 2.077052e+01 -4.519820e+01 2.540000e+00
      vertex 2.074649e+01 -4.519347e+01 2.540000e+00
    endloop
  endfacet
  facet normal 2.135516e-01 3.204103e-01 9.228938e-01
    outer loop
      vertex 2.059973e+01 -4.530544e+01 2.612834e+00
      vertex 2.074649e+01 -4.519347e+01 2.540000e+00
      vertex 2.072555e+01 -4.517952e+01 2.540000e+00
    endloop
  endfacet
  facet normal 1.224647e-16 6.123234e-17 -1.000000e+00
    outer loop
      vertex -2.584811e+01 -2.853688e+01 5.080003e-01
      vertex -2.345339e+01 -2.855671e+01 5.080003e-01
      vertex -2.588897e+01 -2.855650e+01 5.080003e-01
    endloop
  endfacet
  facet normal 1.589473e-01 3.834548e-01 9.097792e-01
    outer loop
      vertex 2.059973e+01 -4.530544e+01 2.612834e+00
      vertex 2.077052e+01 -4.537623e+01 2.612831e+00
      vertex 2.074649e+01 -4.519347e+01 2.540000e+00
    endloop
  endfacet
  facet normal 3.744582e-01 1.546344e-01 9.142589e-01
    outer loop
      vertex 2.059973e+01 -4.530544e+01 2.612834e+00
      vertex 2.072555e+01 -4.517952e+01 2.540000e+00
      vertex 2.070705e+01 -4.513470e+01 2.540000e+00
    endloop
  endfacet
  facet normal 3.368932e-01 -2.811901e-15 9.415428e-01
    outer loop
      vertex 2.054574e+01 -4.391539e+01 2.597716e+00
      vertex 2.070705e+01 -4.513470e+01 2.540000e+00
      vertex 2.070705e+01 -4.375419e+01 2.540000e+00
    endloop
  endfacet
  facet normal 3.740647e-01 1.549291e-01 9.143700e-01
    outer loop
      vertex 2.059973e+01 -4.530544e+01 2.612834e+00
      vertex 2.070705e+01 -4.513470e+01 2.540000e+00
      vertex 2.052902e+01 -4.513470e+01 2.612830e+00
    endloop
  endfacet
  facet normal 3.786293e-01 6.279376e-03 9.255271e-01
    outer loop
      vertex 2.054574e+01 -4.391539e+01 2.597716e+00
      vertex 2.052902e+01 -4.513470e+01 2.612830e+00
      vertex 2.070705e+01 -4.513470e+01 2.540000e+00
    endloop
  endfacet
  facet normal -1.153057e-16 3.368932e-01 9.415428e-01
    outer loop
      vertex 1.857016e+01 -4.391549e+01 2.597716e+00
      vertex 2.070705e+01 -4.375419e+01 2.540000e+00
      vertex 1.840895e+01 -4.375419e+01 2.540000e+00
    endloop
  endfacet
  facet normal -1.586468e-05 3.370795e-01 9.414762e-01
    outer loop
      vertex 1.857016e+01 -4.391549e+01 2.597716e+00
      vertex 2.054574e+01 -4.391539e+01 2.597716e+00
      vertex 2.070705e+01 -4.375419e+01 2.540000e+00
    endloop
  endfacet
  facet normal -1.224647e-16 -6.123234e-17 1.000000e+00
    outer loop
      vertex -1.840895e+01 -4.513470e+01 2.540000e+00
      vertex 1.840895e+01 -4.513470e+01 2.540000e+00
      vertex 1.840895e+01 -4.375419e+01 2.540000e+00
    endloop
  endfacet
  facet normal -3.786445e-01 -5.667311e-17 9.255422e-01
    outer loop
      vertex 1.858698e+01 -4.513470e+01 2.612833e+00
      vertex 1.840895e+01 -4.375419e+01 2.540000e+00
      vertex 1.840895e+01 -4.513470e+01 2.540000e+00
    endloop
  endfacet
  facet normal -1.224647e-16 -6.123234e-17 1.000000e+00
    outer loop
      vertex -1.840895e+01 -4.375419e+01 2.540000e+00
      vertex -1.840895e+01 -4.513470e+01 2.540000e+00
      vertex 1.840895e+01 -4.375419e+01 2.540000e+00
    endloop
  endfacet
  facet normal -3.307180e-01 7.138635e-03 9.437026e-01
    outer loop
      vertex 1.858698e+01 -4.513470e+01 2.612833e+00
      vertex 1.857016e+01 -4.391549e+01 2.597716e+00
      vertex 1.840895e+01 -4.375419e+01 2.540000e+00
    endloop
  endfacet
  facet normal -1.224647e-16 -6.123234e-17 1.000000e+00
    outer loop
      vertex -1.838993e+01 -4.518003e+01 2.540000e+00
      vertex 1.839035e+01 -4.517962e+01 2.540000e+00
      vertex 1.840895e+01 -4.513470e+01 2.540000e+00
    endloop
  endfacet
  facet normal -3.696965e-01 1.531597e-01 9.164423e-01
    outer loop
      vertex 1.851499e+01 -4.530423e+01 2.611106e+00
      vertex 1.840895e+01 -4.513470e+01 2.540000e+00
      vertex 1.839035e+01 -4.517962e+01 2.540000e+00
    endloop
  endfacet
  facet normal -1.224647e-16 -6.123234e-17 1.000000e+00
    outer loop
      vertex -1.840895e+01 -4.513470e+01 2.540000e+00
      vertex -1.838993e+01 -4.518003e+01 2.540000e+00
      vertex 1.840895e+01 -4.513470e+01 2.540000e+00
    endloop
  endfacet
  facet normal -3.743792e-01 1.496745e-01 9.151163e-01
    outer loop
      vertex 1.851499e+01 -4.530423e+01 2.611106e+00
      vertex 1.858698e+01 -4.513470e+01 2.612833e+00
      vertex 1.840895e+01 -4.513470e+01 2.540000e+00
    endloop
  endfacet
  facet normal 1.224647e-16 6.123234e-17 -1.000000e+00
    outer loop
      vertex -2.584811e+01 -2.853688e+01 5.080003e-01
      vertex -2.349615e+01 -2.853525e+01 5.080003e-01
      vertex -2.345339e+01 -2.855671e+01 5.080003e-01
    endloop
  endfacet
  facet normal 1.224647e-16 6.123234e-17 -1.000000e+00
    outer loop
      vertex -2.582226e+01 -2.849945e+01 5.080003e-01
      vertex -2.349615e+01 -2.853525e+01 5.080003e-01
      vertex -2.584811e+01 -2.853688e+01 5.080003e-01
    endloop
  endfacet
  facet normal -1.531561e-01 3.697519e-01 9.164206e-01
    outer loop
      vertex 1.851499e+01 -4.530423e+01 2.611106e+00
      vertex 1.839035e+01 -4.517962e+01 2.540000e+00
      vertex 1.834548e+01 -4.519820e+01 2.540000e+00
    endloop
  endfacet
  facet normal 1.224647e-16 6.123234e-17 -1.000000e+00
    outer loop
      vertex -2.582226e+01 -2.849945e+01 5.080003e-01
      vertex -2.581400e+01 -2.844794e+01 5.080003e-01
      vertex -2.352149e+01 -2.849798e+01 5.080003e-01
    endloop
  endfacet
  facet normal -1.224647e-16 -6.123234e-17 1.000000e+00
    outer loop
      vertex -1.834548e+01 -4.519820e+01 2.540000e+00
      vertex 1.834548e+01 -4.519820e+01 2.540000e+00
      vertex 1.839035e+01 -4.517962e+01 2.540000e+00
    endloop
  endfacet
  facet normal -1.224647e-16 -6.123234e-17 1.000000e+00
    outer loop
      vertex -1.838993e+01 -4.518003e+01 2.540000e+00
      vertex -1.834548e+01 -4.519820e+01 2.540000e+00
      vertex 1.839035e+01 -4.517962e+01 2.540000e+00
    endloop
  endfacet
  facet normal -1.135476e-16 3.745997e-01 9.271867e-01
    outer loop
      vertex -1.834548e+01 -4.537464e+01 2.611285e+00
      vertex 1.834548e+01 -4.519820e+01 2.540000e+00
      vertex -1.834548e+01 -4.519820e+01 2.540000e+00
    endloop
  endfacet
  facet normal -1.528184e-01 3.702066e-01 9.162934e-01
    outer loop
      vertex 1.834548e+01 -4.537464e+01 2.611288e+00
      vertex 1.851499e+01 -4.530423e+01 2.611106e+00
      vertex 1.834548e+01 -4.519820e+01 2.540000e+00
    endloop
  endfacet
  facet normal -3.875059e-08 3.746066e-01 9.271839e-01
    outer loop
      vertex -1.834548e+01 -4.537464e+01 2.611285e+00
      vertex 1.834548e+01 -4.537464e+01 2.611288e+00
      vertex 1.834548e+01 -4.519820e+01 2.540000e+00
    endloop
  endfacet
  facet normal 1.518585e-01 3.714974e-01 9.159305e-01
    outer loop
      vertex -1.851499e+01 -4.530423e+01 2.611106e+00
      vertex -1.834548e+01 -4.519820e+01 2.540000e+00
      vertex -1.838993e+01 -4.518003e+01 2.540000e+00
    endloop
  endfacet
  facet normal 1.528237e-01 3.701991e-01 9.162956e-01
    outer loop
      vertex -1.851499e+01 -4.530423e+01 2.611106e+00
      vertex -1.834548e+01 -4.537464e+01 2.611285e+00
      vertex -1.834548e+01 -4.519820e+01 2.540000e+00
    endloop
  endfacet
  facet normal 1.224647e-16 6.123234e-17 -1.000000e+00
    outer loop
      vertex -2.582226e+01 -2.849945e+01 5.080003e-01
      vertex -2.352149e+01 -2.849798e+01 5.080003e-01
      vertex -2.349615e+01 -2.853525e+01 5.080003e-01
    endloop
  endfacet
  facet normal 3.679847e-01 1.544301e-01 9.169180e-01
    outer loop
      vertex -1.851499e+01 -4.530423e+01 2.611106e+00
      vertex -1.838993e+01 -4.518003e+01 2.540000e+00
      vertex -1.840895e+01 -4.513470e+01 2.540000e+00
    endloop
  endfacet
  facet normal 3.368932e-01 -7.462150e-16 9.415428e-01
    outer loop
      vertex -1.857026e+01 -4.391539e+01 2.597716e+00
      vertex -1.840895e+01 -4.513470e+01 2.540000e+00
      vertex -1.840895e+01 -4.375419e+01 2.540000e+00
    endloop
  endfacet
  facet normal 3.743834e-01 1.496715e-01 9.151150e-01
    outer loop
      vertex -1.858698e+01 -4.513470e+01 2.612834e+00
      vertex -1.851499e+01 -4.530423e+01 2.611106e+00
      vertex -1.840895e+01 -4.513470e+01 2.540000e+00
    endloop
  endfacet
  facet normal 3.786411e-01 6.281171e-03 9.255222e-01
    outer loop
      vertex -1.857026e+01 -4.391539e+01 2.597716e+00
      vertex -1.858698e+01 -4.513470e+01 2.612834e+00
      vertex -1.840895e+01 -4.513470e+01 2.540000e+00
    endloop
  endfacet
  facet normal 1.539231e-15 3.368932e-01 9.415428e-01
    outer loop
      vertex -2.054584e+01 -4.391549e+01 2.597716e+00
      vertex -1.840895e+01 -4.375419e+01 2.540000e+00
      vertex -2.070705e+01 -4.375419e+01 2.540000e+00
    endloop
  endfacet
  facet normal -1.586468e-05 3.370795e-01 9.414762e-01
    outer loop
      vertex -2.054584e+01 -4.391549e+01 2.597716e+00
      vertex -1.857026e+01 -4.391539e+01 2.597716e+00
      vertex -1.840895e+01 -4.375419e+01 2.540000e+00
    endloop
  endfacet
  facet normal -1.224647e-16 -6.123234e-17 1.000000e+00
    outer loop
      vertex -3.795920e+01 -4.513474e+01 2.540000e+00
      vertex -2.070705e+01 -4.513470e+01 2.540000e+00
      vertex -2.070705e+01 -4.375419e+01 2.540000e+00
    endloop
  endfacet
  facet normal -3.786445e-01 -5.667311e-17 9.255422e-01
    outer loop
      vertex -2.052902e+01 -4.513470e+01 2.612833e+00
      vertex -2.070705e+01 -4.375419e+01 2.540000e+00
      vertex -2.070705e+01 -4.513470e+01 2.540000e+00
    endloop
  endfacet
  facet normal -1.224647e-16 -6.123234e-17 1.000000e+00
    outer loop
      vertex -3.795920e+01 -4.355496e+01 2.540000e+00
      vertex -3.795920e+01 -4.513474e+01 2.540000e+00
      vertex -2.070705e+01 -4.375419e+01 2.540000e+00
    endloop
  endfacet
  facet normal -3.307180e-01 7.138635e-03 9.437026e-01
    outer loop
      vertex -2.052902e+01 -4.513470e+01 2.612833e+00
      vertex -2.054584e+01 -4.391549e+01 2.597716e+00
      vertex -2.070705e+01 -4.375419e+01 2.540000e+00
    endloop
  endfacet
  facet normal -1.224647e-16 -6.123234e-17 1.000000e+00
    outer loop
      vertex -3.795432e+01 -4.515916e+01 2.540000e+00
      vertex -2.072565e+01 -4.517962e+01 2.540000e+00
      vertex -2.070705e+01 -4.513470e+01 2.540000e+00
    endloop
  endfacet
  facet normal -3.696965e-01 1.531597e-01 9.164423e-01
    outer loop
      vertex -2.060101e+01 -4.530423e+01 2.611106e+00
      vertex -2.070705e+01 -4.513470e+01 2.540000e+00
      vertex -2.072565e+01 -4.517962e+01 2.540000e+00
    endloop
  endfacet
  facet normal -1.224647e-16 -6.123234e-17 1.000000e+00
    outer loop
      vertex -3.795920e+01 -4.513474e+01 2.540000e+00
      vertex -3.795432e+01 -4.515916e+01 2.540000e+00
      vertex -2.070705e+01 -4.513470e+01 2.540000e+00
    endloop
  endfacet
  facet normal -3.743792e-01 1.496745e-01 9.151163e-01
    outer loop
      vertex -2.060101e+01 -4.530423e+01 2.611106e+00
      vertex -2.052902e+01 -4.513470e+01 2.612833e+00
      vertex -2.070705e+01 -4.513470e+01 2.540000e+00
    endloop
  endfacet
  facet normal 1.224647e-16 6.123234e-17 -1.000000e+00
    outer loop
      vertex -2.581400e+01 -2.659098e+01 5.080003e-01
      vertex -2.352919e+01 -2.659098e+01 5.080003e-01
      vertex -2.352919e+01 -2.844794e+01 5.080003e-01
    endloop
  endfacet
  facet normal 1.224647e-16 6.123234e-17 -1.000000e+00
    outer loop
      vertex -2.581400e+01 -2.844794e+01 5.080003e-01
      vertex -2.581400e+01 -2.659098e+01 5.080003e-01
      vertex -2.352919e+01 -2.844794e+01 5.080003e-01
    endloop
  endfacet
  facet normal -1.531561e-01 3.697519e-01 9.164206e-01
    outer loop
      vertex -2.060101e+01 -4.530423e+01 2.611106e+00
      vertex -2.072565e+01 -4.517962e+01 2.540000e+00
      vertex -2.077052e+01 -4.519820e+01 2.540000e+00
    endloop
  endfacet
  facet normal -1.224647e-16 -6.123234e-17 1.000000e+00
    outer loop
      vertex -3.795432e+01 -4.515916e+01 2.540000e+00
      vertex -3.794018e+01 -4.518005e+01 2.540000e+00
      vertex -2.072565e+01 -4.517962e+01 2.540000e+00
    endloop
  endfacet
  facet normal -1.224647e-16 -6.123234e-17 1.000000e+00
    outer loop
      vertex -3.789574e+01 -4.519820e+01 2.540000e+00
      vertex -2.077052e+01 -4.519820e+01 2.540000e+00
      vertex -2.072565e+01 -4.517962e+01 2.540000e+00
    endloop
  endfacet
  facet normal -1.224647e-16 -6.123234e-17 1.000000e+00
    outer loop
      vertex -3.794018e+01 -4.518005e+01 2.540000e+00
      vertex -3.789574e+01 -4.519820e+01 2.540000e+00
      vertex -2.072565e+01 -4.517962e+01 2.540000e+00
    endloop
  endfacet
  facet normal -1.135481e-16 3.745890e-01 9.271909e-01
    outer loop
      vertex -3.789574e+01 -4.537464e+01 2.611281e+00
      vertex -2.077052e+01 -4.519820e+01 2.540000e+00
      vertex -3.789574e+01 -4.519820e+01 2.540000e+00
    endloop
  endfacet
  facet normal -1.528184e-01 3.702066e-01 9.162934e-01
    outer loop
      vertex -2.077052e+01 -4.537464e+01 2.611288e+00
      vertex -2.060101e+01 -4.530423e+01 2.611106e+00
      vertex -2.077052e+01 -4.519820e+01 2.540000e+00
    endloop
  endfacet
  facet normal -2.103125e-07 3.746066e-01 9.271839e-01
    outer loop
      vertex -3.789574e+01 -4.537464e+01 2.611281e+00
      vertex -2.077052e+01 -4.537464e+01 2.611288e+00
      vertex -2.077052e+01 -4.519820e+01 2.540000e+00
    endloop
  endfacet
  facet normal 1.512620e-01 3.702784e-01 9.165226e-01
    outer loop
      vertex -3.789574e+01 -4.537464e+01 2.611281e+00
      vertex -3.789574e+01 -4.519820e+01 2.540000e+00
      vertex -3.794018e+01 -4.518005e+01 2.540000e+00
    endloop
  endfacet
  facet normal 3.149667e-01 2.131722e-01 9.248533e-01
    outer loop
      vertex -3.806534e+01 -4.530440e+01 2.611288e+00
      vertex -3.794018e+01 -4.518005e+01 2.540000e+00
      vertex -3.795432e+01 -4.515916e+01 2.540000e+00
    endloop
  endfacet
  facet normal 1.535111e-01 3.706065e-01 9.160159e-01
    outer loop
      vertex -3.806534e+01 -4.530440e+01 2.611288e+00
      vertex -3.789574e+01 -4.537464e+01 2.611281e+00
      vertex -3.794018e+01 -4.518005e+01 2.540000e+00
    endloop
  endfacet
  facet normal 4.517222e-01 9.033545e-02 8.875734e-01
    outer loop
      vertex -3.806534e+01 -4.530440e+01 2.611288e+00
      vertex -3.795432e+01 -4.515916e+01 2.540000e+00
      vertex -3.795920e+01 -4.513474e+01 2.540000e+00
    endloop
  endfacet
  facet normal 3.353707e-01 -5.768615e-17 9.420862e-01
    outer loop
      vertex -3.811985e+01 -4.371552e+01 2.597191e+00
      vertex -3.795920e+01 -4.513474e+01 2.540000e+00
      vertex -3.795920e+01 -4.355496e+01 2.540000e+00
    endloop
  endfacet
  facet normal 3.701684e-01 1.533898e-01 9.162133e-01
    outer loop
      vertex -3.813564e+01 -4.513474e+01 2.611285e+00
      vertex -3.806534e+01 -4.530440e+01 2.611288e+00
      vertex -3.795920e+01 -4.513474e+01 2.540000e+00
    endloop
  endfacet
  facet normal 3.745968e-01 5.041294e-03 9.271741e-01
    outer loop
      vertex -3.811985e+01 -4.371552e+01 2.597191e+00
      vertex -3.813564e+01 -4.513474e+01 2.611285e+00
      vertex -3.795920e+01 -4.513474e+01 2.540000e+00
    endloop
  endfacet
  facet normal -1.133461e-16 3.786466e-01 9.255413e-01
    outer loop
      vertex -3.942063e+01 -4.373299e+01 2.612833e+00
      vertex -3.795920e+01 -4.355496e+01 2.540000e+00
      vertex -3.942063e+01 -4.355496e+01 2.540000e+00
    endloop
  endfacet
  facet normal 6.932969e-03 3.293596e-01 9.441791e-01
    outer loop
      vertex -3.942063e+01 -4.373299e+01 2.612833e+00
      vertex -3.811985e+01 -4.371552e+01 2.597191e+00
      vertex -3.795920e+01 -4.355496e+01 2.540000e+00
    endloop
  endfacet
  facet normal 1.531597e-01 3.696965e-01 9.164423e-01
    outer loop
      vertex -3.959015e+01 -4.366099e+01 2.611106e+00
      vertex -3.942063e+01 -4.355496e+01 2.540000e+00
      vertex -3.946555e+01 -4.353635e+01 2.540000e+00
    endloop
  endfacet
  facet normal 1.496729e-01 3.743814e-01 9.151156e-01
    outer loop
      vertex -3.959015e+01 -4.366099e+01 2.611106e+00
      vertex -3.942063e+01 -4.373299e+01 2.612833e+00
      vertex -3.942063e+01 -4.355496e+01 2.540000e+00
    endloop
  endfacet
  facet normal 1.224647e-16 6.123234e-17 -1.000000e+00
    outer loop
      vertex -2.581790e+01 -2.647356e+01 5.080003e-01
      vertex -2.352919e+01 -2.659098e+01 5.080003e-01
      vertex -2.581400e+01 -2.659098e+01 5.080003e-01
    endloop
  endfacet
  facet normal 3.697519e-01 1.531561e-01 9.164206e-01
    outer loop
      vertex -3.959015e+01 -4.366099e+01 2.611106e+00
      vertex -3.946555e+01 -4.353635e+01 2.540000e+00
      vertex -3.948413e+01 -4.349149e+01 2.540000e+00
    endloop
  endfacet
  facet normal 3.745997e-01 -5.677381e-17 9.271867e-01
    outer loop
      vertex -3.966057e+01 -3.626452e+01 2.611285e+00
      vertex -3.948413e+01 -4.349149e+01 2.540000e+00
      vertex -3.948413e+01 -3.626452e+01 2.540000e+00
    endloop
  endfacet
  facet normal 3.702066e-01 1.528184e-01 9.162934e-01
    outer loop
      vertex -3.966057e+01 -4.349149e+01 2.611288e+00
      vertex -3.959015e+01 -4.366099e+01 2.611106e+00
      vertex -3.948413e+01 -4.349149e+01 2.540000e+00
    endloop
  endfacet
  facet normal 3.746066e-01 1.967349e-07 9.271839e-01
    outer loop
      vertex -3.966057e+01 -3.626452e+01 2.611285e+00
      vertex -3.966057e+01 -4.349149e+01 2.611288e+00
      vertex -3.948413e+01 -4.349149e+01 2.540000e+00
    endloop
  endfacet
  facet normal 3.714974e-01 -1.518585e-01 9.159305e-01
    outer loop
      vertex -3.959015e+01 -3.609501e+01 2.611106e+00
      vertex -3.948413e+01 -3.626452e+01 2.540000e+00
      vertex -3.946596e+01 -3.622007e+01 2.540000e+00
    endloop
  endfacet
  facet normal 3.701991e-01 -1.528237e-01 9.162956e-01
    outer loop
      vertex -3.959015e+01 -3.609501e+01 2.611106e+00
      vertex -3.966057e+01 -3.626452e+01 2.611285e+00
      vertex -3.948413e+01 -3.626452e+01 2.540000e+00
    endloop
  endfacet
  facet normal 1.224647e-16 6.123234e-17 -1.000000e+00
    outer loop
      vertex -2.575709e+01 -2.629416e+01 5.080003e-01
      vertex -2.358571e+01 -2.629459e+01 5.080003e-01
      vertex -2.580155e+01 -2.637156e+01 5.080003e-01
    endloop
  endfacet
  facet normal -1.224647e-16 -6.123234e-17 1.000000e+00
    outer loop
      vertex -3.795920e+01 -3.620105e+01 2.540000e+00
      vertex -3.942063e+01 -3.620105e+01 2.540000e+00
      vertex -3.946596e+01 -3.622007e+01 2.540000e+00
    endloop
  endfacet
  facet normal 1.544301e-01 -3.679847e-01 9.169180e-01
    outer loop
      vertex -3.959015e+01 -3.609501e+01 2.611106e+00
      vertex -3.946596e+01 -3.622007e+01 2.540000e+00
      vertex -3.942063e+01 -3.620105e+01 2.540000e+00
    endloop
  endfacet
  facet normal -1.153714e-16 -3.353912e-01 9.420789e-01
    outer loop
      vertex -3.811978e+01 -3.604037e+01 2.597205e+00
      vertex -3.942063e+01 -3.620105e+01 2.540000e+00
      vertex -3.795920e+01 -3.620105e+01 2.540000e+00
    endloop
  endfacet
  facet normal 1.496715e-01 -3.743834e-01 9.151150e-01
    outer loop
      vertex -3.942063e+01 -3.602302e+01 2.612834e+00
      vertex -3.959015e+01 -3.609501e+01 2.611106e+00
      vertex -3.942063e+01 -3.620105e+01 2.540000e+00
    endloop
  endfacet
  facet normal 6.070357e-03 -3.786416e-01 9.255234e-01
    outer loop
      vertex -3.811978e+01 -3.604037e+01 2.597205e+00
      vertex -3.942063e+01 -3.602302e+01 2.612834e+00
      vertex -3.942063e+01 -3.620105e+01 2.540000e+00
    endloop
  endfacet
  facet normal -1.224647e-16 -6.123234e-17 1.000000e+00
    outer loop
      vertex -2.052528e+01 -9.467636e+00 2.540000e+00
      vertex -3.795920e+01 -5.454957e+00 2.540000e+00
      vertex -3.795920e+01 -3.620105e+01 2.540000e+00
    endloop
  endfacet
  facet normal 3.353707e-01 -5.768615e-17 9.420862e-01
    outer loop
      vertex -3.811985e+01 -5.615521e+00 2.597191e+00
      vertex -3.795920e+01 -3.620105e+01 2.540000e+00
      vertex -3.795920e+01 -5.454957e+00 2.540000e+00
    endloop
  endfacet
  facet normal -7.057884e-06 4.602727e-06 1.000000e+00
    outer loop
      vertex -2.048145e+01 -9.687124e+00 2.540001e+00
      vertex -2.052528e+01 -9.467636e+00 2.540000e+00
      vertex -3.795920e+01 -3.620105e+01 2.540000e+00
    endloop
  endfacet
  facet normal 5.205251e-06 -3.481025e-06 1.000000e+00
    outer loop
      vertex -2.035398e+01 -9.875581e+00 2.540000e+00
      vertex -2.048145e+01 -9.687124e+00 2.540001e+00
      vertex -3.795920e+01 -3.620105e+01 2.540000e+00
    endloop
  endfacet
  facet normal -1.224647e-16 -6.123234e-17 1.000000e+00
    outer loop
      vertex -1.995387e+01 -1.003905e+01 2.540000e+00
      vertex -2.035398e+01 -9.875581e+00 2.540000e+00
      vertex -3.795920e+01 -3.620105e+01 2.540000e+00
    endloop
  endfacet
  facet normal -1.224647e-16 -6.123234e-17 1.000000e+00
    outer loop
      vertex -1.879860e+01 -1.003905e+01 2.540000e+00
      vertex -1.995387e+01 -1.003905e+01 2.540000e+00
      vertex -3.795920e+01 -3.620105e+01 2.540000e+00
    endloop
  endfacet
  facet normal -1.224647e-16 -6.123234e-17 1.000000e+00
    outer loop
      vertex -1.023672e+00 -1.057046e+01 2.540000e+00
      vertex -1.879860e+01 -1.003905e+01 2.540000e+00
      vertex -3.795920e+01 -3.620105e+01 2.540000e+00
    endloop
  endfacet
  facet normal -1.224647e-16 -6.123234e-17 1.000000e+00
    outer loop
      vertex -2.672812e+00 -1.176724e+01 2.540000e+00
      vertex -1.023672e+00 -1.057046e+01 2.540000e+00
      vertex -3.795920e+01 -3.620105e+01 2.540000e+00
    endloop
  endfacet
  facet normal -1.335718e-10 1.928992e-10 1.000000e+00
    outer loop
      vertex -3.144922e+00 -1.269005e+01 2.540000e+00
      vertex -2.672812e+00 -1.176724e+01 2.540000e+00
      vertex -3.795920e+01 -3.620105e+01 2.540000e+00
    endloop
  endfacet
  facet normal 8.106575e-11 -1.249287e-10 1.000000e+00
    outer loop
      vertex -3.308046e+00 -1.371600e+01 2.540000e+00
      vertex -3.144922e+00 -1.269005e+01 2.540000e+00
      vertex -3.795920e+01 -3.620105e+01 2.540000e+00
    endloop
  endfacet
  facet normal -3.263500e-13 5.026801e-13 1.000000e+00
    outer loop
      vertex -3.144593e+00 -1.474299e+01 2.540000e+00
      vertex -3.308046e+00 -1.371600e+01 2.540000e+00
      vertex -3.795920e+01 -3.620105e+01 2.540000e+00
    endloop
  endfacet
  facet normal 2.764863e-13 -4.753912e-13 1.000000e+00
    outer loop
      vertex -2.671752e+00 -1.566623e+01 2.540000e+00
      vertex -3.144593e+00 -1.474299e+01 2.540000e+00
      vertex -3.795920e+01 -3.620105e+01 2.540000e+00
    endloop
  endfacet
  facet normal -1.224647e-16 -6.123234e-17 1.000000e+00
    outer loop
      vertex -1.021456e+00 -1.686227e+01 2.540000e+00
      vertex -2.671752e+00 -1.566623e+01 2.540000e+00
      vertex -3.795920e+01 -3.620105e+01 2.540000e+00
    endloop
  endfacet
  facet normal -1.224647e-16 -6.123234e-17 1.000000e+00
    outer loop
      vertex 1.023672e+00 -1.686154e+01 2.540000e+00
      vertex -1.021456e+00 -1.686227e+01 2.540000e+00
      vertex -3.795920e+01 -3.620105e+01 2.540000e+00
    endloop
  endfacet
  facet normal 3.355711e-01 1.185875e-06 9.420149e-01
    outer loop
      vertex -3.811985e+01 -5.615521e+00 2.597191e+00
      vertex -3.811978e+01 -3.604037e+01 2.597205e+00
      vertex -3.795920e+01 -3.620105e+01 2.540000e+00
    endloop
  endfacet
  facet normal -1.224647e-16 -6.123234e-17 1.000000e+00
    outer loop
      vertex -2.052528e+01 1.983476e+00 2.540000e+00
      vertex -3.942063e+01 -5.454957e+00 2.540000e+00
      vertex -3.795920e+01 -5.454957e+00 2.540000e+00
    endloop
  endfacet
  facet normal -1.133461e-16 3.786466e-01 9.255413e-01
    outer loop
      vertex -3.942063e+01 -5.632986e+00 2.612833e+00
      vertex -3.795920e+01 -5.454957e+00 2.540000e+00
      vertex -3.942063e+01 -5.454957e+00 2.540000e+00
    endloop
  endfacet
  facet normal -1.224647e-16 -6.123234e-17 1.000000e+00
    outer loop
      vertex -2.052528e+01 -9.467636e+00 2.540000e+00
      vertex -2.052528e+01 1.983476e+00 2.540000e+00
      vertex -3.795920e+01 -5.454957e+00 2.540000e+00
    endloop
  endfacet
  facet normal 6.932969e-03 3.293596e-01 9.441791e-01
    outer loop
      vertex -3.942063e+01 -5.632986e+00 2.612833e+00
      vertex -3.811985e+01 -5.615521e+00 2.597191e+00
      vertex -3.795920e+01 -5.454957e+00 2.540000e+00
    endloop
  endfacet
  facet normal -1.224647e-16 -6.123234e-17 1.000000e+00
    outer loop
      vertex -2.052528e+01 1.983476e+00 2.540000e+00
      vertex -3.946555e+01 -5.436348e+00 2.540000e+00
      vertex -3.942063e+01 -5.454957e+00 2.540000e+00
    endloop
  endfacet
  facet normal 1.531597e-01 3.696965e-01 9.164423e-01
    outer loop
      vertex -3.959015e+01 -5.560989e+00 2.611106e+00
      vertex -3.942063e+01 -5.454957e+00 2.540000e+00
      vertex -3.946555e+01 -5.436348e+00 2.540000e+00
    endloop
  endfacet
  facet normal 1.496729e-01 3.743814e-01 9.151156e-01
    outer loop
      vertex -3.959015e+01 -5.560989e+00 2.611106e+00
      vertex -3.942063e+01 -5.632986e+00 2.612833e+00
      vertex -3.942063e+01 -5.454957e+00 2.540000e+00
    endloop
  endfacet
  facet normal 1.224647e-16 6.123234e-17 -1.000000e+00
    outer loop
      vertex -2.588897e+01 -2.855650e+01 5.080003e-01
      vertex -2.341031e+01 -2.855898e+01 5.080003e-01
      vertex -2.593306e+01 -2.855898e+01 5.080003e-01
    endloop
  endfacet
  facet normal 1.224647e-16 6.123234e-17 -1.000000e+00
    outer loop
      vertex -2.581400e+01 -2.844794e+01 5.080003e-01
      vertex -2.352919e+01 -2.844794e+01 5.080003e-01
      vertex -2.352149e+01 -2.849798e+01 5.080003e-01
    endloop
  endfacet
  facet normal 3.697519e-01 1.531561e-01 9.164206e-01
    outer loop
      vertex -3.959015e+01 -5.560989e+00 2.611106e+00
      vertex -3.946555e+01 -5.436348e+00 2.540000e+00
      vertex -3.948413e+01 -5.391486e+00 2.540000e+00
    endloop
  endfacet
  facet normal -1.224647e-16 -6.123234e-17 1.000000e+00
    outer loop
      vertex -2.052528e+01 1.983476e+00 2.540000e+00
      vertex -3.948413e+01 -5.391486e+00 2.540000e+00
      vertex -3.946555e+01 -5.436348e+00 2.540000e+00
    endloop
  endfacet
  facet normal -1.224647e-16 -6.123234e-17 1.000000e+00
    outer loop
      vertex -2.052528e+01 1.983476e+00 2.540000e+00
      vertex -3.948413e+01 1.835483e+00 2.540000e+00
      vertex -3.948413e+01 -5.391486e+00 2.540000e+00
    endloop
  endfacet
  facet normal 3.745997e-01 -5.677381e-17 9.271867e-01
    outer loop
      vertex -3.966057e+01 1.835483e+00 2.611285e+00
      vertex -3.948413e+01 -5.391486e+00 2.540000e+00
      vertex -3.948413e+01 1.835483e+00 2.540000e+00
    endloop
  endfacet
  facet normal 3.746066e-01 1.967349e-07 9.271839e-01
    outer loop
      vertex -3.966057e+01 -5.391486e+00 2.611288e+00
      vertex -3.948413e+01 -5.391486e+00 2.540000e+00
      vertex -3.966057e+01 1.835483e+00 2.611285e+00
    endloop
  endfacet
  facet normal 3.702066e-01 1.528184e-01 9.162934e-01
    outer loop
      vertex -3.959015e+01 -5.560989e+00 2.611106e+00
      vertex -3.948413e+01 -5.391486e+00 2.540000e+00
      vertex -3.966057e+01 -5.391486e+00 2.611288e+00
    endloop
  endfacet
  facet normal -1.224647e-16 -6.123234e-17 1.000000e+00
    outer loop
      vertex -2.052528e+01 1.983476e+00 2.540000e+00
      vertex -3.946596e+01 1.879930e+00 2.540000e+00
      vertex -3.948413e+01 1.835483e+00 2.540000e+00
    endloop
  endfacet
  facet normal 3.714974e-01 -1.518585e-01 9.159305e-01
    outer loop
      vertex -3.959015e+01 2.004989e+00 2.611106e+00
      vertex -3.948413e+01 1.835483e+00 2.540000e+00
      vertex -3.946596e+01 1.879930e+00 2.540000e+00
    endloop
  endfacet
  facet normal 3.701991e-01 -1.528237e-01 9.162956e-01
    outer loop
      vertex -3.959015e+01 2.004989e+00 2.611106e+00
      vertex -3.966057e+01 1.835483e+00 2.611285e+00
      vertex -3.948413e+01 1.835483e+00 2.540000e+00
    endloop
  endfacet
  facet normal 1.224647e-16 6.123234e-17 -1.000000e+00
    outer loop
      vertex -2.588897e+01 -2.855650e+01 5.080003e-01
      vertex -2.345339e+01 -2.855671e+01 5.080003e-01
      vertex -2.341031e+01 -2.855898e+01 5.080003e-01
    endloop
  endfacet
  facet normal 1.224647e-16 6.123234e-17 -1.000000e+00
    outer loop
      vertex -2.770903e+01 -2.866775e+01 5.080003e-01
      vertex -2.161399e+01 -2.879182e+01 5.080003e-01
      vertex -2.776889e+01 -2.879238e+01 5.080003e-01
    endloop
  endfacet
  facet normal -1.224647e-16 -6.123234e-17 1.000000e+00
    outer loop
      vertex -3.815052e+01 1.898954e+00 2.540000e+00
      vertex -3.942063e+01 1.898954e+00 2.540000e+00
      vertex -3.946596e+01 1.879930e+00 2.540000e+00
    endloop
  endfacet
  facet normal 1.544301e-01 -3.679847e-01 9.169180e-01
    outer loop
      vertex -3.959015e+01 2.004989e+00 2.611106e+00
      vertex -3.946596e+01 1.879930e+00 2.540000e+00
      vertex -3.942063e+01 1.898954e+00 2.540000e+00
    endloop
  endfacet
  facet normal -1.224647e-16 -6.123234e-17 1.000000e+00
    outer loop
      vertex -2.052528e+01 1.983476e+00 2.540000e+00
      vertex -3.815052e+01 1.898954e+00 2.540000e+00
      vertex -3.946596e+01 1.879930e+00 2.540000e+00
    endloop
  endfacet
  facet normal -1.140776e-16 -3.637045e-01 9.315144e-01
    outer loop
      vertex -3.821285e+01 2.071061e+00 2.607198e+00
      vertex -3.942063e+01 1.898954e+00 2.540000e+00
      vertex -3.815052e+01 1.898954e+00 2.540000e+00
    endloop
  endfacet
  facet normal 2.461898e-03 -3.786475e-01 9.255377e-01
    outer loop
      vertex -3.942063e+01 2.076984e+00 2.612834e+00
      vertex -3.942063e+01 1.898954e+00 2.540000e+00
      vertex -3.821285e+01 2.071061e+00 2.607198e+00
    endloop
  endfacet
  facet normal 1.496715e-01 -3.743834e-01 9.151150e-01
    outer loop
      vertex -3.959015e+01 2.004989e+00 2.611106e+00
      vertex -3.942063e+01 1.898954e+00 2.540000e+00
      vertex -3.942063e+01 2.076984e+00 2.612834e+00
    endloop
  endfacet
  facet normal -1.224647e-16 -6.123234e-17 1.000000e+00
    outer loop
      vertex -2.052528e+01 1.983476e+00 2.540000e+00
      vertex -3.820368e+01 2.017867e+00 2.540000e+00
      vertex -3.815052e+01 1.898954e+00 2.540000e+00
    endloop
  endfacet
  facet normal 8.954287e-01 4.003470e-01 -1.947555e-01
    outer loop
      vertex -3.821285e+01 2.071061e+00 2.607198e+00
      vertex -3.815052e+01 1.898954e+00 2.540000e+00
      vertex -3.820368e+01 2.017867e+00 2.540000e+00
    endloop
  endfacet
  facet normal -1.224647e-16 -6.123234e-17 1.000000e+00
    outer loop
      vertex -2.069475e+01 2.152954e+00 2.540000e+00
      vertex -3.820421e+01 2.152954e+00 2.540000e+00
      vertex -3.820368e+01 2.017867e+00 2.540000e+00
    endloop
  endfacet
  facet normal 9.912186e-01 3.856362e-03 1.321774e-01
    outer loop
      vertex -3.821285e+01 2.071061e+00 2.607198e+00
      vertex -3.820368e+01 2.017867e+00 2.540000e+00
      vertex -3.820421e+01 2.152954e+00 2.540000e+00
    endloop
  endfacet
  facet normal -1.224647e-16 -6.123234e-17 1.000000e+00
    outer loop
      vertex -2.063977e+01 2.132307e+00 2.540000e+00
      vertex -2.069475e+01 2.152954e+00 2.540000e+00
      vertex -3.820368e+01 2.017867e+00 2.540000e+00
    endloop
  endfacet
  facet normal -1.224647e-16 -6.123234e-17 1.000000e+00
    outer loop
      vertex -2.058768e+01 2.090552e+00 2.540000e+00
      vertex -2.063977e+01 2.132307e+00 2.540000e+00
      vertex -3.820368e+01 2.017867e+00 2.540000e+00
    endloop
  endfacet
  facet normal -1.224647e-16 -6.123234e-17 1.000000e+00
    outer loop
      vertex -2.054368e+01 2.040500e+00 2.540000e+00
      vertex -2.058768e+01 2.090552e+00 2.540000e+00
      vertex -3.820368e+01 2.017867e+00 2.540000e+00
    endloop
  endfacet
  facet normal -1.224647e-16 -6.123234e-17 1.000000e+00
    outer loop
      vertex -2.052528e+01 1.983476e+00 2.540000e+00
      vertex -2.054368e+01 2.040500e+00 2.540000e+00
      vertex -3.820368e+01 2.017867e+00 2.540000e+00
    endloop
  endfacet
  facet normal -1.133460e-16 -3.786486e-01 9.255404e-01
    outer loop
      vertex -2.069475e+01 2.330984e+00 2.612834e+00
      vertex -3.820421e+01 2.152954e+00 2.540000e+00
      vertex -2.069475e+01 2.152954e+00 2.540000e+00
    endloop
  endfacet
  facet normal 9.866649e-01 -1.588402e-01 3.552691e-02
    outer loop
      vertex -3.821322e+01 2.130339e+00 2.689233e+00
      vertex -3.820421e+01 2.152954e+00 2.540000e+00
      vertex -3.821320e+01 2.152915e+00 2.789567e+00
    endloop
  endfacet
  facet normal 9.966878e-01 -6.370427e-02 5.054810e-02
    outer loop
      vertex -3.821322e+01 2.130339e+00 2.689233e+00
      vertex -3.821285e+01 2.071061e+00 2.607198e+00
      vertex -3.820421e+01 2.152954e+00 2.540000e+00
    endloop
  endfacet
  facet normal 2.700983e-06 -3.788761e-01 9.254474e-01
    outer loop
      vertex -2.069475e+01 2.330984e+00 2.612834e+00
      vertex -3.809824e+01 2.331071e+00 2.612921e+00
      vertex -3.820421e+01 2.152954e+00 2.540000e+00
    endloop
  endfacet
  facet normal -1.535010e-01 -4.087789e-01 8.996317e-01
    outer loop
      vertex -2.048551e+01 2.301252e+00 2.643088e+00
      vertex -2.069475e+01 2.152954e+00 2.540000e+00
      vertex -2.063977e+01 2.132307e+00 2.540000e+00
    endloop
  endfacet
  facet normal -1.844027e-01 -3.721551e-01 9.096681e-01
    outer loop
      vertex -2.048551e+01 2.301252e+00 2.643088e+00
      vertex -2.069475e+01 2.330984e+00 2.612834e+00
      vertex -2.069475e+01 2.152954e+00 2.540000e+00
    endloop
  endfacet
  facet normal -2.573868e-01 -3.211041e-01 9.113969e-01
    outer loop
      vertex -2.048551e+01 2.301252e+00 2.643088e+00
      vertex -2.063977e+01 2.132307e+00 2.540000e+00
      vertex -2.058768e+01 2.090552e+00 2.540000e+00
    endloop
  endfacet
  facet normal -4.149604e-01 -3.648157e-01 8.334971e-01
    outer loop
      vertex -2.034725e+01 1.983476e+00 2.612834e+00
      vertex -2.058768e+01 2.090552e+00 2.540000e+00
      vertex -2.054368e+01 2.040500e+00 2.540000e+00
    endloop
  endfacet
  facet normal -3.588827e-01 -1.833172e-01 9.152038e-01
    outer loop
      vertex -2.037698e+01 2.192720e+00 2.643088e+00
      vertex -2.058768e+01 2.090552e+00 2.540000e+00
      vertex -2.034725e+01 1.983476e+00 2.612834e+00
    endloop
  endfacet
  facet normal -2.986588e-01 -2.986588e-01 9.064248e-01
    outer loop
      vertex -2.037698e+01 2.192720e+00 2.643088e+00
      vertex -2.048551e+01 2.301252e+00 2.643088e+00
      vertex -2.058768e+01 2.090552e+00 2.540000e+00
    endloop
  endfacet
  facet normal -3.758542e-01 -1.212664e-01 9.187100e-01
    outer loop
      vertex -2.034725e+01 1.983476e+00 2.612834e+00
      vertex -2.054368e+01 2.040500e+00 2.540000e+00
      vertex -2.052528e+01 1.983476e+00 2.540000e+00
    endloop
  endfacet
  facet normal -3.786497e-01 -5.667298e-17 9.255400e-01
    outer loop
      vertex -2.034725e+01 -9.467636e+00 2.612835e+00
      vertex -2.052528e+01 1.983476e+00 2.540000e+00
      vertex -2.052528e+01 -9.467636e+00 2.540000e+00
    endloop
  endfacet
  facet normal -3.786486e-01 2.045562e-08 9.255404e-01
    outer loop
      vertex -2.034725e+01 -9.467636e+00 2.612835e+00
      vertex -2.034725e+01 1.983476e+00 2.612834e+00
      vertex -2.052528e+01 1.983476e+00 2.540000e+00
    endloop
  endfacet
  facet normal -3.775721e-01 -7.538875e-02 9.229062e-01
    outer loop
      vertex -2.034725e+01 -9.467636e+00 2.612835e+00
      vertex -2.052528e+01 -9.467636e+00 2.540000e+00
      vertex -2.048145e+01 -9.687124e+00 2.540001e+00
    endloop
  endfacet
  facet normal -3.277458e-01 -2.216884e-01 9.183882e-01
    outer loop
      vertex -2.029555e+01 -9.664923e+00 2.611702e+00
      vertex -2.048145e+01 -9.687124e+00 2.540001e+00
      vertex -2.035398e+01 -9.875581e+00 2.540000e+00
    endloop
  endfacet
  facet normal -3.481167e-01 -9.657069e-02 9.324638e-01
    outer loop
      vertex -2.029555e+01 -9.664923e+00 2.611702e+00
      vertex -2.034725e+01 -9.467636e+00 2.612835e+00
      vertex -2.048145e+01 -9.687124e+00 2.540001e+00
    endloop
  endfacet
  facet normal -1.743248e-01 -4.266982e-01 8.874342e-01
    outer loop
      vertex -2.015114e+01 -9.809330e+00 2.611701e+00
      vertex -2.035398e+01 -9.875581e+00 2.540000e+00
      vertex -1.995387e+01 -1.003905e+01 2.540000e+00
    endloop
  endfacet
  facet normal -2.493361e-01 -2.493489e-01 9.357653e-01
    outer loop
      vertex -2.029555e+01 -9.664923e+00 2.611702e+00
      vertex -2.035398e+01 -9.875581e+00 2.540000e+00
      vertex -2.015114e+01 -9.809330e+00 2.611701e+00
    endloop
  endfacet
  facet normal -3.811900e-15 -3.786497e-01 9.255400e-01
    outer loop
      vertex -1.879860e+01 -9.861017e+00 2.612835e+00
      vertex -1.995387e+01 -1.003905e+01 2.540000e+00
      vertex -1.879860e+01 -1.003905e+01 2.540000e+00
    endloop
  endfacet
  facet normal -3.666084e-07 -3.786477e-01 9.255409e-01
    outer loop
      vertex -1.995387e+01 -9.861017e+00 2.612834e+00
      vertex -1.995387e+01 -1.003905e+01 2.540000e+00
      vertex -1.879860e+01 -9.861017e+00 2.612835e+00
    endloop
  endfacet
  facet normal -1.039552e-01 -3.765962e-01 9.205263e-01
    outer loop
      vertex -2.015114e+01 -9.809330e+00 2.611701e+00
      vertex -1.995387e+01 -1.003905e+01 2.540000e+00
      vertex -1.995387e+01 -9.861017e+00 2.612834e+00
    endloop
  endfacet
  facet normal 7.538875e-02 -3.775721e-01 9.229062e-01
    outer loop
      vertex -1.879860e+01 -9.861017e+00 2.612835e+00
      vertex -1.879860e+01 -1.003905e+01 2.540000e+00
      vertex -1.857911e+01 -9.995220e+00 2.540001e+00
    endloop
  endfacet
  facet normal 2.216884e-01 -3.277458e-01 9.183882e-01
    outer loop
      vertex -1.860131e+01 -9.809324e+00 2.611702e+00
      vertex -1.857911e+01 -9.995220e+00 2.540001e+00
      vertex -1.839065e+01 -9.867745e+00 2.540000e+00
    endloop
  endfacet
  facet normal 9.657069e-02 -3.481167e-01 9.324638e-01
    outer loop
      vertex -1.860131e+01 -9.809324e+00 2.611702e+00
      vertex -1.879860e+01 -9.861017e+00 2.612835e+00
      vertex -1.857911e+01 -9.995220e+00 2.540001e+00
    endloop
  endfacet
  facet normal 4.266982e-01 -1.743248e-01 8.874342e-01
    outer loop
      vertex -1.845690e+01 -9.664905e+00 2.611701e+00
      vertex -1.839065e+01 -9.867745e+00 2.540000e+00
      vertex -1.822719e+01 -9.467636e+00 2.540000e+00
    endloop
  endfacet
  facet normal 2.493489e-01 -2.493361e-01 9.357653e-01
    outer loop
      vertex -1.860131e+01 -9.809324e+00 2.611702e+00
      vertex -1.839065e+01 -9.867745e+00 2.540000e+00
      vertex -1.845690e+01 -9.664905e+00 2.611701e+00
    endloop
  endfacet
  facet normal 3.786497e-01 -1.367046e-16 9.255400e-01
    outer loop
      vertex -1.840522e+01 3.879632e+00 2.612835e+00
      vertex -1.822719e+01 -9.467636e+00 2.540000e+00
      vertex -1.822719e+01 3.879632e+00 2.540000e+00
    endloop
  endfacet
  facet normal 3.786477e-01 -3.173162e-08 9.255409e-01
    outer loop
      vertex -1.840522e+01 -9.467636e+00 2.612834e+00
      vertex -1.822719e+01 -9.467636e+00 2.540000e+00
      vertex -1.840522e+01 3.879632e+00 2.612835e+00
    endloop
  endfacet
  facet normal 3.765962e-01 -1.039552e-01 9.205263e-01
    outer loop
      vertex -1.845690e+01 -9.664905e+00 2.611701e+00
      vertex -1.822719e+01 -9.467636e+00 2.540000e+00
      vertex -1.840522e+01 -9.467636e+00 2.612834e+00
    endloop
  endfacet
  facet normal 3.775721e-01 7.538875e-02 9.229062e-01
    outer loop
      vertex -1.840522e+01 3.879632e+00 2.612835e+00
      vertex -1.822719e+01 3.879632e+00 2.540000e+00
      vertex -1.827101e+01 4.099120e+00 2.540001e+00
    endloop
  endfacet
  facet normal 3.277458e-01 2.216884e-01 9.183882e-01
    outer loop
      vertex -1.845691e+01 4.076919e+00 2.611702e+00
      vertex -1.827101e+01 4.099120e+00 2.540001e+00
      vertex -1.839849e+01 4.287583e+00 2.540000e+00
    endloop
  endfacet
  facet normal 3.481167e-01 9.657069e-02 9.324638e-01
    outer loop
      vertex -1.845691e+01 4.076919e+00 2.611702e+00
      vertex -1.840522e+01 3.879632e+00 2.612835e+00
      vertex -1.827101e+01 4.099120e+00 2.540001e+00
    endloop
  endfacet
  facet normal 1.743248e-01 4.266982e-01 8.874342e-01
    outer loop
      vertex -1.860133e+01 4.221330e+00 2.611701e+00
      vertex -1.839849e+01 4.287583e+00 2.540000e+00
      vertex -1.879860e+01 4.451046e+00 2.540000e+00
    endloop
  endfacet
  facet normal 2.493361e-01 2.493489e-01 9.357653e-01
    outer loop
      vertex -1.845691e+01 4.076919e+00 2.611702e+00
      vertex -1.839849e+01 4.287583e+00 2.540000e+00
      vertex -1.860133e+01 4.221330e+00 2.611701e+00
    endloop
  endfacet
  facet normal -2.246235e-16 3.786444e-01 9.255422e-01
    outer loop
      vertex -3.789570e+01 4.273016e+00 2.612833e+00
      vertex -1.879860e+01 4.451046e+00 2.540000e+00
      vertex -3.789570e+01 4.451046e+00 2.540000e+00
    endloop
  endfacet
  facet normal -3.529993e-08 3.786477e-01 9.255409e-01
    outer loop
      vertex -1.879860e+01 4.273016e+00 2.612834e+00
      vertex -1.879860e+01 4.451046e+00 2.540000e+00
      vertex -3.789570e+01 4.273016e+00 2.612833e+00
    endloop
  endfacet
  facet normal 1.039552e-01 3.765962e-01 9.205263e-01
    outer loop
      vertex -1.860133e+01 4.221330e+00 2.611701e+00
      vertex -1.879860e+01 4.451046e+00 2.540000e+00
      vertex -1.879860e+01 4.273016e+00 2.612834e+00
    endloop
  endfacet
  facet normal 1.531597e-01 3.696965e-01 9.164423e-01
    outer loop
      vertex -3.806522e+01 4.345011e+00 2.611106e+00
      vertex -3.789570e+01 4.451046e+00 2.540000e+00
      vertex -3.794062e+01 4.469655e+00 2.540000e+00
    endloop
  endfacet
  facet normal 1.496745e-01 3.743792e-01 9.151163e-01
    outer loop
      vertex -3.806522e+01 4.345011e+00 2.611106e+00
      vertex -3.789570e+01 4.273016e+00 2.612833e+00
      vertex -3.789570e+01 4.451046e+00 2.540000e+00
    endloop
  endfacet
  facet normal 1.224647e-16 6.123234e-17 -1.000000e+00
    outer loop
      vertex -2.560540e+01 -3.274386e+01 5.080003e-01
      vertex -2.661201e+01 -3.267896e+01 5.080003e-01
      vertex -2.563195e+01 -3.267896e+01 5.080003e-01
    endloop
  endfacet
  facet normal 3.697519e-01 1.531561e-01 9.164206e-01
    outer loop
      vertex -3.806522e+01 4.345011e+00 2.611106e+00
      vertex -3.794062e+01 4.469655e+00 2.540000e+00
      vertex -3.795920e+01 4.514517e+00 2.540000e+00
    endloop
  endfacet
  facet normal -1.224647e-16 -6.123234e-17 1.000000e+00
    outer loop
      vertex 3.795920e+01 2.001189e+01 2.540000e+00
      vertex -3.795920e+01 2.001189e+01 2.540000e+00
      vertex -3.795920e+01 4.514517e+00 2.540000e+00
    endloop
  endfacet
  facet normal 1.908459e-01 -6.010689e-17 9.816200e-01
    outer loop
      vertex -3.805435e+01 2.001189e+01 2.558500e+00
      vertex -3.795920e+01 4.514517e+00 2.540000e+00
      vertex -3.795920e+01 2.001189e+01 2.540000e+00
    endloop
  endfacet
  facet normal 3.746066e-01 -8.763067e-12 9.271839e-01
    outer loop
      vertex -3.813564e+01 2.001189e+01 2.611288e+00
      vertex -3.813564e+01 4.514517e+00 2.611288e+00
      vertex -3.795920e+01 4.514517e+00 2.540000e+00
    endloop
  endfacet
  facet normal 3.702066e-01 1.528184e-01 9.162934e-01
    outer loop
      vertex -3.806522e+01 4.345011e+00 2.611106e+00
      vertex -3.795920e+01 4.514517e+00 2.540000e+00
      vertex -3.813564e+01 4.514517e+00 2.611288e+00
    endloop
  endfacet
  facet normal 5.446197e-01 2.342778e-03 8.386799e-01
    outer loop
      vertex -3.805435e+01 2.001189e+01 2.558500e+00
      vertex -3.813564e+01 2.001189e+01 2.611288e+00
      vertex -3.795920e+01 4.514517e+00 2.540000e+00
    endloop
  endfacet
  facet normal -1.224647e-16 -6.123234e-17 1.000000e+00
    outer loop
      vertex 3.794036e+01 2.005324e+01 2.540000e+00
      vertex -3.794036e+01 2.005324e+01 2.540000e+00
      vertex -3.795920e+01 2.001189e+01 2.540000e+00
    endloop
  endfacet
  facet normal 5.229396e-01 -2.382799e-01 8.183867e-01
    outer loop
      vertex -3.796457e+01 2.027298e+01 2.619448e+00
      vertex -3.795920e+01 2.001189e+01 2.540000e+00
      vertex -3.794036e+01 2.005324e+01 2.540000e+00
    endloop
  endfacet
  facet normal -1.224647e-16 -6.123234e-17 1.000000e+00
    outer loop
      vertex 3.795920e+01 2.001189e+01 2.540000e+00
      vertex 3.794036e+01 2.005324e+01 2.540000e+00
      vertex -3.795920e+01 2.001189e+01 2.540000e+00
    endloop
  endfacet
  facet normal 1.830581e-01 -2.827531e-01 9.415628e-01
    outer loop
      vertex -3.796457e+01 2.027298e+01 2.619448e+00
      vertex -3.805435e+01 2.001189e+01 2.558500e+00
      vertex -3.795920e+01 2.001189e+01 2.540000e+00
    endloop
  endfacet
  facet normal -1.224647e-16 -6.123234e-17 1.000000e+00
    outer loop
      vertex 3.789788e+01 2.007375e+01 2.540000e+00
      vertex -3.789788e+01 2.007375e+01 2.540000e+00
      vertex -3.794036e+01 2.005324e+01 2.540000e+00
    endloop
  endfacet
  facet normal 1.548946e-01 -3.207779e-01 9.344031e-01
    outer loop
      vertex -3.796457e+01 2.027298e+01 2.619448e+00
      vertex -3.794036e+01 2.005324e+01 2.540000e+00
      vertex -3.789788e+01 2.007375e+01 2.540000e+00
    endloop
  endfacet
  facet normal -1.224647e-16 -6.123234e-17 1.000000e+00
    outer loop
      vertex 3.794036e+01 2.005324e+01 2.540000e+00
      vertex 3.789788e+01 2.007375e+01 2.540000e+00
      vertex -3.794036e+01 2.005324e+01 2.540000e+00
    endloop
  endfacet
  facet normal -1.345713e-16 -1.942453e-01 9.809530e-01
    outer loop
      vertex 3.789919e+01 2.019473e+01 2.563957e+00
      vertex -3.789788e+01 2.007375e+01 2.540000e+00
      vertex 3.789788e+01 2.007375e+01 2.540000e+00
    endloop
  endfacet
  facet normal -1.201321e-16 -1.942453e-01 9.809530e-01
    outer loop
      vertex -3.789919e+01 2.019473e+01 2.563957e+00
      vertex -3.789788e+01 2.007375e+01 2.540000e+00
      vertex 3.789919e+01 2.019473e+01 2.563957e+00
    endloop
  endfacet
  facet normal 5.200145e-01 -1.604842e-01 8.389456e-01
    outer loop
      vertex -3.796457e+01 2.027298e+01 2.619448e+00
      vertex -3.789788e+01 2.007375e+01 2.540000e+00
      vertex -3.789919e+01 2.019473e+01 2.563957e+00
    endloop
  endfacet
  facet normal -3.617972e-01 -7.492616e-01 5.547160e-01
    outer loop
      vertex 3.805435e+01 2.001189e+01 2.558500e+00
      vertex 3.789788e+01 2.007375e+01 2.540000e+00
      vertex 3.794036e+01 2.005324e+01 2.540000e+00
    endloop
  endfacet
  facet normal -5.200143e-01 -1.604842e-01 8.389457e-01
    outer loop
      vertex 3.796457e+01 2.027298e+01 2.619448e+00
      vertex 3.789919e+01 2.019473e+01 2.563957e+00
      vertex 3.789788e+01 2.007375e+01 2.540000e+00
    endloop
  endfacet
  facet normal -2.262158e-01 -2.945400e-01 9.284787e-01
    outer loop
      vertex 3.796457e+01 2.027298e+01 2.619448e+00
      vertex 3.789788e+01 2.007375e+01 2.540000e+00
      vertex 3.805435e+01 2.001189e+01 2.558500e+00
    endloop
  endfacet
  facet normal -1.901284e-01 -8.663292e-02 9.779294e-01
    outer loop
      vertex 3.805435e+01 2.001189e+01 2.558500e+00
      vertex 3.794036e+01 2.005324e+01 2.540000e+00
      vertex 3.795920e+01 2.001189e+01 2.540000e+00
    endloop
  endfacet
  facet normal -1.908454e-01 2.420828e-03 9.816171e-01
    outer loop
      vertex 3.805435e+01 2.001189e+01 2.558500e+00
      vertex 3.795920e+01 2.001189e+01 2.540000e+00
      vertex 3.813723e+01 4.514517e+00 2.612831e+00
    endloop
  endfacet
  facet normal 3.779557e-01 6.015451e-02 9.238674e-01
    outer loop
      vertex 3.130018e+00 -1.371600e+01 2.612832e+00
      vertex 3.308046e+00 -1.371600e+01 2.540000e+00
      vertex 3.144593e+00 -1.268901e+01 2.540000e+00
    endloop
  endfacet
  facet normal 1.489757e-01 -2.368675e-02 9.885571e-01
    outer loop
      vertex 2.532238e+00 -1.555578e+01 2.612832e+00
      vertex 3.144922e+00 -1.474196e+01 2.540000e+00
      vertex 3.308046e+00 -1.371600e+01 2.540000e+00
    endloop
  endfacet
  facet normal 3.758080e-01 -1.221074e-01 9.186175e-01
    outer loop
      vertex 2.532238e+00 -1.555578e+01 2.612832e+00
      vertex 3.308046e+00 -1.371600e+01 2.540000e+00
      vertex 3.130018e+00 -1.371600e+01 2.612832e+00
    endloop
  endfacet
  facet normal 3.427864e-01 1.755604e-01 9.228629e-01
    outer loop
      vertex 2.532238e+00 -1.187622e+01 2.612832e+00
      vertex 3.144593e+00 -1.268901e+01 2.540000e+00
      vertex 2.671752e+00 -1.176578e+01 2.540000e+00
    endloop
  endfacet
  facet normal 2.042479e-01 6.636417e-02 9.766671e-01
    outer loop
      vertex 2.532238e+00 -1.187622e+01 2.612832e+00
      vertex 3.130018e+00 -1.371600e+01 2.612832e+00
      vertex 3.144593e+00 -1.268901e+01 2.540000e+00
    endloop
  endfacet
  facet normal 2.322271e-01 3.204273e-01 9.183664e-01
    outer loop
      vertex 9.672288e-01 -1.073918e+01 2.612832e+00
      vertex 2.671752e+00 -1.176578e+01 2.540000e+00
      vertex 1.021456e+00 -1.056974e+01 2.540000e+00
    endloop
  endfacet
  facet normal 2.299193e-01 3.164568e-01 9.203218e-01
    outer loop
      vertex 9.672288e-01 -1.073918e+01 2.612832e+00
      vertex 2.532238e+00 -1.187622e+01 2.612832e+00
      vertex 2.671752e+00 -1.176578e+01 2.540000e+00
    endloop
  endfacet
  facet normal -1.408412e-04 3.962963e-01 9.181227e-01
    outer loop
      vertex -9.672288e-01 -1.073918e+01 2.612832e+00
      vertex 1.021456e+00 -1.056974e+01 2.540000e+00
      vertex -1.023672e+00 -1.057046e+01 2.540000e+00
    endloop
  endfacet
  facet normal 9.648321e-10 3.949015e-01 9.187234e-01
    outer loop
      vertex -9.672288e-01 -1.073918e+01 2.612832e+00
      vertex 9.672288e-01 -1.073918e+01 2.612832e+00
      vertex 1.021456e+00 -1.056974e+01 2.540000e+00
    endloop
  endfacet
  facet normal -2.316429e-01 3.191999e-01 9.189412e-01
    outer loop
      vertex -9.672288e-01 -1.073918e+01 2.612832e+00
      vertex -1.023672e+00 -1.057046e+01 2.540000e+00
      vertex -2.672812e+00 -1.176724e+01 2.540000e+00
    endloop
  endfacet
  facet normal -3.424278e-01 1.751876e-01 9.230669e-01
    outer loop
      vertex -2.532238e+00 -1.187622e+01 2.612832e+00
      vertex -2.672812e+00 -1.176724e+01 2.540000e+00
      vertex -3.144922e+00 -1.269005e+01 2.540000e+00
    endloop
  endfacet
  facet normal -2.305607e-01 3.173395e-01 9.198573e-01
    outer loop
      vertex -2.532238e+00 -1.187622e+01 2.612832e+00
      vertex -9.672288e-01 -1.073918e+01 2.612832e+00
      vertex -2.672812e+00 -1.176724e+01 2.540000e+00
    endloop
  endfacet
  facet normal -1.489757e-01 2.368675e-02 9.885571e-01
    outer loop
      vertex -2.532238e+00 -1.187622e+01 2.612832e+00
      vertex -3.144922e+00 -1.269005e+01 2.540000e+00
      vertex -3.308046e+00 -1.371600e+01 2.540000e+00
    endloop
  endfacet
  facet normal -3.779557e-01 -6.015451e-02 9.238674e-01
    outer loop
      vertex -3.130018e+00 -1.371600e+01 2.612832e+00
      vertex -3.308046e+00 -1.371600e+01 2.540000e+00
      vertex -3.144593e+00 -1.474299e+01 2.540000e+00
    endloop
  endfacet
  facet normal -3.758080e-01 1.221074e-01 9.186175e-01
    outer loop
      vertex -3.130018e+00 -1.371600e+01 2.612832e+00
      vertex -2.532238e+00 -1.187622e+01 2.612832e+00
      vertex -3.308046e+00 -1.371600e+01 2.540000e+00
    endloop
  endfacet
  facet normal -3.427864e-01 -1.755604e-01 9.228629e-01
    outer loop
      vertex -2.532238e+00 -1.555578e+01 2.612832e+00
      vertex -3.144593e+00 -1.474299e+01 2.540000e+00
      vertex -2.671752e+00 -1.566623e+01 2.540000e+00
    endloop
  endfacet
  facet normal -2.042479e-01 -6.636417e-02 9.766671e-01
    outer loop
      vertex -2.532238e+00 -1.555578e+01 2.612832e+00
      vertex -3.130018e+00 -1.371600e+01 2.612832e+00
      vertex -3.144593e+00 -1.474299e+01 2.540000e+00
    endloop
  endfacet
  facet normal -2.322271e-01 -3.204273e-01 9.183664e-01
    outer loop
      vertex -9.672288e-01 -1.669282e+01 2.612832e+00
      vertex -2.671752e+00 -1.566623e+01 2.540000e+00
      vertex -1.021456e+00 -1.686227e+01 2.540000e+00
    endloop
  endfacet
  facet normal -2.299193e-01 -3.164568e-01 9.203218e-01
    outer loop
      vertex -9.672288e-01 -1.669282e+01 2.612832e+00
      vertex -2.532238e+00 -1.555578e+01 2.612832e+00
      vertex -2.671752e+00 -1.566623e+01 2.540000e+00
    endloop
  endfacet
  facet normal 1.408412e-04 -3.962963e-01 9.181227e-01
    outer loop
      vertex 9.672288e-01 -1.669282e+01 2.612832e+00
      vertex -1.021456e+00 -1.686227e+01 2.540000e+00
      vertex 1.023672e+00 -1.686154e+01 2.540000e+00
    endloop
  endfacet
  facet normal -9.712150e-10 -3.949015e-01 9.187234e-01
    outer loop
      vertex 9.672288e-01 -1.669282e+01 2.612832e+00
      vertex -9.672288e-01 -1.669282e+01 2.612832e+00
      vertex -1.021456e+00 -1.686227e+01 2.540000e+00
    endloop
  endfacet
  facet normal 2.316429e-01 -3.191999e-01 9.189412e-01
    outer loop
      vertex 9.672288e-01 -1.669282e+01 2.612832e+00
      vertex 1.023672e+00 -1.686154e+01 2.540000e+00
      vertex 2.672812e+00 -1.566476e+01 2.540000e+00
    endloop
  endfacet
  facet normal 3.424278e-01 -1.751876e-01 9.230669e-01
    outer loop
      vertex 2.532238e+00 -1.555578e+01 2.612832e+00
      vertex 2.672812e+00 -1.566476e+01 2.540000e+00
      vertex 3.144922e+00 -1.474196e+01 2.540000e+00
    endloop
  endfacet
  facet normal 2.305607e-01 -3.173395e-01 9.198573e-01
    outer loop
      vertex 2.532238e+00 -1.555578e+01 2.612832e+00
      vertex 9.672288e-01 -1.669282e+01 2.612832e+00
      vertex 2.672812e+00 -1.566476e+01 2.540000e+00
    endloop
  endfacet
  facet normal -9.737215e-01 -1.394517e-17 2.277420e-01
    outer loop
      vertex 3.692226e+01 4.349549e+01 2.689655e+00
      vertex 3.694459e+01 4.164359e+01 2.785135e+00
      vertex 3.694459e+01 4.349087e+01 2.785135e+00
    endloop
  endfacet
  facet normal -8.338700e-01 3.730471e-01 4.068129e-01
    outer loop
      vertex 3.858546e+01 4.734831e+01 2.611258e+00
      vertex 3.694459e+01 4.349087e+01 2.785135e+00
      vertex 3.875658e+01 4.754119e+01 2.785135e+00
    endloop
  endfacet
  facet normal -8.923326e-01 3.898346e-01 2.275333e-01
    outer loop
      vertex 3.858546e+01 4.734831e+01 2.611258e+00
      vertex 3.692226e+01 4.349549e+01 2.689655e+00
      vertex 3.694459e+01 4.349087e+01 2.785135e+00
    endloop
  endfacet
  facet normal -1.373147e-15 -9.654526e-01 2.605785e-01
    outer loop
      vertex 3.691391e+01 4.161325e+01 2.672702e+00
      vertex 3.795920e+01 4.164359e+01 2.785135e+00
      vertex 3.694459e+01 4.164359e+01 2.785135e+00
    endloop
  endfacet
  facet normal -9.648581e-01 1.912609e-03 2.627647e-01
    outer loop
      vertex 3.691391e+01 4.161325e+01 2.672702e+00
      vertex 3.694459e+01 4.164359e+01 2.785135e+00
      vertex 3.692226e+01 4.349549e+01 2.689655e+00
    endloop
  endfacet
  facet normal -7.959166e-01 5.920305e-01 1.265569e-01
    outer loop
      vertex 3.858546e+01 4.734831e+01 2.611258e+00
      vertex 3.875658e+01 4.754119e+01 2.785135e+00
      vertex 3.887302e+01 4.772941e+01 2.636958e+00
    endloop
  endfacet
  facet normal -2.307432e-01 2.826422e-01 9.310591e-01
    outer loop
      vertex 3.980278e+01 3.223305e+01 8.801914e+00
      vertex 3.995116e+01 3.206402e+01 8.890000e+00
      vertex 3.994814e+01 3.234626e+01 8.803573e+00
    endloop
  endfacet
  facet normal -1.212360e-15 -6.123234e-17 1.000000e+00
    outer loop
      vertex 3.978945e+01 2.549157e+00 8.890000e+00
      vertex 3.995116e+01 2.479966e+00 8.890000e+00
      vertex 3.995116e+01 3.206402e+01 8.890000e+00
    endloop
  endfacet
  facet normal -1.496674e-01 3.504274e-01 9.245541e-01
    outer loop
      vertex 3.980278e+01 3.223305e+01 8.801914e+00
      vertex 3.978874e+01 3.199465e+01 8.890000e+00
      vertex 3.995116e+01 3.206402e+01 8.890000e+00
    endloop
  endfacet
  facet normal -1.232612e-16 -6.719947e-17 1.000000e+00
    outer loop
      vertex 3.962277e+01 2.571403e+00 8.890000e+00
      vertex 3.978945e+01 2.549157e+00 8.890000e+00
      vertex 3.995116e+01 3.206402e+01 8.890000e+00
    endloop
  endfacet
  facet normal -1.411801e-16 -7.375041e-17 1.000000e+00
    outer loop
      vertex 3.833279e+01 2.040412e+01 8.890000e+00
      vertex 3.840224e+01 2.030028e+01 8.890000e+00
      vertex 3.995116e+01 3.206402e+01 8.890000e+00
    endloop
  endfacet
  facet normal -1.476257e-16 -7.806165e-17 1.000000e+00
    outer loop
      vertex 3.833279e+01 2.401092e+01 8.890000e+00
      vertex 3.840224e+01 2.390708e+01 8.890000e+00
      vertex 3.995116e+01 3.206402e+01 8.890000e+00
    endloop
  endfacet
  facet normal -1.308062e-16 -8.144173e-17 1.000000e+00
    outer loop
      vertex 3.810873e+01 2.410340e+01 8.890000e+00
      vertex 3.833279e+01 2.401092e+01 8.890000e+00
      vertex 3.995116e+01 3.206402e+01 8.890000e+00
    endloop
  endfacet
  facet normal -7.007891e-16 5.047675e-17 1.000000e+00
    outer loop
      vertex 3.840224e+01 2.562292e+01 8.890000e+00
      vertex 3.810873e+01 2.410340e+01 8.890000e+00
      vertex 3.995116e+01 3.206402e+01 8.890000e+00
    endloop
  endfacet
  facet normal -9.468027e-01 1.906346e-01 2.592740e-01
    outer loop
      vertex 3.991636e+01 3.248586e+01 8.584853e+00
      vertex 3.994814e+01 3.234626e+01 8.803573e+00
      vertex 3.994046e+01 3.260730e+01 8.583580e+00
    endloop
  endfacet
  facet normal -7.483604e-01 5.044197e-01 4.307174e-01
    outer loop
      vertex 3.984471e+01 3.238012e+01 8.584200e+00
      vertex 3.994814e+01 3.234626e+01 8.803573e+00
      vertex 3.991636e+01 3.248586e+01 8.584853e+00
    endloop
  endfacet
  facet normal -5.707061e-01 7.272296e-01 3.813550e-01
    outer loop
      vertex 3.980278e+01 3.223305e+01 8.801914e+00
      vertex 3.994814e+01 3.234626e+01 8.803573e+00
      vertex 3.984471e+01 3.238012e+01 8.584200e+00
    endloop
  endfacet
  facet normal -9.231783e-01 3.823973e-01 3.891287e-02
    outer loop
      vertex 3.964502e+01 3.248415e+01 2.784601e+00
      vertex 3.994046e+01 3.260730e+01 8.583580e+00
      vertex 3.973798e+01 3.270852e+01 2.785135e+00
    endloop
  endfacet
  facet normal -9.797472e-01 1.949357e-01 4.577599e-02
    outer loop
      vertex 3.991636e+01 3.248586e+01 8.584853e+00
      vertex 3.994046e+01 3.260730e+01 8.583580e+00
      vertex 3.964502e+01 3.248415e+01 2.784601e+00
    endloop
  endfacet
  facet normal -9.993908e-01 -2.136978e-18 3.489950e-02
    outer loop
      vertex 3.994046e+01 4.003669e+01 8.583580e+00
      vertex 3.973798e+01 3.993548e+01 2.785135e+00
      vertex 3.973798e+01 3.270852e+01 2.785135e+00
    endloop
  endfacet
  facet normal -9.135454e-01 -2.490544e-17 4.067366e-01
    outer loop
      vertex 3.966057e+01 3.993548e+01 2.611288e+00
      vertex 3.973798e+01 3.270852e+01 2.785135e+00
      vertex 3.973798e+01 3.993548e+01 2.785135e+00
    endloop
  endfacet
  facet normal -8.546643e-01 3.531963e-01 3.805277e-01
    outer loop
      vertex 3.966057e+01 3.270852e+01 2.611285e+00
      vertex 3.964502e+01 3.248415e+01 2.784601e+00
      vertex 3.973798e+01 3.270852e+01 2.785135e+00
    endloop
  endfacet
  facet normal -9.135424e-01 1.967386e-07 4.067435e-01
    outer loop
      vertex 3.966057e+01 3.270852e+01 2.611285e+00
      vertex 3.973798e+01 3.270852e+01 2.785135e+00
      vertex 3.966057e+01 3.993548e+01 2.611288e+00
    endloop
  endfacet
  facet normal -9.244494e-01 -3.793150e-01 3.890345e-02
    outer loop
      vertex 3.984904e+01 4.025958e+01 8.584276e+00
      vertex 3.973798e+01 3.993548e+01 2.785135e+00
      vertex 3.994046e+01 4.003669e+01 8.583580e+00
    endloop
  endfacet
  facet normal -9.245104e-01 -3.791669e-01 3.889634e-02
    outer loop
      vertex 3.984904e+01 4.025958e+01 8.584276e+00
      vertex 3.964658e+01 4.015827e+01 2.784579e+00
      vertex 3.973798e+01 3.993548e+01 2.785135e+00
    endloop
  endfacet
  facet normal -8.557305e-01 -3.500964e-01 3.809958e-01
    outer loop
      vertex 3.966057e+01 3.993548e+01 2.611288e+00
      vertex 3.973798e+01 3.993548e+01 2.785135e+00
      vertex 3.964658e+01 4.015827e+01 2.784579e+00
    endloop
  endfacet
  facet normal -8.322516e-01 -3.427358e-01 4.357630e-01
    outer loop
      vertex 3.984904e+01 4.025958e+01 8.584276e+00
      vertex 3.994046e+01 4.003669e+01 8.583580e+00
      vertex 3.994814e+01 4.029776e+01 8.803587e+00
    endloop
  endfacet
  facet normal 1.224647e-16 6.123234e-17 -1.000000e+00
    outer loop
      vertex -2.710316e+01 -3.500076e+01 5.080003e-01
      vertex -2.813325e+01 -3.489257e+01 5.080003e-01
      vertex -2.708161e+01 -3.489257e+01 5.080003e-01
    endloop
  endfacet
  facet normal -5.700737e-01 -7.262988e-01 3.840651e-01
    outer loop
      vertex 3.980285e+01 4.041092e+01 8.801915e+00
      vertex 3.984904e+01 4.025958e+01 8.584276e+00
      vertex 3.994814e+01 4.029776e+01 8.803587e+00
    endloop
  endfacet
  facet normal -2.308234e-01 -2.826235e-01 9.310448e-01
    outer loop
      vertex 3.980285e+01 4.041092e+01 8.801915e+00
      vertex 3.994814e+01 4.029776e+01 8.803587e+00
      vertex 3.995116e+01 4.057997e+01 8.890000e+00
    endloop
  endfacet
  facet normal -1.094239e-15 2.148423e-16 1.000000e+00
    outer loop
      vertex 3.978945e+01 4.064916e+01 8.890000e+00
      vertex 3.995116e+01 4.057997e+01 8.890000e+00
      vertex 3.995116e+01 4.185678e+01 8.890000e+00
    endloop
  endfacet
  facet normal -1.498692e-01 -3.502772e-01 9.245783e-01
    outer loop
      vertex 3.980285e+01 4.041092e+01 8.801915e+00
      vertex 3.995116e+01 4.057997e+01 8.890000e+00
      vertex 3.978945e+01 4.064916e+01 8.890000e+00
    endloop
  endfacet
  facet normal -1.033263e-16 8.215084e-17 1.000000e+00
    outer loop
      vertex 3.978945e+01 4.064916e+01 8.890000e+00
      vertex 3.995116e+01 4.185678e+01 8.890000e+00
      vertex 3.962277e+01 4.067140e+01 8.890000e+00
    endloop
  endfacet
  facet normal -1.943320e-17 9.286558e-17 1.000000e+00
    outer loop
      vertex 3.826923e+01 4.183760e+01 8.890000e+00
      vertex 3.835228e+01 4.178207e+01 8.890000e+00
      vertex 3.995116e+01 4.185678e+01 8.890000e+00
    endloop
  endfacet
  facet normal -2.338077e-17 4.389588e-16 1.000000e+00
    outer loop
      vertex 3.817239e+01 4.185678e+01 8.890000e+00
      vertex 3.826923e+01 4.183760e+01 8.890000e+00
      vertex 3.995116e+01 4.185678e+01 8.890000e+00
    endloop
  endfacet
  facet normal 4.411634e-17 -3.525276e-18 1.000000e+00
    outer loop
      vertex 3.833284e+01 -4.557280e+01 8.890000e+00
      vertex 3.995116e+01 -4.719016e+01 8.890000e+00
      vertex 3.995116e+01 -4.413598e+01 8.890000e+00
    endloop
  endfacet
  facet normal -2.344019e-01 2.794882e-01 9.310972e-01
    outer loop
      vertex 3.980285e+01 -4.396692e+01 8.801915e+00
      vertex 3.995116e+01 -4.413598e+01 8.890000e+00
      vertex 3.994821e+01 -4.385702e+01 8.805521e+00
    endloop
  endfacet
  facet normal 4.135289e-16 -4.196032e-16 1.000000e+00
    outer loop
      vertex 3.840225e+01 -4.546898e+01 8.890000e+00
      vertex 3.833284e+01 -4.557280e+01 8.890000e+00
      vertex 3.995116e+01 -4.413598e+01 8.890000e+00
    endloop
  endfacet
  facet normal -1.496645e-01 3.504208e-01 9.245570e-01
    outer loop
      vertex 3.980285e+01 -4.396692e+01 8.801915e+00
      vertex 3.978874e+01 -4.420535e+01 8.890000e+00
      vertex 3.995116e+01 -4.413598e+01 8.890000e+00
    endloop
  endfacet
  facet normal 1.224647e-16 6.123234e-17 -1.000000e+00
    outer loop
      vertex -2.641047e+01 -3.430085e+01 5.080003e-01
      vertex -2.811173e+01 -3.429424e+01 5.080003e-01
      vertex -2.634855e+01 -3.420930e+01 5.080003e-01
    endloop
  endfacet
  facet normal -9.993908e-01 6.096109e-16 3.489950e-02
    outer loop
      vertex 3.995116e+01 -3.562003e+01 8.890000e+00
      vertex 3.994046e+01 -4.359270e+01 8.583580e+00
      vertex 3.994821e+01 -4.385702e+01 8.805521e+00
    endloop
  endfacet
  facet normal -9.465954e-01 1.906017e-01 2.600540e-01
    outer loop
      vertex 3.991636e+01 -4.371414e+01 8.584853e+00
      vertex 3.994821e+01 -4.385702e+01 8.805521e+00
      vertex 3.994046e+01 -4.359270e+01 8.583580e+00
    endloop
  endfacet
  facet normal -7.471111e-01 5.035536e-01 4.338878e-01
    outer loop
      vertex 3.984471e+01 -4.381988e+01 8.584200e+00
      vertex 3.994821e+01 -4.385702e+01 8.805521e+00
      vertex 3.991636e+01 -4.371414e+01 8.584853e+00
    endloop
  endfacet
  facet normal -5.624743e-01 7.313060e-01 3.857644e-01
    outer loop
      vertex 3.980285e+01 -4.396692e+01 8.801915e+00
      vertex 3.994821e+01 -4.385702e+01 8.805521e+00
      vertex 3.984471e+01 -4.381988e+01 8.584200e+00
    endloop
  endfacet
  facet normal -9.993908e-01 9.598843e-17 3.489950e-02
    outer loop
      vertex 3.994814e+01 -3.590226e+01 8.803573e+00
      vertex 3.973798e+01 -4.349149e+01 2.785135e+00
      vertex 3.994046e+01 -4.359270e+01 8.583580e+00
    endloop
  endfacet
  facet normal -9.231783e-01 3.823973e-01 3.891287e-02
    outer loop
      vertex 3.964502e+01 -4.371585e+01 2.784601e+00
      vertex 3.994046e+01 -4.359270e+01 8.583580e+00
      vertex 3.973798e+01 -4.349149e+01 2.785135e+00
    endloop
  endfacet
  facet normal -9.993908e-01 -1.197356e-16 3.489950e-02
    outer loop
      vertex 3.995116e+01 -3.562003e+01 8.890000e+00
      vertex 3.994814e+01 -3.590226e+01 8.803573e+00
      vertex 3.994046e+01 -4.359270e+01 8.583580e+00
    endloop
  endfacet
  facet normal -9.797472e-01 1.949357e-01 4.577599e-02
    outer loop
      vertex 3.991636e+01 -4.371414e+01 8.584853e+00
      vertex 3.994046e+01 -4.359270e+01 8.583580e+00
      vertex 3.964502e+01 -4.371585e+01 2.784601e+00
    endloop
  endfacet
  facet normal -9.993908e-01 -2.136978e-18 3.489950e-02
    outer loop
      vertex 3.994046e+01 -3.616331e+01 8.583580e+00
      vertex 3.973798e+01 -3.626452e+01 2.785135e+00
      vertex 3.973798e+01 -4.349149e+01 2.785135e+00
    endloop
  endfacet
  facet normal -9.135454e-01 -2.490544e-17 4.067366e-01
    outer loop
      vertex 3.966057e+01 -3.626452e+01 2.611288e+00
      vertex 3.973798e+01 -4.349149e+01 2.785135e+00
      vertex 3.973798e+01 -3.626452e+01 2.785135e+00
    endloop
  endfacet
  facet normal -9.993908e-01 1.499372e-14 3.489950e-02
    outer loop
      vertex 3.994814e+01 -3.590226e+01 8.803573e+00
      vertex 3.994046e+01 -3.616331e+01 8.583580e+00
      vertex 3.973798e+01 -4.349149e+01 2.785135e+00
    endloop
  endfacet
  facet normal 1.224647e-16 6.123234e-17 -1.000000e+00
    outer loop
      vertex -2.761816e+01 -2.858757e+01 5.080003e-01
      vertex -2.167501e+01 -2.866589e+01 5.080003e-01
      vertex -2.770903e+01 -2.866775e+01 5.080003e-01
    endloop
  endfacet
  facet normal -8.546643e-01 3.531963e-01 3.805277e-01
    outer loop
      vertex 3.966057e+01 -4.349149e+01 2.611285e+00
      vertex 3.964502e+01 -4.371585e+01 2.784601e+00
      vertex 3.973798e+01 -4.349149e+01 2.785135e+00
    endloop
  endfacet
  facet normal -9.135424e-01 1.967386e-07 4.067435e-01
    outer loop
      vertex 3.966057e+01 -4.349149e+01 2.611285e+00
      vertex 3.973798e+01 -4.349149e+01 2.785135e+00
      vertex 3.966057e+01 -3.626452e+01 2.611288e+00
    endloop
  endfacet
  facet normal -9.244494e-01 -3.793150e-01 3.890345e-02
    outer loop
      vertex 3.984904e+01 -3.594042e+01 8.584276e+00
      vertex 3.973798e+01 -3.626452e+01 2.785135e+00
      vertex 3.994046e+01 -3.616331e+01 8.583580e+00
    endloop
  endfacet
  facet normal -9.245104e-01 -3.791669e-01 3.889634e-02
    outer loop
      vertex 3.984904e+01 -3.594042e+01 8.584276e+00
      vertex 3.964658e+01 -3.604173e+01 2.784579e+00
      vertex 3.973798e+01 -3.626452e+01 2.785135e+00
    endloop
  endfacet
  facet normal -8.557305e-01 -3.500964e-01 3.809958e-01
    outer loop
      vertex 3.966057e+01 -3.626452e+01 2.611288e+00
      vertex 3.973798e+01 -3.626452e+01 2.785135e+00
      vertex 3.964658e+01 -3.604173e+01 2.784579e+00
    endloop
  endfacet
  facet normal -8.322530e-01 -3.427364e-01 4.357599e-01
    outer loop
      vertex 3.984904e+01 -3.594042e+01 8.584276e+00
      vertex 3.994046e+01 -3.616331e+01 8.583580e+00
      vertex 3.994814e+01 -3.590226e+01 8.803573e+00
    endloop
  endfacet
  facet normal 1.224647e-16 6.123234e-17 -1.000000e+00
    outer loop
      vertex -2.770903e+01 -2.866775e+01 5.080003e-01
      vertex -2.167501e+01 -2.866589e+01 5.080003e-01
      vertex -2.161399e+01 -2.879182e+01 5.080003e-01
    endloop
  endfacet
  facet normal -5.700663e-01 -7.263243e-01 3.840278e-01
    outer loop
      vertex 3.980280e+01 -3.578906e+01 8.801914e+00
      vertex 3.984904e+01 -3.594042e+01 8.584276e+00
      vertex 3.994814e+01 -3.590226e+01 8.803573e+00
    endloop
  endfacet
  facet normal -2.307638e-01 -2.826514e-01 9.310512e-01
    outer loop
      vertex 3.980280e+01 -3.578906e+01 8.801914e+00
      vertex 3.994814e+01 -3.590226e+01 8.803573e+00
      vertex 3.995116e+01 -3.562003e+01 8.890000e+00
    endloop
  endfacet
  facet normal -1.212360e-15 -6.123234e-17 1.000000e+00
    outer loop
      vertex 3.978945e+01 -3.555084e+01 8.890000e+00
      vertex 3.995116e+01 -3.562003e+01 8.890000e+00
      vertex 3.995116e+01 -6.035978e+00 8.890000e+00
    endloop
  endfacet
  facet normal -1.498714e-01 -3.502823e-01 9.245760e-01
    outer loop
      vertex 3.980280e+01 -3.578906e+01 8.801914e+00
      vertex 3.995116e+01 -3.562003e+01 8.890000e+00
      vertex 3.978945e+01 -3.555084e+01 8.890000e+00
    endloop
  endfacet
  facet normal -2.305639e-01 2.827259e-01 9.310781e-01
    outer loop
      vertex 3.980261e+01 -5.867026e+00 8.801912e+00
      vertex 3.995116e+01 -6.035978e+00 8.890000e+00
      vertex 3.994814e+01 -5.753703e+00 8.803538e+00
    endloop
  endfacet
  facet normal -1.496740e-01 3.504429e-01 9.245472e-01
    outer loop
      vertex 3.980261e+01 -5.867026e+00 8.801912e+00
      vertex 3.978874e+01 -6.105353e+00 8.890000e+00
      vertex 3.995116e+01 -6.035978e+00 8.890000e+00
    endloop
  endfacet
  facet normal -1.232612e-16 -6.719947e-17 1.000000e+00
    outer loop
      vertex 3.962277e+01 -3.552859e+01 8.890000e+00
      vertex 3.978945e+01 -3.555084e+01 8.890000e+00
      vertex 3.995116e+01 -6.035978e+00 8.890000e+00
    endloop
  endfacet
  facet normal -9.468024e-01 1.906346e-01 2.592752e-01
    outer loop
      vertex 3.991636e+01 -5.614141e+00 8.584853e+00
      vertex 3.994814e+01 -5.753703e+00 8.803538e+00
      vertex 3.994046e+01 -5.492697e+00 8.583580e+00
    endloop
  endfacet
  facet normal -7.483694e-01 5.044259e-01 4.306944e-01
    outer loop
      vertex 3.984471e+01 -5.719876e+00 8.584200e+00
      vertex 3.994814e+01 -5.753703e+00 8.803538e+00
      vertex 3.991636e+01 -5.614141e+00 8.584853e+00
    endloop
  endfacet
  facet normal -5.706417e-01 7.273284e-01 3.812631e-01
    outer loop
      vertex 3.980261e+01 -5.867026e+00 8.801912e+00
      vertex 3.994814e+01 -5.753703e+00 8.803538e+00
      vertex 3.984471e+01 -5.719876e+00 8.584200e+00
    endloop
  endfacet
  facet normal -9.993908e-01 -1.663052e-17 3.489950e-02
    outer loop
      vertex 3.994814e+01 2.197761e+00 8.803587e+00
      vertex 3.973798e+01 -5.391486e+00 2.785135e+00
      vertex 3.994046e+01 -5.492697e+00 8.583580e+00
    endloop
  endfacet
  facet normal -9.231783e-01 3.823973e-01 3.891287e-02
    outer loop
      vertex 3.964502e+01 -5.615848e+00 2.784601e+00
      vertex 3.994046e+01 -5.492697e+00 8.583580e+00
      vertex 3.973798e+01 -5.391486e+00 2.785135e+00
    endloop
  endfacet
  facet normal -9.993908e-01 -5.553278e-16 3.489950e-02
    outer loop
      vertex 3.995116e+01 2.479966e+00 8.890000e+00
      vertex 3.994814e+01 2.197761e+00 8.803587e+00
      vertex 3.994046e+01 -5.492697e+00 8.583580e+00
    endloop
  endfacet
  facet normal -9.797472e-01 1.949357e-01 4.577599e-02
    outer loop
      vertex 3.991636e+01 -5.614141e+00 8.584853e+00
      vertex 3.994046e+01 -5.492697e+00 8.583580e+00
      vertex 3.964502e+01 -5.615848e+00 2.784601e+00
    endloop
  endfacet
  facet normal -9.993908e-01 -2.136978e-18 3.489950e-02
    outer loop
      vertex 3.994046e+01 1.936694e+00 8.583580e+00
      vertex 3.973798e+01 1.835483e+00 2.785135e+00
      vertex 3.973798e+01 -5.391486e+00 2.785135e+00
    endloop
  endfacet
  facet normal -9.135454e-01 -2.490544e-17 4.067366e-01
    outer loop
      vertex 3.966057e+01 1.835483e+00 2.611288e+00
      vertex 3.973798e+01 -5.391486e+00 2.785135e+00
      vertex 3.973798e+01 1.835483e+00 2.785135e+00
    endloop
  endfacet
  facet normal -9.993908e-01 6.380217e-14 3.489950e-02
    outer loop
      vertex 3.994814e+01 2.197761e+00 8.803587e+00
      vertex 3.994046e+01 1.936694e+00 8.583580e+00
      vertex 3.973798e+01 -5.391486e+00 2.785135e+00
    endloop
  endfacet
  facet normal 1.224647e-16 6.123234e-17 -1.000000e+00
    outer loop
      vertex -2.761816e+01 -2.858757e+01 5.080003e-01
      vertex -2.749397e+01 -2.855898e+01 5.080003e-01
      vertex -2.176869e+01 -2.858543e+01 5.080003e-01
    endloop
  endfacet
  facet normal -8.546643e-01 3.531963e-01 3.805277e-01
    outer loop
      vertex 3.966057e+01 -5.391486e+00 2.611285e+00
      vertex 3.964502e+01 -5.615848e+00 2.784601e+00
      vertex 3.973798e+01 -5.391486e+00 2.785135e+00
    endloop
  endfacet
  facet normal -9.135424e-01 1.967386e-07 4.067435e-01
    outer loop
      vertex 3.966057e+01 -5.391486e+00 2.611285e+00
      vertex 3.973798e+01 -5.391486e+00 2.785135e+00
      vertex 3.966057e+01 1.835483e+00 2.611288e+00
    endloop
  endfacet
  facet normal -9.244494e-01 -3.793150e-01 3.890345e-02
    outer loop
      vertex 3.984904e+01 2.159576e+00 8.584276e+00
      vertex 3.973798e+01 1.835483e+00 2.785135e+00
      vertex 3.994046e+01 1.936694e+00 8.583580e+00
    endloop
  endfacet
  facet normal -9.245104e-01 -3.791669e-01 3.889634e-02
    outer loop
      vertex 3.984904e+01 2.159576e+00 8.584276e+00
      vertex 3.964658e+01 2.058271e+00 2.784579e+00
      vertex 3.973798e+01 1.835483e+00 2.785135e+00
    endloop
  endfacet
  facet normal -8.557305e-01 -3.500964e-01 3.809958e-01
    outer loop
      vertex 3.966057e+01 1.835483e+00 2.611288e+00
      vertex 3.973798e+01 1.835483e+00 2.785135e+00
      vertex 3.964658e+01 2.058271e+00 2.784579e+00
    endloop
  endfacet
  facet normal -8.322516e-01 -3.427358e-01 4.357630e-01
    outer loop
      vertex 3.984904e+01 2.159576e+00 8.584276e+00
      vertex 3.994046e+01 1.936694e+00 8.583580e+00
      vertex 3.994814e+01 2.197761e+00 8.803587e+00
    endloop
  endfacet
  facet normal 1.224647e-16 6.123234e-17 -1.000000e+00
    outer loop
      vertex -2.749397e+01 -2.855898e+01 5.080003e-01
      vertex -2.593306e+01 -2.855898e+01 5.080003e-01
      vertex -2.176869e+01 -2.858543e+01 5.080003e-01
    endloop
  endfacet
  facet normal -5.700737e-01 -7.262988e-01 3.840651e-01
    outer loop
      vertex 3.980285e+01 2.310918e+00 8.801915e+00
      vertex 3.984904e+01 2.159576e+00 8.584276e+00
      vertex 3.994814e+01 2.197761e+00 8.803587e+00
    endloop
  endfacet
  facet normal -2.308234e-01 -2.826235e-01 9.310448e-01
    outer loop
      vertex 3.980285e+01 2.310918e+00 8.801915e+00
      vertex 3.994814e+01 2.197761e+00 8.803587e+00
      vertex 3.995116e+01 2.479966e+00 8.890000e+00
    endloop
  endfacet
  facet normal -1.498692e-01 -3.502772e-01 9.245783e-01
    outer loop
      vertex 3.980285e+01 2.310918e+00 8.801915e+00
      vertex 3.995116e+01 2.479966e+00 8.890000e+00
      vertex 3.978945e+01 2.549157e+00 8.890000e+00
    endloop
  endfacet
  facet normal 2.307350e-01 -2.826459e-01 9.310600e-01
    outer loop
      vertex -3.980277e+01 -3.578904e+01 8.801914e+00
      vertex -3.995116e+01 -3.562002e+01 8.890000e+00
      vertex -3.994814e+01 -3.590226e+01 8.803572e+00
    endloop
  endfacet
  facet normal -1.224647e-16 -6.123234e-17 1.000000e+00
    outer loop
      vertex -3.978945e+01 -6.105160e+00 8.890000e+00
      vertex -3.995116e+01 -6.035966e+00 8.890000e+00
      vertex -3.995116e+01 -3.562002e+01 8.890000e+00
    endloop
  endfacet
  facet normal 1.496677e-01 -3.504282e-01 9.245538e-01
    outer loop
      vertex -3.980277e+01 -3.578904e+01 8.801914e+00
      vertex -3.978874e+01 -3.555065e+01 8.890000e+00
      vertex -3.995116e+01 -3.562002e+01 8.890000e+00
    endloop
  endfacet
  facet normal -1.224647e-16 -6.123234e-17 1.000000e+00
    outer loop
      vertex -3.962277e+01 -6.127403e+00 8.890000e+00
      vertex -3.978945e+01 -6.105160e+00 8.890000e+00
      vertex -3.995116e+01 -3.562002e+01 8.890000e+00
    endloop
  endfacet
  facet normal 9.468027e-01 -1.906346e-01 2.592740e-01
    outer loop
      vertex -3.991636e+01 -3.604186e+01 8.584853e+00
      vertex -3.994814e+01 -3.590226e+01 8.803572e+00
      vertex -3.994046e+01 -3.616331e+01 8.583580e+00
    endloop
  endfacet
  facet normal 7.483608e-01 -5.044200e-01 4.307163e-01
    outer loop
      vertex -3.984471e+01 -3.593613e+01 8.584200e+00
      vertex -3.994814e+01 -3.590226e+01 8.803572e+00
      vertex -3.991636e+01 -3.604186e+01 8.584853e+00
    endloop
  endfacet
  facet normal 5.707029e-01 -7.272344e-01 3.813508e-01
    outer loop
      vertex -3.980277e+01 -3.578904e+01 8.801914e+00
      vertex -3.994814e+01 -3.590226e+01 8.803572e+00
      vertex -3.984471e+01 -3.593613e+01 8.584200e+00
    endloop
  endfacet
  facet normal 9.993908e-01 -1.941119e-18 3.489950e-02
    outer loop
      vertex -3.994814e+01 -4.385376e+01 8.803587e+00
      vertex -3.973798e+01 -3.626452e+01 2.785135e+00
      vertex -3.994046e+01 -3.616331e+01 8.583580e+00
    endloop
  endfacet
  facet normal 9.231783e-01 -3.823973e-01 3.891287e-02
    outer loop
      vertex -3.964502e+01 -3.604015e+01 2.784601e+00
      vertex -3.994046e+01 -3.616331e+01 8.583580e+00
      vertex -3.973798e+01 -3.626452e+01 2.785135e+00
    endloop
  endfacet
  facet normal 9.797472e-01 -1.949357e-01 4.577599e-02
    outer loop
      vertex -3.991636e+01 -3.604186e+01 8.584853e+00
      vertex -3.994046e+01 -3.616331e+01 8.583580e+00
      vertex -3.964502e+01 -3.604015e+01 2.784601e+00
    endloop
  endfacet
  facet normal 9.993908e-01 -2.136978e-18 3.489950e-02
    outer loop
      vertex -3.994046e+01 -4.359270e+01 8.583580e+00
      vertex -3.973798e+01 -4.349149e+01 2.785135e+00
      vertex -3.973798e+01 -3.626452e+01 2.785135e+00
    endloop
  endfacet
  facet normal 9.135454e-01 -2.490544e-17 4.067366e-01
    outer loop
      vertex -3.966057e+01 -4.349149e+01 2.611288e+00
      vertex -3.973798e+01 -3.626452e+01 2.785135e+00
      vertex -3.973798e+01 -4.349149e+01 2.785135e+00
    endloop
  endfacet
  facet normal 9.993908e-01 -6.016809e-14 3.489950e-02
    outer loop
      vertex -3.994814e+01 -4.385376e+01 8.803587e+00
      vertex -3.994046e+01 -4.359270e+01 8.583580e+00
      vertex -3.973798e+01 -3.626452e+01 2.785135e+00
    endloop
  endfacet
  facet normal 1.224647e-16 6.123234e-17 -1.000000e+00
    outer loop
      vertex -2.593306e+01 -2.855898e+01 5.080003e-01
      vertex -2.341031e+01 -2.855898e+01 5.080003e-01
      vertex -2.176869e+01 -2.858543e+01 5.080003e-01
    endloop
  endfacet
  facet normal 8.546643e-01 -3.531963e-01 3.805277e-01
    outer loop
      vertex -3.966057e+01 -3.626452e+01 2.611285e+00
      vertex -3.964502e+01 -3.604015e+01 2.784601e+00
      vertex -3.973798e+01 -3.626452e+01 2.785135e+00
    endloop
  endfacet
  facet normal 9.135424e-01 -1.967386e-07 4.067435e-01
    outer loop
      vertex -3.966057e+01 -3.626452e+01 2.611285e+00
      vertex -3.973798e+01 -3.626452e+01 2.785135e+00
      vertex -3.966057e+01 -4.349149e+01 2.611288e+00
    endloop
  endfacet
  facet normal 9.244494e-01 3.793150e-01 3.890345e-02
    outer loop
      vertex -3.984904e+01 -4.381558e+01 8.584276e+00
      vertex -3.973798e+01 -4.349149e+01 2.785135e+00
      vertex -3.994046e+01 -4.359270e+01 8.583580e+00
    endloop
  endfacet
  facet normal 9.245104e-01 3.791669e-01 3.889634e-02
    outer loop
      vertex -3.984904e+01 -4.381558e+01 8.584276e+00
      vertex -3.964658e+01 -4.371427e+01 2.784579e+00
      vertex -3.973798e+01 -4.349149e+01 2.785135e+00
    endloop
  endfacet
  facet normal 8.557305e-01 3.500964e-01 3.809958e-01
    outer loop
      vertex -3.966057e+01 -4.349149e+01 2.611288e+00
      vertex -3.973798e+01 -4.349149e+01 2.785135e+00
      vertex -3.964658e+01 -4.371427e+01 2.784579e+00
    endloop
  endfacet
  facet normal 8.322516e-01 3.427358e-01 4.357630e-01
    outer loop
      vertex -3.984904e+01 -4.381558e+01 8.584276e+00
      vertex -3.994046e+01 -4.359270e+01 8.583580e+00
      vertex -3.994814e+01 -4.385376e+01 8.803587e+00
    endloop
  endfacet
  facet normal 1.224647e-16 6.123234e-17 -1.000000e+00
    outer loop
      vertex -2.761816e+01 -2.858757e+01 5.080003e-01
      vertex -2.176869e+01 -2.858543e+01 5.080003e-01
      vertex -2.167501e+01 -2.866589e+01 5.080003e-01
    endloop
  endfacet
  facet normal 5.700737e-01 7.262988e-01 3.840651e-01
    outer loop
      vertex -3.980285e+01 -4.396692e+01 8.801915e+00
      vertex -3.984904e+01 -4.381558e+01 8.584276e+00
      vertex -3.994814e+01 -4.385376e+01 8.803587e+00
    endloop
  endfacet
  facet normal 2.308234e-01 2.826235e-01 9.310448e-01
    outer loop
      vertex -3.980285e+01 -4.396692e+01 8.801915e+00
      vertex -3.994814e+01 -4.385376e+01 8.803587e+00
      vertex -3.995116e+01 -4.413597e+01 8.890000e+00
    endloop
  endfacet
  facet normal -1.471551e-16 -1.189392e-16 1.000000e+00
    outer loop
      vertex -3.978945e+01 -4.420516e+01 8.890000e+00
      vertex -3.995116e+01 -4.413597e+01 8.890000e+00
      vertex -3.995116e+01 -4.719016e+01 8.890000e+00
    endloop
  endfacet
  facet normal 1.498692e-01 3.502772e-01 9.245783e-01
    outer loop
      vertex -3.980285e+01 -4.396692e+01 8.801915e+00
      vertex -3.995116e+01 -4.413597e+01 8.890000e+00
      vertex -3.978945e+01 -4.420516e+01 8.890000e+00
    endloop
  endfacet
  facet normal -1.302892e-16 -1.198529e-16 1.000000e+00
    outer loop
      vertex -3.978945e+01 -4.420516e+01 8.890000e+00
      vertex -3.995116e+01 -4.719016e+01 8.890000e+00
      vertex -3.962277e+01 -4.422740e+01 8.890000e+00
    endloop
  endfacet
  facet normal -1.877488e-16 -1.048819e-16 1.000000e+00
    outer loop
      vertex -3.833284e+01 -4.557280e+01 8.890000e+00
      vertex -3.840225e+01 -4.546898e+01 8.890000e+00
      vertex -3.995116e+01 -4.719016e+01 8.890000e+00
    endloop
  endfacet
  facet normal -1.224647e-16 -1.768101e-16 1.000000e+00
    outer loop
      vertex -1.876940e+01 -4.566523e+01 8.890000e+00
      vertex -2.034660e+01 -4.566523e+01 8.890000e+00
      vertex -3.995116e+01 -4.719016e+01 8.890000e+00
    endloop
  endfacet
  facet normal -1.224647e-16 -1.768101e-16 1.000000e+00
    outer loop
      vertex 2.034660e+01 -4.566523e+01 8.890000e+00
      vertex 1.876940e+01 -4.566523e+01 8.890000e+00
      vertex -3.995116e+01 -4.719016e+01 8.890000e+00
    endloop
  endfacet
  facet normal -2.262466e-16 7.680624e-17 1.000000e+00
    outer loop
      vertex -3.835228e+01 4.178207e+01 8.890000e+00
      vertex -3.995116e+01 4.185678e+01 8.890000e+00
      vertex -3.995116e+01 4.057998e+01 8.890000e+00
    endloop
  endfacet
  facet normal -2.215486e-16 -8.748164e-15 1.000000e+00
    outer loop
      vertex -3.826923e+01 4.183760e+01 8.890000e+00
      vertex -3.817239e+01 4.185678e+01 8.890000e+00
      vertex -3.995116e+01 4.185678e+01 8.890000e+00
    endloop
  endfacet
  facet normal -8.686885e-17 3.059543e-15 1.000000e+00
    outer loop
      vertex -3.835228e+01 4.178207e+01 8.890000e+00
      vertex -3.826923e+01 4.183760e+01 8.890000e+00
      vertex -3.995116e+01 4.185678e+01 8.890000e+00
    endloop
  endfacet
  facet normal 2.338454e-01 -2.799490e-01 9.310988e-01
    outer loop
      vertex -3.980279e+01 4.041094e+01 8.801915e+00
      vertex -3.995116e+01 4.057998e+01 8.890000e+00
      vertex -3.994820e+01 4.030055e+01 8.805243e+00
    endloop
  endfacet
  facet normal 1.496667e-01 -3.504258e-01 9.245548e-01
    outer loop
      vertex -3.980279e+01 4.041094e+01 8.801915e+00
      vertex -3.978874e+01 4.064935e+01 8.890000e+00
      vertex -3.995116e+01 4.057998e+01 8.890000e+00
    endloop
  endfacet
  facet normal 1.224647e-16 6.123234e-17 -1.000000e+00
    outer loop
      vertex -2.716514e+01 -3.509251e+01 5.080003e-01
      vertex -2.796081e+01 -3.515173e+01 5.080003e-01
      vertex -2.805247e+01 -3.508976e+01 5.080003e-01
    endloop
  endfacet
  facet normal 9.993908e-01 -2.624857e-16 3.489950e-02
    outer loop
      vertex -3.995116e+01 3.206403e+01 8.890000e+00
      vertex -3.994046e+01 4.003669e+01 8.583580e+00
      vertex -3.994820e+01 4.030055e+01 8.805243e+00
    endloop
  endfacet
  facet normal 9.466241e-01 -1.906062e-01 2.599463e-01
    outer loop
      vertex -3.991636e+01 4.015814e+01 8.584853e+00
      vertex -3.994820e+01 4.030055e+01 8.805243e+00
      vertex -3.994046e+01 4.003669e+01 8.583580e+00
    endloop
  endfacet
  facet normal 7.472860e-01 -5.036748e-01 4.334459e-01
    outer loop
      vertex -3.984471e+01 4.026387e+01 8.584200e+00
      vertex -3.994820e+01 4.030055e+01 8.805243e+00
      vertex -3.991636e+01 4.015814e+01 8.584853e+00
    endloop
  endfacet
  facet normal 5.636064e-01 -7.307681e-01 3.851308e-01
    outer loop
      vertex -3.980279e+01 4.041094e+01 8.801915e+00
      vertex -3.994820e+01 4.030055e+01 8.805243e+00
      vertex -3.984471e+01 4.026387e+01 8.584200e+00
    endloop
  endfacet
  facet normal 9.993908e-01 -2.634130e-16 3.489950e-02
    outer loop
      vertex -3.994814e+01 3.234626e+01 8.803573e+00
      vertex -3.973798e+01 3.993548e+01 2.785135e+00
      vertex -3.994046e+01 4.003669e+01 8.583580e+00
    endloop
  endfacet
  facet normal 9.231783e-01 -3.823973e-01 3.891287e-02
    outer loop
      vertex -3.964502e+01 4.015985e+01 2.784601e+00
      vertex -3.994046e+01 4.003669e+01 8.583580e+00
      vertex -3.973798e+01 3.993548e+01 2.785135e+00
    endloop
  endfacet
  facet normal 9.993908e-01 -5.212458e-16 3.489950e-02
    outer loop
      vertex -3.995116e+01 3.206403e+01 8.890000e+00
      vertex -3.994814e+01 3.234626e+01 8.803573e+00
      vertex -3.994046e+01 4.003669e+01 8.583580e+00
    endloop
  endfacet
  facet normal 9.797472e-01 -1.949357e-01 4.577599e-02
    outer loop
      vertex -3.991636e+01 4.015814e+01 8.584853e+00
      vertex -3.994046e+01 4.003669e+01 8.583580e+00
      vertex -3.964502e+01 4.015985e+01 2.784601e+00
    endloop
  endfacet
  facet normal 9.993908e-01 -2.136978e-18 3.489950e-02
    outer loop
      vertex -3.994046e+01 3.260730e+01 8.583580e+00
      vertex -3.973798e+01 3.270852e+01 2.785135e+00
      vertex -3.973798e+01 3.993548e+01 2.785135e+00
    endloop
  endfacet
  facet normal 9.135454e-01 -2.490544e-17 4.067366e-01
    outer loop
      vertex -3.966057e+01 3.270852e+01 2.611288e+00
      vertex -3.973798e+01 3.993548e+01 2.785135e+00
      vertex -3.973798e+01 3.270852e+01 2.785135e+00
    endloop
  endfacet
  facet normal 9.993908e-01 5.900514e-14 3.489950e-02
    outer loop
      vertex -3.994814e+01 3.234626e+01 8.803573e+00
      vertex -3.994046e+01 3.260730e+01 8.583580e+00
      vertex -3.973798e+01 3.993548e+01 2.785135e+00
    endloop
  endfacet
  facet normal 1.224647e-16 6.123234e-17 -1.000000e+00
    outer loop
      vertex -2.341031e+01 -2.855898e+01 5.080003e-01
      vertex -2.188857e+01 -2.855898e+01 5.080003e-01
      vertex -2.176869e+01 -2.858543e+01 5.080003e-01
    endloop
  endfacet
  facet normal 8.546643e-01 -3.531963e-01 3.805277e-01
    outer loop
      vertex -3.966057e+01 3.993548e+01 2.611285e+00
      vertex -3.964502e+01 4.015985e+01 2.784601e+00
      vertex -3.973798e+01 3.993548e+01 2.785135e+00
    endloop
  endfacet
  facet normal 9.135424e-01 -1.967386e-07 4.067435e-01
    outer loop
      vertex -3.966057e+01 3.270852e+01 2.611288e+00
      vertex -3.966057e+01 3.993548e+01 2.611285e+00
      vertex -3.973798e+01 3.993548e+01 2.785135e+00
    endloop
  endfacet
  facet normal 9.244494e-01 3.793150e-01 3.890345e-02
    outer loop
      vertex -3.984904e+01 3.238442e+01 8.584276e+00
      vertex -3.973798e+01 3.270852e+01 2.785135e+00
      vertex -3.994046e+01 3.260730e+01 8.583580e+00
    endloop
  endfacet
  facet normal 9.245104e-01 3.791669e-01 3.889634e-02
    outer loop
      vertex -3.984904e+01 3.238442e+01 8.584276e+00
      vertex -3.964658e+01 3.248573e+01 2.784579e+00
      vertex -3.973798e+01 3.270852e+01 2.785135e+00
    endloop
  endfacet
  facet normal 8.557305e-01 3.500964e-01 3.809958e-01
    outer loop
      vertex -3.966057e+01 3.270852e+01 2.611288e+00
      vertex -3.973798e+01 3.270852e+01 2.785135e+00
      vertex -3.964658e+01 3.248573e+01 2.784579e+00
    endloop
  endfacet
  facet normal 8.322530e-01 3.427364e-01 4.357599e-01
    outer loop
      vertex -3.984904e+01 3.238442e+01 8.584276e+00
      vertex -3.994046e+01 3.260730e+01 8.583580e+00
      vertex -3.994814e+01 3.234626e+01 8.803573e+00
    endloop
  endfacet
  facet normal 1.224647e-16 6.123234e-17 -1.000000e+00
    outer loop
      vertex -2.776889e+01 -2.879238e+01 5.080003e-01
      vertex -2.158725e+01 -2.894427e+01 5.080003e-01
      vertex -2.779547e+01 -2.894427e+01 5.080003e-01
    endloop
  endfacet
  facet normal 5.700664e-01 7.263246e-01 3.840272e-01
    outer loop
      vertex -3.980279e+01 3.223306e+01 8.801914e+00
      vertex -3.984904e+01 3.238442e+01 8.584276e+00
      vertex -3.994814e+01 3.234626e+01 8.803573e+00
    endloop
  endfacet
  facet normal 2.307627e-01 2.826519e-01 9.310513e-01
    outer loop
      vertex -3.980279e+01 3.223306e+01 8.801914e+00
      vertex -3.994814e+01 3.234626e+01 8.803573e+00
      vertex -3.995116e+01 3.206403e+01 8.890000e+00
    endloop
  endfacet
  facet normal -1.224647e-16 -6.123234e-17 1.000000e+00
    outer loop
      vertex -3.978945e+01 3.199484e+01 8.890000e+00
      vertex -3.995116e+01 3.206403e+01 8.890000e+00
      vertex -3.995116e+01 2.479978e+00 8.890000e+00
    endloop
  endfacet
  facet normal 1.498714e-01 3.502824e-01 9.245760e-01
    outer loop
      vertex -3.980279e+01 3.223306e+01 8.801914e+00
      vertex -3.995116e+01 3.206403e+01 8.890000e+00
      vertex -3.978945e+01 3.199484e+01 8.890000e+00
    endloop
  endfacet
  facet normal 2.305565e-01 -2.827293e-01 9.310789e-01
    outer loop
      vertex -3.980261e+01 2.311033e+00 8.801912e+00
      vertex -3.995116e+01 2.479978e+00 8.890000e+00
      vertex -3.994814e+01 2.197701e+00 8.803536e+00
    endloop
  endfacet
  facet normal 1.496743e-01 -3.504435e-01 9.245469e-01
    outer loop
      vertex -3.980261e+01 2.311033e+00 8.801912e+00
      vertex -3.978874e+01 2.549351e+00 8.890000e+00
      vertex -3.995116e+01 2.479978e+00 8.890000e+00
    endloop
  endfacet
  facet normal -1.224647e-16 -6.123234e-17 1.000000e+00
    outer loop
      vertex -3.962277e+01 3.197259e+01 8.890000e+00
      vertex -3.978945e+01 3.199484e+01 8.890000e+00
      vertex -3.995116e+01 2.479978e+00 8.890000e+00
    endloop
  endfacet
  facet normal -1.224647e-16 -6.123234e-17 1.000000e+00
    outer loop
      vertex -3.833279e+01 2.551908e+01 8.890000e+00
      vertex -3.840224e+01 2.562292e+01 8.890000e+00
      vertex -3.995116e+01 2.479978e+00 8.890000e+00
    endloop
  endfacet
  facet normal -1.224647e-16 -6.123234e-17 1.000000e+00
    outer loop
      vertex -3.833279e+01 2.191228e+01 8.890000e+00
      vertex -3.840224e+01 2.201612e+01 8.890000e+00
      vertex -3.995116e+01 2.479978e+00 8.890000e+00
    endloop
  endfacet
  facet normal 9.993908e-01 3.866825e-17 3.489950e-02
    outer loop
      vertex -3.995116e+01 -6.035966e+00 8.890000e+00
      vertex -3.994046e+01 1.936694e+00 8.583580e+00
      vertex -3.994814e+01 2.197701e+00 8.803536e+00
    endloop
  endfacet
  facet normal 9.468024e-01 -1.906346e-01 2.592754e-01
    outer loop
      vertex -3.991636e+01 2.058138e+00 8.584853e+00
      vertex -3.994814e+01 2.197701e+00 8.803536e+00
      vertex -3.994046e+01 1.936694e+00 8.583580e+00
    endloop
  endfacet
  facet normal 7.483696e-01 -5.044261e-01 4.306940e-01
    outer loop
      vertex -3.984471e+01 2.163873e+00 8.584200e+00
      vertex -3.994814e+01 2.197701e+00 8.803536e+00
      vertex -3.991636e+01 2.058138e+00 8.584853e+00
    endloop
  endfacet
  facet normal 5.706377e-01 -7.273331e-01 3.812598e-01
    outer loop
      vertex -3.980261e+01 2.311033e+00 8.801912e+00
      vertex -3.994814e+01 2.197701e+00 8.803536e+00
      vertex -3.984471e+01 2.163873e+00 8.584200e+00
    endloop
  endfacet
  facet normal 9.993908e-01 -1.783917e-19 3.489950e-02
    outer loop
      vertex -3.994814e+01 -5.753764e+00 8.803587e+00
      vertex -3.973798e+01 1.835483e+00 2.785135e+00
      vertex -3.994046e+01 1.936694e+00 8.583580e+00
    endloop
  endfacet
  facet normal 9.231783e-01 -3.823973e-01 3.891287e-02
    outer loop
      vertex -3.964502e+01 2.059846e+00 2.784601e+00
      vertex -3.994046e+01 1.936694e+00 8.583580e+00
      vertex -3.973798e+01 1.835483e+00 2.785135e+00
    endloop
  endfacet
  facet normal 9.993908e-01 5.032361e-16 3.489950e-02
    outer loop
      vertex -3.995116e+01 -6.035966e+00 8.890000e+00
      vertex -3.994814e+01 -5.753764e+00 8.803587e+00
      vertex -3.994046e+01 1.936694e+00 8.583580e+00
    endloop
  endfacet
  facet normal 9.797472e-01 -1.949357e-01 4.577599e-02
    outer loop
      vertex -3.991636e+01 2.058138e+00 8.584853e+00
      vertex -3.994046e+01 1.936694e+00 8.583580e+00
      vertex -3.964502e+01 2.059846e+00 2.784601e+00
    endloop
  endfacet
  facet normal 9.993908e-01 -2.136978e-18 3.489950e-02
    outer loop
      vertex -3.994046e+01 -5.492697e+00 8.583580e+00
      vertex -3.973798e+01 -5.391486e+00 2.785135e+00
      vertex -3.973798e+01 1.835483e+00 2.785135e+00
    endloop
  endfacet
  facet normal 9.135454e-01 -2.490544e-17 4.067366e-01
    outer loop
      vertex -3.966057e+01 -5.391486e+00 2.611288e+00
      vertex -3.973798e+01 1.835483e+00 2.785135e+00
      vertex -3.973798e+01 -5.391486e+00 2.785135e+00
    endloop
  endfacet
  facet normal 9.993908e-01 -6.096675e-14 3.489950e-02
    outer loop
      vertex -3.994814e+01 -5.753764e+00 8.803587e+00
      vertex -3.994046e+01 -5.492697e+00 8.583580e+00
      vertex -3.973798e+01 1.835483e+00 2.785135e+00
    endloop
  endfacet
  facet normal 1.224647e-16 6.123234e-17 -1.000000e+00
    outer loop
      vertex -2.776889e+01 -2.879238e+01 5.080003e-01
      vertex -2.161399e+01 -2.879182e+01 5.080003e-01
      vertex -2.158725e+01 -2.894427e+01 5.080003e-01
    endloop
  endfacet
  facet normal 8.546643e-01 -3.531963e-01 3.805277e-01
    outer loop
      vertex -3.966057e+01 1.835483e+00 2.611285e+00
      vertex -3.964502e+01 2.059846e+00 2.784601e+00
      vertex -3.973798e+01 1.835483e+00 2.785135e+00
    endloop
  endfacet
  facet normal 9.135424e-01 -1.967386e-07 4.067435e-01
    outer loop
      vertex -3.966057e+01 -5.391486e+00 2.611288e+00
      vertex -3.966057e+01 1.835483e+00 2.611285e+00
      vertex -3.973798e+01 1.835483e+00 2.785135e+00
    endloop
  endfacet
  facet normal 9.244494e-01 3.793150e-01 3.890345e-02
    outer loop
      vertex -3.984904e+01 -5.715576e+00 8.584276e+00
      vertex -3.973798e+01 -5.391486e+00 2.785135e+00
      vertex -3.994046e+01 -5.492697e+00 8.583580e+00
    endloop
  endfacet
  facet normal 9.245104e-01 3.791669e-01 3.889634e-02
    outer loop
      vertex -3.984904e+01 -5.715576e+00 8.584276e+00
      vertex -3.964658e+01 -5.614274e+00 2.784579e+00
      vertex -3.973798e+01 -5.391486e+00 2.785135e+00
    endloop
  endfacet
  facet normal 8.557305e-01 3.500964e-01 3.809958e-01
    outer loop
      vertex -3.966057e+01 -5.391486e+00 2.611288e+00
      vertex -3.973798e+01 -5.391486e+00 2.785135e+00
      vertex -3.964658e+01 -5.614274e+00 2.784579e+00
    endloop
  endfacet
  facet normal 8.322516e-01 3.427358e-01 4.357630e-01
    outer loop
      vertex -3.984904e+01 -5.715576e+00 8.584276e+00
      vertex -3.994046e+01 -5.492697e+00 8.583580e+00
      vertex -3.994814e+01 -5.753764e+00 8.803587e+00
    endloop
  endfacet
  facet normal 1.224647e-16 6.123234e-17 -1.000000e+00
    outer loop
      vertex -2.462966e+01 -3.267544e+01 5.080003e-01
      vertex -2.467160e+01 -3.266500e+01 5.080003e-01
      vertex -2.186977e+01 -3.266817e+01 5.080003e-01
    endloop
  endfacet
  facet normal 5.700737e-01 7.262988e-01 3.840651e-01
    outer loop
      vertex -3.980285e+01 -5.866917e+00 8.801915e+00
      vertex -3.984904e+01 -5.715576e+00 8.584276e+00
      vertex -3.994814e+01 -5.753764e+00 8.803587e+00
    endloop
  endfacet
  facet normal 2.308234e-01 2.826235e-01 9.310448e-01
    outer loop
      vertex -3.980285e+01 -5.866917e+00 8.801915e+00
      vertex -3.994814e+01 -5.753764e+00 8.803587e+00
      vertex -3.995116e+01 -6.035966e+00 8.890000e+00
    endloop
  endfacet
  facet normal 1.498692e-01 3.502772e-01 9.245783e-01
    outer loop
      vertex -3.980285e+01 -5.866917e+00 8.801915e+00
      vertex -3.995116e+01 -6.035966e+00 8.890000e+00
      vertex -3.978945e+01 -6.105160e+00 8.890000e+00
    endloop
  endfacet
  facet normal 3.766040e-01 -9.259105e-01 2.931312e-02
    outer loop
      vertex -3.984471e+01 4.026387e+01 8.584200e+00
      vertex -3.942063e+01 4.025291e+01 2.789567e+00
      vertex -3.962277e+01 4.035395e+01 8.578041e+00
    endloop
  endfacet
  facet normal 1.953318e-01 -9.806042e-01 1.615011e-02
    outer loop
      vertex -3.984471e+01 4.026387e+01 8.584200e+00
      vertex -3.954217e+01 4.022865e+01 2.786514e+00
      vertex -3.942063e+01 4.025291e+01 2.789567e+00
    endloop
  endfacet
  facet normal 1.709301e-01 -9.052695e-01 3.889345e-01
    outer loop
      vertex -3.942063e+01 4.017698e+01 2.612834e+00
      vertex -3.942063e+01 4.025291e+01 2.789567e+00
      vertex -3.954217e+01 4.022865e+01 2.786514e+00
    endloop
  endfacet
  facet normal 3.412873e-01 -8.080691e-01 4.801534e-01
    outer loop
      vertex -3.980279e+01 4.041094e+01 8.801915e+00
      vertex -3.984471e+01 4.026387e+01 8.584200e+00
      vertex -3.962277e+01 4.035395e+01 8.578041e+00
    endloop
  endfacet
  facet normal 1.961382e-01 -9.009449e-01 3.870763e-01
    outer loop
      vertex -3.980279e+01 4.041094e+01 8.801915e+00
      vertex -3.962277e+01 4.035395e+01 8.578041e+00
      vertex -3.962277e+01 4.044887e+01 8.798957e+00
    endloop
  endfacet
  facet normal -1.951134e-01 -9.804888e-01 2.392800e-02
    outer loop
      vertex 3.954217e+01 4.022865e+01 2.786514e+00
      vertex 3.962277e+01 4.035395e+01 8.578041e+00
      vertex 3.942063e+01 4.025291e+01 2.789567e+00
    endloop
  endfacet
  facet normal -1.925315e-01 -9.809996e-01 2.390312e-02
    outer loop
      vertex 3.974300e+01 4.033045e+01 8.581817e+00
      vertex 3.962277e+01 4.035395e+01 8.578041e+00
      vertex 3.954217e+01 4.022865e+01 2.786514e+00
    endloop
  endfacet
  facet normal -1.885726e-01 -9.023075e-01 3.876617e-01
    outer loop
      vertex 3.962277e+01 4.044887e+01 8.798957e+00
      vertex 3.962277e+01 4.035395e+01 8.578041e+00
      vertex 3.974300e+01 4.033045e+01 8.581817e+00
    endloop
  endfacet
  facet normal -1.709300e-01 -9.052687e-01 3.889365e-01
    outer loop
      vertex 3.942063e+01 4.017698e+01 2.612833e+00
      vertex 3.954217e+01 4.022865e+01 2.786514e+00
      vertex 3.942063e+01 4.025291e+01 2.789567e+00
    endloop
  endfacet
  facet normal -1.473987e-02 -9.186906e-01 3.947030e-01
    outer loop
      vertex 3.942063e+01 4.017698e+01 2.612833e+00
      vertex 3.942063e+01 4.025291e+01 2.789567e+00
      vertex 3.818330e+01 4.022330e+01 2.674442e+00
    endloop
  endfacet
  facet normal 1.951134e-01 9.804888e-01 2.392800e-02
    outer loop
      vertex -3.954217e+01 3.241535e+01 2.786514e+00
      vertex -3.962277e+01 3.229005e+01 8.578041e+00
      vertex -3.942063e+01 3.239108e+01 2.789567e+00
    endloop
  endfacet
  facet normal 1.925315e-01 9.809996e-01 2.390312e-02
    outer loop
      vertex -3.974300e+01 3.231355e+01 8.581817e+00
      vertex -3.962277e+01 3.229005e+01 8.578041e+00
      vertex -3.954217e+01 3.241535e+01 2.786514e+00
    endloop
  endfacet
  facet normal 1.885726e-01 9.023075e-01 3.876617e-01
    outer loop
      vertex -3.962277e+01 3.219513e+01 8.798957e+00
      vertex -3.962277e+01 3.229005e+01 8.578041e+00
      vertex -3.974300e+01 3.231355e+01 8.581817e+00
    endloop
  endfacet
  facet normal 1.709300e-01 9.052687e-01 3.889365e-01
    outer loop
      vertex -3.942063e+01 3.246702e+01 2.612833e+00
      vertex -3.954217e+01 3.241535e+01 2.786514e+00
      vertex -3.942063e+01 3.239108e+01 2.789567e+00
    endloop
  endfacet
  facet normal 1.473987e-02 9.186906e-01 3.947030e-01
    outer loop
      vertex -3.942063e+01 3.246702e+01 2.612833e+00
      vertex -3.942063e+01 3.239108e+01 2.789567e+00
      vertex -3.818330e+01 3.242069e+01 2.674442e+00
    endloop
  endfacet
  facet normal -3.766040e-01 9.259105e-01 2.931312e-02
    outer loop
      vertex 3.984471e+01 3.238012e+01 8.584200e+00
      vertex 3.942063e+01 3.239108e+01 2.789567e+00
      vertex 3.962277e+01 3.229005e+01 8.578041e+00
    endloop
  endfacet
  facet normal -1.953318e-01 9.806042e-01 1.615011e-02
    outer loop
      vertex 3.984471e+01 3.238012e+01 8.584200e+00
      vertex 3.954217e+01 3.241535e+01 2.786514e+00
      vertex 3.942063e+01 3.239108e+01 2.789567e+00
    endloop
  endfacet
  facet normal -1.709301e-01 9.052695e-01 3.889345e-01
    outer loop
      vertex 3.942063e+01 3.246702e+01 2.612834e+00
      vertex 3.942063e+01 3.239108e+01 2.789567e+00
      vertex 3.954217e+01 3.241535e+01 2.786514e+00
    endloop
  endfacet
  facet normal -3.412869e-01 8.080679e-01 4.801559e-01
    outer loop
      vertex 3.980278e+01 3.223305e+01 8.801914e+00
      vertex 3.984471e+01 3.238012e+01 8.584200e+00
      vertex 3.962277e+01 3.229005e+01 8.578041e+00
    endloop
  endfacet
  facet normal -1.961169e-01 9.009489e-01 3.870780e-01
    outer loop
      vertex 3.980278e+01 3.223305e+01 8.801914e+00
      vertex 3.962277e+01 3.229005e+01 8.578041e+00
      vertex 3.962277e+01 3.219513e+01 8.798957e+00
    endloop
  endfacet
  facet normal -4.834218e-17 -9.187912e-01 3.947439e-01
    outer loop
      vertex -3.942063e+01 2.076984e+00 2.612834e+00
      vertex -3.821320e+01 2.152915e+00 2.789567e+00
      vertex -3.942063e+01 2.152915e+00 2.789567e+00
    endloop
  endfacet
  facet normal 2.921154e-02 -9.751962e-01 2.194057e-01
    outer loop
      vertex -3.942063e+01 2.076984e+00 2.612834e+00
      vertex -3.821322e+01 2.130339e+00 2.689233e+00
      vertex -3.821320e+01 2.152915e+00 2.789567e+00
    endloop
  endfacet
  facet normal 3.766040e-01 -9.259105e-01 2.931312e-02
    outer loop
      vertex -3.984471e+01 2.163873e+00 8.584200e+00
      vertex -3.942063e+01 2.152915e+00 2.789567e+00
      vertex -3.962277e+01 2.253953e+00 8.578041e+00
    endloop
  endfacet
  facet normal 1.953318e-01 -9.806042e-01 1.615011e-02
    outer loop
      vertex -3.984471e+01 2.163873e+00 8.584200e+00
      vertex -3.954217e+01 2.128655e+00 2.786514e+00
      vertex -3.942063e+01 2.152915e+00 2.789567e+00
    endloop
  endfacet
  facet normal 1.709301e-01 -9.052695e-01 3.889345e-01
    outer loop
      vertex -3.942063e+01 2.076984e+00 2.612834e+00
      vertex -3.942063e+01 2.152915e+00 2.789567e+00
      vertex -3.954217e+01 2.128655e+00 2.786514e+00
    endloop
  endfacet
  facet normal 3.412825e-01 -8.080555e-01 4.801798e-01
    outer loop
      vertex -3.980261e+01 2.311033e+00 8.801912e+00
      vertex -3.984471e+01 2.163873e+00 8.584200e+00
      vertex -3.962277e+01 2.253953e+00 8.578041e+00
    endloop
  endfacet
  facet normal 1.959102e-01 -9.009868e-01 3.870943e-01
    outer loop
      vertex -3.980261e+01 2.311033e+00 8.801912e+00
      vertex -3.962277e+01 2.253953e+00 8.578041e+00
      vertex -3.962277e+01 2.348866e+00 8.798957e+00
    endloop
  endfacet
  facet normal -1.951134e-01 -9.804888e-01 2.392800e-02
    outer loop
      vertex 3.954217e+01 2.128655e+00 2.786514e+00
      vertex 3.962277e+01 2.253953e+00 8.578041e+00
      vertex 3.942063e+01 2.152915e+00 2.789567e+00
    endloop
  endfacet
  facet normal -1.925315e-01 -9.809996e-01 2.390312e-02
    outer loop
      vertex 3.974300e+01 2.230448e+00 8.581817e+00
      vertex 3.962277e+01 2.253953e+00 8.578041e+00
      vertex 3.954217e+01 2.128655e+00 2.786514e+00
    endloop
  endfacet
  facet normal -1.885726e-01 -9.023075e-01 3.876617e-01
    outer loop
      vertex 3.962277e+01 2.348866e+00 8.798957e+00
      vertex 3.962277e+01 2.253953e+00 8.578041e+00
      vertex 3.974300e+01 2.230448e+00 8.581817e+00
    endloop
  endfacet
  facet normal -2.689694e-17 -9.755832e-01 2.196301e-01
    outer loop
      vertex 3.821322e+01 2.130314e+00 2.689174e+00
      vertex 3.942063e+01 2.152915e+00 2.789567e+00
      vertex 3.821320e+01 2.152915e+00 2.789567e+00
    endloop
  endfacet
  facet normal -1.562167e-02 -9.186782e-01 3.946977e-01
    outer loop
      vertex 3.942063e+01 2.076984e+00 2.612833e+00
      vertex 3.942063e+01 2.152915e+00 2.789567e+00
      vertex 3.821322e+01 2.130314e+00 2.689174e+00
    endloop
  endfacet
  facet normal -1.709300e-01 -9.052687e-01 3.889365e-01
    outer loop
      vertex 3.942063e+01 2.076984e+00 2.612833e+00
      vertex 3.954217e+01 2.128655e+00 2.786514e+00
      vertex 3.942063e+01 2.152915e+00 2.789567e+00
    endloop
  endfacet
  facet normal 1.951134e-01 9.804888e-01 2.392800e-02
    outer loop
      vertex -3.954217e+01 -5.684655e+00 2.786514e+00
      vertex -3.962277e+01 -5.809956e+00 8.578041e+00
      vertex -3.942063e+01 -5.708914e+00 2.789567e+00
    endloop
  endfacet
  facet normal 1.925315e-01 9.809996e-01 2.390312e-02
    outer loop
      vertex -3.974300e+01 -5.786447e+00 8.581817e+00
      vertex -3.962277e+01 -5.809956e+00 8.578041e+00
      vertex -3.954217e+01 -5.684655e+00 2.786514e+00
    endloop
  endfacet
  facet normal 1.885726e-01 9.023075e-01 3.876617e-01
    outer loop
      vertex -3.962277e+01 -5.904869e+00 8.798957e+00
      vertex -3.962277e+01 -5.809956e+00 8.578041e+00
      vertex -3.974300e+01 -5.786447e+00 8.581817e+00
    endloop
  endfacet
  facet normal 1.709300e-01 9.052687e-01 3.889365e-01
    outer loop
      vertex -3.942063e+01 -5.632986e+00 2.612833e+00
      vertex -3.954217e+01 -5.684655e+00 2.786514e+00
      vertex -3.942063e+01 -5.708914e+00 2.789567e+00
    endloop
  endfacet
  facet normal 1.473987e-02 9.186906e-01 3.947030e-01
    outer loop
      vertex -3.942063e+01 -5.632986e+00 2.612833e+00
      vertex -3.942063e+01 -5.708914e+00 2.789567e+00
      vertex -3.818330e+01 -5.679308e+00 2.674442e+00
    endloop
  endfacet
  facet normal -3.766040e-01 9.259105e-01 2.931312e-02
    outer loop
      vertex 3.984471e+01 -5.719876e+00 8.584200e+00
      vertex 3.942063e+01 -5.708914e+00 2.789567e+00
      vertex 3.962277e+01 -5.809956e+00 8.578041e+00
    endloop
  endfacet
  facet normal -1.953318e-01 9.806042e-01 1.615011e-02
    outer loop
      vertex 3.984471e+01 -5.719876e+00 8.584200e+00
      vertex 3.954217e+01 -5.684655e+00 2.786514e+00
      vertex 3.942063e+01 -5.708914e+00 2.789567e+00
    endloop
  endfacet
  facet normal -1.709301e-01 9.052695e-01 3.889345e-01
    outer loop
      vertex 3.942063e+01 -5.632986e+00 2.612834e+00
      vertex 3.942063e+01 -5.708914e+00 2.789567e+00
      vertex 3.954217e+01 -5.684655e+00 2.786514e+00
    endloop
  endfacet
  facet normal -3.412827e-01 8.080559e-01 4.801788e-01
    outer loop
      vertex 3.980261e+01 -5.867026e+00 8.801912e+00
      vertex 3.984471e+01 -5.719876e+00 8.584200e+00
      vertex 3.962277e+01 -5.809956e+00 8.578041e+00
    endloop
  endfacet
  facet normal -1.959185e-01 9.009852e-01 3.870936e-01
    outer loop
      vertex 3.980261e+01 -5.867026e+00 8.801912e+00
      vertex 3.962277e+01 -5.809956e+00 8.578041e+00
      vertex 3.962277e+01 -5.904869e+00 8.798957e+00
    endloop
  endfacet
  facet normal 3.766040e-01 -9.259105e-01 2.931312e-02
    outer loop
      vertex -3.984471e+01 -3.593613e+01 8.584200e+00
      vertex -3.942063e+01 -3.594709e+01 2.789567e+00
      vertex -3.962277e+01 -3.584605e+01 8.578041e+00
    endloop
  endfacet
  facet normal 1.953318e-01 -9.806042e-01 1.615011e-02
    outer loop
      vertex -3.984471e+01 -3.593613e+01 8.584200e+00
      vertex -3.954217e+01 -3.597135e+01 2.786514e+00
      vertex -3.942063e+01 -3.594709e+01 2.789567e+00
    endloop
  endfacet
  facet normal 1.709301e-01 -9.052695e-01 3.889345e-01
    outer loop
      vertex -3.942063e+01 -3.602302e+01 2.612834e+00
      vertex -3.942063e+01 -3.594709e+01 2.789567e+00
      vertex -3.954217e+01 -3.597135e+01 2.786514e+00
    endloop
  endfacet
  facet normal 3.412867e-01 -8.080673e-01 4.801570e-01
    outer loop
      vertex -3.980277e+01 -3.578904e+01 8.801914e+00
      vertex -3.984471e+01 -3.593613e+01 8.584200e+00
      vertex -3.962277e+01 -3.584605e+01 8.578041e+00
    endloop
  endfacet
  facet normal 1.961074e-01 -9.009506e-01 3.870787e-01
    outer loop
      vertex -3.980277e+01 -3.578904e+01 8.801914e+00
      vertex -3.962277e+01 -3.584605e+01 8.578041e+00
      vertex -3.962277e+01 -3.575113e+01 8.798957e+00
    endloop
  endfacet
  facet normal -1.951134e-01 -9.804888e-01 2.392800e-02
    outer loop
      vertex 3.954217e+01 -3.597135e+01 2.786514e+00
      vertex 3.962277e+01 -3.584605e+01 8.578041e+00
      vertex 3.942063e+01 -3.594709e+01 2.789567e+00
    endloop
  endfacet
  facet normal -1.925315e-01 -9.809996e-01 2.390312e-02
    outer loop
      vertex 3.974300e+01 -3.586955e+01 8.581817e+00
      vertex 3.962277e+01 -3.584605e+01 8.578041e+00
      vertex 3.954217e+01 -3.597135e+01 2.786514e+00
    endloop
  endfacet
  facet normal -1.885726e-01 -9.023075e-01 3.876617e-01
    outer loop
      vertex 3.962277e+01 -3.575113e+01 8.798957e+00
      vertex 3.962277e+01 -3.584605e+01 8.578041e+00
      vertex 3.974300e+01 -3.586955e+01 8.581817e+00
    endloop
  endfacet
  facet normal -1.709300e-01 -9.052687e-01 3.889365e-01
    outer loop
      vertex 3.942063e+01 -3.602302e+01 2.612833e+00
      vertex 3.954217e+01 -3.597135e+01 2.786514e+00
      vertex 3.942063e+01 -3.594709e+01 2.789567e+00
    endloop
  endfacet
  facet normal -1.473987e-02 -9.186906e-01 3.947030e-01
    outer loop
      vertex 3.942063e+01 -3.602302e+01 2.612833e+00
      vertex 3.942063e+01 -3.594709e+01 2.789567e+00
      vertex 3.818330e+01 -3.597670e+01 2.674442e+00
    endloop
  endfacet
  facet normal 1.951134e-01 9.804888e-01 2.392800e-02
    outer loop
      vertex -3.954217e+01 -4.378465e+01 2.786514e+00
      vertex -3.962277e+01 -4.390996e+01 8.578041e+00
      vertex -3.942063e+01 -4.380891e+01 2.789567e+00
    endloop
  endfacet
  facet normal 1.925315e-01 9.809996e-01 2.390312e-02
    outer loop
      vertex -3.974300e+01 -4.388645e+01 8.581817e+00
      vertex -3.962277e+01 -4.390996e+01 8.578041e+00
      vertex -3.954217e+01 -4.378465e+01 2.786514e+00
    endloop
  endfacet
  facet normal 1.885726e-01 9.023075e-01 3.876617e-01
    outer loop
      vertex -3.962277e+01 -4.400487e+01 8.798957e+00
      vertex -3.962277e+01 -4.390996e+01 8.578041e+00
      vertex -3.974300e+01 -4.388645e+01 8.581817e+00
    endloop
  endfacet
  facet normal 1.709300e-01 9.052687e-01 3.889365e-01
    outer loop
      vertex -3.942063e+01 -4.373299e+01 2.612833e+00
      vertex -3.954217e+01 -4.378465e+01 2.786514e+00
      vertex -3.942063e+01 -4.380891e+01 2.789567e+00
    endloop
  endfacet
  facet normal 1.473987e-02 9.186906e-01 3.947030e-01
    outer loop
      vertex -3.942063e+01 -4.373299e+01 2.612833e+00
      vertex -3.942063e+01 -4.380891e+01 2.789567e+00
      vertex -3.818330e+01 -4.377931e+01 2.674442e+00
    endloop
  endfacet
  facet normal -3.766040e-01 9.259105e-01 2.931312e-02
    outer loop
      vertex 3.984471e+01 -4.381988e+01 8.584200e+00
      vertex 3.942063e+01 -4.380891e+01 2.789567e+00
      vertex 3.962277e+01 -4.390996e+01 8.578041e+00
    endloop
  endfacet
  facet normal -1.953318e-01 9.806042e-01 1.615011e-02
    outer loop
      vertex 3.984471e+01 -4.381988e+01 8.584200e+00
      vertex 3.954217e+01 -4.378465e+01 2.786514e+00
      vertex 3.942063e+01 -4.380891e+01 2.789567e+00
    endloop
  endfacet
  facet normal -1.709301e-01 9.052695e-01 3.889345e-01
    outer loop
      vertex 3.942063e+01 -4.373299e+01 2.612834e+00
      vertex 3.942063e+01 -4.380891e+01 2.789567e+00
      vertex 3.954217e+01 -4.378465e+01 2.786514e+00
    endloop
  endfacet
  facet normal -3.412887e-01 8.080729e-01 4.801460e-01
    outer loop
      vertex 3.980285e+01 -4.396692e+01 8.801915e+00
      vertex 3.984471e+01 -4.381988e+01 8.584200e+00
      vertex 3.962277e+01 -4.390996e+01 8.578041e+00
    endloop
  endfacet
  facet normal -1.962017e-01 9.009333e-01 3.870713e-01
    outer loop
      vertex 3.980285e+01 -4.396692e+01 8.801915e+00
      vertex 3.962277e+01 -4.390996e+01 8.578041e+00
      vertex 3.962277e+01 -4.400487e+01 8.798957e+00
    endloop
  endfacet
  facet normal 4.654563e-02 3.487154e-01 9.360721e-01
    outer loop
      vertex -3.980285e+01 -4.396692e+01 8.801915e+00
      vertex -3.978945e+01 -4.420516e+01 8.890000e+00
      vertex -3.962277e+01 -4.422740e+01 8.890000e+00
    endloop
  endfacet
  facet normal 9.456935e-02 3.769518e-01 9.213924e-01
    outer loop
      vertex -3.980285e+01 -4.396692e+01 8.801915e+00
      vertex -3.962277e+01 -4.422740e+01 8.890000e+00
      vertex -3.962277e+01 -4.400487e+01 8.798957e+00
    endloop
  endfacet
  facet normal 8.303310e-01 5.551679e-01 4.836424e-02
    outer loop
      vertex -3.818875e+01 -4.525623e+01 2.782423e+00
      vertex -3.840225e+01 -4.546898e+01 8.890000e+00
      vertex -3.833284e+01 -4.557280e+01 8.890000e+00
    endloop
  endfacet
  facet normal 8.284132e-01 5.580167e-01 4.846666e-02
    outer loop
      vertex -3.811839e+01 -4.536061e+01 2.781470e+00
      vertex -3.818875e+01 -4.525623e+01 2.782423e+00
      vertex -3.833284e+01 -4.557280e+01 8.890000e+00
    endloop
  endfacet
  facet normal -1.224647e-16 -6.123234e-17 1.000000e+00
    outer loop
      vertex -2.034660e+01 -4.566523e+01 8.890000e+00
      vertex -2.037060e+01 -4.546886e+01 8.890000e+00
      vertex -2.044003e+01 -4.557274e+01 8.890000e+00
    endloop
  endfacet
  facet normal -8.308868e-01 5.554048e-01 3.394996e-02
    outer loop
      vertex -2.054773e+01 -4.536065e+01 2.784579e+00
      vertex -2.044003e+01 -4.557274e+01 8.890000e+00
      vertex -2.037060e+01 -4.546886e+01 8.890000e+00
    endloop
  endfacet
  facet normal 1.224647e-16 6.123234e-17 -1.000000e+00
    outer loop
      vertex -2.467160e+01 -3.266500e+01 5.080003e-01
      vertex -2.766218e+01 -3.261641e+01 5.080003e-01
      vertex -2.186977e+01 -3.266817e+01 5.080003e-01
    endloop
  endfacet
  facet normal -1.224647e-16 -6.123234e-17 1.000000e+00
    outer loop
      vertex -2.034660e+01 -4.566523e+01 8.890000e+00
      vertex -2.034660e+01 -4.534773e+01 8.890000e+00
      vertex -2.037060e+01 -4.546886e+01 8.890000e+00
    endloop
  endfacet
  facet normal -9.806604e-01 1.942500e-01 2.391874e-02
    outer loop
      vertex -2.047735e+01 -4.525624e+01 2.786514e+00
      vertex -2.037060e+01 -4.546886e+01 8.890000e+00
      vertex -2.034660e+01 -4.534773e+01 8.890000e+00
    endloop
  endfacet
  facet normal -8.290085e-01 5.582048e-01 3.394509e-02
    outer loop
      vertex -2.047735e+01 -4.525624e+01 2.786514e+00
      vertex -2.054773e+01 -4.536065e+01 2.784579e+00
      vertex -2.037060e+01 -4.546886e+01 8.890000e+00
    endloop
  endfacet
  facet normal -9.998477e-01 8.869966e-15 1.745241e-02
    outer loop
      vertex -2.032000e+01 -4.566523e+01 1.041400e+01
      vertex -2.034660e+01 -4.534773e+01 8.890000e+00
      vertex -2.034660e+01 -4.566523e+01 8.890000e+00
    endloop
  endfacet
  facet normal -9.998477e-01 -1.617457e-13 1.745241e-02
    outer loop
      vertex -2.045308e+01 -4.400815e+01 2.789567e+00
      vertex -2.034660e+01 -4.534773e+01 8.890000e+00
      vertex -2.032000e+01 -4.566523e+01 1.041400e+01
    endloop
  endfacet
  facet normal -9.998477e-01 -1.068652e-18 1.745241e-02
    outer loop
      vertex -2.045308e+01 -4.513470e+01 2.789567e+00
      vertex -2.034660e+01 -4.534773e+01 8.890000e+00
      vertex -2.045308e+01 -4.400815e+01 2.789567e+00
    endloop
  endfacet
  facet normal -9.804888e-01 1.951134e-01 2.392800e-02
    outer loop
      vertex -2.047735e+01 -4.525624e+01 2.786514e+00
      vertex -2.034660e+01 -4.534773e+01 8.890000e+00
      vertex -2.045308e+01 -4.513470e+01 2.789567e+00
    endloop
  endfacet
  facet normal 7.498799e-33 -1.000000e+00 -6.123234e-17
    outer loop
      vertex -2.032000e+01 -4.566523e+01 1.041400e+01
      vertex -2.034660e+01 -4.566523e+01 8.890000e+00
      vertex -1.876940e+01 -4.566523e+01 8.890000e+00
    endloop
  endfacet
  facet normal -1.224647e-16 -6.123234e-17 1.000000e+00
    outer loop
      vertex -1.874541e+01 -4.546886e+01 8.890000e+00
      vertex -1.876940e+01 -4.534773e+01 8.890000e+00
      vertex -1.876940e+01 -4.566523e+01 8.890000e+00
    endloop
  endfacet
  facet normal 9.998477e-01 8.869966e-15 1.745241e-02
    outer loop
      vertex -1.879600e+01 -4.414123e+01 1.041400e+01
      vertex -1.876940e+01 -4.566523e+01 8.890000e+00
      vertex -1.876940e+01 -4.534773e+01 8.890000e+00
    endloop
  endfacet
  facet normal -1.224647e-16 -6.123234e-17 1.000000e+00
    outer loop
      vertex -1.867597e+01 -4.557274e+01 8.890000e+00
      vertex -1.874541e+01 -4.546886e+01 8.890000e+00
      vertex -1.876940e+01 -4.566523e+01 8.890000e+00
    endloop
  endfacet
  facet normal 7.498799e-33 -1.000000e+00 -6.123234e-17
    outer loop
      vertex -2.032000e+01 -4.566523e+01 1.041400e+01
      vertex -1.876940e+01 -4.566523e+01 8.890000e+00
      vertex -1.879600e+01 -4.566523e+01 1.041400e+01
    endloop
  endfacet
  facet normal 9.998477e-01 -1.068652e-18 1.745241e-02
    outer loop
      vertex -1.879600e+01 -4.414123e+01 1.041400e+01
      vertex -1.879600e+01 -4.566523e+01 1.041400e+01
      vertex -1.876940e+01 -4.566523e+01 8.890000e+00
    endloop
  endfacet
  facet normal 9.806608e-01 1.942501e-01 2.390086e-02
    outer loop
      vertex -1.866292e+01 -4.513470e+01 2.789567e+00
      vertex -1.876940e+01 -4.534773e+01 8.890000e+00
      vertex -1.874541e+01 -4.546886e+01 8.890000e+00
    endloop
  endfacet
  facet normal 9.998477e-01 -2.203450e-15 1.745241e-02
    outer loop
      vertex -1.866292e+01 -4.513470e+01 2.789567e+00
      vertex -1.879600e+01 -4.414123e+01 1.041400e+01
      vertex -1.876940e+01 -4.534773e+01 8.890000e+00
    endloop
  endfacet
  facet normal 8.308887e-01 5.554060e-01 3.388048e-02
    outer loop
      vertex -1.863865e+01 -4.525624e+01 2.786514e+00
      vertex -1.874541e+01 -4.546886e+01 8.890000e+00
      vertex -1.867597e+01 -4.557274e+01 8.890000e+00
    endloop
  endfacet
  facet normal 9.804884e-01 1.951129e-01 2.394579e-02
    outer loop
      vertex -1.863865e+01 -4.525624e+01 2.786514e+00
      vertex -1.866292e+01 -4.513470e+01 2.789567e+00
      vertex -1.874541e+01 -4.546886e+01 8.890000e+00
    endloop
  endfacet
  facet normal 8.309567e-01 5.553048e-01 3.387564e-02
    outer loop
      vertex -1.856985e+01 -4.535909e+01 2.784601e+00
      vertex -1.863865e+01 -4.525624e+01 2.786514e+00
      vertex -1.867597e+01 -4.557274e+01 8.890000e+00
    endloop
  endfacet
  facet normal 1.224647e-16 6.123234e-17 -1.000000e+00
    outer loop
      vertex -2.766218e+01 -3.261641e+01 5.080003e-01
      vertex -2.171946e+01 -3.261594e+01 5.080003e-01
      vertex -2.186977e+01 -3.266817e+01 5.080003e-01
    endloop
  endfacet
  facet normal -1.224647e-16 -6.123234e-17 1.000000e+00
    outer loop
      vertex 1.876940e+01 -4.566523e+01 8.890000e+00
      vertex 1.874541e+01 -4.546886e+01 8.890000e+00
      vertex 1.867597e+01 -4.557274e+01 8.890000e+00
    endloop
  endfacet
  facet normal -8.308868e-01 5.554048e-01 3.394996e-02
    outer loop
      vertex 1.856827e+01 -4.536065e+01 2.784579e+00
      vertex 1.867597e+01 -4.557274e+01 8.890000e+00
      vertex 1.874541e+01 -4.546886e+01 8.890000e+00
    endloop
  endfacet
  facet normal 1.224647e-16 6.123234e-17 -1.000000e+00
    outer loop
      vertex -2.775926e+01 -3.252427e+01 5.080003e-01
      vertex -2.162042e+01 -3.251909e+01 5.080003e-01
      vertex -2.171946e+01 -3.261594e+01 5.080003e-01
    endloop
  endfacet
  facet normal -1.224647e-16 -6.123234e-17 1.000000e+00
    outer loop
      vertex 1.876940e+01 -4.566523e+01 8.890000e+00
      vertex 1.876940e+01 -4.534773e+01 8.890000e+00
      vertex 1.874541e+01 -4.546886e+01 8.890000e+00
    endloop
  endfacet
  facet normal -9.806604e-01 1.942500e-01 2.391874e-02
    outer loop
      vertex 1.863865e+01 -4.525624e+01 2.786514e+00
      vertex 1.874541e+01 -4.546886e+01 8.890000e+00
      vertex 1.876940e+01 -4.534773e+01 8.890000e+00
    endloop
  endfacet
  facet normal -8.290085e-01 5.582048e-01 3.394509e-02
    outer loop
      vertex 1.863865e+01 -4.525624e+01 2.786514e+00
      vertex 1.856827e+01 -4.536065e+01 2.784579e+00
      vertex 1.874541e+01 -4.546886e+01 8.890000e+00
    endloop
  endfacet
  facet normal -9.998477e-01 3.551921e-14 1.745241e-02
    outer loop
      vertex 1.879600e+01 -4.566523e+01 1.041400e+01
      vertex 1.876940e+01 -4.534773e+01 8.890000e+00
      vertex 1.876940e+01 -4.566523e+01 8.890000e+00
    endloop
  endfacet
  facet normal -9.998477e-01 -3.676025e-13 1.745241e-02
    outer loop
      vertex 1.866292e+01 -4.400815e+01 2.789567e+00
      vertex 1.876940e+01 -4.534773e+01 8.890000e+00
      vertex 1.879600e+01 -4.566523e+01 1.041400e+01
    endloop
  endfacet
  facet normal -9.998477e-01 -1.068652e-18 1.745241e-02
    outer loop
      vertex 1.866292e+01 -4.513470e+01 2.789567e+00
      vertex 1.876940e+01 -4.534773e+01 8.890000e+00
      vertex 1.866292e+01 -4.400815e+01 2.789567e+00
    endloop
  endfacet
  facet normal -9.804888e-01 1.951134e-01 2.392800e-02
    outer loop
      vertex 1.863865e+01 -4.525624e+01 2.786514e+00
      vertex 1.876940e+01 -4.534773e+01 8.890000e+00
      vertex 1.866292e+01 -4.513470e+01 2.789567e+00
    endloop
  endfacet
  facet normal 7.498799e-33 -1.000000e+00 -6.123234e-17
    outer loop
      vertex 1.879600e+01 -4.566523e+01 1.041400e+01
      vertex 1.876940e+01 -4.566523e+01 8.890000e+00
      vertex 2.034660e+01 -4.566523e+01 8.890000e+00
    endloop
  endfacet
  facet normal -1.224647e-16 -6.123234e-17 1.000000e+00
    outer loop
      vertex 2.037060e+01 -4.546886e+01 8.890000e+00
      vertex 2.034660e+01 -4.534773e+01 8.890000e+00
      vertex 2.034660e+01 -4.566523e+01 8.890000e+00
    endloop
  endfacet
  facet normal 9.998477e-01 -1.068652e-18 1.745241e-02
    outer loop
      vertex 2.032000e+01 -4.414123e+01 1.041400e+01
      vertex 2.034660e+01 -4.566523e+01 8.890000e+00
      vertex 2.034660e+01 -4.534773e+01 8.890000e+00
    endloop
  endfacet
  facet normal -1.224647e-16 -6.123234e-17 1.000000e+00
    outer loop
      vertex 2.044003e+01 -4.557274e+01 8.890000e+00
      vertex 2.037060e+01 -4.546886e+01 8.890000e+00
      vertex 2.034660e+01 -4.566523e+01 8.890000e+00
    endloop
  endfacet
  facet normal 7.498799e-33 -1.000000e+00 -6.123234e-17
    outer loop
      vertex 2.032000e+01 -4.566523e+01 1.041400e+01
      vertex 1.879600e+01 -4.566523e+01 1.041400e+01
      vertex 2.034660e+01 -4.566523e+01 8.890000e+00
    endloop
  endfacet
  facet normal 9.998477e-01 -1.068652e-18 1.745241e-02
    outer loop
      vertex 2.032000e+01 -4.566523e+01 1.041400e+01
      vertex 2.034660e+01 -4.566523e+01 8.890000e+00
      vertex 2.032000e+01 -4.414123e+01 1.041400e+01
    endloop
  endfacet
  facet normal 9.806608e-01 1.942501e-01 2.390086e-02
    outer loop
      vertex 2.045308e+01 -4.513470e+01 2.789567e+00
      vertex 2.034660e+01 -4.534773e+01 8.890000e+00
      vertex 2.037060e+01 -4.546886e+01 8.890000e+00
    endloop
  endfacet
  facet normal 9.998477e-01 5.995808e-16 1.745241e-02
    outer loop
      vertex 2.045308e+01 -4.513470e+01 2.789567e+00
      vertex 2.032000e+01 -4.414123e+01 1.041400e+01
      vertex 2.034660e+01 -4.534773e+01 8.890000e+00
    endloop
  endfacet
  facet normal 8.308894e-01 5.554065e-01 3.385889e-02
    outer loop
      vertex 2.054573e+01 -4.535866e+01 2.784603e+00
      vertex 2.037060e+01 -4.546886e+01 8.890000e+00
      vertex 2.044003e+01 -4.557274e+01 8.890000e+00
    endloop
  endfacet
  facet normal 9.238077e-01 3.813986e-01 3.338346e-02
    outer loop
      vertex 2.054573e+01 -4.535866e+01 2.784603e+00
      vertex 2.045308e+01 -4.513470e+01 2.789567e+00
      vertex 2.037060e+01 -4.546886e+01 8.890000e+00
    endloop
  endfacet
  facet normal 5.540239e-01 8.315983e-01 3.875043e-02
    outer loop
      vertex 2.065047e+01 -4.542842e+01 2.784118e+00
      vertex 2.054573e+01 -4.535866e+01 2.784603e+00
      vertex 2.044003e+01 -4.557274e+01 8.890000e+00
    endloop
  endfacet
  facet normal -8.303318e-01 5.551685e-01 4.834397e-02
    outer loop
      vertex 3.812039e+01 -4.535862e+01 2.781469e+00
      vertex 3.833284e+01 -4.557280e+01 8.890000e+00
      vertex 3.840225e+01 -4.546898e+01 8.890000e+00
    endloop
  endfacet
  facet normal -5.535794e-01 8.313885e-01 4.840321e-02
    outer loop
      vertex 3.812039e+01 -4.535862e+01 2.781469e+00
      vertex 3.801570e+01 -4.542838e+01 2.782446e+00
      vertex 3.833284e+01 -4.557280e+01 8.890000e+00
    endloop
  endfacet
  facet normal -5.025231e-02 3.781704e-01 9.243711e-01
    outer loop
      vertex 3.962277e+01 -4.400487e+01 8.798957e+00
      vertex 3.962277e+01 -4.422740e+01 8.890000e+00
      vertex 3.978874e+01 -4.420535e+01 8.890000e+00
    endloop
  endfacet
  facet normal -8.903028e-02 3.497984e-01 9.325849e-01
    outer loop
      vertex 3.980285e+01 -4.396692e+01 8.801915e+00
      vertex 3.962277e+01 -4.400487e+01 8.798957e+00
      vertex 3.978874e+01 -4.420535e+01 8.890000e+00
    endloop
  endfacet
  facet normal 5.025231e-02 -3.781704e-01 9.243711e-01
    outer loop
      vertex -3.962277e+01 -3.575113e+01 8.798957e+00
      vertex -3.962277e+01 -3.552859e+01 8.890000e+00
      vertex -3.978874e+01 -3.555065e+01 8.890000e+00
    endloop
  endfacet
  facet normal 8.899801e-02 -3.498225e-01 9.325790e-01
    outer loop
      vertex -3.980277e+01 -3.578904e+01 8.801914e+00
      vertex -3.962277e+01 -3.575113e+01 8.798957e+00
      vertex -3.978874e+01 -3.555065e+01 8.890000e+00
    endloop
  endfacet
  facet normal 4.654563e-02 3.487154e-01 9.360721e-01
    outer loop
      vertex -3.980285e+01 -5.866917e+00 8.801915e+00
      vertex -3.978945e+01 -6.105160e+00 8.890000e+00
      vertex -3.962277e+01 -6.127403e+00 8.890000e+00
    endloop
  endfacet
  facet normal 9.456935e-02 3.769518e-01 9.213924e-01
    outer loop
      vertex -3.980285e+01 -5.866917e+00 8.801915e+00
      vertex -3.962277e+01 -6.127403e+00 8.890000e+00
      vertex -3.962277e+01 -5.904869e+00 8.798957e+00
    endloop
  endfacet
  facet normal 5.025231e-02 -3.781704e-01 9.243711e-01
    outer loop
      vertex -3.962277e+01 2.348866e+00 8.798957e+00
      vertex -3.962277e+01 2.571403e+00 8.890000e+00
      vertex -3.978874e+01 2.549351e+00 8.890000e+00
    endloop
  endfacet
  facet normal 8.893050e-02 -3.498727e-01 9.325666e-01
    outer loop
      vertex -3.980261e+01 2.311033e+00 8.801912e+00
      vertex -3.962277e+01 2.348866e+00 8.798957e+00
      vertex -3.978874e+01 2.549351e+00 8.890000e+00
    endloop
  endfacet
  facet normal 4.654912e-02 3.487416e-01 9.360622e-01
    outer loop
      vertex -3.980279e+01 3.223306e+01 8.801914e+00
      vertex -3.978945e+01 3.199484e+01 8.890000e+00
      vertex -3.962277e+01 3.197259e+01 8.890000e+00
    endloop
  endfacet
  facet normal 9.454116e-02 3.769528e-01 9.213949e-01
    outer loop
      vertex -3.980279e+01 3.223306e+01 8.801914e+00
      vertex -3.962277e+01 3.197259e+01 8.890000e+00
      vertex -3.962277e+01 3.219513e+01 8.798957e+00
    endloop
  endfacet
  facet normal 8.305843e-01 5.555491e-01 3.866351e-02
    outer loop
      vertex -3.819064e+01 2.572734e+01 2.843751e+00
      vertex -3.840224e+01 2.562292e+01 8.890000e+00
      vertex -3.833279e+01 2.551908e+01 8.890000e+00
    endloop
  endfacet
  facet normal 3.813649e-01 9.239555e-01 2.944526e-02
    outer loop
      vertex -3.789788e+01 2.553200e+01 2.851958e+00
      vertex -3.833279e+01 2.551908e+01 8.890000e+00
      vertex -3.810873e+01 2.542660e+01 8.890000e+00
    endloop
  endfacet
  facet normal 8.301128e-01 5.562525e-01 3.867665e-02
    outer loop
      vertex -3.812218e+01 2.562504e+01 2.845750e+00
      vertex -3.819064e+01 2.572734e+01 2.843751e+00
      vertex -3.833279e+01 2.551908e+01 8.890000e+00
    endloop
  endfacet
  facet normal 3.823083e-01 9.235634e-01 2.951237e-02
    outer loop
      vertex -3.789788e+01 2.553200e+01 2.851958e+00
      vertex -3.812218e+01 2.562504e+01 2.845750e+00
      vertex -3.833279e+01 2.551908e+01 8.890000e+00
    endloop
  endfacet
  facet normal -1.224647e-16 -6.123234e-17 1.000000e+00
    outer loop
      vertex -3.833279e+01 2.401092e+01 8.890000e+00
      vertex -3.702209e+01 2.542660e+01 8.890000e+00
      vertex -3.810873e+01 2.542660e+01 8.890000e+00
    endloop
  endfacet
  facet normal -2.137303e-18 9.998477e-01 1.745241e-02
    outer loop
      vertex -3.789788e+01 2.553200e+01 2.851958e+00
      vertex -3.810873e+01 2.542660e+01 8.890000e+00
      vertex -3.702209e+01 2.542660e+01 8.890000e+00
    endloop
  endfacet
  facet normal -1.224647e-16 -6.123234e-17 1.000000e+00
    outer loop
      vertex -3.840224e+01 2.390708e+01 8.890000e+00
      vertex -3.833279e+01 2.401092e+01 8.890000e+00
      vertex -3.810873e+01 2.542660e+01 8.890000e+00
    endloop
  endfacet
  facet normal 1.224647e-16 6.123234e-17 -1.000000e+00
    outer loop
      vertex -2.462966e+01 -3.267544e+01 5.080003e-01
      vertex -2.186977e+01 -3.266817e+01 5.080003e-01
      vertex -2.204716e+01 -3.267896e+01 5.080003e-01
    endloop
  endfacet
  facet normal -1.224647e-16 -6.123234e-17 1.000000e+00
    outer loop
      vertex -3.810873e+01 2.410340e+01 8.890000e+00
      vertex -3.702209e+01 2.410340e+01 8.890000e+00
      vertex -3.702209e+01 2.542660e+01 8.890000e+00
    endloop
  endfacet
  facet normal 9.998477e-01 -1.068652e-18 1.745241e-02
    outer loop
      vertex -3.693785e+01 2.401916e+01 4.064000e+00
      vertex -3.702209e+01 2.542660e+01 8.890000e+00
      vertex -3.702209e+01 2.410340e+01 8.890000e+00
    endloop
  endfacet
  facet normal -1.224647e-16 -6.123234e-17 1.000000e+00
    outer loop
      vertex -3.833279e+01 2.401092e+01 8.890000e+00
      vertex -3.810873e+01 2.410340e+01 8.890000e+00
      vertex -3.702209e+01 2.542660e+01 8.890000e+00
    endloop
  endfacet
  facet normal 9.998477e-01 -1.068652e-18 1.745241e-02
    outer loop
      vertex -3.693785e+01 2.551084e+01 4.064000e+00
      vertex -3.702209e+01 2.542660e+01 8.890000e+00
      vertex -3.693785e+01 2.401916e+01 4.064000e+00
    endloop
  endfacet
  facet normal -2.716855e-16 9.998477e-01 1.745241e-02
    outer loop
      vertex -3.789788e+01 2.553200e+01 2.851958e+00
      vertex -3.702209e+01 2.542660e+01 8.890000e+00
      vertex -3.693785e+01 2.551084e+01 4.064000e+00
    endloop
  endfacet
  facet normal -2.137303e-18 -9.998477e-01 1.745241e-02
    outer loop
      vertex -3.789788e+01 2.399800e+01 2.851958e+00
      vertex -3.702209e+01 2.410340e+01 8.890000e+00
      vertex -3.810873e+01 2.410340e+01 8.890000e+00
    endloop
  endfacet
  facet normal -2.421459e-16 -9.998477e-01 1.745241e-02
    outer loop
      vertex -3.789788e+01 2.399800e+01 2.851958e+00
      vertex -3.693785e+01 2.401916e+01 4.064000e+00
      vertex -3.702209e+01 2.410340e+01 8.890000e+00
    endloop
  endfacet
  facet normal 3.813649e-01 -9.239555e-01 2.944526e-02
    outer loop
      vertex -3.789788e+01 2.399800e+01 2.851958e+00
      vertex -3.810873e+01 2.410340e+01 8.890000e+00
      vertex -3.833279e+01 2.401092e+01 8.890000e+00
    endloop
  endfacet
  facet normal 8.305837e-01 -5.555488e-01 3.868072e-02
    outer loop
      vertex -3.812218e+01 2.390496e+01 2.845750e+00
      vertex -3.833279e+01 2.401092e+01 8.890000e+00
      vertex -3.840224e+01 2.390708e+01 8.890000e+00
    endloop
  endfacet
  facet normal 1.224647e-16 6.123234e-17 -1.000000e+00
    outer loop
      vertex -2.386509e+01 -3.267896e+01 5.080003e-01
      vertex -2.462966e+01 -3.267544e+01 5.080003e-01
      vertex -2.288499e+01 -3.267896e+01 5.080003e-01
    endloop
  endfacet
  facet normal 3.823083e-01 -9.235634e-01 2.951237e-02
    outer loop
      vertex -3.812218e+01 2.390496e+01 2.845750e+00
      vertex -3.789788e+01 2.399800e+01 2.851958e+00
      vertex -3.833279e+01 2.401092e+01 8.890000e+00
    endloop
  endfacet
  facet normal 8.301135e-01 -5.562527e-01 3.865919e-02
    outer loop
      vertex -3.819064e+01 2.380265e+01 2.843751e+00
      vertex -3.812218e+01 2.390496e+01 2.845750e+00
      vertex -3.840224e+01 2.390708e+01 8.890000e+00
    endloop
  endfacet
  facet normal 8.305843e-01 5.555491e-01 3.866351e-02
    outer loop
      vertex -3.819064e+01 2.212055e+01 2.843751e+00
      vertex -3.840224e+01 2.201612e+01 8.890000e+00
      vertex -3.833279e+01 2.191228e+01 8.890000e+00
    endloop
  endfacet
  facet normal 3.813649e-01 9.239555e-01 2.944526e-02
    outer loop
      vertex -3.789788e+01 2.192519e+01 2.851958e+00
      vertex -3.833279e+01 2.191228e+01 8.890000e+00
      vertex -3.810873e+01 2.181980e+01 8.890000e+00
    endloop
  endfacet
  facet normal 8.301128e-01 5.562525e-01 3.867665e-02
    outer loop
      vertex -3.812218e+01 2.201824e+01 2.845750e+00
      vertex -3.819064e+01 2.212055e+01 2.843751e+00
      vertex -3.833279e+01 2.191228e+01 8.890000e+00
    endloop
  endfacet
  facet normal 3.823083e-01 9.235634e-01 2.951237e-02
    outer loop
      vertex -3.789788e+01 2.192519e+01 2.851958e+00
      vertex -3.812218e+01 2.201824e+01 2.845750e+00
      vertex -3.833279e+01 2.191228e+01 8.890000e+00
    endloop
  endfacet
  facet normal -1.224647e-16 -6.123234e-17 1.000000e+00
    outer loop
      vertex -3.833279e+01 2.040412e+01 8.890000e+00
      vertex -3.702209e+01 2.181980e+01 8.890000e+00
      vertex -3.810873e+01 2.181980e+01 8.890000e+00
    endloop
  endfacet
  facet normal -2.137303e-18 9.998477e-01 1.745241e-02
    outer loop
      vertex -3.789788e+01 2.192519e+01 2.851958e+00
      vertex -3.810873e+01 2.181980e+01 8.890000e+00
      vertex -3.702209e+01 2.181980e+01 8.890000e+00
    endloop
  endfacet
  facet normal -1.224647e-16 -6.123234e-17 1.000000e+00
    outer loop
      vertex -3.840224e+01 2.030028e+01 8.890000e+00
      vertex -3.833279e+01 2.040412e+01 8.890000e+00
      vertex -3.810873e+01 2.181980e+01 8.890000e+00
    endloop
  endfacet
  facet normal 1.224647e-16 6.123234e-17 -1.000000e+00
    outer loop
      vertex -2.386509e+01 -3.267896e+01 5.080003e-01
      vertex -2.288499e+01 -3.267896e+01 5.080003e-01
      vertex -2.285848e+01 -3.274386e+01 5.080003e-01
    endloop
  endfacet
  facet normal -1.224647e-16 -6.123234e-17 1.000000e+00
    outer loop
      vertex -3.810873e+01 2.049660e+01 8.890000e+00
      vertex -3.702209e+01 2.049660e+01 8.890000e+00
      vertex -3.702209e+01 2.181980e+01 8.890000e+00
    endloop
  endfacet
  facet normal 9.998477e-01 -1.068652e-18 1.745241e-02
    outer loop
      vertex -3.693785e+01 2.041236e+01 4.064000e+00
      vertex -3.702209e+01 2.181980e+01 8.890000e+00
      vertex -3.702209e+01 2.049660e+01 8.890000e+00
    endloop
  endfacet
  facet normal -1.224647e-16 -6.123234e-17 1.000000e+00
    outer loop
      vertex -3.833279e+01 2.040412e+01 8.890000e+00
      vertex -3.810873e+01 2.049660e+01 8.890000e+00
      vertex -3.702209e+01 2.181980e+01 8.890000e+00
    endloop
  endfacet
  facet normal 9.998477e-01 -1.068652e-18 1.745241e-02
    outer loop
      vertex -3.693785e+01 2.190404e+01 4.064000e+00
      vertex -3.702209e+01 2.181980e+01 8.890000e+00
      vertex -3.693785e+01 2.041236e+01 4.064000e+00
    endloop
  endfacet
  facet normal -2.716855e-16 9.998477e-01 1.745241e-02
    outer loop
      vertex -3.789788e+01 2.192519e+01 2.851958e+00
      vertex -3.702209e+01 2.181980e+01 8.890000e+00
      vertex -3.693785e+01 2.190404e+01 4.064000e+00
    endloop
  endfacet
  facet normal -2.137303e-18 -9.998477e-01 1.745241e-02
    outer loop
      vertex -3.789788e+01 2.039120e+01 2.851958e+00
      vertex -3.702209e+01 2.049660e+01 8.890000e+00
      vertex -3.810873e+01 2.049660e+01 8.890000e+00
    endloop
  endfacet
  facet normal -2.421459e-16 -9.998477e-01 1.745241e-02
    outer loop
      vertex -3.789788e+01 2.039120e+01 2.851958e+00
      vertex -3.693785e+01 2.041236e+01 4.064000e+00
      vertex -3.702209e+01 2.049660e+01 8.890000e+00
    endloop
  endfacet
  facet normal 3.813649e-01 -9.239555e-01 2.944526e-02
    outer loop
      vertex -3.789788e+01 2.039120e+01 2.851958e+00
      vertex -3.810873e+01 2.049660e+01 8.890000e+00
      vertex -3.833279e+01 2.040412e+01 8.890000e+00
    endloop
  endfacet
  facet normal 8.305837e-01 -5.555488e-01 3.868072e-02
    outer loop
      vertex -3.812218e+01 2.029816e+01 2.845750e+00
      vertex -3.833279e+01 2.040412e+01 8.890000e+00
      vertex -3.840224e+01 2.030028e+01 8.890000e+00
    endloop
  endfacet
  facet normal 1.224647e-16 6.123234e-17 -1.000000e+00
    outer loop
      vertex -2.389164e+01 -3.274393e+01 5.080003e-01
      vertex -2.285848e+01 -3.274386e+01 5.080003e-01
      vertex -2.284941e+01 -3.280840e+01 5.080003e-01
    endloop
  endfacet
  facet normal 3.823083e-01 -9.235634e-01 2.951237e-02
    outer loop
      vertex -3.812218e+01 2.029816e+01 2.845750e+00
      vertex -3.789788e+01 2.039120e+01 2.851958e+00
      vertex -3.833279e+01 2.040412e+01 8.890000e+00
    endloop
  endfacet
  facet normal 8.301135e-01 -5.562527e-01 3.865919e-02
    outer loop
      vertex -3.819064e+01 2.019585e+01 2.843751e+00
      vertex -3.812218e+01 2.029816e+01 2.845750e+00
      vertex -3.840224e+01 2.030028e+01 8.890000e+00
    endloop
  endfacet
  facet normal 5.025231e-02 -3.781704e-01 9.243711e-01
    outer loop
      vertex -3.962277e+01 4.044887e+01 8.798957e+00
      vertex -3.962277e+01 4.067140e+01 8.890000e+00
      vertex -3.978874e+01 4.064935e+01 8.890000e+00
    endloop
  endfacet
  facet normal 8.900855e-02 -3.498146e-01 9.325809e-01
    outer loop
      vertex -3.980279e+01 4.041094e+01 8.801915e+00
      vertex -3.962277e+01 4.044887e+01 8.798957e+00
      vertex -3.978874e+01 4.064935e+01 8.890000e+00
    endloop
  endfacet
  facet normal 1.941528e-01 -9.801139e-01 4.100630e-02
    outer loop
      vertex -3.795920e+01 4.164359e+01 2.785135e+00
      vertex -3.817239e+01 4.185678e+01 8.890000e+00
      vertex -3.826923e+01 4.183760e+01 8.890000e+00
    endloop
  endfacet
  facet normal 5.551686e-01 -8.303320e-01 4.833755e-02
    outer loop
      vertex -3.813796e+01 4.156976e+01 2.781472e+00
      vertex -3.826923e+01 4.183760e+01 8.890000e+00
      vertex -3.835228e+01 4.178207e+01 8.890000e+00
    endloop
  endfacet
  facet normal 1.921990e-01 -9.805024e-01 4.091942e-02
    outer loop
      vertex -3.805501e+01 4.162470e+01 2.782450e+00
      vertex -3.795920e+01 4.164359e+01 2.785135e+00
      vertex -3.826923e+01 4.183760e+01 8.890000e+00
    endloop
  endfacet
  facet normal 5.511735e-01 -8.329876e-01 4.836813e-02
    outer loop
      vertex -3.813796e+01 4.156976e+01 2.781472e+00
      vertex -3.805501e+01 4.162470e+01 2.782450e+00
      vertex -3.826923e+01 4.183760e+01 8.890000e+00
    endloop
  endfacet
  facet normal 8.291025e-01 -5.569935e-01 4.844855e-02
    outer loop
      vertex -3.819347e+01 4.148721e+01 2.782416e+00
      vertex -3.813796e+01 4.156976e+01 2.781472e+00
      vertex -3.835228e+01 4.178207e+01 8.890000e+00
    endloop
  endfacet
  facet normal -4.654563e-02 -3.487154e-01 9.360721e-01
    outer loop
      vertex 3.980285e+01 4.041092e+01 8.801915e+00
      vertex 3.978945e+01 4.064916e+01 8.890000e+00
      vertex 3.962277e+01 4.067140e+01 8.890000e+00
    endloop
  endfacet
  facet normal -9.456935e-02 -3.769518e-01 9.213924e-01
    outer loop
      vertex 3.980285e+01 4.041092e+01 8.801915e+00
      vertex 3.962277e+01 4.067140e+01 8.890000e+00
      vertex 3.962277e+01 4.044887e+01 8.798957e+00
    endloop
  endfacet
  facet normal -5.551686e-01 -8.303320e-01 4.833755e-02
    outer loop
      vertex 3.813796e+01 4.156976e+01 2.781472e+00
      vertex 3.835228e+01 4.178207e+01 8.890000e+00
      vertex 3.826923e+01 4.183760e+01 8.890000e+00
    endloop
  endfacet
  facet normal -9.800106e-01 -1.958536e-01 3.493782e-02
    outer loop
      vertex 3.819347e+01 4.148721e+01 2.782416e+00
      vertex 3.821305e+01 4.138975e+01 2.785135e+00
      vertex 3.835228e+01 4.178207e+01 8.890000e+00
    endloop
  endfacet
  facet normal -8.291025e-01 -5.569935e-01 4.844855e-02
    outer loop
      vertex 3.813796e+01 4.156976e+01 2.781472e+00
      vertex 3.819347e+01 4.148721e+01 2.782416e+00
      vertex 3.835228e+01 4.178207e+01 8.890000e+00
    endloop
  endfacet
  facet normal -1.941531e-01 -9.801151e-01 4.097446e-02
    outer loop
      vertex 3.805501e+01 4.162470e+01 2.782450e+00
      vertex 3.826923e+01 4.183760e+01 8.890000e+00
      vertex 3.817239e+01 4.185678e+01 8.890000e+00
    endloop
  endfacet
  facet normal -5.511735e-01 -8.329876e-01 4.836813e-02
    outer loop
      vertex 3.805501e+01 4.162470e+01 2.782450e+00
      vertex 3.813796e+01 4.156976e+01 2.781472e+00
      vertex 3.826923e+01 4.183760e+01 8.890000e+00
    endloop
  endfacet
  facet normal -1.921979e-01 -9.805013e-01 4.095156e-02
    outer loop
      vertex 3.805501e+01 4.162470e+01 2.782450e+00
      vertex 3.817239e+01 4.185678e+01 8.890000e+00
      vertex 3.795920e+01 4.164359e+01 2.785135e+00
    endloop
  endfacet
  facet normal -5.025231e-02 3.781704e-01 9.243711e-01
    outer loop
      vertex 3.962277e+01 3.219513e+01 8.798957e+00
      vertex 3.962277e+01 3.197259e+01 8.890000e+00
      vertex 3.978874e+01 3.199465e+01 8.890000e+00
    endloop
  endfacet
  facet normal -8.900125e-02 3.498201e-01 9.325796e-01
    outer loop
      vertex 3.980278e+01 3.223305e+01 8.801914e+00
      vertex 3.962277e+01 3.219513e+01 8.798957e+00
      vertex 3.978874e+01 3.199465e+01 8.890000e+00
    endloop
  endfacet
  facet normal -4.654563e-02 -3.487154e-01 9.360721e-01
    outer loop
      vertex 3.980285e+01 2.310918e+00 8.801915e+00
      vertex 3.978945e+01 2.549157e+00 8.890000e+00
      vertex 3.962277e+01 2.571403e+00 8.890000e+00
    endloop
  endfacet
  facet normal -9.456935e-02 -3.769518e-01 9.213924e-01
    outer loop
      vertex 3.980285e+01 2.310918e+00 8.801915e+00
      vertex 3.962277e+01 2.571403e+00 8.890000e+00
      vertex 3.962277e+01 2.348866e+00 8.798957e+00
    endloop
  endfacet
  facet normal -8.305843e-01 -5.555491e-01 3.866351e-02
    outer loop
      vertex 3.819064e+01 2.019585e+01 2.843751e+00
      vertex 3.840224e+01 2.030028e+01 8.890000e+00
      vertex 3.833279e+01 2.040412e+01 8.890000e+00
    endloop
  endfacet
  facet normal -3.813649e-01 -9.239555e-01 2.944526e-02
    outer loop
      vertex 3.789788e+01 2.039120e+01 2.851958e+00
      vertex 3.833279e+01 2.040412e+01 8.890000e+00
      vertex 3.810873e+01 2.049660e+01 8.890000e+00
    endloop
  endfacet
  facet normal -8.301128e-01 -5.562525e-01 3.867665e-02
    outer loop
      vertex 3.812218e+01 2.029816e+01 2.845750e+00
      vertex 3.819064e+01 2.019585e+01 2.843751e+00
      vertex 3.833279e+01 2.040412e+01 8.890000e+00
    endloop
  endfacet
  facet normal -3.823083e-01 -9.235634e-01 2.951237e-02
    outer loop
      vertex 3.789788e+01 2.039120e+01 2.851958e+00
      vertex 3.812218e+01 2.029816e+01 2.845750e+00
      vertex 3.833279e+01 2.040412e+01 8.890000e+00
    endloop
  endfacet
  facet normal -1.224647e-16 -6.123234e-17 1.000000e+00
    outer loop
      vertex 3.833279e+01 2.191228e+01 8.890000e+00
      vertex 3.700263e+01 2.049660e+01 8.890000e+00
      vertex 3.810873e+01 2.049660e+01 8.890000e+00
    endloop
  endfacet
  facet normal -2.137303e-18 -9.998477e-01 1.745241e-02
    outer loop
      vertex 3.789788e+01 2.039120e+01 2.851958e+00
      vertex 3.810873e+01 2.049660e+01 8.890000e+00
      vertex 3.700263e+01 2.049660e+01 8.890000e+00
    endloop
  endfacet
  facet normal -1.224647e-16 -6.123234e-17 1.000000e+00
    outer loop
      vertex 3.840224e+01 2.201612e+01 8.890000e+00
      vertex 3.833279e+01 2.191228e+01 8.890000e+00
      vertex 3.810873e+01 2.049660e+01 8.890000e+00
    endloop
  endfacet
  facet normal 1.224647e-16 6.123234e-17 -1.000000e+00
    outer loop
      vertex -2.390070e+01 -3.280840e+01 5.080003e-01
      vertex -2.284941e+01 -3.280840e+01 5.080003e-01
      vertex -2.284941e+01 -3.329894e+01 5.080003e-01
    endloop
  endfacet
  facet normal -1.224647e-16 -6.123234e-17 1.000000e+00
    outer loop
      vertex 3.810873e+01 2.181980e+01 8.890000e+00
      vertex 3.700263e+01 2.181980e+01 8.890000e+00
      vertex 3.700263e+01 2.049660e+01 8.890000e+00
    endloop
  endfacet
  facet normal -9.998477e-01 -1.068652e-18 1.745241e-02
    outer loop
      vertex 3.691839e+01 2.190404e+01 4.064000e+00
      vertex 3.700263e+01 2.049660e+01 8.890000e+00
      vertex 3.700263e+01 2.181980e+01 8.890000e+00
    endloop
  endfacet
  facet normal -1.224647e-16 -6.123234e-17 1.000000e+00
    outer loop
      vertex 3.833279e+01 2.191228e+01 8.890000e+00
      vertex 3.810873e+01 2.181980e+01 8.890000e+00
      vertex 3.700263e+01 2.049660e+01 8.890000e+00
    endloop
  endfacet
  facet normal -9.998477e-01 -1.068652e-18 1.745241e-02
    outer loop
      vertex 3.691839e+01 2.190404e+01 4.064000e+00
      vertex 3.691839e+01 2.041236e+01 4.064000e+00
      vertex 3.700263e+01 2.049660e+01 8.890000e+00
    endloop
  endfacet
  facet normal 2.621693e-16 -9.998477e-01 1.745241e-02
    outer loop
      vertex 3.789788e+01 2.039120e+01 2.851958e+00
      vertex 3.700263e+01 2.049660e+01 8.890000e+00
      vertex 3.691839e+01 2.041236e+01 4.064000e+00
    endloop
  endfacet
  facet normal -2.137303e-18 9.998477e-01 1.745241e-02
    outer loop
      vertex 3.789788e+01 2.192519e+01 2.851958e+00
      vertex 3.700263e+01 2.181980e+01 8.890000e+00
      vertex 3.810873e+01 2.181980e+01 8.890000e+00
    endloop
  endfacet
  facet normal 2.332042e-16 9.998477e-01 1.745241e-02
    outer loop
      vertex 3.789788e+01 2.192519e+01 2.851958e+00
      vertex 3.691839e+01 2.190404e+01 4.064000e+00
      vertex 3.700263e+01 2.181980e+01 8.890000e+00
    endloop
  endfacet
  facet normal -3.813649e-01 9.239555e-01 2.944526e-02
    outer loop
      vertex 3.789788e+01 2.192519e+01 2.851958e+00
      vertex 3.810873e+01 2.181980e+01 8.890000e+00
      vertex 3.833279e+01 2.191228e+01 8.890000e+00
    endloop
  endfacet
  facet normal -8.305837e-01 5.555488e-01 3.868072e-02
    outer loop
      vertex 3.812218e+01 2.201824e+01 2.845750e+00
      vertex 3.833279e+01 2.191228e+01 8.890000e+00
      vertex 3.840224e+01 2.201612e+01 8.890000e+00
    endloop
  endfacet
  facet normal 1.224647e-16 6.123234e-17 -1.000000e+00
    outer loop
      vertex -2.390070e+01 -3.329894e+01 5.080003e-01
      vertex -2.284941e+01 -3.329894e+01 5.080003e-01
      vertex -2.285573e+01 -3.333030e+01 5.080003e-01
    endloop
  endfacet
  facet normal -3.823083e-01 9.235634e-01 2.951237e-02
    outer loop
      vertex 3.812218e+01 2.201824e+01 2.845750e+00
      vertex 3.789788e+01 2.192519e+01 2.851958e+00
      vertex 3.833279e+01 2.191228e+01 8.890000e+00
    endloop
  endfacet
  facet normal -8.301135e-01 5.562527e-01 3.865919e-02
    outer loop
      vertex 3.819064e+01 2.212055e+01 2.843751e+00
      vertex 3.812218e+01 2.201824e+01 2.845750e+00
      vertex 3.840224e+01 2.201612e+01 8.890000e+00
    endloop
  endfacet
  facet normal -8.305843e-01 -5.555491e-01 3.866351e-02
    outer loop
      vertex 3.819064e+01 2.380265e+01 2.843751e+00
      vertex 3.840224e+01 2.390708e+01 8.890000e+00
      vertex 3.833279e+01 2.401092e+01 8.890000e+00
    endloop
  endfacet
  facet normal -3.813649e-01 -9.239555e-01 2.944526e-02
    outer loop
      vertex 3.789788e+01 2.399800e+01 2.851958e+00
      vertex 3.833279e+01 2.401092e+01 8.890000e+00
      vertex 3.810873e+01 2.410340e+01 8.890000e+00
    endloop
  endfacet
  facet normal -8.301128e-01 -5.562525e-01 3.867665e-02
    outer loop
      vertex 3.812218e+01 2.390496e+01 2.845750e+00
      vertex 3.819064e+01 2.380265e+01 2.843751e+00
      vertex 3.833279e+01 2.401092e+01 8.890000e+00
    endloop
  endfacet
  facet normal -3.823083e-01 -9.235634e-01 2.951237e-02
    outer loop
      vertex 3.789788e+01 2.399800e+01 2.851958e+00
      vertex 3.812218e+01 2.390496e+01 2.845750e+00
      vertex 3.833279e+01 2.401092e+01 8.890000e+00
    endloop
  endfacet
  facet normal -1.224647e-16 -6.123234e-17 1.000000e+00
    outer loop
      vertex 3.833279e+01 2.551908e+01 8.890000e+00
      vertex 3.700263e+01 2.410340e+01 8.890000e+00
      vertex 3.810873e+01 2.410340e+01 8.890000e+00
    endloop
  endfacet
  facet normal -2.137303e-18 -9.998477e-01 1.745241e-02
    outer loop
      vertex 3.789788e+01 2.399800e+01 2.851958e+00
      vertex 3.810873e+01 2.410340e+01 8.890000e+00
      vertex 3.700263e+01 2.410340e+01 8.890000e+00
    endloop
  endfacet
  facet normal -1.224647e-16 -6.123234e-17 1.000000e+00
    outer loop
      vertex 3.840224e+01 2.562292e+01 8.890000e+00
      vertex 3.833279e+01 2.551908e+01 8.890000e+00
      vertex 3.810873e+01 2.410340e+01 8.890000e+00
    endloop
  endfacet
  facet normal 1.224647e-16 6.123234e-17 -1.000000e+00
    outer loop
      vertex -2.390070e+01 -3.329894e+01 5.080003e-01
      vertex -2.285573e+01 -3.333030e+01 5.080003e-01
      vertex -2.229105e+01 -3.335185e+01 5.080003e-01
    endloop
  endfacet
  facet normal -1.224647e-16 -6.123234e-17 1.000000e+00
    outer loop
      vertex 3.810873e+01 2.542660e+01 8.890000e+00
      vertex 3.700263e+01 2.542660e+01 8.890000e+00
      vertex 3.700263e+01 2.410340e+01 8.890000e+00
    endloop
  endfacet
  facet normal -9.998477e-01 -1.068652e-18 1.745241e-02
    outer loop
      vertex 3.691839e+01 2.551084e+01 4.064000e+00
      vertex 3.700263e+01 2.410340e+01 8.890000e+00
      vertex 3.700263e+01 2.542660e+01 8.890000e+00
    endloop
  endfacet
  facet normal -1.224647e-16 -6.123234e-17 1.000000e+00
    outer loop
      vertex 3.833279e+01 2.551908e+01 8.890000e+00
      vertex 3.810873e+01 2.542660e+01 8.890000e+00
      vertex 3.700263e+01 2.410340e+01 8.890000e+00
    endloop
  endfacet
  facet normal -9.998477e-01 -1.068652e-18 1.745241e-02
    outer loop
      vertex 3.691839e+01 2.401916e+01 4.064000e+00
      vertex 3.700263e+01 2.410340e+01 8.890000e+00
      vertex 3.691839e+01 2.551084e+01 4.064000e+00
    endloop
  endfacet
  facet normal 2.621693e-16 -9.998477e-01 1.745241e-02
    outer loop
      vertex 3.789788e+01 2.399800e+01 2.851958e+00
      vertex 3.700263e+01 2.410340e+01 8.890000e+00
      vertex 3.691839e+01 2.401916e+01 4.064000e+00
    endloop
  endfacet
  facet normal -2.137303e-18 9.998477e-01 1.745241e-02
    outer loop
      vertex 3.789788e+01 2.553200e+01 2.851958e+00
      vertex 3.700263e+01 2.542660e+01 8.890000e+00
      vertex 3.810873e+01 2.542660e+01 8.890000e+00
    endloop
  endfacet
  facet normal 2.332042e-16 9.998477e-01 1.745241e-02
    outer loop
      vertex 3.789788e+01 2.553200e+01 2.851958e+00
      vertex 3.691839e+01 2.551084e+01 4.064000e+00
      vertex 3.700263e+01 2.542660e+01 8.890000e+00
    endloop
  endfacet
  facet normal -3.813649e-01 9.239555e-01 2.944526e-02
    outer loop
      vertex 3.789788e+01 2.553200e+01 2.851958e+00
      vertex 3.810873e+01 2.542660e+01 8.890000e+00
      vertex 3.833279e+01 2.551908e+01 8.890000e+00
    endloop
  endfacet
  facet normal -8.305837e-01 5.555488e-01 3.868072e-02
    outer loop
      vertex 3.812218e+01 2.562504e+01 2.845750e+00
      vertex 3.833279e+01 2.551908e+01 8.890000e+00
      vertex 3.840224e+01 2.562292e+01 8.890000e+00
    endloop
  endfacet
  facet normal 1.224647e-16 6.123234e-17 -1.000000e+00
    outer loop
      vertex -2.285573e+01 -3.333030e+01 5.080003e-01
      vertex -2.239906e+01 -3.333030e+01 5.080003e-01
      vertex -2.229105e+01 -3.335185e+01 5.080003e-01
    endloop
  endfacet
  facet normal -3.823083e-01 9.235634e-01 2.951237e-02
    outer loop
      vertex 3.812218e+01 2.562504e+01 2.845750e+00
      vertex 3.789788e+01 2.553200e+01 2.851958e+00
      vertex 3.833279e+01 2.551908e+01 8.890000e+00
    endloop
  endfacet
  facet normal -8.301135e-01 5.562527e-01 3.865919e-02
    outer loop
      vertex 3.819064e+01 2.572734e+01 2.843751e+00
      vertex 3.812218e+01 2.562504e+01 2.845750e+00
      vertex 3.840224e+01 2.562292e+01 8.890000e+00
    endloop
  endfacet
  facet normal -5.025231e-02 3.781704e-01 9.243711e-01
    outer loop
      vertex 3.962277e+01 -5.904869e+00 8.798957e+00
      vertex 3.962277e+01 -6.127403e+00 8.890000e+00
      vertex 3.978874e+01 -6.105353e+00 8.890000e+00
    endloop
  endfacet
  facet normal -8.893336e-02 3.498706e-01 9.325671e-01
    outer loop
      vertex 3.980261e+01 -5.867026e+00 8.801912e+00
      vertex 3.962277e+01 -5.904869e+00 8.798957e+00
      vertex 3.978874e+01 -6.105353e+00 8.890000e+00
    endloop
  endfacet
  facet normal -4.654907e-02 -3.487412e-01 9.360625e-01
    outer loop
      vertex 3.980280e+01 -3.578906e+01 8.801914e+00
      vertex 3.978945e+01 -3.555084e+01 8.890000e+00
      vertex 3.962277e+01 -3.552859e+01 8.890000e+00
    endloop
  endfacet
  facet normal -9.454156e-02 -3.769527e-01 9.213949e-01
    outer loop
      vertex 3.980280e+01 -3.578906e+01 8.801914e+00
      vertex 3.962277e+01 -3.552859e+01 8.890000e+00
      vertex 3.962277e+01 -3.575113e+01 8.798957e+00
    endloop
  endfacet
  facet normal -4.981087e-17 -9.135454e-01 4.067366e-01
    outer loop
      vertex -3.795920e+01 4.156619e+01 2.611288e+00
      vertex -3.694459e+01 4.164359e+01 2.785135e+00
      vertex -3.795920e+01 4.164359e+01 2.785135e+00
    endloop
  endfacet
  facet normal 1.663879e-01 -9.008110e-01 4.010669e-01
    outer loop
      vertex -3.795920e+01 4.156619e+01 2.611288e+00
      vertex -3.795920e+01 4.164359e+01 2.785135e+00
      vertex -3.805501e+01 4.162470e+01 2.782450e+00
    endloop
  endfacet
  facet normal 9.647288e-01 -1.611914e-17 2.632456e-01
    outer loop
      vertex -3.691391e+01 4.161325e+01 2.672702e+00
      vertex -3.694459e+01 4.349087e+01 2.785135e+00
      vertex -3.694459e+01 4.164359e+01 2.785135e+00
    endloop
  endfacet
  facet normal 2.764209e-02 -9.631605e-01 2.675026e-01
    outer loop
      vertex -3.795920e+01 4.156619e+01 2.611288e+00
      vertex -3.691391e+01 4.161325e+01 2.672702e+00
      vertex -3.694459e+01 4.164359e+01 2.785135e+00
    endloop
  endfacet
  facet normal -1.377642e-01 -7.845798e-01 6.045293e-01
    outer loop
      vertex 3.813417e+01 4.151765e+01 2.661555e+00
      vertex 3.805501e+01 4.162470e+01 2.782450e+00
      vertex 3.795920e+01 4.164359e+01 2.785135e+00
    endloop
  endfacet
  facet normal -1.722543e-02 -9.134099e-01 4.066763e-01
    outer loop
      vertex 3.795920e+01 4.156619e+01 2.611288e+00
      vertex 3.795920e+01 4.164359e+01 2.785135e+00
      vertex 3.691391e+01 4.161325e+01 2.672702e+00
    endloop
  endfacet
  facet normal -3.472488e-01 -8.566983e-01 3.814267e-01
    outer loop
      vertex 3.813417e+01 4.151765e+01 2.661555e+00
      vertex 3.795920e+01 4.164359e+01 2.785135e+00
      vertex 3.795920e+01 4.156619e+01 2.611288e+00
    endloop
  endfacet
  facet normal 8.889624e-01 3.976937e-01 2.271246e-01
    outer loop
      vertex -3.692226e+01 4.349549e+01 2.689655e+00
      vertex -3.875658e+01 4.754119e+01 2.785135e+00
      vertex -3.694459e+01 4.349087e+01 2.785135e+00
    endloop
  endfacet
  facet normal 9.736948e-01 2.266294e-03 2.278452e-01
    outer loop
      vertex -3.691391e+01 4.161325e+01 2.672702e+00
      vertex -3.692226e+01 4.349549e+01 2.689655e+00
      vertex -3.694459e+01 4.349087e+01 2.785135e+00
    endloop
  endfacet
  facet normal 4.273955e-18 9.993908e-01 -3.489950e-02
    outer loop
      vertex -3.925232e+01 4.794516e+01 1.398160e+00
      vertex -3.939889e+01 4.795749e+01 1.751406e+00
      vertex 3.939889e+01 4.795749e+01 1.751406e+00
    endloop
  endfacet
  facet normal -2.349688e-17 9.814211e-01 1.918666e-01
    outer loop
      vertex -3.902487e+01 4.789141e+01 2.089432e+00
      vertex 3.939889e+01 4.795749e+01 1.751406e+00
      vertex -3.939889e+01 4.795749e+01 1.751406e+00
    endloop
  endfacet
  facet normal 4.994569e-18 9.993908e-01 -3.489950e-02
    outer loop
      vertex -3.871750e+01 4.793178e+01 1.015123e+00
      vertex -3.925232e+01 4.794516e+01 1.398160e+00
      vertex 3.939889e+01 4.795749e+01 1.751406e+00
    endloop
  endfacet
  facet normal 6.682007e-18 9.993908e-01 -3.489950e-02
    outer loop
      vertex -3.759127e+01 4.792202e+01 7.354066e-01
      vertex -3.871750e+01 4.793178e+01 1.015123e+00
      vertex 3.939889e+01 4.795749e+01 1.751406e+00
    endloop
  endfacet
  facet normal 4.273955e-18 9.993908e-01 -3.489950e-02
    outer loop
      vertex 3.759127e+01 4.792202e+01 7.354066e-01
      vertex -3.759127e+01 4.792202e+01 7.354066e-01
      vertex 3.939889e+01 4.795749e+01 1.751406e+00
    endloop
  endfacet
  facet normal 8.572013e-19 9.993908e-01 -3.489950e-02
    outer loop
      vertex 3.873025e+01 4.793202e+01 1.021884e+00
      vertex 3.759127e+01 4.792202e+01 7.354066e-01
      vertex 3.939889e+01 4.795749e+01 1.751406e+00
    endloop
  endfacet
  facet normal -5.859342e-17 9.993908e-01 -3.489950e-02
    outer loop
      vertex 3.926379e+01 4.794554e+01 1.409125e+00
      vertex 3.873025e+01 4.793202e+01 1.021884e+00
      vertex 3.939889e+01 4.795749e+01 1.751406e+00
    endloop
  endfacet
  facet normal -1.287778e-16 9.993908e-01 -3.489950e-02
    outer loop
      vertex 3.967326e+01 4.796373e+01 1.930031e+00
      vertex 3.926379e+01 4.794554e+01 1.409125e+00
      vertex 3.939889e+01 4.795749e+01 1.751406e+00
    endloop
  endfacet
  facet normal -3.896174e-07 9.814380e-01 1.917795e-01
    outer loop
      vertex 3.902506e+01 4.789147e+01 2.089310e+00
      vertex 3.939889e+01 4.795749e+01 1.751406e+00
      vertex -3.902487e+01 4.789141e+01 2.089432e+00
    endloop
  endfacet
  facet normal -1.441885e-01 9.889750e-01 3.373514e-02
    outer loop
      vertex 3.909350e+01 4.790092e+01 2.104649e+00
      vertex 3.939889e+01 4.795749e+01 1.751406e+00
      vertex 3.902506e+01 4.789147e+01 2.089310e+00
    endloop
  endfacet
  facet normal -3.510564e-01 9.233318e-01 -1.556207e-01
    outer loop
      vertex 3.909350e+01 4.790092e+01 2.104649e+00
      vertex 3.918165e+01 4.793217e+01 2.091212e+00
      vertex 3.939889e+01 4.795749e+01 1.751406e+00
    endloop
  endfacet
  facet normal 1.916090e-16 9.993908e-01 -3.489950e-02
    outer loop
      vertex -3.925232e+01 4.794516e+01 1.398160e+00
      vertex -3.966580e+01 4.796329e+01 1.917317e+00
      vertex -3.939889e+01 4.795749e+01 1.751406e+00
    endloop
  endfacet
  facet normal 3.501514e-01 9.238231e-01 -1.547416e-01
    outer loop
      vertex -3.909354e+01 4.790093e+01 2.104651e+00
      vertex -3.939889e+01 4.795749e+01 1.751406e+00
      vertex -3.918125e+01 4.793204e+01 2.091943e+00
    endloop
  endfacet
  facet normal 1.444809e-01 9.889413e-01 3.347191e-02
    outer loop
      vertex -3.909354e+01 4.790093e+01 2.104651e+00
      vertex -3.902487e+01 4.789141e+01 2.089432e+00
      vertex -3.939889e+01 4.795749e+01 1.751406e+00
    endloop
  endfacet
  facet normal -3.769364e-01 9.151776e-01 -1.427195e-01
    outer loop
      vertex -4.054095e+01 4.777998e+01 3.053201e+00
      vertex -4.000280e+01 4.800334e+01 3.064194e+00
      vertex -3.966580e+01 4.796329e+01 1.917317e+00
    endloop
  endfacet
  facet normal -2.992361e-01 9.150987e-01 -2.702820e-01
    outer loop
      vertex -4.011257e+01 4.772999e+01 1.622049e+00
      vertex -3.966580e+01 4.796329e+01 1.917317e+00
      vertex -3.925232e+01 4.794516e+01 1.398160e+00
    endloop
  endfacet
  facet normal -3.805196e-01 9.132074e-01 -1.457981e-01
    outer loop
      vertex -4.011257e+01 4.772999e+01 1.622049e+00
      vertex -4.054095e+01 4.777998e+01 3.053201e+00
      vertex -3.966580e+01 4.796329e+01 1.917317e+00
    endloop
  endfacet
  facet normal -2.209445e-01 9.139489e-01 -3.404129e-01
    outer loop
      vertex -3.903726e+01 4.769372e+01 5.835059e-01
      vertex -3.925232e+01 4.794516e+01 1.398160e+00
      vertex -3.871750e+01 4.793178e+01 1.015123e+00
    endloop
  endfacet
  facet normal -3.126863e-01 8.812135e-01 -3.545278e-01
    outer loop
      vertex -3.903726e+01 4.769372e+01 5.835059e-01
      vertex -4.011257e+01 4.772999e+01 1.622049e+00
      vertex -3.925232e+01 4.794516e+01 1.398160e+00
    endloop
  endfacet
  facet normal -9.756649e-02 9.002643e-01 -4.242697e-01
    outer loop
      vertex -3.903726e+01 4.769372e+01 5.835059e-01
      vertex -3.871750e+01 4.793178e+01 1.015123e+00
      vertex -3.759127e+01 4.792202e+01 7.354066e-01
    endloop
  endfacet
  facet normal 5.074987e-17 9.100929e-01 -4.144041e-01
    outer loop
      vertex 3.759127e+01 4.768052e+01 2.050384e-01
      vertex -3.759127e+01 4.792202e+01 7.354066e-01
      vertex 3.759127e+01 4.792202e+01 7.354066e-01
    endloop
  endfacet
  facet normal -9.965560e-02 9.055613e-01 -4.123439e-01
    outer loop
      vertex -3.759127e+01 4.768051e+01 2.050353e-01
      vertex -3.903726e+01 4.769372e+01 5.835059e-01
      vertex -3.759127e+01 4.792202e+01 7.354066e-01
    endloop
  endfacet
  facet normal -2.279712e-08 9.100918e-01 -4.144068e-01
    outer loop
      vertex 3.759127e+01 4.768052e+01 2.050384e-01
      vertex -3.759127e+01 4.768051e+01 2.050353e-01
      vertex -3.759127e+01 4.792202e+01 7.354066e-01
    endloop
  endfacet
  facet normal 9.579482e-02 9.059076e-01 -4.124983e-01
    outer loop
      vertex 3.759127e+01 4.768052e+01 2.050384e-01
      vertex 3.759127e+01 4.792202e+01 7.354066e-01
      vertex 3.873025e+01 4.793202e+01 1.021884e+00
    endloop
  endfacet
  facet normal 2.235913e-01 9.134725e-01 -3.399629e-01
    outer loop
      vertex 3.903733e+01 4.769372e+01 5.835400e-01
      vertex 3.873025e+01 4.793202e+01 1.021884e+00
      vertex 3.926379e+01 4.794554e+01 1.409125e+00
    endloop
  endfacet
  facet normal 1.224647e-16 6.123234e-17 -1.000000e+00
    outer loop
      vertex -2.316368e+01 -3.357965e+01 5.080003e-01
      vertex -2.372804e+01 -3.355814e+01 5.080003e-01
      vertex -2.211853e+01 -3.361101e+01 5.080003e-01
    endloop
  endfacet
  facet normal 1.015184e-01 9.021444e-01 -4.193204e-01
    outer loop
      vertex 3.903733e+01 4.769372e+01 5.835400e-01
      vertex 3.759127e+01 4.768052e+01 2.050384e-01
      vertex 3.873025e+01 4.793202e+01 1.021884e+00
    endloop
  endfacet
  facet normal 2.996895e-01 9.157525e-01 -2.675511e-01
    outer loop
      vertex 4.011261e+01 4.772999e+01 1.622116e+00
      vertex 3.926379e+01 4.794554e+01 1.409125e+00
      vertex 3.967326e+01 4.796373e+01 1.930031e+00
    endloop
  endfacet
  facet normal 3.127442e-01 8.811769e-01 -3.545676e-01
    outer loop
      vertex 4.011261e+01 4.772999e+01 1.622116e+00
      vertex 3.903733e+01 4.769372e+01 5.835400e-01
      vertex 3.926379e+01 4.794554e+01 1.409125e+00
    endloop
  endfacet
  facet normal 3.845212e-01 9.118831e-01 -1.435714e-01
    outer loop
      vertex 4.011261e+01 4.772999e+01 1.622116e+00
      vertex 3.967326e+01 4.796373e+01 1.930031e+00
      vertex 4.000280e+01 4.800334e+01 3.064194e+00
    endloop
  endfacet
  facet normal 3.767922e-01 9.149203e-01 -1.447356e-01
    outer loop
      vertex 4.054095e+01 4.777997e+01 3.053201e+00
      vertex 4.011261e+01 4.772999e+01 1.622116e+00
      vertex 4.000280e+01 4.800334e+01 3.064194e+00
    endloop
  endfacet
  facet normal 7.610061e-01 6.200079e-01 1.909446e-01
    outer loop
      vertex -3.880411e+01 4.771358e+01 2.414805e+00
      vertex -3.887261e+01 4.772902e+01 2.637663e+00
      vertex -3.875658e+01 4.754119e+01 2.785135e+00
    endloop
  endfacet
  facet normal 8.335804e-01 3.682259e-01 4.117686e-01
    outer loop
      vertex -3.858552e+01 4.734836e+01 2.611293e+00
      vertex -3.875658e+01 4.754119e+01 2.785135e+00
      vertex -3.692226e+01 4.349549e+01 2.689655e+00
    endloop
  endfacet
  facet normal 8.060538e-01 5.693573e-01 1.615849e-01
    outer loop
      vertex -3.880411e+01 4.771358e+01 2.414805e+00
      vertex -3.875658e+01 4.754119e+01 2.785135e+00
      vertex -3.858552e+01 4.734836e+01 2.611293e+00
    endloop
  endfacet
  facet normal -1.224647e-16 -6.123234e-17 1.000000e+00
    outer loop
      vertex -3.693785e+01 2.551084e+01 4.064000e+00
      vertex 3.691839e+01 2.401916e+01 4.064000e+00
      vertex 3.691839e+01 2.551084e+01 4.064000e+00
    endloop
  endfacet
  facet normal -2.137303e-18 9.998477e-01 1.745241e-02
    outer loop
      vertex -3.789788e+01 2.553200e+01 2.851958e+00
      vertex -3.693785e+01 2.551084e+01 4.064000e+00
      vertex 3.691839e+01 2.551084e+01 4.064000e+00
    endloop
  endfacet
  facet normal -2.461960e-18 9.998477e-01 1.745241e-02
    outer loop
      vertex 3.789788e+01 2.553200e+01 2.851958e+00
      vertex -3.789788e+01 2.553200e+01 2.851958e+00
      vertex 3.691839e+01 2.551084e+01 4.064000e+00
    endloop
  endfacet
  facet normal -1.224647e-16 -6.123234e-17 1.000000e+00
    outer loop
      vertex -3.693785e+01 2.551084e+01 4.064000e+00
      vertex -3.693785e+01 2.401916e+01 4.064000e+00
      vertex 3.691839e+01 2.401916e+01 4.064000e+00
    endloop
  endfacet
  facet normal -2.137303e-18 -9.998477e-01 1.745241e-02
    outer loop
      vertex 3.789788e+01 2.399800e+01 2.851958e+00
      vertex 3.691839e+01 2.401916e+01 4.064000e+00
      vertex -3.693785e+01 2.401916e+01 4.064000e+00
    endloop
  endfacet
  facet normal -1.812647e-18 -9.998477e-01 1.745241e-02
    outer loop
      vertex 3.789788e+01 2.399800e+01 2.851958e+00
      vertex -3.693785e+01 2.401916e+01 4.064000e+00
      vertex -3.789788e+01 2.399800e+01 2.851958e+00
    endloop
  endfacet
  facet normal -1.224647e-16 -6.123234e-17 1.000000e+00
    outer loop
      vertex -3.693785e+01 2.190404e+01 4.064000e+00
      vertex -3.693785e+01 2.041236e+01 4.064000e+00
      vertex 3.691839e+01 2.041236e+01 4.064000e+00
    endloop
  endfacet
  facet normal -2.137303e-18 -9.998477e-01 1.745241e-02
    outer loop
      vertex 3.789788e+01 2.039120e+01 2.851958e+00
      vertex 3.691839e+01 2.041236e+01 4.064000e+00
      vertex -3.693785e+01 2.041236e+01 4.064000e+00
    endloop
  endfacet
  facet normal -1.224647e-16 -6.123234e-17 1.000000e+00
    outer loop
      vertex 3.691839e+01 2.190404e+01 4.064000e+00
      vertex -3.693785e+01 2.190404e+01 4.064000e+00
      vertex 3.691839e+01 2.041236e+01 4.064000e+00
    endloop
  endfacet
  facet normal -1.812647e-18 -9.998477e-01 1.745241e-02
    outer loop
      vertex 3.789788e+01 2.039120e+01 2.851958e+00
      vertex -3.693785e+01 2.041236e+01 4.064000e+00
      vertex -3.789788e+01 2.039120e+01 2.851958e+00
    endloop
  endfacet
  facet normal -2.137303e-18 9.998477e-01 1.745241e-02
    outer loop
      vertex -3.789788e+01 2.192519e+01 2.851958e+00
      vertex -3.693785e+01 2.190404e+01 4.064000e+00
      vertex 3.691839e+01 2.190404e+01 4.064000e+00
    endloop
  endfacet
  facet normal -2.461960e-18 9.998477e-01 1.745241e-02
    outer loop
      vertex 3.789788e+01 2.192519e+01 2.851958e+00
      vertex -3.789788e+01 2.192519e+01 2.851958e+00
      vertex 3.691839e+01 2.190404e+01 4.064000e+00
    endloop
  endfacet
  facet normal -5.577861e-17 9.187912e-01 3.947439e-01
    outer loop
      vertex 3.789788e+01 2.562691e+01 2.631043e+00
      vertex -3.789788e+01 2.553200e+01 2.851958e+00
      vertex 3.789788e+01 2.553200e+01 2.851958e+00
    endloop
  endfacet
  facet normal 1.224647e-16 6.123234e-17 -1.000000e+00
    outer loop
      vertex -2.389164e+01 -3.274393e+01 5.080003e-01
      vertex -2.386509e+01 -3.267896e+01 5.080003e-01
      vertex -2.285848e+01 -3.274386e+01 5.080003e-01
    endloop
  endfacet
  facet normal -4.834218e-17 9.187912e-01 3.947439e-01
    outer loop
      vertex -3.789788e+01 2.562691e+01 2.631043e+00
      vertex -3.789788e+01 2.553200e+01 2.851958e+00
      vertex 3.789788e+01 2.562691e+01 2.631043e+00
    endloop
  endfacet
  facet normal 8.626769e-02 9.153660e-01 3.932722e-01
    outer loop
      vertex 3.799293e+01 2.556294e+01 2.759072e+00
      vertex 3.789788e+01 2.562691e+01 2.631043e+00
      vertex 3.789788e+01 2.553200e+01 2.851958e+00
    endloop
  endfacet
  facet normal 1.224647e-16 6.123234e-17 -1.000000e+00
    outer loop
      vertex -2.708569e+01 -3.438160e+01 5.080003e-01
      vertex -2.813325e+01 -3.440200e+01 5.080003e-01
      vertex -2.811173e+01 -3.429424e+01 5.080003e-01
    endloop
  endfacet
  facet normal -4.090575e-17 -9.187912e-01 3.947439e-01
    outer loop
      vertex -3.789788e+01 2.390309e+01 2.631043e+00
      vertex 3.789788e+01 2.399800e+01 2.851958e+00
      vertex -3.789788e+01 2.399800e+01 2.851958e+00
    endloop
  endfacet
  facet normal 1.224647e-16 6.123234e-17 -1.000000e+00
    outer loop
      vertex -2.462966e+01 -3.267544e+01 5.080003e-01
      vertex -2.204716e+01 -3.267896e+01 5.080003e-01
      vertex -2.288499e+01 -3.267896e+01 5.080003e-01
    endloop
  endfacet
  facet normal -8.626769e-02 -9.153660e-01 3.932722e-01
    outer loop
      vertex -3.799293e+01 2.396705e+01 2.759072e+00
      vertex -3.789788e+01 2.390309e+01 2.631043e+00
      vertex -3.789788e+01 2.399800e+01 2.851958e+00
    endloop
  endfacet
  facet normal -4.834218e-17 -9.187912e-01 3.947439e-01
    outer loop
      vertex -3.789788e+01 2.390309e+01 2.631043e+00
      vertex 3.789788e+01 2.390309e+01 2.631043e+00
      vertex 3.789788e+01 2.399800e+01 2.851958e+00
    endloop
  endfacet
  facet normal 1.224647e-16 6.123234e-17 -1.000000e+00
    outer loop
      vertex -2.390070e+01 -3.329894e+01 5.080003e-01
      vertex -2.229105e+01 -3.335185e+01 5.080003e-01
      vertex -2.219935e+01 -3.341384e+01 5.080003e-01
    endloop
  endfacet
  facet normal -5.577861e-17 9.187912e-01 3.947439e-01
    outer loop
      vertex 3.789788e+01 2.202011e+01 2.631043e+00
      vertex -3.789788e+01 2.192519e+01 2.851958e+00
      vertex 3.789788e+01 2.192519e+01 2.851958e+00
    endloop
  endfacet
  facet normal 1.224647e-16 6.123234e-17 -1.000000e+00
    outer loop
      vertex -2.389164e+01 -3.274393e+01 5.080003e-01
      vertex -2.284941e+01 -3.280840e+01 5.080003e-01
      vertex -2.390070e+01 -3.280840e+01 5.080003e-01
    endloop
  endfacet
  facet normal -4.834218e-17 9.187912e-01 3.947439e-01
    outer loop
      vertex -3.789788e+01 2.202011e+01 2.631043e+00
      vertex -3.789788e+01 2.192519e+01 2.851958e+00
      vertex 3.789788e+01 2.202011e+01 2.631043e+00
    endloop
  endfacet
  facet normal 8.626769e-02 9.153660e-01 3.932722e-01
    outer loop
      vertex 3.799293e+01 2.195615e+01 2.759072e+00
      vertex 3.789788e+01 2.202011e+01 2.631043e+00
      vertex 3.789788e+01 2.192519e+01 2.851958e+00
    endloop
  endfacet
  facet normal 1.224647e-16 6.123234e-17 -1.000000e+00
    outer loop
      vertex -2.381976e+01 -3.349611e+01 5.080003e-01
      vertex -2.390070e+01 -3.329894e+01 5.080003e-01
      vertex -2.219935e+01 -3.341384e+01 5.080003e-01
    endloop
  endfacet
  facet normal -4.090575e-17 -9.187912e-01 3.947439e-01
    outer loop
      vertex -3.789788e+01 2.029629e+01 2.631043e+00
      vertex 3.789788e+01 2.039120e+01 2.851958e+00
      vertex -3.789788e+01 2.039120e+01 2.851958e+00
    endloop
  endfacet
  facet normal 1.224647e-16 6.123234e-17 -1.000000e+00
    outer loop
      vertex -2.390070e+01 -3.329894e+01 5.080003e-01
      vertex -2.390070e+01 -3.280840e+01 5.080003e-01
      vertex -2.284941e+01 -3.329894e+01 5.080003e-01
    endloop
  endfacet
  facet normal -8.626769e-02 -9.153660e-01 3.932722e-01
    outer loop
      vertex -3.799293e+01 2.036025e+01 2.759072e+00
      vertex -3.789788e+01 2.029629e+01 2.631043e+00
      vertex -3.789788e+01 2.039120e+01 2.851958e+00
    endloop
  endfacet
  facet normal -4.834218e-17 -9.187912e-01 3.947439e-01
    outer loop
      vertex -3.789788e+01 2.029629e+01 2.631043e+00
      vertex 3.789788e+01 2.029629e+01 2.631043e+00
      vertex 3.789788e+01 2.039120e+01 2.851958e+00
    endloop
  endfacet
  facet normal 1.224647e-16 6.123234e-17 -1.000000e+00
    outer loop
      vertex -2.633335e+01 -3.357965e+01 5.080003e-01
      vertex -2.632704e+01 -3.361101e+01 5.080003e-01
      vertex -2.735695e+01 -3.350289e+01 5.080003e-01
    endloop
  endfacet
  facet normal -1.224647e-16 -6.123234e-17 1.000000e+00
    outer loop
      vertex 1.858502e+01 -9.508834e+00 7.366000e+00
      vertex 1.865353e+01 4.023752e+00 7.366000e+00
      vertex 1.856103e+01 3.799750e+00 7.366000e+00
    endloop
  endfacet
  facet normal -9.240566e-01 3.815759e-01 2.278990e-02
    outer loop
      vertex 1.848115e+01 3.879632e+00 2.789567e+00
      vertex 1.856103e+01 3.799750e+00 7.366000e+00
      vertex 1.865353e+01 4.023752e+00 7.366000e+00
    endloop
  endfacet
  facet normal -1.224647e-16 -6.123234e-17 1.000000e+00
    outer loop
      vertex 1.856103e+01 -9.387754e+00 7.366000e+00
      vertex 1.858502e+01 -9.508834e+00 7.366000e+00
      vertex 1.856103e+01 3.799750e+00 7.366000e+00
    endloop
  endfacet
  facet normal -9.998477e-01 -1.068652e-18 1.745241e-02
    outer loop
      vertex 1.848115e+01 -9.467636e+00 2.789567e+00
      vertex 1.856103e+01 -9.387754e+00 7.366000e+00
      vertex 1.856103e+01 3.799750e+00 7.366000e+00
    endloop
  endfacet
  facet normal -9.998477e-01 -1.068652e-18 1.745241e-02
    outer loop
      vertex 1.848115e+01 3.879632e+00 2.789567e+00
      vertex 1.848115e+01 -9.467636e+00 2.789567e+00
      vertex 1.856103e+01 3.799750e+00 7.366000e+00
    endloop
  endfacet
  facet normal -1.224647e-16 -6.123234e-17 1.000000e+00
    outer loop
      vertex 1.865448e+01 -9.612704e+00 7.366000e+00
      vertex 1.875740e+01 4.093206e+00 7.366000e+00
      vertex 1.865353e+01 4.023752e+00 7.366000e+00
    endloop
  endfacet
  facet normal -5.556949e-01 8.310326e-01 2.424544e-02
    outer loop
      vertex 1.867662e+01 4.172756e+00 2.788206e+00
      vertex 1.865353e+01 4.023752e+00 7.366000e+00
      vertex 1.875740e+01 4.093206e+00 7.366000e+00
    endloop
  endfacet
  facet normal -1.224647e-16 -6.123234e-17 1.000000e+00
    outer loop
      vertex 1.858502e+01 -9.508834e+00 7.366000e+00
      vertex 1.865448e+01 -9.612704e+00 7.366000e+00
      vertex 1.865353e+01 4.023752e+00 7.366000e+00
    endloop
  endfacet
  facet normal -9.255056e-01 3.780376e-01 2.295590e-02
    outer loop
      vertex 1.857191e+01 4.101939e+00 2.787733e+00
      vertex 1.848115e+01 3.879632e+00 2.789567e+00
      vertex 1.865353e+01 4.023752e+00 7.366000e+00
    endloop
  endfacet
  facet normal -5.600958e-01 8.280764e-01 2.412701e-02
    outer loop
      vertex 1.867662e+01 4.172756e+00 2.788206e+00
      vertex 1.857191e+01 4.101939e+00 2.787733e+00
      vertex 1.865353e+01 4.023752e+00 7.366000e+00
    endloop
  endfacet
  facet normal -1.224647e-16 -6.123234e-17 1.000000e+00
    outer loop
      vertex 1.887848e+01 -9.705206e+00 7.366000e+00
      vertex 1.887848e+01 4.117203e+00 7.366000e+00
      vertex 1.875740e+01 4.093206e+00 7.366000e+00
    endloop
  endfacet
  facet normal -1.943440e-01 9.807199e-01 2.047070e-02
    outer loop
      vertex 1.867662e+01 4.172756e+00 2.788206e+00
      vertex 1.875740e+01 4.093206e+00 7.366000e+00
      vertex 1.887848e+01 4.117203e+00 7.366000e+00
    endloop
  endfacet
  facet normal -1.224647e-16 -6.123234e-17 1.000000e+00
    outer loop
      vertex 1.865448e+01 -9.612704e+00 7.366000e+00
      vertex 1.887848e+01 -9.705206e+00 7.366000e+00
      vertex 1.875740e+01 4.093206e+00 7.366000e+00
    endloop
  endfacet
  facet normal -1.224647e-16 -6.123234e-17 1.000000e+00
    outer loop
      vertex 2.050889e+01 2.486797e+00 7.366000e+00
      vertex 3.805551e+01 4.117203e+00 7.366000e+00
      vertex 1.887848e+01 4.117203e+00 7.366000e+00
    endloop
  endfacet
  facet normal -2.137303e-18 9.998477e-01 1.745241e-02
    outer loop
      vertex 3.789570e+01 4.197085e+00 2.789567e+00
      vertex 1.887848e+01 4.117203e+00 7.366000e+00
      vertex 3.805551e+01 4.117203e+00 7.366000e+00
    endloop
  endfacet
  facet normal -1.224647e-16 -6.123234e-17 1.000000e+00
    outer loop
      vertex 2.028489e+01 2.394297e+00 7.366000e+00
      vertex 2.050889e+01 2.486797e+00 7.366000e+00
      vertex 1.887848e+01 4.117203e+00 7.366000e+00
    endloop
  endfacet
  facet normal -1.224647e-16 -6.123234e-17 1.000000e+00
    outer loop
      vertex 2.021543e+01 2.290428e+00 7.366000e+00
      vertex 2.028489e+01 2.394297e+00 7.366000e+00
      vertex 1.887848e+01 4.117203e+00 7.366000e+00
    endloop
  endfacet
  facet normal -1.224647e-16 -6.123234e-17 1.000000e+00
    outer loop
      vertex 2.019143e+01 2.169344e+00 7.366000e+00
      vertex 2.021543e+01 2.290428e+00 7.366000e+00
      vertex 1.887848e+01 4.117203e+00 7.366000e+00
    endloop
  endfacet
  facet normal -1.224647e-16 -6.123234e-17 1.000000e+00
    outer loop
      vertex 2.019143e+01 -9.387754e+00 7.366000e+00
      vertex 2.019143e+01 2.169344e+00 7.366000e+00
      vertex 1.887848e+01 4.117203e+00 7.366000e+00
    endloop
  endfacet
  facet normal -1.224647e-16 -6.123234e-17 1.000000e+00
    outer loop
      vertex 2.009894e+01 -9.611753e+00 7.366000e+00
      vertex 2.019143e+01 -9.387754e+00 7.366000e+00
      vertex 1.887848e+01 4.117203e+00 7.366000e+00
    endloop
  endfacet
  facet normal -1.224647e-16 -6.123234e-17 1.000000e+00
    outer loop
      vertex 1.999507e+01 -9.681207e+00 7.366000e+00
      vertex 2.009894e+01 -9.611753e+00 7.366000e+00
      vertex 1.887848e+01 4.117203e+00 7.366000e+00
    endloop
  endfacet
  facet normal -1.224647e-16 -6.123234e-17 1.000000e+00
    outer loop
      vertex 1.987398e+01 -9.705206e+00 7.366000e+00
      vertex 1.999507e+01 -9.681207e+00 7.366000e+00
      vertex 1.887848e+01 4.117203e+00 7.366000e+00
    endloop
  endfacet
  facet normal -1.224647e-16 -6.123234e-17 1.000000e+00
    outer loop
      vertex 1.887848e+01 -9.705206e+00 7.366000e+00
      vertex 1.987398e+01 -9.705206e+00 7.366000e+00
      vertex 1.887848e+01 4.117203e+00 7.366000e+00
    endloop
  endfacet
  facet normal -2.137303e-18 9.998477e-01 1.745241e-02
    outer loop
      vertex 3.789570e+01 4.197085e+00 2.789567e+00
      vertex 1.879860e+01 4.197085e+00 2.789567e+00
      vertex 1.887848e+01 4.117203e+00 7.366000e+00
    endloop
  endfacet
  facet normal -1.957921e-01 9.804304e-01 2.053104e-02
    outer loop
      vertex 1.867662e+01 4.172756e+00 2.788206e+00
      vertex 1.887848e+01 4.117203e+00 7.366000e+00
      vertex 1.879860e+01 4.197085e+00 2.789567e+00
    endloop
  endfacet
  facet normal -1.224647e-16 -6.123234e-17 1.000000e+00
    outer loop
      vertex 3.806190e+01 2.486797e+00 7.366000e+00
      vertex 3.817664e+01 4.141196e+00 7.366000e+00
      vertex 3.805551e+01 4.117203e+00 7.366000e+00
    endloop
  endfacet
  facet normal -1.942501e-01 9.806608e-01 2.390086e-02
    outer loop
      vertex 3.789570e+01 4.197085e+00 2.789567e+00
      vertex 3.805551e+01 4.117203e+00 7.366000e+00
      vertex 3.817664e+01 4.141196e+00 7.366000e+00
    endloop
  endfacet
  facet normal -1.224647e-16 -6.123234e-17 1.000000e+00
    outer loop
      vertex 2.050889e+01 2.486797e+00 7.366000e+00
      vertex 3.806190e+01 2.486797e+00 7.366000e+00
      vertex 3.805551e+01 4.117203e+00 7.366000e+00
    endloop
  endfacet
  facet normal -1.224647e-16 -6.123234e-17 1.000000e+00
    outer loop
      vertex 3.826320e+01 2.414881e+00 7.366000e+00
      vertex 3.828052e+01 4.210635e+00 7.366000e+00
      vertex 3.817664e+01 4.141196e+00 7.366000e+00
    endloop
  endfacet
  facet normal -5.554067e-01 8.308897e-01 3.384575e-02
    outer loop
      vertex 3.811966e+01 4.289727e+00 2.784603e+00
      vertex 3.817664e+01 4.141196e+00 7.366000e+00
      vertex 3.828052e+01 4.210635e+00 7.366000e+00
    endloop
  endfacet
  facet normal -1.224647e-16 -6.123234e-17 1.000000e+00
    outer loop
      vertex 3.806190e+01 2.486797e+00 7.366000e+00
      vertex 3.826320e+01 2.414881e+00 7.366000e+00
      vertex 3.817664e+01 4.141196e+00 7.366000e+00
    endloop
  endfacet
  facet normal -3.813567e-01 9.237767e-01 3.469243e-02
    outer loop
      vertex 3.811966e+01 4.289727e+00 2.784603e+00
      vertex 3.789570e+01 4.197085e+00 2.789567e+00
      vertex 3.817664e+01 4.141196e+00 7.366000e+00
    endloop
  endfacet
  facet normal -8.315979e-01 5.540237e-01 3.876367e-02
    outer loop
      vertex 3.818942e+01 4.394472e+00 2.784118e+00
      vertex 3.811966e+01 4.289727e+00 2.784603e+00
      vertex 3.828052e+01 4.210635e+00 7.366000e+00
    endloop
  endfacet
  facet normal -3.362980e-01 -9.413321e-01 2.824106e-02
    outer loop
      vertex 3.809795e+01 2.331329e+00 2.613173e+00
      vertex 3.826320e+01 2.414881e+00 7.366000e+00
      vertex 3.806190e+01 2.486797e+00 7.366000e+00
    endloop
  endfacet
  facet normal -7.554891e-01 -6.540718e-01 3.776610e-02
    outer loop
      vertex 3.809795e+01 2.331329e+00 2.613173e+00
      vertex 3.816547e+01 2.250232e+00 2.559366e+00
      vertex 3.826320e+01 2.414881e+00 7.366000e+00
    endloop
  endfacet
  facet normal -2.137303e-18 -9.998477e-01 1.745241e-02
    outer loop
      vertex 3.790209e+01 2.406915e+00 2.789567e+00
      vertex 3.806190e+01 2.486797e+00 7.366000e+00
      vertex 2.050889e+01 2.486797e+00 7.366000e+00
    endloop
  endfacet
  facet normal -3.376796e-01 -9.408382e-01 2.821442e-02
    outer loop
      vertex 3.809795e+01 2.331329e+00 2.613173e+00
      vertex 3.806190e+01 2.486797e+00 7.366000e+00
      vertex 3.790209e+01 2.406915e+00 2.789567e+00
    endloop
  endfacet
  facet normal 3.815759e-01 -9.240566e-01 2.278990e-02
    outer loop
      vertex 2.058877e+01 2.406915e+00 2.789567e+00
      vertex 2.050889e+01 2.486797e+00 7.366000e+00
      vertex 2.028489e+01 2.394297e+00 7.366000e+00
    endloop
  endfacet
  facet normal -2.137303e-18 -9.998477e-01 1.745241e-02
    outer loop
      vertex 2.058877e+01 2.406915e+00 2.789567e+00
      vertex 3.790209e+01 2.406915e+00 2.789567e+00
      vertex 2.050889e+01 2.486797e+00 7.366000e+00
    endloop
  endfacet
  facet normal 8.310345e-01 -5.556962e-01 2.415377e-02
    outer loop
      vertex 2.036394e+01 2.313525e+00 2.787730e+00
      vertex 2.028489e+01 2.394297e+00 7.366000e+00
      vertex 2.021543e+01 2.290428e+00 7.366000e+00
    endloop
  endfacet
  facet normal 1.928274e-01 -9.811808e-01 1.009916e-02
    outer loop
      vertex 2.046870e+01 2.383303e+00 2.788220e+00
      vertex 2.058877e+01 2.406915e+00 2.789567e+00
      vertex 2.028489e+01 2.394297e+00 7.366000e+00
    endloop
  endfacet
  facet normal 5.541162e-01 -8.320861e-01 2.424834e-02
    outer loop
      vertex 2.036394e+01 2.313525e+00 2.787730e+00
      vertex 2.046870e+01 2.383303e+00 2.788220e+00
      vertex 2.028489e+01 2.394297e+00 7.366000e+00
    endloop
  endfacet
  facet normal 9.804593e-01 -1.942923e-01 3.082402e-02
    outer loop
      vertex 2.036394e+01 2.313525e+00 2.787730e+00
      vertex 2.021543e+01 2.290428e+00 7.366000e+00
      vertex 2.019143e+01 2.169344e+00 7.366000e+00
    endloop
  endfacet
  facet normal 9.998477e-01 -1.068652e-18 1.745241e-02
    outer loop
      vertex 2.027132e+01 2.089462e+00 2.789567e+00
      vertex 2.019143e+01 2.169344e+00 7.366000e+00
      vertex 2.019143e+01 -9.387754e+00 7.366000e+00
    endloop
  endfacet
  facet normal 9.239778e-01 -3.817664e-01 2.279185e-02
    outer loop
      vertex 2.036394e+01 2.313525e+00 2.787730e+00
      vertex 2.019143e+01 2.169344e+00 7.366000e+00
      vertex 2.027132e+01 2.089462e+00 2.789567e+00
    endloop
  endfacet
  facet normal 9.240566e-01 -3.815759e-01 2.278990e-02
    outer loop
      vertex 2.027132e+01 -9.467636e+00 2.789567e+00
      vertex 2.019143e+01 -9.387754e+00 7.366000e+00
      vertex 2.009894e+01 -9.611753e+00 7.366000e+00
    endloop
  endfacet
  facet normal 9.998477e-01 -1.068652e-18 1.745241e-02
    outer loop
      vertex 2.027132e+01 -9.467636e+00 2.789567e+00
      vertex 2.027132e+01 2.089462e+00 2.789567e+00
      vertex 2.019143e+01 -9.387754e+00 7.366000e+00
    endloop
  endfacet
  facet normal 5.556949e-01 -8.310326e-01 2.424544e-02
    outer loop
      vertex 2.007584e+01 -9.760757e+00 2.788206e+00
      vertex 2.009894e+01 -9.611753e+00 7.366000e+00
      vertex 1.999507e+01 -9.681207e+00 7.366000e+00
    endloop
  endfacet
  facet normal 9.255056e-01 -3.780376e-01 2.295590e-02
    outer loop
      vertex 2.018056e+01 -9.689940e+00 2.787733e+00
      vertex 2.027132e+01 -9.467636e+00 2.789567e+00
      vertex 2.009894e+01 -9.611753e+00 7.366000e+00
    endloop
  endfacet
  facet normal 5.600958e-01 -8.280764e-01 2.412701e-02
    outer loop
      vertex 2.007584e+01 -9.760757e+00 2.788206e+00
      vertex 2.018056e+01 -9.689940e+00 2.787733e+00
      vertex 2.009894e+01 -9.611753e+00 7.366000e+00
    endloop
  endfacet
  facet normal 1.943440e-01 -9.807199e-01 2.047070e-02
    outer loop
      vertex 2.007584e+01 -9.760757e+00 2.788206e+00
      vertex 1.999507e+01 -9.681207e+00 7.366000e+00
      vertex 1.987398e+01 -9.705206e+00 7.366000e+00
    endloop
  endfacet
  facet normal -2.137303e-18 -9.998477e-01 1.745241e-02
    outer loop
      vertex 1.879860e+01 -9.785083e+00 2.789567e+00
      vertex 1.987398e+01 -9.705206e+00 7.366000e+00
      vertex 1.887848e+01 -9.705206e+00 7.366000e+00
    endloop
  endfacet
  facet normal -2.137303e-18 -9.998477e-01 1.745241e-02
    outer loop
      vertex 1.879860e+01 -9.785083e+00 2.789567e+00
      vertex 1.995387e+01 -9.785083e+00 2.789567e+00
      vertex 1.987398e+01 -9.705206e+00 7.366000e+00
    endloop
  endfacet
  facet normal 1.957921e-01 -9.804304e-01 2.053104e-02
    outer loop
      vertex 2.007584e+01 -9.760757e+00 2.788206e+00
      vertex 1.987398e+01 -9.705206e+00 7.366000e+00
      vertex 1.995387e+01 -9.785083e+00 2.789567e+00
    endloop
  endfacet
  facet normal -3.815759e-01 -9.240566e-01 2.278990e-02
    outer loop
      vertex 1.879860e+01 -9.785083e+00 2.789567e+00
      vertex 1.887848e+01 -9.705206e+00 7.366000e+00
      vertex 1.865448e+01 -9.612704e+00 7.366000e+00
    endloop
  endfacet
  facet normal -8.310326e-01 -5.556949e-01 2.424544e-02
    outer loop
      vertex 1.850548e+01 -9.589607e+00 2.788206e+00
      vertex 1.865448e+01 -9.612704e+00 7.366000e+00
      vertex 1.858502e+01 -9.508834e+00 7.366000e+00
    endloop
  endfacet
  facet normal -3.780376e-01 -9.255056e-01 2.295590e-02
    outer loop
      vertex 1.857629e+01 -9.694324e+00 2.787733e+00
      vertex 1.879860e+01 -9.785083e+00 2.789567e+00
      vertex 1.865448e+01 -9.612704e+00 7.366000e+00
    endloop
  endfacet
  facet normal -8.280764e-01 -5.600958e-01 2.412701e-02
    outer loop
      vertex 1.850548e+01 -9.589607e+00 2.788206e+00
      vertex 1.857629e+01 -9.694324e+00 2.787733e+00
      vertex 1.865448e+01 -9.612704e+00 7.366000e+00
    endloop
  endfacet
  facet normal -9.807199e-01 -1.943440e-01 2.047070e-02
    outer loop
      vertex 1.850548e+01 -9.589607e+00 2.788206e+00
      vertex 1.858502e+01 -9.508834e+00 7.366000e+00
      vertex 1.856103e+01 -9.387754e+00 7.366000e+00
    endloop
  endfacet
  facet normal -9.804304e-01 -1.957921e-01 2.053104e-02
    outer loop
      vertex 1.850548e+01 -9.589607e+00 2.788206e+00
      vertex 1.856103e+01 -9.387754e+00 7.366000e+00
      vertex 1.848115e+01 -9.467636e+00 2.789567e+00
    endloop
  endfacet
  facet normal -1.224647e-16 -6.123234e-17 1.000000e+00
    outer loop
      vertex -2.019143e+01 2.169344e+00 7.366000e+00
      vertex -2.009799e+01 -9.612704e+00 7.366000e+00
      vertex -1.987398e+01 -9.705206e+00 7.366000e+00
    endloop
  endfacet
  facet normal -3.815759e-01 -9.240566e-01 2.278990e-02
    outer loop
      vertex -1.995387e+01 -9.785083e+00 2.789567e+00
      vertex -1.987398e+01 -9.705206e+00 7.366000e+00
      vertex -2.009799e+01 -9.612704e+00 7.366000e+00
    endloop
  endfacet
  facet normal -1.224647e-16 -6.123234e-17 1.000000e+00
    outer loop
      vertex -1.887848e+01 -9.705206e+00 7.366000e+00
      vertex -2.019143e+01 2.169344e+00 7.366000e+00
      vertex -1.987398e+01 -9.705206e+00 7.366000e+00
    endloop
  endfacet
  facet normal -2.137303e-18 -9.998477e-01 1.745241e-02
    outer loop
      vertex -1.995387e+01 -9.785083e+00 2.789567e+00
      vertex -1.887848e+01 -9.705206e+00 7.366000e+00
      vertex -1.987398e+01 -9.705206e+00 7.366000e+00
    endloop
  endfacet
  facet normal -1.224647e-16 -6.123234e-17 1.000000e+00
    outer loop
      vertex -2.019143e+01 2.169344e+00 7.366000e+00
      vertex -2.016744e+01 -9.508834e+00 7.366000e+00
      vertex -2.009799e+01 -9.612704e+00 7.366000e+00
    endloop
  endfacet
  facet normal -8.310326e-01 -5.556949e-01 2.424544e-02
    outer loop
      vertex -2.024699e+01 -9.589607e+00 2.788206e+00
      vertex -2.009799e+01 -9.612704e+00 7.366000e+00
      vertex -2.016744e+01 -9.508834e+00 7.366000e+00
    endloop
  endfacet
  facet normal -3.780376e-01 -9.255056e-01 2.295590e-02
    outer loop
      vertex -2.017617e+01 -9.694324e+00 2.787733e+00
      vertex -1.995387e+01 -9.785083e+00 2.789567e+00
      vertex -2.009799e+01 -9.612704e+00 7.366000e+00
    endloop
  endfacet
  facet normal -8.280764e-01 -5.600958e-01 2.412701e-02
    outer loop
      vertex -2.024699e+01 -9.589607e+00 2.788206e+00
      vertex -2.017617e+01 -9.694324e+00 2.787733e+00
      vertex -2.009799e+01 -9.612704e+00 7.366000e+00
    endloop
  endfacet
  facet normal -1.224647e-16 -6.123234e-17 1.000000e+00
    outer loop
      vertex -2.019143e+01 2.169344e+00 7.366000e+00
      vertex -2.019143e+01 -9.387754e+00 7.366000e+00
      vertex -2.016744e+01 -9.508834e+00 7.366000e+00
    endloop
  endfacet
  facet normal -9.807199e-01 -1.943440e-01 2.047070e-02
    outer loop
      vertex -2.024699e+01 -9.589607e+00 2.788206e+00
      vertex -2.016744e+01 -9.508834e+00 7.366000e+00
      vertex -2.019143e+01 -9.387754e+00 7.366000e+00
    endloop
  endfacet
  facet normal -9.998477e-01 -1.068652e-18 1.745241e-02
    outer loop
      vertex -2.027132e+01 1.983476e+00 2.789567e+00
      vertex -2.019143e+01 -9.387754e+00 7.366000e+00
      vertex -2.019143e+01 2.169344e+00 7.366000e+00
    endloop
  endfacet
  facet normal -9.998477e-01 -1.068652e-18 1.745241e-02
    outer loop
      vertex -2.027132e+01 -9.467636e+00 2.789567e+00
      vertex -2.019143e+01 -9.387754e+00 7.366000e+00
      vertex -2.027132e+01 1.983476e+00 2.789567e+00
    endloop
  endfacet
  facet normal -9.804304e-01 -1.957921e-01 2.053104e-02
    outer loop
      vertex -2.024699e+01 -9.589607e+00 2.788206e+00
      vertex -2.019143e+01 -9.387754e+00 7.366000e+00
      vertex -2.027132e+01 -9.467636e+00 2.789567e+00
    endloop
  endfacet
  facet normal -1.224647e-16 -6.123234e-17 1.000000e+00
    outer loop
      vertex -1.887848e+01 4.117203e+00 7.366000e+00
      vertex -2.028393e+01 2.393347e+00 7.366000e+00
      vertex -2.019143e+01 2.169344e+00 7.366000e+00
    endloop
  endfacet
  facet normal -9.240566e-01 -3.815759e-01 2.278990e-02
    outer loop
      vertex -2.027023e+01 2.090552e+00 2.851958e+00
      vertex -2.019143e+01 2.169344e+00 7.366000e+00
      vertex -2.028393e+01 2.393347e+00 7.366000e+00
    endloop
  endfacet
  facet normal -1.224647e-16 -6.123234e-17 1.000000e+00
    outer loop
      vertex -1.887848e+01 -9.705206e+00 7.366000e+00
      vertex -1.887848e+01 4.117203e+00 7.366000e+00
      vertex -2.019143e+01 2.169344e+00 7.366000e+00
    endloop
  endfacet
  facet normal -9.998477e-01 -1.362907e-14 1.745241e-02
    outer loop
      vertex -2.027096e+01 2.042493e+00 2.810119e+00
      vertex -2.027132e+01 1.983476e+00 2.789567e+00
      vertex -2.019143e+01 2.169344e+00 7.366000e+00
    endloop
  endfacet
  facet normal -9.998477e-01 3.395131e-14 1.745241e-02
    outer loop
      vertex -2.027023e+01 2.090552e+00 2.851958e+00
      vertex -2.027096e+01 2.042493e+00 2.810119e+00
      vertex -2.019143e+01 2.169344e+00 7.366000e+00
    endloop
  endfacet
  facet normal -1.224647e-16 -6.123234e-17 1.000000e+00
    outer loop
      vertex -1.887848e+01 4.117203e+00 7.366000e+00
      vertex -2.038780e+01 2.462801e+00 7.366000e+00
      vertex -2.028393e+01 2.393347e+00 7.366000e+00
    endloop
  endfacet
  facet normal -5.556959e-01 -8.310341e-01 2.417630e-02
    outer loop
      vertex -2.036324e+01 2.314990e+00 2.849665e+00
      vertex -2.028393e+01 2.393347e+00 7.366000e+00
      vertex -2.038780e+01 2.462801e+00 7.366000e+00
    endloop
  endfacet
  facet normal 1.224647e-16 6.123234e-17 -1.000000e+00
    outer loop
      vertex -2.381976e+01 -3.349611e+01 5.080003e-01
      vertex -2.211853e+01 -3.361101e+01 5.080003e-01
      vertex -2.372804e+01 -3.355814e+01 5.080003e-01
    endloop
  endfacet
  facet normal -9.236504e-01 -3.825538e-01 2.285673e-02
    outer loop
      vertex -2.036324e+01 2.314990e+00 2.849665e+00
      vertex -2.027023e+01 2.090552e+00 2.851958e+00
      vertex -2.028393e+01 2.393347e+00 7.366000e+00
    endloop
  endfacet
  facet normal -1.224647e-16 -6.123234e-17 1.000000e+00
    outer loop
      vertex -1.887848e+01 4.117203e+00 7.366000e+00
      vertex -2.050889e+01 2.486797e+00 7.366000e+00
      vertex -2.038780e+01 2.462801e+00 7.366000e+00
    endloop
  endfacet
  facet normal -1.943436e-01 -9.807180e-01 2.056316e-02
    outer loop
      vertex -2.046555e+01 2.383497e+00 2.848819e+00
      vertex -2.038780e+01 2.462801e+00 7.366000e+00
      vertex -2.050889e+01 2.486797e+00 7.366000e+00
    endloop
  endfacet
  facet normal -5.563510e-01 -8.305961e-01 2.415841e-02
    outer loop
      vertex -2.046555e+01 2.383497e+00 2.848819e+00
      vertex -2.036324e+01 2.314990e+00 2.849665e+00
      vertex -2.038780e+01 2.462801e+00 7.366000e+00
    endloop
  endfacet
  facet normal -1.224647e-16 -6.123234e-17 1.000000e+00
    outer loop
      vertex -3.805551e+01 4.117203e+00 7.366000e+00
      vertex -3.806190e+01 2.486797e+00 7.366000e+00
      vertex -2.050889e+01 2.486797e+00 7.366000e+00
    endloop
  endfacet
  facet normal -2.137303e-18 -9.998477e-01 1.745241e-02
    outer loop
      vertex -2.058768e+01 2.408005e+00 2.851958e+00
      vertex -2.050889e+01 2.486797e+00 7.366000e+00
      vertex -3.806190e+01 2.486797e+00 7.366000e+00
    endloop
  endfacet
  facet normal -1.224647e-16 -6.123234e-17 1.000000e+00
    outer loop
      vertex -1.887848e+01 4.117203e+00 7.366000e+00
      vertex -3.805551e+01 4.117203e+00 7.366000e+00
      vertex -2.050889e+01 2.486797e+00 7.366000e+00
    endloop
  endfacet
  facet normal -1.962063e-01 -9.803475e-01 2.053682e-02
    outer loop
      vertex -2.046555e+01 2.383497e+00 2.848819e+00
      vertex -2.050889e+01 2.486797e+00 7.366000e+00
      vertex -2.058768e+01 2.408005e+00 2.851958e+00
    endloop
  endfacet
  facet normal -1.224647e-16 -6.123234e-17 1.000000e+00
    outer loop
      vertex -3.817664e+01 4.141196e+00 7.366000e+00
      vertex -3.826320e+01 2.414881e+00 7.366000e+00
      vertex -3.806190e+01 2.486797e+00 7.366000e+00
    endloop
  endfacet
  facet normal 3.362986e-01 -9.413338e-01 2.817485e-02
    outer loop
      vertex -3.790209e+01 2.406915e+00 2.789567e+00
      vertex -3.806190e+01 2.486797e+00 7.366000e+00
      vertex -3.826320e+01 2.414881e+00 7.366000e+00
    endloop
  endfacet
  facet normal -1.224647e-16 -6.123234e-17 1.000000e+00
    outer loop
      vertex -3.805551e+01 4.117203e+00 7.366000e+00
      vertex -3.817664e+01 4.141196e+00 7.366000e+00
      vertex -3.806190e+01 2.486797e+00 7.366000e+00
    endloop
  endfacet
  facet normal -2.137303e-18 -9.998477e-01 1.745241e-02
    outer loop
      vertex -2.069475e+01 2.406915e+00 2.789567e+00
      vertex -3.806190e+01 2.486797e+00 7.366000e+00
      vertex -3.790209e+01 2.406915e+00 2.789567e+00
    endloop
  endfacet
  facet normal 7.834604e-15 -9.998477e-01 1.745241e-02
    outer loop
      vertex -2.063677e+01 2.407293e+00 2.811337e+00
      vertex -2.058768e+01 2.408005e+00 2.851958e+00
      vertex -3.806190e+01 2.486797e+00 7.366000e+00
    endloop
  endfacet
  facet normal 1.459657e-14 -9.998477e-01 1.745241e-02
    outer loop
      vertex -2.069475e+01 2.406915e+00 2.789567e+00
      vertex -2.063677e+01 2.407293e+00 2.811337e+00
      vertex -3.806190e+01 2.486797e+00 7.366000e+00
    endloop
  endfacet
  facet normal -1.224647e-16 -6.123234e-17 1.000000e+00
    outer loop
      vertex -3.817664e+01 4.141196e+00 7.366000e+00
      vertex -3.828052e+01 4.210635e+00 7.366000e+00
      vertex -3.826320e+01 2.414881e+00 7.366000e+00
    endloop
  endfacet
  facet normal 3.381916e-01 -9.406509e-01 2.832303e-02
    outer loop
      vertex -3.809824e+01 2.331071e+00 2.612921e+00
      vertex -3.790209e+01 2.406915e+00 2.789567e+00
      vertex -3.826320e+01 2.414881e+00 7.366000e+00
    endloop
  endfacet
  facet normal 5.554045e-01 8.308864e-01 3.396710e-02
    outer loop
      vertex -3.812165e+01 4.291729e+00 2.784579e+00
      vertex -3.828052e+01 4.210635e+00 7.366000e+00
      vertex -3.817664e+01 4.141196e+00 7.366000e+00
    endloop
  endfacet
  facet normal 1.224647e-16 6.123234e-17 -1.000000e+00
    outer loop
      vertex -2.316996e+01 -3.410155e+01 5.080003e-01
      vertex -2.316996e+01 -3.361101e+01 5.080003e-01
      vertex -2.211853e+01 -3.410155e+01 5.080003e-01
    endloop
  endfacet
  facet normal 1.942500e-01 9.806603e-01 2.392469e-02
    outer loop
      vertex -3.801724e+01 4.221345e+00 2.786514e+00
      vertex -3.817664e+01 4.141196e+00 7.366000e+00
      vertex -3.805551e+01 4.117203e+00 7.366000e+00
    endloop
  endfacet
  facet normal 5.582049e-01 8.290086e-01 3.393902e-02
    outer loop
      vertex -3.801724e+01 4.221345e+00 2.786514e+00
      vertex -3.812165e+01 4.291729e+00 2.784579e+00
      vertex -3.817664e+01 4.141196e+00 7.366000e+00
    endloop
  endfacet
  facet normal -2.137303e-18 9.998477e-01 1.745241e-02
    outer loop
      vertex -3.789570e+01 4.197085e+00 2.789567e+00
      vertex -3.805551e+01 4.117203e+00 7.366000e+00
      vertex -1.887848e+01 4.117203e+00 7.366000e+00
    endloop
  endfacet
  facet normal 1.951134e-01 9.804888e-01 2.392800e-02
    outer loop
      vertex -3.801724e+01 4.221345e+00 2.786514e+00
      vertex -3.805551e+01 4.117203e+00 7.366000e+00
      vertex -3.789570e+01 4.197085e+00 2.789567e+00
    endloop
  endfacet
  facet normal -1.224647e-16 -6.123234e-17 1.000000e+00
    outer loop
      vertex -1.875740e+01 -9.681207e+00 7.366000e+00
      vertex -1.865448e+01 4.024703e+00 7.366000e+00
      vertex -1.887848e+01 4.117203e+00 7.366000e+00
    endloop
  endfacet
  facet normal 3.815759e-01 9.240566e-01 2.278990e-02
    outer loop
      vertex -1.879860e+01 4.197085e+00 2.789567e+00
      vertex -1.887848e+01 4.117203e+00 7.366000e+00
      vertex -1.865448e+01 4.024703e+00 7.366000e+00
    endloop
  endfacet
  facet normal -1.224647e-16 -6.123234e-17 1.000000e+00
    outer loop
      vertex -1.887848e+01 -9.705206e+00 7.366000e+00
      vertex -1.875740e+01 -9.681207e+00 7.366000e+00
      vertex -1.887848e+01 4.117203e+00 7.366000e+00
    endloop
  endfacet
  facet normal -2.137303e-18 9.998477e-01 1.745241e-02
    outer loop
      vertex -3.789570e+01 4.197085e+00 2.789567e+00
      vertex -1.887848e+01 4.117203e+00 7.366000e+00
      vertex -1.879860e+01 4.197085e+00 2.789567e+00
    endloop
  endfacet
  facet normal -1.224647e-16 -6.123234e-17 1.000000e+00
    outer loop
      vertex -1.865353e+01 -9.611753e+00 7.366000e+00
      vertex -1.858502e+01 3.920836e+00 7.366000e+00
      vertex -1.865448e+01 4.024703e+00 7.366000e+00
    endloop
  endfacet
  facet normal 8.310326e-01 5.556949e-01 2.424544e-02
    outer loop
      vertex -1.850548e+01 4.001606e+00 2.788206e+00
      vertex -1.865448e+01 4.024703e+00 7.366000e+00
      vertex -1.858502e+01 3.920836e+00 7.366000e+00
    endloop
  endfacet
  facet normal -1.224647e-16 -6.123234e-17 1.000000e+00
    outer loop
      vertex -1.875740e+01 -9.681207e+00 7.366000e+00
      vertex -1.865353e+01 -9.611753e+00 7.366000e+00
      vertex -1.865448e+01 4.024703e+00 7.366000e+00
    endloop
  endfacet
  facet normal 3.780376e-01 9.255056e-01 2.295590e-02
    outer loop
      vertex -1.857629e+01 4.106326e+00 2.787733e+00
      vertex -1.879860e+01 4.197085e+00 2.789567e+00
      vertex -1.865448e+01 4.024703e+00 7.366000e+00
    endloop
  endfacet
  facet normal 8.280764e-01 5.600958e-01 2.412701e-02
    outer loop
      vertex -1.850548e+01 4.001606e+00 2.788206e+00
      vertex -1.857629e+01 4.106326e+00 2.787733e+00
      vertex -1.865448e+01 4.024703e+00 7.366000e+00
    endloop
  endfacet
  facet normal -1.224647e-16 -6.123234e-17 1.000000e+00
    outer loop
      vertex -1.856103e+01 -9.387754e+00 7.366000e+00
      vertex -1.856103e+01 3.799750e+00 7.366000e+00
      vertex -1.858502e+01 3.920836e+00 7.366000e+00
    endloop
  endfacet
  facet normal 9.807199e-01 1.943440e-01 2.047070e-02
    outer loop
      vertex -1.850548e+01 4.001606e+00 2.788206e+00
      vertex -1.858502e+01 3.920836e+00 7.366000e+00
      vertex -1.856103e+01 3.799750e+00 7.366000e+00
    endloop
  endfacet
  facet normal -1.224647e-16 -6.123234e-17 1.000000e+00
    outer loop
      vertex -1.865353e+01 -9.611753e+00 7.366000e+00
      vertex -1.856103e+01 -9.387754e+00 7.366000e+00
      vertex -1.858502e+01 3.920836e+00 7.366000e+00
    endloop
  endfacet
  facet normal 9.998477e-01 -1.068652e-18 1.745241e-02
    outer loop
      vertex -1.848115e+01 3.879632e+00 2.789567e+00
      vertex -1.856103e+01 3.799750e+00 7.366000e+00
      vertex -1.856103e+01 -9.387754e+00 7.366000e+00
    endloop
  endfacet
  facet normal 9.804304e-01 1.957921e-01 2.053104e-02
    outer loop
      vertex -1.850548e+01 4.001606e+00 2.788206e+00
      vertex -1.856103e+01 3.799750e+00 7.366000e+00
      vertex -1.848115e+01 3.879632e+00 2.789567e+00
    endloop
  endfacet
  facet normal 9.240566e-01 -3.815759e-01 2.278990e-02
    outer loop
      vertex -1.848115e+01 -9.467636e+00 2.789567e+00
      vertex -1.856103e+01 -9.387754e+00 7.366000e+00
      vertex -1.865353e+01 -9.611753e+00 7.366000e+00
    endloop
  endfacet
  facet normal 9.998477e-01 -1.068652e-18 1.745241e-02
    outer loop
      vertex -1.848115e+01 3.879632e+00 2.789567e+00
      vertex -1.856103e+01 -9.387754e+00 7.366000e+00
      vertex -1.848115e+01 -9.467636e+00 2.789567e+00
    endloop
  endfacet
  facet normal 5.556949e-01 -8.310326e-01 2.424544e-02
    outer loop
      vertex -1.867662e+01 -9.760757e+00 2.788206e+00
      vertex -1.865353e+01 -9.611753e+00 7.366000e+00
      vertex -1.875740e+01 -9.681207e+00 7.366000e+00
    endloop
  endfacet
  facet normal 9.255056e-01 -3.780376e-01 2.295590e-02
    outer loop
      vertex -1.857191e+01 -9.689940e+00 2.787733e+00
      vertex -1.848115e+01 -9.467636e+00 2.789567e+00
      vertex -1.865353e+01 -9.611753e+00 7.366000e+00
    endloop
  endfacet
  facet normal 5.600958e-01 -8.280764e-01 2.412701e-02
    outer loop
      vertex -1.867662e+01 -9.760757e+00 2.788206e+00
      vertex -1.857191e+01 -9.689940e+00 2.787733e+00
      vertex -1.865353e+01 -9.611753e+00 7.366000e+00
    endloop
  endfacet
  facet normal 1.943440e-01 -9.807199e-01 2.047070e-02
    outer loop
      vertex -1.867662e+01 -9.760757e+00 2.788206e+00
      vertex -1.875740e+01 -9.681207e+00 7.366000e+00
      vertex -1.887848e+01 -9.705206e+00 7.366000e+00
    endloop
  endfacet
  facet normal 1.916306e-17 -9.998477e-01 1.745241e-02
    outer loop
      vertex -1.879860e+01 -9.785083e+00 2.789567e+00
      vertex -1.887848e+01 -9.705206e+00 7.366000e+00
      vertex -1.995387e+01 -9.785083e+00 2.789567e+00
    endloop
  endfacet
  facet normal 1.957921e-01 -9.804304e-01 2.053104e-02
    outer loop
      vertex -1.867662e+01 -9.760757e+00 2.788206e+00
      vertex -1.887848e+01 -9.705206e+00 7.366000e+00
      vertex -1.879860e+01 -9.785083e+00 2.789567e+00
    endloop
  endfacet
  facet normal -4.834362e-17 9.187861e-01 3.947556e-01
    outer loop
      vertex 3.789570e+01 4.273019e+00 2.612830e+00
      vertex 1.879860e+01 4.197085e+00 2.789567e+00
      vertex 3.789570e+01 4.197085e+00 2.789567e+00
    endloop
  endfacet
  facet normal -1.879441e-01 9.235343e-01 3.343073e-01
    outer loop
      vertex 1.860131e+01 4.221321e+00 2.611702e+00
      vertex 1.867662e+01 4.172756e+00 2.788206e+00
      vertex 1.879860e+01 4.197085e+00 2.789567e+00
    endloop
  endfacet
  facet normal -1.408488e-07 9.187917e-01 3.947428e-01
    outer loop
      vertex 1.879860e+01 4.273013e+00 2.612835e+00
      vertex 1.879860e+01 4.197085e+00 2.789567e+00
      vertex 3.789570e+01 4.273019e+00 2.612830e+00
    endloop
  endfacet
  facet normal -2.361401e-01 8.928074e-01 3.835790e-01
    outer loop
      vertex 1.860131e+01 4.221321e+00 2.611702e+00
      vertex 1.879860e+01 4.197085e+00 2.789567e+00
      vertex 1.879860e+01 4.273013e+00 2.612835e+00
    endloop
  endfacet
  facet normal -3.480906e-01 8.613263e-01 3.700674e-01
    outer loop
      vertex 3.789570e+01 4.273019e+00 2.612830e+00
      vertex 3.789570e+01 4.197085e+00 2.789567e+00
      vertex 3.811966e+01 4.289727e+00 2.784603e+00
    endloop
  endfacet
  facet normal -9.187908e-01 -2.417114e-17 3.947448e-01
    outer loop
      vertex 1.840522e+01 3.879632e+00 2.612834e+00
      vertex 1.848115e+01 -9.467636e+00 2.789567e+00
      vertex 1.848115e+01 3.879632e+00 2.789567e+00
    endloop
  endfacet
  facet normal -9.235343e-01 -1.879441e-01 3.343073e-01
    outer loop
      vertex 1.845691e+01 -9.664923e+00 2.611702e+00
      vertex 1.850548e+01 -9.589607e+00 2.788206e+00
      vertex 1.848115e+01 -9.467636e+00 2.789567e+00
    endloop
  endfacet
  facet normal -9.187917e-01 -3.150502e-08 3.947428e-01
    outer loop
      vertex 1.840522e+01 -9.467636e+00 2.612835e+00
      vertex 1.848115e+01 -9.467636e+00 2.789567e+00
      vertex 1.840522e+01 3.879632e+00 2.612834e+00
    endloop
  endfacet
  facet normal -8.928074e-01 -2.361401e-01 3.835790e-01
    outer loop
      vertex 1.845691e+01 -9.664923e+00 2.611702e+00
      vertex 1.848115e+01 -9.467636e+00 2.789567e+00
      vertex 1.840522e+01 -9.467636e+00 2.612835e+00
    endloop
  endfacet
  facet normal -8.593364e-01 3.538806e-01 3.692011e-01
    outer loop
      vertex 1.840522e+01 3.879632e+00 2.612834e+00
      vertex 1.848115e+01 3.879632e+00 2.789567e+00
      vertex 1.857191e+01 4.101939e+00 2.787733e+00
    endloop
  endfacet
  facet normal -4.834229e-17 -9.187908e-01 3.947448e-01
    outer loop
      vertex 1.879860e+01 -9.861017e+00 2.612834e+00
      vertex 1.995387e+01 -9.785083e+00 2.789567e+00
      vertex 1.879860e+01 -9.785083e+00 2.789567e+00
    endloop
  endfacet
  facet normal 1.879441e-01 -9.235343e-01 3.343073e-01
    outer loop
      vertex 2.015115e+01 -9.809324e+00 2.611702e+00
      vertex 2.007584e+01 -9.760757e+00 2.788206e+00
      vertex 1.995387e+01 -9.785083e+00 2.789567e+00
    endloop
  endfacet
  facet normal 3.639903e-07 -9.187917e-01 3.947428e-01
    outer loop
      vertex 1.995387e+01 -9.861017e+00 2.612835e+00
      vertex 1.995387e+01 -9.785083e+00 2.789567e+00
      vertex 1.879860e+01 -9.861017e+00 2.612834e+00
    endloop
  endfacet
  facet normal 2.361401e-01 -8.928074e-01 3.835790e-01
    outer loop
      vertex 2.015115e+01 -9.809324e+00 2.611702e+00
      vertex 1.995387e+01 -9.785083e+00 2.789567e+00
      vertex 1.995387e+01 -9.861017e+00 2.612835e+00
    endloop
  endfacet
  facet normal -3.538806e-01 -8.593364e-01 3.692011e-01
    outer loop
      vertex 1.879860e+01 -9.861017e+00 2.612834e+00
      vertex 1.879860e+01 -9.785083e+00 2.789567e+00
      vertex 1.857629e+01 -9.694324e+00 2.787733e+00
    endloop
  endfacet
  facet normal 9.187908e-01 -2.417114e-17 3.947448e-01
    outer loop
      vertex 2.034725e+01 -9.467636e+00 2.612834e+00
      vertex 2.027132e+01 2.089462e+00 2.789567e+00
      vertex 2.027132e+01 -9.467636e+00 2.789567e+00
    endloop
  endfacet
  facet normal 8.586685e-01 -3.519017e-01 3.726306e-01
    outer loop
      vertex 2.041800e+01 2.260224e+00 2.612834e+00
      vertex 2.036394e+01 2.313525e+00 2.787730e+00
      vertex 2.027132e+01 2.089462e+00 2.789567e+00
    endloop
  endfacet
  facet normal 9.187859e-01 -2.071877e-07 3.947562e-01
    outer loop
      vertex 2.034725e+01 2.089462e+00 2.612830e+00
      vertex 2.027132e+01 2.089462e+00 2.789567e+00
      vertex 2.034725e+01 -9.467636e+00 2.612834e+00
    endloop
  endfacet
  facet normal 8.586832e-01 -3.557410e-01 3.689331e-01
    outer loop
      vertex 2.041800e+01 2.260224e+00 2.612834e+00
      vertex 2.027132e+01 2.089462e+00 2.789567e+00
      vertex 2.034725e+01 2.089462e+00 2.612830e+00
    endloop
  endfacet
  facet normal 8.593364e-01 -3.538806e-01 3.692011e-01
    outer loop
      vertex 2.034725e+01 -9.467636e+00 2.612834e+00
      vertex 2.027132e+01 -9.467636e+00 2.789567e+00
      vertex 2.018056e+01 -9.689940e+00 2.787733e+00
    endloop
  endfacet
  facet normal -4.834319e-17 -9.187877e-01 3.947521e-01
    outer loop
      vertex 2.058877e+01 2.330981e+00 2.612831e+00
      vertex 3.790209e+01 2.406915e+00 2.789567e+00
      vertex 2.058877e+01 2.406915e+00 2.789567e+00
    endloop
  endfacet
  facet normal 1.055745e-05 -9.191623e-01 3.938789e-01
    outer loop
      vertex 2.058877e+01 2.330981e+00 2.612831e+00
      vertex 3.809795e+01 2.331329e+00 2.613173e+00
      vertex 3.790209e+01 2.406915e+00 2.789567e+00
    endloop
  endfacet
  facet normal 1.735679e-01 -9.048423e-01 3.887603e-01
    outer loop
      vertex 2.058877e+01 2.330981e+00 2.612831e+00
      vertex 2.058877e+01 2.406915e+00 2.789567e+00
      vertex 2.046870e+01 2.383303e+00 2.788220e+00
    endloop
  endfacet
  facet normal -4.831468e-17 -9.188877e-01 3.945193e-01
    outer loop
      vertex -3.809824e+01 2.331071e+00 2.612921e+00
      vertex -2.069475e+01 2.406915e+00 2.789567e+00
      vertex -3.790209e+01 2.406915e+00 2.789567e+00
    endloop
  endfacet
  facet normal -3.370638e-01 -8.416068e-01 4.220025e-01
    outer loop
      vertex -2.069475e+01 2.330984e+00 2.612834e+00
      vertex -2.058768e+01 2.408005e+00 2.851958e+00
      vertex -2.063677e+01 2.407293e+00 2.811337e+00
    endloop
  endfacet
  facet normal -1.725922e-01 -9.087362e-01 3.800136e-01
    outer loop
      vertex -2.048551e+01 2.301252e+00 2.643088e+00
      vertex -2.046555e+01 2.383497e+00 2.848819e+00
      vertex -2.058768e+01 2.408005e+00 2.851958e+00
    endloop
  endfacet
  facet normal -1.833172e-01 -9.088010e-01 3.748006e-01
    outer loop
      vertex -2.048551e+01 2.301252e+00 2.643088e+00
      vertex -2.058768e+01 2.408005e+00 2.851958e+00
      vertex -2.069475e+01 2.330984e+00 2.612834e+00
    endloop
  endfacet
  facet normal -1.407632e-01 -9.096431e-01 3.908135e-01
    outer loop
      vertex -2.069475e+01 2.330984e+00 2.612834e+00
      vertex -2.063677e+01 2.407293e+00 2.811337e+00
      vertex -2.069475e+01 2.406915e+00 2.789567e+00
    endloop
  endfacet
  facet normal -2.699379e-06 -9.187912e-01 3.947439e-01
    outer loop
      vertex -2.069475e+01 2.330984e+00 2.612834e+00
      vertex -2.069475e+01 2.406915e+00 2.789567e+00
      vertex -3.809824e+01 2.331071e+00 2.612921e+00
    endloop
  endfacet
  facet normal -9.599400e-01 -8.693208e-02 2.663797e-01
    outer loop
      vertex -2.029963e+01 2.165399e+00 2.746897e+00
      vertex -2.027132e+01 1.983476e+00 2.789567e+00
      vertex -2.027096e+01 2.042493e+00 2.810119e+00
    endloop
  endfacet
  facet normal -9.187912e-01 -2.417109e-17 3.947439e-01
    outer loop
      vertex -2.034725e+01 1.983476e+00 2.612834e+00
      vertex -2.027132e+01 -9.467636e+00 2.789567e+00
      vertex -2.027132e+01 1.983476e+00 2.789567e+00
    endloop
  endfacet
  facet normal -9.030347e-01 -1.844027e-01 3.879743e-01
    outer loop
      vertex -2.037698e+01 2.192720e+00 2.643088e+00
      vertex -2.034725e+01 1.983476e+00 2.612834e+00
      vertex -2.027132e+01 1.983476e+00 2.789567e+00
    endloop
  endfacet
  facet normal -7.997282e-01 1.628893e-02 6.001413e-01
    outer loop
      vertex -2.037698e+01 2.192720e+00 2.643088e+00
      vertex -2.027132e+01 1.983476e+00 2.789567e+00
      vertex -2.029963e+01 2.165399e+00 2.746897e+00
    endloop
  endfacet
  facet normal -9.749367e-01 -1.374726e-01 1.749281e-01
    outer loop
      vertex -2.029963e+01 2.165399e+00 2.746897e+00
      vertex -2.027096e+01 2.042493e+00 2.810119e+00
      vertex -2.027023e+01 2.090552e+00 2.851958e+00
    endloop
  endfacet
  facet normal 1.224647e-16 6.123234e-17 -1.000000e+00
    outer loop
      vertex -2.381976e+01 -3.349611e+01 5.080003e-01
      vertex -2.219935e+01 -3.341384e+01 5.080003e-01
      vertex -2.211853e+01 -3.361101e+01 5.080003e-01
    endloop
  endfacet
  facet normal -9.235343e-01 -1.879441e-01 3.343073e-01
    outer loop
      vertex -2.029555e+01 -9.664923e+00 2.611702e+00
      vertex -2.024699e+01 -9.589607e+00 2.788206e+00
      vertex -2.027132e+01 -9.467636e+00 2.789567e+00
    endloop
  endfacet
  facet normal -9.187917e-01 -2.045556e-08 3.947427e-01
    outer loop
      vertex -2.034725e+01 -9.467636e+00 2.612835e+00
      vertex -2.027132e+01 -9.467636e+00 2.789567e+00
      vertex -2.034725e+01 1.983476e+00 2.612834e+00
    endloop
  endfacet
  facet normal -8.928074e-01 -2.361401e-01 3.835790e-01
    outer loop
      vertex -2.029555e+01 -9.664923e+00 2.611702e+00
      vertex -2.027132e+01 -9.467636e+00 2.789567e+00
      vertex -2.034725e+01 -9.467636e+00 2.612835e+00
    endloop
  endfacet
  facet normal 4.336504e-16 -9.187908e-01 3.947448e-01
    outer loop
      vertex -1.995387e+01 -9.861017e+00 2.612834e+00
      vertex -1.879860e+01 -9.785083e+00 2.789567e+00
      vertex -1.995387e+01 -9.785083e+00 2.789567e+00
    endloop
  endfacet
  facet normal -3.538806e-01 -8.593364e-01 3.692011e-01
    outer loop
      vertex -1.995387e+01 -9.861017e+00 2.612834e+00
      vertex -1.995387e+01 -9.785083e+00 2.789567e+00
      vertex -2.017617e+01 -9.694324e+00 2.787733e+00
    endloop
  endfacet
  facet normal 1.879441e-01 -9.235343e-01 3.343073e-01
    outer loop
      vertex -1.860131e+01 -9.809324e+00 2.611702e+00
      vertex -1.867662e+01 -9.760757e+00 2.788206e+00
      vertex -1.879860e+01 -9.785083e+00 2.789567e+00
    endloop
  endfacet
  facet normal 3.666082e-07 -9.187917e-01 3.947427e-01
    outer loop
      vertex -1.995387e+01 -9.861017e+00 2.612834e+00
      vertex -1.879860e+01 -9.861017e+00 2.612835e+00
      vertex -1.879860e+01 -9.785083e+00 2.789567e+00
    endloop
  endfacet
  facet normal 2.361401e-01 -8.928074e-01 3.835790e-01
    outer loop
      vertex -1.860131e+01 -9.809324e+00 2.611702e+00
      vertex -1.879860e+01 -9.785083e+00 2.789567e+00
      vertex -1.879860e+01 -9.861017e+00 2.612835e+00
    endloop
  endfacet
  facet normal 9.187908e-01 -2.417114e-17 3.947448e-01
    outer loop
      vertex -1.840522e+01 -9.467636e+00 2.612834e+00
      vertex -1.848115e+01 3.879632e+00 2.789567e+00
      vertex -1.848115e+01 -9.467636e+00 2.789567e+00
    endloop
  endfacet
  facet normal 8.593364e-01 -3.538806e-01 3.692011e-01
    outer loop
      vertex -1.840522e+01 -9.467636e+00 2.612834e+00
      vertex -1.848115e+01 -9.467636e+00 2.789567e+00
      vertex -1.857191e+01 -9.689940e+00 2.787733e+00
    endloop
  endfacet
  facet normal 9.235343e-01 1.879441e-01 3.343073e-01
    outer loop
      vertex -1.845691e+01 4.076919e+00 2.611702e+00
      vertex -1.850548e+01 4.001606e+00 2.788206e+00
      vertex -1.848115e+01 3.879632e+00 2.789567e+00
    endloop
  endfacet
  facet normal 9.187917e-01 3.173161e-08 3.947427e-01
    outer loop
      vertex -1.840522e+01 -9.467636e+00 2.612834e+00
      vertex -1.840522e+01 3.879632e+00 2.612835e+00
      vertex -1.848115e+01 3.879632e+00 2.789567e+00
    endloop
  endfacet
  facet normal 8.928074e-01 2.361401e-01 3.835790e-01
    outer loop
      vertex -1.845691e+01 4.076919e+00 2.611702e+00
      vertex -1.848115e+01 3.879632e+00 2.789567e+00
      vertex -1.840522e+01 3.879632e+00 2.612835e+00
    endloop
  endfacet
  facet normal -4.834229e-17 9.187908e-01 3.947448e-01
    outer loop
      vertex -1.879860e+01 4.273016e+00 2.612834e+00
      vertex -3.789570e+01 4.197085e+00 2.789567e+00
      vertex -1.879860e+01 4.197085e+00 2.789567e+00
    endloop
  endfacet
  facet normal 3.538806e-01 8.593364e-01 3.692011e-01
    outer loop
      vertex -1.879860e+01 4.273016e+00 2.612834e+00
      vertex -1.879860e+01 4.197085e+00 2.789567e+00
      vertex -1.857629e+01 4.106326e+00 2.787733e+00
    endloop
  endfacet
  facet normal 1.709297e-01 9.052678e-01 3.889386e-01
    outer loop
      vertex -3.789570e+01 4.273016e+00 2.612833e+00
      vertex -3.801724e+01 4.221345e+00 2.786514e+00
      vertex -3.789570e+01 4.197085e+00 2.789567e+00
    endloop
  endfacet
  facet normal 3.530041e-08 9.187894e-01 3.947480e-01
    outer loop
      vertex -1.879860e+01 4.273016e+00 2.612834e+00
      vertex -3.789570e+01 4.273016e+00 2.612833e+00
      vertex -3.789570e+01 4.197085e+00 2.789567e+00
    endloop
  endfacet
  facet normal -1.224647e-16 -6.123234e-17 1.000000e+00
    outer loop
      vertex -2.032000e+01 -4.414123e+01 1.041400e+01
      vertex -2.032000e+01 -4.566523e+01 1.041400e+01
      vertex -1.879600e+01 -4.566523e+01 1.041400e+01
    endloop
  endfacet
  facet normal -1.224647e-16 -6.123234e-17 1.000000e+00
    outer loop
      vertex -1.879600e+01 -4.414123e+01 1.041400e+01
      vertex -2.032000e+01 -4.414123e+01 1.041400e+01
      vertex -1.879600e+01 -4.566523e+01 1.041400e+01
    endloop
  endfacet
  facet normal -9.998477e-01 -1.068652e-18 1.745241e-02
    outer loop
      vertex -2.045308e+01 -4.400815e+01 2.789567e+00
      vertex -2.032000e+01 -4.566523e+01 1.041400e+01
      vertex -2.032000e+01 -4.414123e+01 1.041400e+01
    endloop
  endfacet
  facet normal -2.137303e-18 9.998477e-01 1.745241e-02
    outer loop
      vertex -1.866292e+01 -4.400815e+01 2.789567e+00
      vertex -2.032000e+01 -4.414123e+01 1.041400e+01
      vertex -1.879600e+01 -4.414123e+01 1.041400e+01
    endloop
  endfacet
  facet normal -2.137303e-18 9.998477e-01 1.745241e-02
    outer loop
      vertex -2.045308e+01 -4.400815e+01 2.789567e+00
      vertex -2.032000e+01 -4.414123e+01 1.041400e+01
      vertex -1.866292e+01 -4.400815e+01 2.789567e+00
    endloop
  endfacet
  facet normal 9.998477e-01 -1.068652e-18 1.745241e-02
    outer loop
      vertex -1.866292e+01 -4.400815e+01 2.789567e+00
      vertex -1.879600e+01 -4.414123e+01 1.041400e+01
      vertex -1.866292e+01 -4.513470e+01 2.789567e+00
    endloop
  endfacet
  facet normal -1.224647e-16 -6.123234e-17 1.000000e+00
    outer loop
      vertex 2.032000e+01 -4.566523e+01 1.041400e+01
      vertex 1.879600e+01 -4.414123e+01 1.041400e+01
      vertex 1.879600e+01 -4.566523e+01 1.041400e+01
    endloop
  endfacet
  facet normal -9.998477e-01 -1.068652e-18 1.745241e-02
    outer loop
      vertex 1.866292e+01 -4.400815e+01 2.789567e+00
      vertex 1.879600e+01 -4.566523e+01 1.041400e+01
      vertex 1.879600e+01 -4.414123e+01 1.041400e+01
    endloop
  endfacet
  facet normal -1.224647e-16 -6.123234e-17 1.000000e+00
    outer loop
      vertex 2.032000e+01 -4.566523e+01 1.041400e+01
      vertex 2.032000e+01 -4.414123e+01 1.041400e+01
      vertex 1.879600e+01 -4.414123e+01 1.041400e+01
    endloop
  endfacet
  facet normal -2.137303e-18 9.998477e-01 1.745241e-02
    outer loop
      vertex 2.045308e+01 -4.400815e+01 2.789567e+00
      vertex 1.879600e+01 -4.414123e+01 1.041400e+01
      vertex 2.032000e+01 -4.414123e+01 1.041400e+01
    endloop
  endfacet
  facet normal -2.137303e-18 9.998477e-01 1.745241e-02
    outer loop
      vertex 1.866292e+01 -4.400815e+01 2.789567e+00
      vertex 1.879600e+01 -4.414123e+01 1.041400e+01
      vertex 2.045308e+01 -4.400815e+01 2.789567e+00
    endloop
  endfacet
  facet normal 9.998477e-01 -1.068652e-18 1.745241e-02
    outer loop
      vertex 2.045308e+01 -4.513470e+01 2.789567e+00
      vertex 2.045308e+01 -4.400815e+01 2.789567e+00
      vertex 2.032000e+01 -4.414123e+01 1.041400e+01
    endloop
  endfacet
  facet normal 9.187912e-01 -2.417109e-17 3.947439e-01
    outer loop
      vertex -1.858698e+01 -4.513470e+01 2.612834e+00
      vertex -1.866292e+01 -4.400815e+01 2.789567e+00
      vertex -1.866292e+01 -4.513470e+01 2.789567e+00
    endloop
  endfacet
  facet normal 9.052695e-01 1.709301e-01 3.889345e-01
    outer loop
      vertex -1.858698e+01 -4.513470e+01 2.612834e+00
      vertex -1.866292e+01 -4.513470e+01 2.789567e+00
      vertex -1.863865e+01 -4.525624e+01 2.786514e+00
    endloop
  endfacet
  facet normal -3.020942e-17 9.690973e-01 2.466787e-01
    outer loop
      vertex -1.863346e+01 -4.397903e+01 2.675202e+00
      vertex -2.045308e+01 -4.400815e+01 2.789567e+00
      vertex -1.866292e+01 -4.400815e+01 2.789567e+00
    endloop
  endfacet
  facet normal 9.665307e-01 2.509017e-02 2.553213e-01
    outer loop
      vertex -1.863346e+01 -4.397903e+01 2.675202e+00
      vertex -1.866292e+01 -4.400815e+01 2.789567e+00
      vertex -1.858698e+01 -4.513470e+01 2.612834e+00
    endloop
  endfacet
  facet normal -9.690973e-01 -1.510471e-17 2.466787e-01
    outer loop
      vertex -2.048220e+01 -4.397869e+01 2.675202e+00
      vertex -2.045308e+01 -4.513470e+01 2.789567e+00
      vertex -2.045308e+01 -4.400815e+01 2.789567e+00
    endloop
  endfacet
  facet normal 1.803282e-04 9.684077e-01 2.493722e-01
    outer loop
      vertex -2.048220e+01 -4.397869e+01 2.675202e+00
      vertex -2.045308e+01 -4.400815e+01 2.789567e+00
      vertex -1.863346e+01 -4.397903e+01 2.675202e+00
    endloop
  endfacet
  facet normal -9.052678e-01 1.709297e-01 3.889386e-01
    outer loop
      vertex -2.052902e+01 -4.513470e+01 2.612833e+00
      vertex -2.047735e+01 -4.525624e+01 2.786514e+00
      vertex -2.045308e+01 -4.513470e+01 2.789567e+00
    endloop
  endfacet
  facet normal -9.186731e-01 1.591359e-02 3.946980e-01
    outer loop
      vertex -2.052902e+01 -4.513470e+01 2.612833e+00
      vertex -2.045308e+01 -4.513470e+01 2.789567e+00
      vertex -2.048220e+01 -4.397869e+01 2.675202e+00
    endloop
  endfacet
  facet normal 9.187861e-01 -2.417181e-17 3.947556e-01
    outer loop
      vertex 2.052902e+01 -4.513470e+01 2.612830e+00
      vertex 2.045308e+01 -4.400815e+01 2.789567e+00
      vertex 2.045308e+01 -4.513470e+01 2.789567e+00
    endloop
  endfacet
  facet normal -3.020942e-17 9.690973e-01 2.466787e-01
    outer loop
      vertex 2.048254e+01 -4.397903e+01 2.675202e+00
      vertex 1.866292e+01 -4.400815e+01 2.789567e+00
      vertex 2.045308e+01 -4.400815e+01 2.789567e+00
    endloop
  endfacet
  facet normal 9.665304e-01 2.509298e-02 2.553219e-01
    outer loop
      vertex 2.048254e+01 -4.397903e+01 2.675202e+00
      vertex 2.045308e+01 -4.400815e+01 2.789567e+00
      vertex 2.052902e+01 -4.513470e+01 2.612830e+00
    endloop
  endfacet
  facet normal 8.613263e-01 3.480906e-01 3.700674e-01
    outer loop
      vertex 2.052902e+01 -4.513470e+01 2.612830e+00
      vertex 2.045308e+01 -4.513470e+01 2.789567e+00
      vertex 2.054573e+01 -4.535866e+01 2.784603e+00
    endloop
  endfacet
  facet normal -9.690973e-01 -1.510471e-17 2.466787e-01
    outer loop
      vertex 1.863380e+01 -4.397869e+01 2.675202e+00
      vertex 1.866292e+01 -4.513470e+01 2.789567e+00
      vertex 1.866292e+01 -4.400815e+01 2.789567e+00
    endloop
  endfacet
  facet normal 1.803282e-04 9.684077e-01 2.493722e-01
    outer loop
      vertex 1.863380e+01 -4.397869e+01 2.675202e+00
      vertex 1.866292e+01 -4.400815e+01 2.789567e+00
      vertex 2.048254e+01 -4.397903e+01 2.675202e+00
    endloop
  endfacet
  facet normal -9.052678e-01 1.709297e-01 3.889386e-01
    outer loop
      vertex 1.858698e+01 -4.513470e+01 2.612833e+00
      vertex 1.863865e+01 -4.525624e+01 2.786514e+00
      vertex 1.866292e+01 -4.513470e+01 2.789567e+00
    endloop
  endfacet
  facet normal -9.186731e-01 1.591359e-02 3.946980e-01
    outer loop
      vertex 1.858698e+01 -4.513470e+01 2.612833e+00
      vertex 1.866292e+01 -4.513470e+01 2.789567e+00
      vertex 1.863380e+01 -4.397869e+01 2.675202e+00
    endloop
  endfacet
  facet normal -1.224647e-16 -6.123234e-17 1.000000e+00
    outer loop
      vertex -8.984532e-01 -1.281875e+01 8.128000e+00
      vertex -2.395502e+00 -1.197626e+01 8.128000e+00
      vertex -2.960902e+00 -1.371600e+01 8.128000e+00
    endloop
  endfacet
  facet normal -9.509055e-01 3.090359e-01 1.659812e-02
    outer loop
      vertex -3.054085e+00 -1.371600e+01 2.789567e+00
      vertex -2.960902e+00 -1.371600e+01 8.128000e+00
      vertex -2.395502e+00 -1.197626e+01 8.128000e+00
    endloop
  endfacet
  facet normal -1.224647e-16 -6.123234e-17 1.000000e+00
    outer loop
      vertex -1.270000e+00 -1.371600e+01 8.128000e+00
      vertex -2.960902e+00 -1.371600e+01 8.128000e+00
      vertex -2.395502e+00 -1.545574e+01 8.128000e+00
    endloop
  endfacet
  facet normal -9.500917e-01 -3.087714e-01 4.456601e-02
    outer loop
      vertex -2.902184e+00 -1.466719e+01 2.789567e+00
      vertex -2.395502e+00 -1.545574e+01 8.128000e+00
      vertex -2.960902e+00 -1.371600e+01 8.128000e+00
    endloop
  endfacet
  facet normal -1.224647e-16 -6.123234e-17 1.000000e+00
    outer loop
      vertex -8.984532e-01 -1.281875e+01 8.128000e+00
      vertex -2.960902e+00 -1.371600e+01 8.128000e+00
      vertex -1.270000e+00 -1.371600e+01 8.128000e+00
    endloop
  endfacet
  facet normal -9.873408e-01 -1.576739e-01 1.723410e-02
    outer loop
      vertex -2.902184e+00 -1.466719e+01 2.789567e+00
      vertex -2.960902e+00 -1.371600e+01 8.128000e+00
      vertex -3.054085e+00 -1.371600e+01 2.789567e+00
    endloop
  endfacet
  facet normal -1.224647e-16 -6.123234e-17 1.000000e+00
    outer loop
      vertex 9.141783e-01 -1.089990e+01 8.128000e+00
      vertex -9.141783e-01 -1.089990e+01 8.128000e+00
      vertex -2.395502e+00 -1.197626e+01 8.128000e+00
    endloop
  endfacet
  facet normal -5.877402e-01 8.088685e-01 1.711982e-02
    outer loop
      vertex -2.466374e+00 -1.191477e+01 2.789567e+00
      vertex -2.395502e+00 -1.197626e+01 8.128000e+00
      vertex -9.141783e-01 -1.089990e+01 8.128000e+00
    endloop
  endfacet
  facet normal -1.224647e-16 -6.123234e-17 1.000000e+00
    outer loop
      vertex 2.395502e+00 -1.197626e+01 8.128000e+00
      vertex 9.141783e-01 -1.089990e+01 8.128000e+00
      vertex -2.395502e+00 -1.197626e+01 8.128000e+00
    endloop
  endfacet
  facet normal -1.224647e-16 -6.123234e-17 1.000000e+00
    outer loop
      vertex -1.658697e-16 -1.244644e+01 8.128000e+00
      vertex 2.395502e+00 -1.197626e+01 8.128000e+00
      vertex -2.395502e+00 -1.197626e+01 8.128000e+00
    endloop
  endfacet
  facet normal -1.224647e-16 -6.123234e-17 1.000000e+00
    outer loop
      vertex -8.984532e-01 -1.281875e+01 8.128000e+00
      vertex -1.658697e-16 -1.244644e+01 8.128000e+00
      vertex -2.395502e+00 -1.197626e+01 8.128000e+00
    endloop
  endfacet
  facet normal -9.850615e-01 1.572033e-01 7.029247e-02
    outer loop
      vertex -2.902385e+00 -1.276542e+01 2.789567e+00
      vertex -3.054085e+00 -1.371600e+01 2.789567e+00
      vertex -2.395502e+00 -1.197626e+01 8.128000e+00
    endloop
  endfacet
  facet normal -8.897821e-01 4.560664e-01 1.706581e-02
    outer loop
      vertex -2.466374e+00 -1.191477e+01 2.789567e+00
      vertex -2.902385e+00 -1.276542e+01 2.789567e+00
      vertex -2.395502e+00 -1.197626e+01 8.128000e+00
    endloop
  endfacet
  facet normal -2.034950e-18 9.998620e-01 1.661663e-02
    outer loop
      vertex -9.431143e-01 -1.081118e+01 2.789567e+00
      vertex -9.141783e-01 -1.089990e+01 8.128000e+00
      vertex 9.141783e-01 -1.089990e+01 8.128000e+00
    endloop
  endfacet
  facet normal -5.866159e-01 8.096945e-01 1.663589e-02
    outer loop
      vertex -9.431143e-01 -1.081118e+01 2.789567e+00
      vertex -2.466374e+00 -1.191477e+01 2.789567e+00
      vertex -9.141783e-01 -1.089990e+01 8.128000e+00
    endloop
  endfacet
  facet normal 5.877395e-01 8.088676e-01 1.718581e-02
    outer loop
      vertex 2.465695e+00 -1.191384e+01 2.789567e+00
      vertex 9.141783e-01 -1.089990e+01 8.128000e+00
      vertex 2.395502e+00 -1.197626e+01 8.128000e+00
    endloop
  endfacet
  facet normal -1.902466e-04 9.998608e-01 1.668280e-02
    outer loop
      vertex 9.420089e-01 -1.081083e+01 2.789567e+00
      vertex -9.431143e-01 -1.081118e+01 2.789567e+00
      vertex 9.141783e-01 -1.089990e+01 8.128000e+00
    endloop
  endfacet
  facet normal 5.863099e-01 8.099173e-01 1.657094e-02
    outer loop
      vertex 2.465695e+00 -1.191384e+01 2.789567e+00
      vertex 9.420089e-01 -1.081083e+01 2.789567e+00
      vertex 9.141783e-01 -1.089990e+01 8.128000e+00
    endloop
  endfacet
  facet normal -1.224647e-16 -6.123234e-17 1.000000e+00
    outer loop
      vertex 1.270000e+00 -1.371600e+01 8.128000e+00
      vertex 2.960902e+00 -1.371600e+01 8.128000e+00
      vertex 2.395502e+00 -1.197626e+01 8.128000e+00
    endloop
  endfacet
  facet normal 9.500917e-01 3.087714e-01 4.456601e-02
    outer loop
      vertex 2.902184e+00 -1.276481e+01 2.789567e+00
      vertex 2.395502e+00 -1.197626e+01 8.128000e+00
      vertex 2.960902e+00 -1.371600e+01 8.128000e+00
    endloop
  endfacet
  facet normal -1.224647e-16 -6.123234e-17 1.000000e+00
    outer loop
      vertex 8.984532e-01 -1.281875e+01 8.128000e+00
      vertex 1.270000e+00 -1.371600e+01 8.128000e+00
      vertex 2.395502e+00 -1.197626e+01 8.128000e+00
    endloop
  endfacet
  facet normal -1.224647e-16 -6.123234e-17 1.000000e+00
    outer loop
      vertex -1.658697e-16 -1.244644e+01 8.128000e+00
      vertex 8.984532e-01 -1.281875e+01 8.128000e+00
      vertex 2.395502e+00 -1.197626e+01 8.128000e+00
    endloop
  endfacet
  facet normal 8.896486e-01 4.563280e-01 1.703336e-02
    outer loop
      vertex 2.902184e+00 -1.276481e+01 2.789567e+00
      vertex 2.465695e+00 -1.191384e+01 2.789567e+00
      vertex 2.395502e+00 -1.197626e+01 8.128000e+00
    endloop
  endfacet
  facet normal -1.224647e-16 -6.123234e-17 1.000000e+00
    outer loop
      vertex 8.984532e-01 -1.461325e+01 8.128000e+00
      vertex 2.395502e+00 -1.545574e+01 8.128000e+00
      vertex 2.960902e+00 -1.371600e+01 8.128000e+00
    endloop
  endfacet
  facet normal 9.509055e-01 -3.090359e-01 1.659812e-02
    outer loop
      vertex 3.054085e+00 -1.371600e+01 2.789567e+00
      vertex 2.960902e+00 -1.371600e+01 8.128000e+00
      vertex 2.395502e+00 -1.545574e+01 8.128000e+00
    endloop
  endfacet
  facet normal -1.224647e-16 -6.123234e-17 1.000000e+00
    outer loop
      vertex 1.270000e+00 -1.371600e+01 8.128000e+00
      vertex 8.984532e-01 -1.461325e+01 8.128000e+00
      vertex 2.960902e+00 -1.371600e+01 8.128000e+00
    endloop
  endfacet
  facet normal 9.873408e-01 1.576739e-01 1.723410e-02
    outer loop
      vertex 2.902184e+00 -1.276481e+01 2.789567e+00
      vertex 2.960902e+00 -1.371600e+01 8.128000e+00
      vertex 3.054085e+00 -1.371600e+01 2.789567e+00
    endloop
  endfacet
  facet normal -1.224647e-16 -6.123234e-17 1.000000e+00
    outer loop
      vertex -9.141783e-01 -1.653210e+01 8.128000e+00
      vertex 9.141783e-01 -1.653210e+01 8.128000e+00
      vertex 2.395502e+00 -1.545574e+01 8.128000e+00
    endloop
  endfacet
  facet normal 5.877402e-01 -8.088685e-01 1.711982e-02
    outer loop
      vertex 2.466374e+00 -1.551723e+01 2.789567e+00
      vertex 2.395502e+00 -1.545574e+01 8.128000e+00
      vertex 9.141783e-01 -1.653210e+01 8.128000e+00
    endloop
  endfacet
  facet normal -1.224647e-16 -6.123234e-17 1.000000e+00
    outer loop
      vertex -2.395502e+00 -1.545574e+01 8.128000e+00
      vertex -9.141783e-01 -1.653210e+01 8.128000e+00
      vertex 2.395502e+00 -1.545574e+01 8.128000e+00
    endloop
  endfacet
  facet normal -1.224647e-16 -6.123234e-17 1.000000e+00
    outer loop
      vertex -4.522725e-16 -1.498556e+01 8.128000e+00
      vertex -2.395502e+00 -1.545574e+01 8.128000e+00
      vertex 2.395502e+00 -1.545574e+01 8.128000e+00
    endloop
  endfacet
  facet normal -1.224647e-16 -6.123234e-17 1.000000e+00
    outer loop
      vertex 8.984532e-01 -1.461325e+01 8.128000e+00
      vertex -4.522725e-16 -1.498556e+01 8.128000e+00
      vertex 2.395502e+00 -1.545574e+01 8.128000e+00
    endloop
  endfacet
  facet normal 9.850615e-01 -1.572033e-01 7.029247e-02
    outer loop
      vertex 2.902385e+00 -1.466658e+01 2.789567e+00
      vertex 3.054085e+00 -1.371600e+01 2.789567e+00
      vertex 2.395502e+00 -1.545574e+01 8.128000e+00
    endloop
  endfacet
  facet normal 8.897821e-01 -4.560664e-01 1.706581e-02
    outer loop
      vertex 2.466374e+00 -1.551723e+01 2.789567e+00
      vertex 2.902385e+00 -1.466658e+01 2.789567e+00
      vertex 2.395502e+00 -1.545574e+01 8.128000e+00
    endloop
  endfacet
  facet normal 6.167412e-15 -9.998620e-01 1.661663e-02
    outer loop
      vertex 9.431143e-01 -1.662082e+01 2.789567e+00
      vertex 9.141783e-01 -1.653210e+01 8.128000e+00
      vertex -9.141783e-01 -1.653210e+01 8.128000e+00
    endloop
  endfacet
  facet normal 5.866159e-01 -8.096945e-01 1.663589e-02
    outer loop
      vertex 9.431143e-01 -1.662082e+01 2.789567e+00
      vertex 2.466374e+00 -1.551723e+01 2.789567e+00
      vertex 9.141783e-01 -1.653210e+01 8.128000e+00
    endloop
  endfacet
  facet normal -5.877395e-01 -8.088676e-01 1.718581e-02
    outer loop
      vertex -2.465695e+00 -1.551816e+01 2.789567e+00
      vertex -9.141783e-01 -1.653210e+01 8.128000e+00
      vertex -2.395502e+00 -1.545574e+01 8.128000e+00
    endloop
  endfacet
  facet normal 1.902466e-04 -9.998608e-01 1.668280e-02
    outer loop
      vertex -9.420089e-01 -1.662118e+01 2.789567e+00
      vertex 9.431143e-01 -1.662082e+01 2.789567e+00
      vertex -9.141783e-01 -1.653210e+01 8.128000e+00
    endloop
  endfacet
  facet normal -5.863099e-01 -8.099173e-01 1.657094e-02
    outer loop
      vertex -2.465695e+00 -1.551816e+01 2.789567e+00
      vertex -9.420089e-01 -1.662118e+01 2.789567e+00
      vertex -9.141783e-01 -1.653210e+01 8.128000e+00
    endloop
  endfacet
  facet normal -1.224647e-16 -6.123234e-17 1.000000e+00
    outer loop
      vertex -8.984532e-01 -1.461325e+01 8.128000e+00
      vertex -1.270000e+00 -1.371600e+01 8.128000e+00
      vertex -2.395502e+00 -1.545574e+01 8.128000e+00
    endloop
  endfacet
  facet normal -1.224647e-16 -6.123234e-17 1.000000e+00
    outer loop
      vertex -4.522725e-16 -1.498556e+01 8.128000e+00
      vertex -8.984532e-01 -1.461325e+01 8.128000e+00
      vertex -2.395502e+00 -1.545574e+01 8.128000e+00
    endloop
  endfacet
  facet normal -8.896486e-01 -4.563280e-01 1.703336e-02
    outer loop
      vertex -2.902184e+00 -1.466719e+01 2.789567e+00
      vertex -2.465695e+00 -1.551816e+01 2.789567e+00
      vertex -2.395502e+00 -1.545574e+01 8.128000e+00
    endloop
  endfacet
  facet normal -6.096665e-01 -9.736101e-02 -7.866559e-01
    outer loop
      vertex -2.532238e+00 -1.555578e+01 2.612832e+00
      vertex -2.902184e+00 -1.466719e+01 2.789567e+00
      vertex -3.054085e+00 -1.371600e+01 2.789567e+00
    endloop
  endfacet
  facet normal -9.090679e-01 1.450757e-01 3.905748e-01
    outer loop
      vertex -3.130018e+00 -1.371600e+01 2.612832e+00
      vertex -3.054085e+00 -1.371600e+01 2.789567e+00
      vertex -2.902385e+00 -1.276542e+01 2.789567e+00
    endloop
  endfacet
  facet normal -8.803942e-01 -2.860574e-01 3.782554e-01
    outer loop
      vertex -2.532238e+00 -1.555578e+01 2.612832e+00
      vertex -3.054085e+00 -1.371600e+01 2.789567e+00
      vertex -3.130018e+00 -1.371600e+01 2.612832e+00
    endloop
  endfacet
  facet normal 9.090679e-01 -1.450757e-01 3.905748e-01
    outer loop
      vertex 3.130018e+00 -1.371600e+01 2.612832e+00
      vertex 3.054085e+00 -1.371600e+01 2.789567e+00
      vertex 2.902385e+00 -1.466658e+01 2.789567e+00
    endloop
  endfacet
  facet normal 6.096665e-01 9.736101e-02 -7.866559e-01
    outer loop
      vertex 2.532238e+00 -1.187622e+01 2.612832e+00
      vertex 2.902184e+00 -1.276481e+01 2.789567e+00
      vertex 3.054085e+00 -1.371600e+01 2.789567e+00
    endloop
  endfacet
  facet normal 8.803942e-01 2.860574e-01 3.782554e-01
    outer loop
      vertex 2.532238e+00 -1.187622e+01 2.612832e+00
      vertex 3.054085e+00 -1.371600e+01 2.789567e+00
      vertex 3.130018e+00 -1.371600e+01 2.612832e+00
    endloop
  endfacet
  facet normal 8.171997e-01 -4.188634e-01 3.959016e-01
    outer loop
      vertex 2.532238e+00 -1.555578e+01 2.612832e+00
      vertex 2.902385e+00 -1.466658e+01 2.789567e+00
      vertex 2.466374e+00 -1.551723e+01 2.789567e+00
    endloop
  endfacet
  facet normal 8.714431e-01 -2.831490e-01 -4.005166e-01
    outer loop
      vertex 2.532238e+00 -1.555578e+01 2.612832e+00
      vertex 3.130018e+00 -1.371600e+01 2.612832e+00
      vertex 2.902385e+00 -1.466658e+01 2.789567e+00
    endloop
  endfacet
  facet normal 5.428458e-01 -7.492796e-01 3.793398e-01
    outer loop
      vertex 9.672288e-01 -1.669282e+01 2.612832e+00
      vertex 2.466374e+00 -1.551723e+01 2.789567e+00
      vertex 9.431143e-01 -1.662082e+01 2.789567e+00
    endloop
  endfacet
  facet normal 5.465890e-01 -7.523152e-01 3.677804e-01
    outer loop
      vertex 2.532238e+00 -1.555578e+01 2.612832e+00
      vertex 2.466374e+00 -1.551723e+01 2.789567e+00
      vertex 9.672288e-01 -1.669282e+01 2.612832e+00
    endloop
  endfacet
  facet normal 1.761891e-04 -9.260797e-01 3.773279e-01
    outer loop
      vertex 9.672288e-01 -1.669282e+01 2.612832e+00
      vertex 9.431143e-01 -1.662082e+01 2.789567e+00
      vertex -9.420089e-01 -1.662118e+01 2.789567e+00
    endloop
  endfacet
  facet normal -5.421668e-01 -7.489389e-01 3.809799e-01
    outer loop
      vertex -9.672288e-01 -1.669282e+01 2.612832e+00
      vertex -9.420089e-01 -1.662118e+01 2.789567e+00
      vertex -2.465695e+00 -1.551816e+01 2.789567e+00
    endloop
  endfacet
  facet normal -2.279220e-09 -9.267438e-01 3.756938e-01
    outer loop
      vertex 9.672288e-01 -1.669282e+01 2.612832e+00
      vertex -9.420089e-01 -1.662118e+01 2.789567e+00
      vertex -9.672288e-01 -1.669282e+01 2.612832e+00
    endloop
  endfacet
  facet normal -8.167718e-01 -4.189472e-01 3.966951e-01
    outer loop
      vertex -2.532238e+00 -1.555578e+01 2.612832e+00
      vertex -2.465695e+00 -1.551816e+01 2.789567e+00
      vertex -2.902184e+00 -1.466719e+01 2.789567e+00
    endloop
  endfacet
  facet normal -5.469611e-01 -7.528274e-01 3.661752e-01
    outer loop
      vertex -9.672288e-01 -1.669282e+01 2.612832e+00
      vertex -2.465695e+00 -1.551816e+01 2.789567e+00
      vertex -2.532238e+00 -1.555578e+01 2.612832e+00
    endloop
  endfacet
  facet normal -8.171997e-01 4.188634e-01 3.959016e-01
    outer loop
      vertex -2.532238e+00 -1.187622e+01 2.612832e+00
      vertex -2.902385e+00 -1.276542e+01 2.789567e+00
      vertex -2.466374e+00 -1.191477e+01 2.789567e+00
    endloop
  endfacet
  facet normal -8.714431e-01 2.831490e-01 -4.005166e-01
    outer loop
      vertex -3.130018e+00 -1.371600e+01 2.612832e+00
      vertex -2.902385e+00 -1.276542e+01 2.789567e+00
      vertex -2.532238e+00 -1.187622e+01 2.612832e+00
    endloop
  endfacet
  facet normal -5.428458e-01 7.492796e-01 3.793398e-01
    outer loop
      vertex -9.672288e-01 -1.073918e+01 2.612832e+00
      vertex -2.466374e+00 -1.191477e+01 2.789567e+00
      vertex -9.431143e-01 -1.081118e+01 2.789567e+00
    endloop
  endfacet
  facet normal -5.465890e-01 7.523152e-01 3.677804e-01
    outer loop
      vertex -2.532238e+00 -1.187622e+01 2.612832e+00
      vertex -2.466374e+00 -1.191477e+01 2.789567e+00
      vertex -9.672288e-01 -1.073918e+01 2.612832e+00
    endloop
  endfacet
  facet normal -1.761891e-04 9.260797e-01 3.773279e-01
    outer loop
      vertex -9.672288e-01 -1.073918e+01 2.612832e+00
      vertex -9.431143e-01 -1.081118e+01 2.789567e+00
      vertex 9.420089e-01 -1.081083e+01 2.789567e+00
    endloop
  endfacet
  facet normal 5.421668e-01 7.489389e-01 3.809799e-01
    outer loop
      vertex 9.672288e-01 -1.073918e+01 2.612832e+00
      vertex 9.420089e-01 -1.081083e+01 2.789567e+00
      vertex 2.465695e+00 -1.191384e+01 2.789567e+00
    endloop
  endfacet
  facet normal 2.285423e-09 9.267438e-01 3.756938e-01
    outer loop
      vertex -9.672288e-01 -1.073918e+01 2.612832e+00
      vertex 9.420089e-01 -1.081083e+01 2.789567e+00
      vertex 9.672288e-01 -1.073918e+01 2.612832e+00
    endloop
  endfacet
  facet normal 8.167718e-01 4.189472e-01 3.966951e-01
    outer loop
      vertex 2.532238e+00 -1.187622e+01 2.612832e+00
      vertex 2.465695e+00 -1.191384e+01 2.789567e+00
      vertex 2.902184e+00 -1.276481e+01 2.789567e+00
    endloop
  endfacet
  facet normal 5.469611e-01 7.528274e-01 3.661752e-01
    outer loop
      vertex 9.672288e-01 -1.073918e+01 2.612832e+00
      vertex 2.465695e+00 -1.191384e+01 2.789567e+00
      vertex 2.532238e+00 -1.187622e+01 2.612832e+00
    endloop
  endfacet
  facet normal 5.884852e-01 7.867848e-09 -8.085080e-01
    outer loop
      vertex 3.979233e+01 4.718403e+01 8.867706e-01
      vertex 3.979232e+01 -4.718403e+01 8.867668e-01
      vertex 3.909220e+01 -4.717051e+01 3.771693e-01
    endloop
  endfacet
  facet normal 5.453256e-01 -3.564251e-01 -7.586706e-01
    outer loop
      vertex 3.903734e+01 -4.769372e+01 5.835437e-01
      vertex 3.909220e+01 -4.717051e+01 3.771693e-01
      vertex 3.979232e+01 -4.718403e+01 8.867668e-01
    endloop
  endfacet
  facet normal 5.884827e-01 3.661553e-08 -8.085098e-01
    outer loop
      vertex 3.909217e+01 4.717051e+01 3.771572e-01
      vertex 3.979233e+01 4.718403e+01 8.867706e-01
      vertex 3.909220e+01 -4.717051e+01 3.771693e-01
    endloop
  endfacet
  facet normal 2.283582e-01 -3.778554e-01 -8.972613e-01
    outer loop
      vertex 3.759127e+01 -4.768981e+01 2.138670e-01
      vertex 3.909220e+01 -4.717051e+01 3.771693e-01
      vertex 3.903734e+01 -4.769372e+01 5.835437e-01
    endloop
  endfacet
  facet normal 7.854183e-01 -7.901782e-09 -6.189653e-01
    outer loop
      vertex 3.979233e+01 4.718403e+01 8.867706e-01
      vertex 4.033063e+01 -4.720217e+01 1.569840e+00
      vertex 3.979232e+01 -4.718403e+01 8.867668e-01
    endloop
  endfacet
  facet normal 7.284930e-01 -3.587158e-01 -5.836273e-01
    outer loop
      vertex 4.011261e+01 -4.772999e+01 1.622122e+00
      vertex 3.979232e+01 -4.718403e+01 8.867668e-01
      vertex 4.033063e+01 -4.720217e+01 1.569840e+00
    endloop
  endfacet
  facet normal 5.920673e-01 -5.019037e-01 -6.305149e-01
    outer loop
      vertex 3.903734e+01 -4.769372e+01 5.835437e-01
      vertex 3.979232e+01 -4.718403e+01 8.867668e-01
      vertex 4.011261e+01 -4.772999e+01 1.622122e+00
    endloop
  endfacet
  facet normal 7.854224e-01 5.240636e-08 -6.189602e-01
    outer loop
      vertex 3.979233e+01 4.718403e+01 8.867706e-01
      vertex 4.033065e+01 4.720216e+01 1.569872e+00
      vertex 4.033063e+01 -4.720217e+01 1.569840e+00
    endloop
  endfacet
  facet normal 7.284991e-01 3.587085e-01 -5.836242e-01
    outer loop
      vertex 4.011261e+01 4.772999e+01 1.622116e+00
      vertex 4.033065e+01 4.720216e+01 1.569872e+00
      vertex 3.979233e+01 4.718403e+01 8.867706e-01
    endloop
  endfacet
  facet normal 8.782462e-01 3.901693e-01 -2.764990e-01
    outer loop
      vertex 4.054095e+01 4.777997e+01 3.053201e+00
      vertex 4.033065e+01 4.720216e+01 1.569872e+00
      vertex 4.011261e+01 4.772999e+01 1.622116e+00
    endloop
  endfacet
  facet normal 5.453242e-01 3.564211e-01 -7.586735e-01
    outer loop
      vertex 3.903733e+01 4.769372e+01 5.835400e-01
      vertex 3.979233e+01 4.718403e+01 8.867706e-01
      vertex 3.909217e+01 4.717051e+01 3.771572e-01
    endloop
  endfacet
  facet normal 5.920660e-01 5.019038e-01 -6.305161e-01
    outer loop
      vertex 4.011261e+01 4.772999e+01 1.622116e+00
      vertex 3.979233e+01 4.718403e+01 8.867706e-01
      vertex 3.903733e+01 4.769372e+01 5.835400e-01
    endloop
  endfacet
  facet normal -7.813249e-01 1.218830e-08 -6.241245e-01
    outer loop
      vertex -3.977649e+01 4.718363e+01 8.716431e-01
      vertex -3.977650e+01 -4.718363e+01 8.716492e-01
      vertex -4.032050e+01 -4.720171e+01 1.552674e+00
    endloop
  endfacet
  facet normal -7.236261e-01 -3.619933e-01 -5.876446e-01
    outer loop
      vertex -4.011256e+01 -4.772999e+01 1.622042e+00
      vertex -4.032050e+01 -4.720171e+01 1.552674e+00
      vertex -3.977650e+01 -4.718363e+01 8.716492e-01
    endloop
  endfacet
  facet normal -7.813264e-01 3.418487e-08 -6.241227e-01
    outer loop
      vertex -4.032051e+01 4.720171e+01 1.552694e+00
      vertex -3.977649e+01 4.718363e+01 8.716431e-01
      vertex -4.032050e+01 -4.720171e+01 1.552674e+00
    endloop
  endfacet
  facet normal -8.811100e-01 -3.832060e-01 -2.771252e-01
    outer loop
      vertex -4.054095e+01 -4.777998e+01 3.053201e+00
      vertex -4.032050e+01 -4.720171e+01 1.552674e+00
      vertex -4.011256e+01 -4.772999e+01 1.622042e+00
    endloop
  endfacet
  facet normal -5.832099e-01 -1.207489e-08 -8.123215e-01
    outer loop
      vertex -3.977649e+01 4.718363e+01 8.716431e-01
      vertex -3.907503e+01 -4.717026e+01 3.680280e-01
      vertex -3.977650e+01 -4.718363e+01 8.716492e-01
    endloop
  endfacet
  facet normal -5.411727e-01 -3.531917e-01 -7.631433e-01
    outer loop
      vertex -3.903726e+01 -4.769372e+01 5.835021e-01
      vertex -3.977650e+01 -4.718363e+01 8.716492e-01
      vertex -3.907503e+01 -4.717026e+01 3.680280e-01
    endloop
  endfacet
  facet normal -5.920691e-01 -5.018507e-01 -6.305554e-01
    outer loop
      vertex -4.011256e+01 -4.772999e+01 1.622042e+00
      vertex -3.977650e+01 -4.718363e+01 8.716492e-01
      vertex -3.903726e+01 -4.769372e+01 5.835021e-01
    endloop
  endfacet
  facet normal -5.832040e-01 5.427551e-08 -8.123257e-01
    outer loop
      vertex -3.977649e+01 4.718363e+01 8.716431e-01
      vertex -3.907499e+01 4.717026e+01 3.680099e-01
      vertex -3.907503e+01 -4.717026e+01 3.680280e-01
    endloop
  endfacet
  facet normal -5.411690e-01 3.531840e-01 -7.631495e-01
    outer loop
      vertex -3.903726e+01 4.769372e+01 5.835059e-01
      vertex -3.907499e+01 4.717026e+01 3.680099e-01
      vertex -3.977649e+01 4.718363e+01 8.716431e-01
    endloop
  endfacet
  facet normal -2.304442e-01 3.845946e-01 -8.938582e-01
    outer loop
      vertex -3.759127e+01 4.768051e+01 2.050353e-01
      vertex -3.907499e+01 4.717026e+01 3.680099e-01
      vertex -3.903726e+01 4.769372e+01 5.835059e-01
    endloop
  endfacet
  facet normal -7.236286e-01 3.619896e-01 -5.876437e-01
    outer loop
      vertex -4.011257e+01 4.772999e+01 1.622049e+00
      vertex -3.977649e+01 4.718363e+01 8.716431e-01
      vertex -4.032051e+01 4.720171e+01 1.552694e+00
    endloop
  endfacet
  facet normal -5.920703e-01 5.018507e-01 -6.305542e-01
    outer loop
      vertex -3.903726e+01 4.769372e+01 5.835059e-01
      vertex -3.977649e+01 4.718363e+01 8.716431e-01
      vertex -4.011257e+01 4.772999e+01 1.622049e+00
    endloop
  endfacet
  facet normal 3.263819e-01 9.434894e-01 5.746895e-02
    outer loop
      vertex -3.909354e+01 4.790093e+01 2.104651e+00
      vertex -3.918125e+01 4.793204e+01 2.091943e+00
      vertex -3.901761e+01 4.785689e+01 2.396385e+00
    endloop
  endfacet
  facet normal 5.473033e-01 8.295760e-01 1.107373e-01
    outer loop
      vertex -3.880411e+01 4.771358e+01 2.414805e+00
      vertex -3.901761e+01 4.785689e+01 2.396385e+00
      vertex -3.887261e+01 4.772902e+01 2.637663e+00
    endloop
  endfacet
  facet normal 5.584196e-01 8.293138e-01 -2.015327e-02
    outer loop
      vertex -3.880411e+01 4.771358e+01 2.414805e+00
      vertex -3.909354e+01 4.790093e+01 2.104651e+00
      vertex -3.901761e+01 4.785689e+01 2.396385e+00
    endloop
  endfacet
  facet normal -2.272976e-06 5.429232e-01 8.397823e-01
    outer loop
      vertex 3.844394e+01 4.748275e+01 2.483979e+00
      vertex -3.868771e+01 4.772265e+01 2.328672e+00
      vertex -3.844316e+01 4.748169e+01 2.484456e+00
    endloop
  endfacet
  facet normal 3.637943e-01 7.372605e-01 5.692984e-01
    outer loop
      vertex -3.880411e+01 4.771358e+01 2.414805e+00
      vertex -3.844316e+01 4.748169e+01 2.484456e+00
      vertex -3.868771e+01 4.772265e+01 2.328672e+00
    endloop
  endfacet
  facet normal 2.003492e-01 5.544663e-01 8.077297e-01
    outer loop
      vertex -3.880411e+01 4.771358e+01 2.414805e+00
      vertex -3.858552e+01 4.734836e+01 2.611293e+00
      vertex -3.844316e+01 4.748169e+01 2.484456e+00
    endloop
  endfacet
  facet normal -3.056956e-06 8.171503e-01 5.764247e-01
    outer loop
      vertex 3.868881e+01 4.772354e+01 2.327816e+00
      vertex -3.902487e+01 4.789141e+01 2.089432e+00
      vertex -3.868771e+01 4.772265e+01 2.328672e+00
    endloop
  endfacet
  facet normal 2.050222e-01 9.122718e-01 3.545786e-01
    outer loop
      vertex -3.909354e+01 4.790093e+01 2.104651e+00
      vertex -3.868771e+01 4.772265e+01 2.328672e+00
      vertex -3.902487e+01 4.789141e+01 2.089432e+00
    endloop
  endfacet
  facet normal 2.996158e-06 5.441169e-01 8.390094e-01
    outer loop
      vertex 3.844394e+01 4.748275e+01 2.483979e+00
      vertex 3.868881e+01 4.772354e+01 2.327816e+00
      vertex -3.868771e+01 4.772265e+01 2.328672e+00
    endloop
  endfacet
  facet normal 1.986166e-01 9.098676e-01 3.642696e-01
    outer loop
      vertex -3.880411e+01 4.771358e+01 2.414805e+00
      vertex -3.868771e+01 4.772265e+01 2.328672e+00
      vertex -3.909354e+01 4.790093e+01 2.104651e+00
    endloop
  endfacet
  facet normal 3.298136e-07 8.176703e-01 5.756868e-01
    outer loop
      vertex 3.868881e+01 4.772354e+01 2.327816e+00
      vertex 3.902506e+01 4.789147e+01 2.089310e+00
      vertex -3.902487e+01 4.789141e+01 2.089432e+00
    endloop
  endfacet
  facet normal -2.052640e-01 9.127401e-01 3.532310e-01
    outer loop
      vertex 3.909350e+01 4.790092e+01 2.104649e+00
      vertex 3.902506e+01 4.789147e+01 2.089310e+00
      vertex 3.868881e+01 4.772354e+01 2.327816e+00
    endloop
  endfacet
  facet normal -3.655755e-01 7.388629e-01 5.660709e-01
    outer loop
      vertex 3.880385e+01 4.771369e+01 2.414976e+00
      vertex 3.868881e+01 4.772354e+01 2.327816e+00
      vertex 3.844394e+01 4.748275e+01 2.483979e+00
    endloop
  endfacet
  facet normal -1.979940e-01 9.100125e-01 3.642467e-01
    outer loop
      vertex 3.880385e+01 4.771369e+01 2.414976e+00
      vertex 3.909350e+01 4.790092e+01 2.104649e+00
      vertex 3.868881e+01 4.772354e+01 2.327816e+00
    endloop
  endfacet
  facet normal -5.459154e-01 8.304132e-01 1.113116e-01
    outer loop
      vertex 3.880385e+01 4.771369e+01 2.414976e+00
      vertex 3.887302e+01 4.772941e+01 2.636958e+00
      vertex 3.901842e+01 4.785742e+01 2.395078e+00
    endloop
  endfacet
  facet normal -7.879722e-01 5.807848e-01 2.044236e-01
    outer loop
      vertex 3.880385e+01 4.771369e+01 2.414976e+00
      vertex 3.858546e+01 4.734831e+01 2.611258e+00
      vertex 3.887302e+01 4.772941e+01 2.636958e+00
    endloop
  endfacet
  facet normal -3.258449e-01 9.436962e-01 5.711934e-02
    outer loop
      vertex 3.909350e+01 4.790092e+01 2.104649e+00
      vertex 3.901842e+01 4.785742e+01 2.395078e+00
      vertex 3.918165e+01 4.793217e+01 2.091212e+00
    endloop
  endfacet
  facet normal -5.576808e-01 8.298177e-01 -1.986898e-02
    outer loop
      vertex 3.880385e+01 4.771369e+01 2.414976e+00
      vertex 3.901842e+01 4.785742e+01 2.395078e+00
      vertex 3.909350e+01 4.790092e+01 2.104649e+00
    endloop
  endfacet
  facet normal 1.224647e-16 6.123234e-17 -1.000000e+00
    outer loop
      vertex -2.316996e+01 -3.410155e+01 5.080003e-01
      vertex -2.211853e+01 -3.410155e+01 5.080003e-01
      vertex -2.212261e+01 -3.412164e+01 5.080003e-01
    endloop
  endfacet
  facet normal 1.224647e-16 6.123234e-17 -1.000000e+00
    outer loop
      vertex -2.308927e+01 -3.429812e+01 5.080003e-01
      vertex -2.316996e+01 -3.410155e+01 5.080003e-01
      vertex -2.144465e+01 -3.420516e+01 5.080003e-01
    endloop
  endfacet
  facet normal 1.224647e-16 6.123234e-17 -1.000000e+00
    outer loop
      vertex -2.316996e+01 -3.361101e+01 5.080003e-01
      vertex -2.316368e+01 -3.357965e+01 5.080003e-01
      vertex -2.211853e+01 -3.361101e+01 5.080003e-01
    endloop
  endfacet
  facet normal -7.631294e-01 5.100829e-01 3.967984e-01
    outer loop
      vertex 3.806644e+01 4.343724e+00 2.612834e+00
      vertex 3.811966e+01 4.289727e+00 2.784603e+00
      vertex 3.818942e+01 4.394472e+00 2.784118e+00
    endloop
  endfacet
  facet normal -3.541385e-01 8.551510e-01 3.785534e-01
    outer loop
      vertex 3.806644e+01 4.343724e+00 2.612834e+00
      vertex 3.789570e+01 4.273019e+00 2.612830e+00
      vertex 3.811966e+01 4.289727e+00 2.784603e+00
    endloop
  endfacet
  facet normal 5.089586e-01 -7.668614e-01 3.910049e-01
    outer loop
      vertex 2.041800e+01 2.260224e+00 2.612834e+00
      vertex 2.046870e+01 2.383303e+00 2.788220e+00
      vertex 2.036394e+01 2.313525e+00 2.787730e+00
    endloop
  endfacet
  facet normal 3.371389e-01 -8.136912e-01 4.735439e-01
    outer loop
      vertex 2.041800e+01 2.260224e+00 2.612834e+00
      vertex 2.058877e+01 2.330981e+00 2.612831e+00
      vertex 2.046870e+01 2.383303e+00 2.788220e+00
    endloop
  endfacet
  facet normal 1.292431e-03 -8.100655e-01 5.863379e-01
    outer loop
      vertex 3.942063e+01 2.076984e+00 2.612833e+00
      vertex 3.821322e+01 2.130314e+00 2.689174e+00
      vertex 3.821283e+01 2.070810e+00 2.606968e+00
    endloop
  endfacet
  facet normal -5.315254e-06 -5.528719e-01 8.332663e-01
    outer loop
      vertex 2.058877e+01 2.330981e+00 2.612831e+00
      vertex 3.816547e+01 2.250232e+00 2.559366e+00
      vertex 3.809795e+01 2.331329e+00 2.613173e+00
    endloop
  endfacet
  facet normal 1.224647e-16 6.123234e-17 -1.000000e+00
    outer loop
      vertex -2.316996e+01 -3.410155e+01 5.080003e-01
      vertex -2.212261e+01 -3.412164e+01 5.080003e-01
      vertex -2.153639e+01 -3.414316e+01 5.080003e-01
    endloop
  endfacet
  facet normal 1.224647e-16 6.123234e-17 -1.000000e+00
    outer loop
      vertex -2.316996e+01 -3.410155e+01 5.080003e-01
      vertex -2.153639e+01 -3.414316e+01 5.080003e-01
      vertex -2.144465e+01 -3.420516e+01 5.080003e-01
    endloop
  endfacet
  facet normal -8.521357e-01 -3.535986e-01 3.857886e-01
    outer loop
      vertex 3.966057e+01 3.993548e+01 2.611288e+00
      vertex 3.964658e+01 4.015827e+01 2.784579e+00
      vertex 3.959015e+01 4.010499e+01 2.611106e+00
    endloop
  endfacet
  facet normal -5.582060e-01 -8.290094e-01 3.390539e-02
    outer loop
      vertex 3.974300e+01 4.033045e+01 8.581817e+00
      vertex 3.954217e+01 4.022865e+01 2.786514e+00
      vertex 3.964658e+01 4.015827e+01 2.784579e+00
    endloop
  endfacet
  facet normal -4.652798e-01 -7.049437e-01 5.353215e-01
    outer loop
      vertex 3.942063e+01 4.017698e+01 2.612833e+00
      vertex 3.964658e+01 4.015827e+01 2.784579e+00
      vertex 3.954217e+01 4.022865e+01 2.786514e+00
    endloop
  endfacet
  facet normal -5.558849e-01 -8.305672e-01 3.391306e-02
    outer loop
      vertex 3.984904e+01 4.025958e+01 8.584276e+00
      vertex 3.974300e+01 4.033045e+01 8.581817e+00
      vertex 3.964658e+01 4.015827e+01 2.784579e+00
    endloop
  endfacet
  facet normal -3.585145e-01 -8.532605e-01 3.787003e-01
    outer loop
      vertex 3.959015e+01 4.010499e+01 2.611106e+00
      vertex 3.964658e+01 4.015827e+01 2.784579e+00
      vertex 3.942063e+01 4.017698e+01 2.612833e+00
    endloop
  endfacet
  facet normal -5.123410e-01 -7.522164e-01 4.143396e-01
    outer loop
      vertex 3.980285e+01 4.041092e+01 8.801915e+00
      vertex 3.974300e+01 4.033045e+01 8.581817e+00
      vertex 3.984904e+01 4.025958e+01 8.584276e+00
    endloop
  endfacet
  facet normal -1.964683e-01 -9.024560e-01 3.833709e-01
    outer loop
      vertex 3.980285e+01 4.041092e+01 8.801915e+00
      vertex 3.962277e+01 4.044887e+01 8.798957e+00
      vertex 3.974300e+01 4.033045e+01 8.581817e+00
    endloop
  endfacet
  facet normal -5.553001e-01 8.309538e-01 3.402534e-02
    outer loop
      vertex 3.984471e+01 3.238012e+01 8.584200e+00
      vertex 3.964502e+01 3.248415e+01 2.784601e+00
      vertex 3.954217e+01 3.241535e+01 2.786514e+00
    endloop
  endfacet
  facet normal -4.630999e-01 7.070570e-01 5.344239e-01
    outer loop
      vertex 3.942063e+01 3.246702e+01 2.612834e+00
      vertex 3.954217e+01 3.241535e+01 2.786514e+00
      vertex 3.964502e+01 3.248415e+01 2.784601e+00
    endloop
  endfacet
  facet normal 1.224647e-16 6.123234e-17 -1.000000e+00
    outer loop
      vertex -2.212261e+01 -3.412164e+01 5.080003e-01
      vertex -2.164414e+01 -3.412164e+01 5.080003e-01
      vertex -2.153639e+01 -3.414316e+01 5.080003e-01
    endloop
  endfacet
  facet normal 1.224647e-16 6.123234e-17 -1.000000e+00
    outer loop
      vertex -2.241131e+01 -3.438160e+01 5.080003e-01
      vertex -2.299756e+01 -3.436005e+01 5.080003e-01
      vertex -2.136378e+01 -3.440200e+01 5.080003e-01
    endloop
  endfacet
  facet normal -8.273492e-01 5.603641e-01 3.853909e-02
    outer loop
      vertex 3.984471e+01 3.238012e+01 8.584200e+00
      vertex 3.991636e+01 3.248586e+01 8.584853e+00
      vertex 3.964502e+01 3.248415e+01 2.784601e+00
    endloop
  endfacet
  facet normal -8.536165e-01 3.542104e-01 3.819346e-01
    outer loop
      vertex 3.959015e+01 3.253901e+01 2.611106e+00
      vertex 3.964502e+01 3.248415e+01 2.784601e+00
      vertex 3.966057e+01 3.270852e+01 2.611285e+00
    endloop
  endfacet
  facet normal -3.578706e-01 8.518291e-01 3.825127e-01
    outer loop
      vertex 3.942063e+01 3.246702e+01 2.612834e+00
      vertex 3.964502e+01 3.248415e+01 2.784601e+00
      vertex 3.959015e+01 3.253901e+01 2.611106e+00
    endloop
  endfacet
  facet normal 8.259004e-01 5.546558e-01 1.012199e-01
    outer loop
      vertex -3.813787e+01 2.566306e+01 2.765474e+00
      vertex -3.819064e+01 2.572734e+01 2.843751e+00
      vertex -3.812218e+01 2.562504e+01 2.845750e+00
    endloop
  endfacet
  facet normal 3.837790e-01 9.193751e-01 -8.638921e-02
    outer loop
      vertex -3.799293e+01 2.556294e+01 2.759072e+00
      vertex -3.812218e+01 2.562504e+01 2.845750e+00
      vertex -3.789788e+01 2.553200e+01 2.851958e+00
    endloop
  endfacet
  facet normal 5.549781e-01 7.895631e-01 2.618960e-01
    outer loop
      vertex -3.806368e+01 2.563475e+01 2.692504e+00
      vertex -3.812218e+01 2.562504e+01 2.845750e+00
      vertex -3.799293e+01 2.556294e+01 2.759072e+00
    endloop
  endfacet
  facet normal 5.588326e-01 7.864150e-01 2.631681e-01
    outer loop
      vertex -3.813787e+01 2.566306e+01 2.765474e+00
      vertex -3.812218e+01 2.562504e+01 2.845750e+00
      vertex -3.806368e+01 2.563475e+01 2.692504e+00
    endloop
  endfacet
  facet normal -8.626769e-02 9.153660e-01 3.932722e-01
    outer loop
      vertex -3.799293e+01 2.556294e+01 2.759072e+00
      vertex -3.789788e+01 2.553200e+01 2.851958e+00
      vertex -3.789788e+01 2.562691e+01 2.631043e+00
    endloop
  endfacet
  facet normal -1.021827e-16 5.511822e-01 8.343850e-01
    outer loop
      vertex -3.789788e+01 2.562691e+01 2.631043e+00
      vertex 3.789788e+01 2.562691e+01 2.631043e+00
      vertex 3.789919e+01 2.572846e+01 2.563957e+00
    endloop
  endfacet
  facet normal -4.777563e-02 5.509825e-01 8.331481e-01
    outer loop
      vertex 3.796457e+01 2.565022e+01 2.619448e+00
      vertex 3.789919e+01 2.572846e+01 2.563957e+00
      vertex 3.789788e+01 2.562691e+01 2.631043e+00
    endloop
  endfacet
  facet normal -1.021827e-16 5.511822e-01 8.343850e-01
    outer loop
      vertex -3.789919e+01 2.572846e+01 2.563957e+00
      vertex -3.789788e+01 2.562691e+01 2.631043e+00
      vertex 3.789919e+01 2.572846e+01 2.563957e+00
    endloop
  endfacet
  facet normal -2.499555e-01 7.791555e-01 5.748382e-01
    outer loop
      vertex 3.806368e+01 2.563475e+01 2.692504e+00
      vertex 3.789788e+01 2.562691e+01 2.631043e+00
      vertex 3.799293e+01 2.556294e+01 2.759072e+00
    endloop
  endfacet
  facet normal -2.160590e-01 8.536679e-01 4.738879e-01
    outer loop
      vertex 3.796457e+01 2.565022e+01 2.619448e+00
      vertex 3.789788e+01 2.562691e+01 2.631043e+00
      vertex 3.806368e+01 2.563475e+01 2.692504e+00
    endloop
  endfacet
  facet normal 4.777565e-02 5.509825e-01 8.331481e-01
    outer loop
      vertex -3.796457e+01 2.565022e+01 2.619448e+00
      vertex -3.789788e+01 2.562691e+01 2.631043e+00
      vertex -3.789919e+01 2.572846e+01 2.563957e+00
    endloop
  endfacet
  facet normal 1.896131e-01 8.148052e-01 5.478498e-01
    outer loop
      vertex -3.796457e+01 2.565022e+01 2.619448e+00
      vertex -3.799293e+01 2.556294e+01 2.759072e+00
      vertex -3.789788e+01 2.562691e+01 2.631043e+00
    endloop
  endfacet
  facet normal -3.837790e-01 9.193751e-01 -8.638921e-02
    outer loop
      vertex 3.799293e+01 2.556294e+01 2.759072e+00
      vertex 3.789788e+01 2.553200e+01 2.851958e+00
      vertex 3.812218e+01 2.562504e+01 2.845750e+00
    endloop
  endfacet
  facet normal -8.259004e-01 5.546558e-01 1.012199e-01
    outer loop
      vertex 3.813787e+01 2.566306e+01 2.765474e+00
      vertex 3.812218e+01 2.562504e+01 2.845750e+00
      vertex 3.819064e+01 2.572734e+01 2.843751e+00
    endloop
  endfacet
  facet normal -5.549781e-01 7.895631e-01 2.618960e-01
    outer loop
      vertex 3.806368e+01 2.563475e+01 2.692504e+00
      vertex 3.799293e+01 2.556294e+01 2.759072e+00
      vertex 3.812218e+01 2.562504e+01 2.845750e+00
    endloop
  endfacet
  facet normal -5.588326e-01 7.864150e-01 2.631681e-01
    outer loop
      vertex 3.813787e+01 2.566306e+01 2.765474e+00
      vertex 3.806368e+01 2.563475e+01 2.692504e+00
      vertex 3.812218e+01 2.562504e+01 2.845750e+00
    endloop
  endfacet
  facet normal 3.837790e-01 -9.193751e-01 -8.638921e-02
    outer loop
      vertex -3.799293e+01 2.396705e+01 2.759072e+00
      vertex -3.789788e+01 2.399800e+01 2.851958e+00
      vertex -3.812218e+01 2.390496e+01 2.845750e+00
    endloop
  endfacet
  facet normal 8.259004e-01 -5.546558e-01 1.012199e-01
    outer loop
      vertex -3.813787e+01 2.386694e+01 2.765474e+00
      vertex -3.812218e+01 2.390496e+01 2.845750e+00
      vertex -3.819064e+01 2.380265e+01 2.843751e+00
    endloop
  endfacet
  facet normal 5.549781e-01 -7.895631e-01 2.618960e-01
    outer loop
      vertex -3.806368e+01 2.389525e+01 2.692504e+00
      vertex -3.799293e+01 2.396705e+01 2.759072e+00
      vertex -3.812218e+01 2.390496e+01 2.845750e+00
    endloop
  endfacet
  facet normal 5.588326e-01 -7.864150e-01 2.631681e-01
    outer loop
      vertex -3.813787e+01 2.386694e+01 2.765474e+00
      vertex -3.806368e+01 2.389525e+01 2.692504e+00
      vertex -3.812218e+01 2.390496e+01 2.845750e+00
    endloop
  endfacet
  facet normal -1.177037e-16 -5.511822e-01 8.343850e-01
    outer loop
      vertex -3.789919e+01 2.380153e+01 2.563957e+00
      vertex 3.789919e+01 2.380153e+01 2.563957e+00
      vertex 3.789788e+01 2.390309e+01 2.631043e+00
    endloop
  endfacet
  facet normal -4.777566e-02 -5.509825e-01 8.331481e-01
    outer loop
      vertex 3.796457e+01 2.387977e+01 2.619448e+00
      vertex 3.789788e+01 2.390309e+01 2.631043e+00
      vertex 3.789919e+01 2.380153e+01 2.563957e+00
    endloop
  endfacet
  facet normal -1.021827e-16 -5.511822e-01 8.343850e-01
    outer loop
      vertex -3.789788e+01 2.390309e+01 2.631043e+00
      vertex -3.789919e+01 2.380153e+01 2.563957e+00
      vertex 3.789788e+01 2.390309e+01 2.631043e+00
    endloop
  endfacet
  facet normal 8.626768e-02 -9.153660e-01 3.932722e-01
    outer loop
      vertex 3.799293e+01 2.396705e+01 2.759072e+00
      vertex 3.789788e+01 2.399800e+01 2.851958e+00
      vertex 3.789788e+01 2.390309e+01 2.631043e+00
    endloop
  endfacet
  facet normal -1.896131e-01 -8.148052e-01 5.478498e-01
    outer loop
      vertex 3.796457e+01 2.387977e+01 2.619448e+00
      vertex 3.799293e+01 2.396705e+01 2.759072e+00
      vertex 3.789788e+01 2.390309e+01 2.631043e+00
    endloop
  endfacet
  facet normal 4.777564e-02 -5.509825e-01 8.331481e-01
    outer loop
      vertex -3.796457e+01 2.387977e+01 2.619448e+00
      vertex -3.789919e+01 2.380153e+01 2.563957e+00
      vertex -3.789788e+01 2.390309e+01 2.631043e+00
    endloop
  endfacet
  facet normal 2.499555e-01 -7.791555e-01 5.748382e-01
    outer loop
      vertex -3.806368e+01 2.389525e+01 2.692504e+00
      vertex -3.789788e+01 2.390309e+01 2.631043e+00
      vertex -3.799293e+01 2.396705e+01 2.759072e+00
    endloop
  endfacet
  facet normal 2.160590e-01 -8.536678e-01 4.738879e-01
    outer loop
      vertex -3.796457e+01 2.387977e+01 2.619448e+00
      vertex -3.789788e+01 2.390309e+01 2.631043e+00
      vertex -3.806368e+01 2.389525e+01 2.692504e+00
    endloop
  endfacet
  facet normal -8.259004e-01 -5.546558e-01 1.012199e-01
    outer loop
      vertex 3.813787e+01 2.386694e+01 2.765474e+00
      vertex 3.819064e+01 2.380265e+01 2.843751e+00
      vertex 3.812218e+01 2.390496e+01 2.845750e+00
    endloop
  endfacet
  facet normal -3.837790e-01 -9.193751e-01 -8.638921e-02
    outer loop
      vertex 3.799293e+01 2.396705e+01 2.759072e+00
      vertex 3.812218e+01 2.390496e+01 2.845750e+00
      vertex 3.789788e+01 2.399800e+01 2.851958e+00
    endloop
  endfacet
  facet normal -5.549781e-01 -7.895631e-01 2.618960e-01
    outer loop
      vertex 3.806368e+01 2.389525e+01 2.692504e+00
      vertex 3.812218e+01 2.390496e+01 2.845750e+00
      vertex 3.799293e+01 2.396705e+01 2.759072e+00
    endloop
  endfacet
  facet normal -5.588326e-01 -7.864151e-01 2.631681e-01
    outer loop
      vertex 3.813787e+01 2.386694e+01 2.765474e+00
      vertex 3.812218e+01 2.390496e+01 2.845750e+00
      vertex 3.806368e+01 2.389525e+01 2.692504e+00
    endloop
  endfacet
  facet normal 8.259004e-01 5.546558e-01 1.012199e-01
    outer loop
      vertex -3.813787e+01 2.205626e+01 2.765474e+00
      vertex -3.819064e+01 2.212055e+01 2.843751e+00
      vertex -3.812218e+01 2.201824e+01 2.845750e+00
    endloop
  endfacet
  facet normal 3.837790e-01 9.193751e-01 -8.638921e-02
    outer loop
      vertex -3.799293e+01 2.195615e+01 2.759072e+00
      vertex -3.812218e+01 2.201824e+01 2.845750e+00
      vertex -3.789788e+01 2.192519e+01 2.851958e+00
    endloop
  endfacet
  facet normal 5.549781e-01 7.895631e-01 2.618960e-01
    outer loop
      vertex -3.806368e+01 2.202795e+01 2.692504e+00
      vertex -3.812218e+01 2.201824e+01 2.845750e+00
      vertex -3.799293e+01 2.195615e+01 2.759072e+00
    endloop
  endfacet
  facet normal 5.588326e-01 7.864150e-01 2.631681e-01
    outer loop
      vertex -3.813787e+01 2.205626e+01 2.765474e+00
      vertex -3.812218e+01 2.201824e+01 2.845750e+00
      vertex -3.806368e+01 2.202795e+01 2.692504e+00
    endloop
  endfacet
  facet normal -8.626769e-02 9.153660e-01 3.932722e-01
    outer loop
      vertex -3.799293e+01 2.195615e+01 2.759072e+00
      vertex -3.789788e+01 2.192519e+01 2.851958e+00
      vertex -3.789788e+01 2.202011e+01 2.631043e+00
    endloop
  endfacet
  facet normal -1.021827e-16 5.511822e-01 8.343850e-01
    outer loop
      vertex -3.789788e+01 2.202011e+01 2.631043e+00
      vertex 3.789788e+01 2.202011e+01 2.631043e+00
      vertex 3.789919e+01 2.212166e+01 2.563957e+00
    endloop
  endfacet
  facet normal -4.777564e-02 5.509825e-01 8.331481e-01
    outer loop
      vertex 3.796457e+01 2.204342e+01 2.619448e+00
      vertex 3.789919e+01 2.212166e+01 2.563957e+00
      vertex 3.789788e+01 2.202011e+01 2.631043e+00
    endloop
  endfacet
  facet normal -1.021827e-16 5.511822e-01 8.343850e-01
    outer loop
      vertex -3.789919e+01 2.212166e+01 2.563957e+00
      vertex -3.789788e+01 2.202011e+01 2.631043e+00
      vertex 3.789919e+01 2.212166e+01 2.563957e+00
    endloop
  endfacet
  facet normal -2.499555e-01 7.791555e-01 5.748382e-01
    outer loop
      vertex 3.806368e+01 2.202795e+01 2.692504e+00
      vertex 3.789788e+01 2.202011e+01 2.631043e+00
      vertex 3.799293e+01 2.195615e+01 2.759072e+00
    endloop
  endfacet
  facet normal -2.160590e-01 8.536678e-01 4.738879e-01
    outer loop
      vertex 3.796457e+01 2.204342e+01 2.619448e+00
      vertex 3.789788e+01 2.202011e+01 2.631043e+00
      vertex 3.806368e+01 2.202795e+01 2.692504e+00
    endloop
  endfacet
  facet normal 4.777562e-02 5.509825e-01 8.331481e-01
    outer loop
      vertex -3.796457e+01 2.204342e+01 2.619448e+00
      vertex -3.789788e+01 2.202011e+01 2.631043e+00
      vertex -3.789919e+01 2.212166e+01 2.563957e+00
    endloop
  endfacet
  facet normal 1.896130e-01 8.148052e-01 5.478497e-01
    outer loop
      vertex -3.796457e+01 2.204342e+01 2.619448e+00
      vertex -3.799293e+01 2.195615e+01 2.759072e+00
      vertex -3.789788e+01 2.202011e+01 2.631043e+00
    endloop
  endfacet
  facet normal -3.837790e-01 9.193751e-01 -8.638921e-02
    outer loop
      vertex 3.799293e+01 2.195615e+01 2.759072e+00
      vertex 3.789788e+01 2.192519e+01 2.851958e+00
      vertex 3.812218e+01 2.201824e+01 2.845750e+00
    endloop
  endfacet
  facet normal -8.259004e-01 5.546558e-01 1.012199e-01
    outer loop
      vertex 3.813787e+01 2.205626e+01 2.765474e+00
      vertex 3.812218e+01 2.201824e+01 2.845750e+00
      vertex 3.819064e+01 2.212055e+01 2.843751e+00
    endloop
  endfacet
  facet normal -5.549781e-01 7.895631e-01 2.618960e-01
    outer loop
      vertex 3.806368e+01 2.202795e+01 2.692504e+00
      vertex 3.799293e+01 2.195615e+01 2.759072e+00
      vertex 3.812218e+01 2.201824e+01 2.845750e+00
    endloop
  endfacet
  facet normal -5.588326e-01 7.864150e-01 2.631681e-01
    outer loop
      vertex 3.813787e+01 2.205626e+01 2.765474e+00
      vertex 3.806368e+01 2.202795e+01 2.692504e+00
      vertex 3.812218e+01 2.201824e+01 2.845750e+00
    endloop
  endfacet
  facet normal 3.837790e-01 -9.193751e-01 -8.638921e-02
    outer loop
      vertex -3.799293e+01 2.036025e+01 2.759072e+00
      vertex -3.789788e+01 2.039120e+01 2.851958e+00
      vertex -3.812218e+01 2.029816e+01 2.845750e+00
    endloop
  endfacet
  facet normal 8.259004e-01 -5.546558e-01 1.012199e-01
    outer loop
      vertex -3.813787e+01 2.026014e+01 2.765474e+00
      vertex -3.812218e+01 2.029816e+01 2.845750e+00
      vertex -3.819064e+01 2.019585e+01 2.843751e+00
    endloop
  endfacet
  facet normal 5.549781e-01 -7.895631e-01 2.618960e-01
    outer loop
      vertex -3.806368e+01 2.028844e+01 2.692504e+00
      vertex -3.799293e+01 2.036025e+01 2.759072e+00
      vertex -3.812218e+01 2.029816e+01 2.845750e+00
    endloop
  endfacet
  facet normal 5.588326e-01 -7.864150e-01 2.631681e-01
    outer loop
      vertex -3.813787e+01 2.026014e+01 2.765474e+00
      vertex -3.806368e+01 2.028844e+01 2.692504e+00
      vertex -3.812218e+01 2.029816e+01 2.845750e+00
    endloop
  endfacet
  facet normal -1.021827e-16 -5.511822e-01 8.343850e-01
    outer loop
      vertex -3.789919e+01 2.019473e+01 2.563957e+00
      vertex 3.789919e+01 2.019473e+01 2.563957e+00
      vertex 3.789788e+01 2.029629e+01 2.631043e+00
    endloop
  endfacet
  facet normal -4.777566e-02 -5.509825e-01 8.331481e-01
    outer loop
      vertex 3.796457e+01 2.027298e+01 2.619448e+00
      vertex 3.789788e+01 2.029629e+01 2.631043e+00
      vertex 3.789919e+01 2.019473e+01 2.563957e+00
    endloop
  endfacet
  facet normal -1.021827e-16 -5.511822e-01 8.343850e-01
    outer loop
      vertex -3.789788e+01 2.029629e+01 2.631043e+00
      vertex -3.789919e+01 2.019473e+01 2.563957e+00
      vertex 3.789788e+01 2.029629e+01 2.631043e+00
    endloop
  endfacet
  facet normal 8.626768e-02 -9.153660e-01 3.932722e-01
    outer loop
      vertex 3.799293e+01 2.036025e+01 2.759072e+00
      vertex 3.789788e+01 2.039120e+01 2.851958e+00
      vertex 3.789788e+01 2.029629e+01 2.631043e+00
    endloop
  endfacet
  facet normal -1.896131e-01 -8.148052e-01 5.478498e-01
    outer loop
      vertex 3.796457e+01 2.027298e+01 2.619448e+00
      vertex 3.799293e+01 2.036025e+01 2.759072e+00
      vertex 3.789788e+01 2.029629e+01 2.631043e+00
    endloop
  endfacet
  facet normal 4.777563e-02 -5.509825e-01 8.331481e-01
    outer loop
      vertex -3.796457e+01 2.027298e+01 2.619448e+00
      vertex -3.789919e+01 2.019473e+01 2.563957e+00
      vertex -3.789788e+01 2.029629e+01 2.631043e+00
    endloop
  endfacet
  facet normal 2.499555e-01 -7.791555e-01 5.748382e-01
    outer loop
      vertex -3.806368e+01 2.028844e+01 2.692504e+00
      vertex -3.789788e+01 2.029629e+01 2.631043e+00
      vertex -3.799293e+01 2.036025e+01 2.759072e+00
    endloop
  endfacet
  facet normal 2.160590e-01 -8.536679e-01 4.738879e-01
    outer loop
      vertex -3.796457e+01 2.027298e+01 2.619448e+00
      vertex -3.789788e+01 2.029629e+01 2.631043e+00
      vertex -3.806368e+01 2.028844e+01 2.692504e+00
    endloop
  endfacet
  facet normal -8.259004e-01 -5.546558e-01 1.012199e-01
    outer loop
      vertex 3.813787e+01 2.026014e+01 2.765474e+00
      vertex 3.819064e+01 2.019585e+01 2.843751e+00
      vertex 3.812218e+01 2.029816e+01 2.845750e+00
    endloop
  endfacet
  facet normal -3.837790e-01 -9.193751e-01 -8.638920e-02
    outer loop
      vertex 3.799293e+01 2.036025e+01 2.759072e+00
      vertex 3.812218e+01 2.029816e+01 2.845750e+00
      vertex 3.789788e+01 2.039120e+01 2.851958e+00
    endloop
  endfacet
  facet normal -5.549781e-01 -7.895631e-01 2.618960e-01
    outer loop
      vertex 3.806368e+01 2.028844e+01 2.692504e+00
      vertex 3.812218e+01 2.029816e+01 2.845750e+00
      vertex 3.799293e+01 2.036025e+01 2.759072e+00
    endloop
  endfacet
  facet normal -5.588326e-01 -7.864151e-01 2.631681e-01
    outer loop
      vertex 3.813787e+01 2.026014e+01 2.765474e+00
      vertex 3.812218e+01 2.029816e+01 2.845750e+00
      vertex 3.806368e+01 2.028844e+01 2.692504e+00
    endloop
  endfacet
  facet normal 5.553001e-01 -8.309538e-01 3.402534e-02
    outer loop
      vertex -3.984471e+01 4.026387e+01 8.584200e+00
      vertex -3.964502e+01 4.015985e+01 2.784601e+00
      vertex -3.954217e+01 4.022865e+01 2.786514e+00
    endloop
  endfacet
  facet normal 4.630999e-01 -7.070570e-01 5.344239e-01
    outer loop
      vertex -3.942063e+01 4.017698e+01 2.612834e+00
      vertex -3.954217e+01 4.022865e+01 2.786514e+00
      vertex -3.964502e+01 4.015985e+01 2.784601e+00
    endloop
  endfacet
  facet normal 1.224647e-16 6.123234e-17 -1.000000e+00
    outer loop
      vertex -2.308927e+01 -3.429812e+01 5.080003e-01
      vertex -2.136378e+01 -3.440200e+01 5.080003e-01
      vertex -2.299756e+01 -3.436005e+01 5.080003e-01
    endloop
  endfacet
  facet normal 1.224647e-16 6.123234e-17 -1.000000e+00
    outer loop
      vertex -2.308927e+01 -3.429812e+01 5.080003e-01
      vertex -2.144465e+01 -3.420516e+01 5.080003e-01
      vertex -2.136378e+01 -3.440200e+01 5.080003e-01
    endloop
  endfacet
  facet normal 8.273492e-01 -5.603641e-01 3.853909e-02
    outer loop
      vertex -3.984471e+01 4.026387e+01 8.584200e+00
      vertex -3.991636e+01 4.015814e+01 8.584853e+00
      vertex -3.964502e+01 4.015985e+01 2.784601e+00
    endloop
  endfacet
  facet normal 3.578706e-01 -8.518291e-01 3.825127e-01
    outer loop
      vertex -3.959015e+01 4.010499e+01 2.611106e+00
      vertex -3.942063e+01 4.017698e+01 2.612834e+00
      vertex -3.964502e+01 4.015985e+01 2.784601e+00
    endloop
  endfacet
  facet normal 8.536165e-01 -3.542104e-01 3.819346e-01
    outer loop
      vertex -3.959015e+01 4.010499e+01 2.611106e+00
      vertex -3.964502e+01 4.015985e+01 2.784601e+00
      vertex -3.966057e+01 3.993548e+01 2.611285e+00
    endloop
  endfacet
  facet normal 1.224647e-16 6.123234e-17 -1.000000e+00
    outer loop
      vertex -2.144731e+01 -3.509251e+01 5.080003e-01
      vertex -2.233461e+01 -3.508976e+01 5.080003e-01
      vertex -2.138534e+01 -3.500076e+01 5.080003e-01
    endloop
  endfacet
  facet normal 1.224647e-16 6.123234e-17 -1.000000e+00
    outer loop
      vertex -2.144731e+01 -3.509251e+01 5.080003e-01
      vertex -2.164414e+01 -3.517328e+01 5.080003e-01
      vertex -2.224296e+01 -3.515173e+01 5.080003e-01
    endloop
  endfacet
  facet normal 8.521357e-01 3.535986e-01 3.857886e-01
    outer loop
      vertex -3.959015e+01 3.253901e+01 2.611106e+00
      vertex -3.966057e+01 3.270852e+01 2.611288e+00
      vertex -3.964658e+01 3.248573e+01 2.784579e+00
    endloop
  endfacet
  facet normal 5.582060e-01 8.290094e-01 3.390539e-02
    outer loop
      vertex -3.974300e+01 3.231355e+01 8.581817e+00
      vertex -3.954217e+01 3.241535e+01 2.786514e+00
      vertex -3.964658e+01 3.248573e+01 2.784579e+00
    endloop
  endfacet
  facet normal 4.652798e-01 7.049437e-01 5.353215e-01
    outer loop
      vertex -3.942063e+01 3.246702e+01 2.612833e+00
      vertex -3.964658e+01 3.248573e+01 2.784579e+00
      vertex -3.954217e+01 3.241535e+01 2.786514e+00
    endloop
  endfacet
  facet normal 5.558849e-01 8.305672e-01 3.391306e-02
    outer loop
      vertex -3.984904e+01 3.238442e+01 8.584276e+00
      vertex -3.974300e+01 3.231355e+01 8.581817e+00
      vertex -3.964658e+01 3.248573e+01 2.784579e+00
    endloop
  endfacet
  facet normal 3.585145e-01 8.532605e-01 3.787003e-01
    outer loop
      vertex -3.959015e+01 3.253901e+01 2.611106e+00
      vertex -3.964658e+01 3.248573e+01 2.784579e+00
      vertex -3.942063e+01 3.246702e+01 2.612833e+00
    endloop
  endfacet
  facet normal 5.123487e-01 7.522290e-01 4.143070e-01
    outer loop
      vertex -3.980279e+01 3.223306e+01 8.801914e+00
      vertex -3.974300e+01 3.231355e+01 8.581817e+00
      vertex -3.984904e+01 3.238442e+01 8.584276e+00
    endloop
  endfacet
  facet normal 1.963992e-01 9.024551e-01 3.834086e-01
    outer loop
      vertex -3.980279e+01 3.223306e+01 8.801914e+00
      vertex -3.962277e+01 3.219513e+01 8.798957e+00
      vertex -3.974300e+01 3.231355e+01 8.581817e+00
    endloop
  endfacet
  facet normal 1.224647e-16 6.123234e-17 -1.000000e+00
    outer loop
      vertex -2.316996e+01 -3.361101e+01 5.080003e-01
      vertex -2.211853e+01 -3.361101e+01 5.080003e-01
      vertex -2.211853e+01 -3.410155e+01 5.080003e-01
    endloop
  endfacet
  facet normal 8.521357e-01 3.535986e-01 3.857886e-01
    outer loop
      vertex -3.806522e+01 4.345011e+00 2.611106e+00
      vertex -3.813564e+01 4.514517e+00 2.611288e+00
      vertex -3.812165e+01 4.291729e+00 2.784579e+00
    endloop
  endfacet
  facet normal 4.652796e-01 7.049434e-01 5.353221e-01
    outer loop
      vertex -3.789570e+01 4.273016e+00 2.612833e+00
      vertex -3.812165e+01 4.291729e+00 2.784579e+00
      vertex -3.801724e+01 4.221345e+00 2.786514e+00
    endloop
  endfacet
  facet normal 3.585126e-01 8.532614e-01 3.786999e-01
    outer loop
      vertex -3.806522e+01 4.345011e+00 2.611106e+00
      vertex -3.812165e+01 4.291729e+00 2.784579e+00
      vertex -3.789570e+01 4.273016e+00 2.612833e+00
    endloop
  endfacet
  facet normal -1.241709e-03 -8.105336e-01 5.856908e-01
    outer loop
      vertex -3.942063e+01 2.076984e+00 2.612834e+00
      vertex -3.821285e+01 2.071061e+00 2.607198e+00
      vertex -3.821322e+01 2.130339e+00 2.689233e+00
    endloop
  endfacet
  facet normal -9.227605e-01 -3.818902e-01 5.170059e-02
    outer loop
      vertex -2.033208e+01 2.222566e+00 2.723162e+00
      vertex -2.027023e+01 2.090552e+00 2.851958e+00
      vertex -2.036324e+01 2.314990e+00 2.849665e+00
    endloop
  endfacet
  facet normal -8.327327e-01 -5.337527e-01 -1.471878e-01
    outer loop
      vertex -2.029963e+01 2.165399e+00 2.746897e+00
      vertex -2.027023e+01 2.090552e+00 2.851958e+00
      vertex -2.033208e+01 2.222566e+00 2.723162e+00
    endloop
  endfacet
  facet normal -5.063278e-01 -7.509497e-01 4.239182e-01
    outer loop
      vertex -2.033208e+01 2.222566e+00 2.723162e+00
      vertex -2.036324e+01 2.314990e+00 2.849665e+00
      vertex -2.046555e+01 2.383497e+00 2.848819e+00
    endloop
  endfacet
  facet normal -5.661656e-01 -7.450029e-01 3.527424e-01
    outer loop
      vertex -2.048551e+01 2.301252e+00 2.643088e+00
      vertex -2.033208e+01 2.222566e+00 2.723162e+00
      vertex -2.046555e+01 2.383497e+00 2.848819e+00
    endloop
  endfacet
  facet normal 5.553001e-01 -8.309538e-01 3.402534e-02
    outer loop
      vertex -3.984471e+01 2.163873e+00 8.584200e+00
      vertex -3.964502e+01 2.059846e+00 2.784601e+00
      vertex -3.954217e+01 2.128655e+00 2.786514e+00
    endloop
  endfacet
  facet normal 4.630999e-01 -7.070570e-01 5.344239e-01
    outer loop
      vertex -3.942063e+01 2.076984e+00 2.612834e+00
      vertex -3.954217e+01 2.128655e+00 2.786514e+00
      vertex -3.964502e+01 2.059846e+00 2.784601e+00
    endloop
  endfacet
  facet normal 1.224647e-16 6.123234e-17 -1.000000e+00
    outer loop
      vertex -2.144731e+01 -3.509251e+01 5.080003e-01
      vertex -2.224296e+01 -3.515173e+01 5.080003e-01
      vertex -2.233461e+01 -3.508976e+01 5.080003e-01
    endloop
  endfacet
  facet normal 1.224647e-16 6.123234e-17 -1.000000e+00
    outer loop
      vertex -2.164414e+01 -3.517328e+01 5.080003e-01
      vertex -2.213503e+01 -3.517328e+01 5.080003e-01
      vertex -2.224296e+01 -3.515173e+01 5.080003e-01
    endloop
  endfacet
  facet normal 8.273492e-01 -5.603641e-01 3.853909e-02
    outer loop
      vertex -3.984471e+01 2.163873e+00 8.584200e+00
      vertex -3.991636e+01 2.058138e+00 8.584853e+00
      vertex -3.964502e+01 2.059846e+00 2.784601e+00
    endloop
  endfacet
  facet normal 3.578706e-01 -8.518291e-01 3.825127e-01
    outer loop
      vertex -3.959015e+01 2.004989e+00 2.611106e+00
      vertex -3.942063e+01 2.076984e+00 2.612834e+00
      vertex -3.964502e+01 2.059846e+00 2.784601e+00
    endloop
  endfacet
  facet normal 8.536165e-01 -3.542104e-01 3.819346e-01
    outer loop
      vertex -3.959015e+01 2.004989e+00 2.611106e+00
      vertex -3.964502e+01 2.059846e+00 2.784601e+00
      vertex -3.966057e+01 1.835483e+00 2.611285e+00
    endloop
  endfacet
  facet normal 1.224647e-16 6.123234e-17 -1.000000e+00
    outer loop
      vertex -2.241131e+01 -3.438160e+01 5.080003e-01
      vertex -2.136378e+01 -3.440200e+01 5.080003e-01
      vertex -2.241539e+01 -3.440200e+01 5.080003e-01
    endloop
  endfacet
  facet normal 1.224647e-16 6.123234e-17 -1.000000e+00
    outer loop
      vertex -2.136378e+01 -3.440200e+01 5.080003e-01
      vertex -2.136378e+01 -3.489257e+01 5.080003e-01
      vertex -2.241539e+01 -3.440200e+01 5.080003e-01
    endloop
  endfacet
  facet normal 8.521357e-01 3.535986e-01 3.857886e-01
    outer loop
      vertex -3.959015e+01 -5.560989e+00 2.611106e+00
      vertex -3.966057e+01 -5.391486e+00 2.611288e+00
      vertex -3.964658e+01 -5.614274e+00 2.784579e+00
    endloop
  endfacet
  facet normal 5.582060e-01 8.290094e-01 3.390539e-02
    outer loop
      vertex -3.974300e+01 -5.786447e+00 8.581817e+00
      vertex -3.954217e+01 -5.684655e+00 2.786514e+00
      vertex -3.964658e+01 -5.614274e+00 2.784579e+00
    endloop
  endfacet
  facet normal 4.652798e-01 7.049437e-01 5.353215e-01
    outer loop
      vertex -3.942063e+01 -5.632986e+00 2.612833e+00
      vertex -3.964658e+01 -5.614274e+00 2.784579e+00
      vertex -3.954217e+01 -5.684655e+00 2.786514e+00
    endloop
  endfacet
  facet normal 5.558849e-01 8.305672e-01 3.391306e-02
    outer loop
      vertex -3.984904e+01 -5.715576e+00 8.584276e+00
      vertex -3.974300e+01 -5.786447e+00 8.581817e+00
      vertex -3.964658e+01 -5.614274e+00 2.784579e+00
    endloop
  endfacet
  facet normal 3.585145e-01 8.532605e-01 3.787003e-01
    outer loop
      vertex -3.959015e+01 -5.560989e+00 2.611106e+00
      vertex -3.964658e+01 -5.614274e+00 2.784579e+00
      vertex -3.942063e+01 -5.632986e+00 2.612833e+00
    endloop
  endfacet
  facet normal 5.123410e-01 7.522164e-01 4.143396e-01
    outer loop
      vertex -3.980285e+01 -5.866917e+00 8.801915e+00
      vertex -3.974300e+01 -5.786447e+00 8.581817e+00
      vertex -3.984904e+01 -5.715576e+00 8.584276e+00
    endloop
  endfacet
  facet normal 1.964683e-01 9.024560e-01 3.833709e-01
    outer loop
      vertex -3.980285e+01 -5.866917e+00 8.801915e+00
      vertex -3.962277e+01 -5.904869e+00 8.798957e+00
      vertex -3.974300e+01 -5.786447e+00 8.581817e+00
    endloop
  endfacet
  facet normal 5.553001e-01 -8.309538e-01 3.402534e-02
    outer loop
      vertex -3.984471e+01 -3.593613e+01 8.584200e+00
      vertex -3.964502e+01 -3.604015e+01 2.784601e+00
      vertex -3.954217e+01 -3.597135e+01 2.786514e+00
    endloop
  endfacet
  facet normal 4.630999e-01 -7.070570e-01 5.344239e-01
    outer loop
      vertex -3.942063e+01 -3.602302e+01 2.612834e+00
      vertex -3.954217e+01 -3.597135e+01 2.786514e+00
      vertex -3.964502e+01 -3.604015e+01 2.784601e+00
    endloop
  endfacet
  facet normal 1.224647e-16 6.123234e-17 -1.000000e+00
    outer loop
      vertex -2.138534e+01 -3.500076e+01 5.080003e-01
      vertex -2.241539e+01 -3.489257e+01 5.080003e-01
      vertex -2.136378e+01 -3.489257e+01 5.080003e-01
    endloop
  endfacet
  facet normal 1.224647e-16 6.123234e-17 -1.000000e+00
    outer loop
      vertex -2.138534e+01 -3.500076e+01 5.080003e-01
      vertex -2.233461e+01 -3.508976e+01 5.080003e-01
      vertex -2.241539e+01 -3.489257e+01 5.080003e-01
    endloop
  endfacet
  facet normal 8.273492e-01 -5.603641e-01 3.853909e-02
    outer loop
      vertex -3.984471e+01 -3.593613e+01 8.584200e+00
      vertex -3.991636e+01 -3.604186e+01 8.584853e+00
      vertex -3.964502e+01 -3.604015e+01 2.784601e+00
    endloop
  endfacet
  facet normal 8.536165e-01 -3.542104e-01 3.819346e-01
    outer loop
      vertex -3.959015e+01 -3.609501e+01 2.611106e+00
      vertex -3.964502e+01 -3.604015e+01 2.784601e+00
      vertex -3.966057e+01 -3.626452e+01 2.611285e+00
    endloop
  endfacet
  facet normal 3.578706e-01 -8.518291e-01 3.825127e-01
    outer loop
      vertex -3.942063e+01 -3.602302e+01 2.612834e+00
      vertex -3.964502e+01 -3.604015e+01 2.784601e+00
      vertex -3.959015e+01 -3.609501e+01 2.611106e+00
    endloop
  endfacet
  facet normal 1.224647e-16 6.123234e-17 -1.000000e+00
    outer loop
      vertex -2.136378e+01 -3.489257e+01 5.080003e-01
      vertex -2.241539e+01 -3.489257e+01 5.080003e-01
      vertex -2.241539e+01 -3.440200e+01 5.080003e-01
    endloop
  endfacet
  facet normal 1.224647e-16 6.123234e-17 -1.000000e+00
    outer loop
      vertex -2.158725e+01 -3.238258e+01 5.080003e-01
      vertex -2.248242e+01 -3.183357e+01 5.080003e-01
      vertex -2.243261e+01 -3.175850e+01 5.080003e-01
    endloop
  endfacet
  facet normal 8.521357e-01 3.535986e-01 3.857886e-01
    outer loop
      vertex -3.966057e+01 -4.349149e+01 2.611288e+00
      vertex -3.964658e+01 -4.371427e+01 2.784579e+00
      vertex -3.959015e+01 -4.366099e+01 2.611106e+00
    endloop
  endfacet
  facet normal 5.582060e-01 8.290094e-01 3.390539e-02
    outer loop
      vertex -3.974300e+01 -4.388645e+01 8.581817e+00
      vertex -3.954217e+01 -4.378465e+01 2.786514e+00
      vertex -3.964658e+01 -4.371427e+01 2.784579e+00
    endloop
  endfacet
  facet normal 4.652798e-01 7.049437e-01 5.353215e-01
    outer loop
      vertex -3.942063e+01 -4.373299e+01 2.612833e+00
      vertex -3.964658e+01 -4.371427e+01 2.784579e+00
      vertex -3.954217e+01 -4.378465e+01 2.786514e+00
    endloop
  endfacet
  facet normal 5.558849e-01 8.305672e-01 3.391306e-02
    outer loop
      vertex -3.984904e+01 -4.381558e+01 8.584276e+00
      vertex -3.974300e+01 -4.388645e+01 8.581817e+00
      vertex -3.964658e+01 -4.371427e+01 2.784579e+00
    endloop
  endfacet
  facet normal 3.585145e-01 8.532605e-01 3.787003e-01
    outer loop
      vertex -3.959015e+01 -4.366099e+01 2.611106e+00
      vertex -3.964658e+01 -4.371427e+01 2.784579e+00
      vertex -3.942063e+01 -4.373299e+01 2.612833e+00
    endloop
  endfacet
  facet normal 5.123410e-01 7.522164e-01 4.143396e-01
    outer loop
      vertex -3.980285e+01 -4.396692e+01 8.801915e+00
      vertex -3.974300e+01 -4.388645e+01 8.581817e+00
      vertex -3.984904e+01 -4.381558e+01 8.584276e+00
    endloop
  endfacet
  facet normal 1.964683e-01 9.024560e-01 3.833709e-01
    outer loop
      vertex -3.980285e+01 -4.396692e+01 8.801915e+00
      vertex -3.962277e+01 -4.400487e+01 8.798957e+00
      vertex -3.974300e+01 -4.388645e+01 8.581817e+00
    endloop
  endfacet
  facet normal 7.070570e-01 4.630999e-01 5.344239e-01
    outer loop
      vertex -1.858698e+01 -4.513470e+01 2.612834e+00
      vertex -1.863865e+01 -4.525624e+01 2.786514e+00
      vertex -1.856985e+01 -4.535909e+01 2.784601e+00
    endloop
  endfacet
  facet normal 1.224647e-16 6.123234e-17 -1.000000e+00
    outer loop
      vertex -2.775926e+01 -3.252427e+01 5.080003e-01
      vertex -2.779547e+01 -3.238258e+01 5.080003e-01
      vertex -2.162042e+01 -3.251909e+01 5.080003e-01
    endloop
  endfacet
  facet normal 3.542104e-01 8.536165e-01 3.819346e-01
    outer loop
      vertex -1.851499e+01 -4.530423e+01 2.611106e+00
      vertex -1.856985e+01 -4.535909e+01 2.784601e+00
      vertex -1.834548e+01 -4.537464e+01 2.611285e+00
    endloop
  endfacet
  facet normal 8.518291e-01 3.578706e-01 3.825127e-01
    outer loop
      vertex -1.858698e+01 -4.513470e+01 2.612834e+00
      vertex -1.856985e+01 -4.535909e+01 2.784601e+00
      vertex -1.851499e+01 -4.530423e+01 2.611106e+00
    endloop
  endfacet
  facet normal 1.224647e-16 6.123234e-17 -1.000000e+00
    outer loop
      vertex -2.775926e+01 -3.252427e+01 5.080003e-01
      vertex -2.171946e+01 -3.261594e+01 5.080003e-01
      vertex -2.766218e+01 -3.261641e+01 5.080003e-01
    endloop
  endfacet
  facet normal -3.535986e-01 8.521357e-01 3.857886e-01
    outer loop
      vertex -2.077052e+01 -4.537464e+01 2.611288e+00
      vertex -2.054773e+01 -4.536065e+01 2.784579e+00
      vertex -2.060101e+01 -4.530423e+01 2.611106e+00
    endloop
  endfacet
  facet normal -7.049434e-01 4.652796e-01 5.353221e-01
    outer loop
      vertex -2.052902e+01 -4.513470e+01 2.612833e+00
      vertex -2.054773e+01 -4.536065e+01 2.784579e+00
      vertex -2.047735e+01 -4.525624e+01 2.786514e+00
    endloop
  endfacet
  facet normal -8.532614e-01 3.585126e-01 3.786999e-01
    outer loop
      vertex -2.060101e+01 -4.530423e+01 2.611106e+00
      vertex -2.054773e+01 -4.536065e+01 2.784579e+00
      vertex -2.052902e+01 -4.513470e+01 2.612833e+00
    endloop
  endfacet
  facet normal 1.224647e-16 6.123234e-17 -1.000000e+00
    outer loop
      vertex -2.779547e+01 -3.238258e+01 5.080003e-01
      vertex -2.158725e+01 -3.238258e+01 5.080003e-01
      vertex -2.162042e+01 -3.251909e+01 5.080003e-01
    endloop
  endfacet
  facet normal -3.535986e-01 8.521357e-01 3.857886e-01
    outer loop
      vertex 1.834548e+01 -4.537464e+01 2.611288e+00
      vertex 1.856827e+01 -4.536065e+01 2.784579e+00
      vertex 1.851499e+01 -4.530423e+01 2.611106e+00
    endloop
  endfacet
  facet normal -7.049434e-01 4.652796e-01 5.353221e-01
    outer loop
      vertex 1.858698e+01 -4.513470e+01 2.612833e+00
      vertex 1.856827e+01 -4.536065e+01 2.784579e+00
      vertex 1.863865e+01 -4.525624e+01 2.786514e+00
    endloop
  endfacet
  facet normal -8.532614e-01 3.585126e-01 3.786999e-01
    outer loop
      vertex 1.851499e+01 -4.530423e+01 2.611106e+00
      vertex 1.856827e+01 -4.536065e+01 2.784579e+00
      vertex 1.858698e+01 -4.513470e+01 2.612833e+00
    endloop
  endfacet
  facet normal 5.100829e-01 7.631294e-01 3.967984e-01
    outer loop
      vertex 2.059973e+01 -4.530544e+01 2.612834e+00
      vertex 2.054573e+01 -4.535866e+01 2.784603e+00
      vertex 2.065047e+01 -4.542842e+01 2.784118e+00
    endloop
  endfacet
  facet normal 8.551510e-01 3.541385e-01 3.785534e-01
    outer loop
      vertex 2.059973e+01 -4.530544e+01 2.612834e+00
      vertex 2.052902e+01 -4.513470e+01 2.612830e+00
      vertex 2.054573e+01 -4.535866e+01 2.784603e+00
    endloop
  endfacet
  facet normal -5.553001e-01 8.309538e-01 3.402534e-02
    outer loop
      vertex 3.984471e+01 -4.381988e+01 8.584200e+00
      vertex 3.964502e+01 -4.371585e+01 2.784601e+00
      vertex 3.954217e+01 -4.378465e+01 2.786514e+00
    endloop
  endfacet
  facet normal -4.630999e-01 7.070570e-01 5.344239e-01
    outer loop
      vertex 3.942063e+01 -4.373299e+01 2.612834e+00
      vertex 3.954217e+01 -4.378465e+01 2.786514e+00
      vertex 3.964502e+01 -4.371585e+01 2.784601e+00
    endloop
  endfacet
  facet normal 1.224647e-16 6.123234e-17 -1.000000e+00
    outer loop
      vertex -2.158725e+01 -3.238258e+01 5.080003e-01
      vertex -2.243261e+01 -3.175850e+01 5.080003e-01
      vertex -2.241490e+01 -3.167127e+01 5.080003e-01
    endloop
  endfacet
  facet normal 1.224647e-16 6.123234e-17 -1.000000e+00
    outer loop
      vertex -2.158725e+01 -2.894427e+01 5.080003e-01
      vertex -2.158725e+01 -3.238258e+01 5.080003e-01
      vertex -2.241490e+01 -2.970976e+01 5.080003e-01
    endloop
  endfacet
  facet normal -8.273492e-01 5.603641e-01 3.853909e-02
    outer loop
      vertex 3.984471e+01 -4.381988e+01 8.584200e+00
      vertex 3.991636e+01 -4.371414e+01 8.584853e+00
      vertex 3.964502e+01 -4.371585e+01 2.784601e+00
    endloop
  endfacet
  facet normal -8.536165e-01 3.542104e-01 3.819346e-01
    outer loop
      vertex 3.959015e+01 -4.366099e+01 2.611106e+00
      vertex 3.964502e+01 -4.371585e+01 2.784601e+00
      vertex 3.966057e+01 -4.349149e+01 2.611285e+00
    endloop
  endfacet
  facet normal -3.578706e-01 8.518291e-01 3.825127e-01
    outer loop
      vertex 3.942063e+01 -4.373299e+01 2.612834e+00
      vertex 3.964502e+01 -4.371585e+01 2.784601e+00
      vertex 3.959015e+01 -4.366099e+01 2.611106e+00
    endloop
  endfacet
  facet normal -5.553001e-01 8.309538e-01 3.402534e-02
    outer loop
      vertex 3.984471e+01 -5.719876e+00 8.584200e+00
      vertex 3.964502e+01 -5.615848e+00 2.784601e+00
      vertex 3.954217e+01 -5.684655e+00 2.786514e+00
    endloop
  endfacet
  facet normal -4.630999e-01 7.070570e-01 5.344239e-01
    outer loop
      vertex 3.942063e+01 -5.632986e+00 2.612834e+00
      vertex 3.954217e+01 -5.684655e+00 2.786514e+00
      vertex 3.964502e+01 -5.615848e+00 2.784601e+00
    endloop
  endfacet
  facet normal 1.224647e-16 6.123234e-17 -1.000000e+00
    outer loop
      vertex -2.158725e+01 -3.238258e+01 5.080003e-01
      vertex -2.241490e+01 -3.167127e+01 5.080003e-01
      vertex -2.241490e+01 -2.970976e+01 5.080003e-01
    endloop
  endfacet
  facet normal 1.224647e-16 6.123234e-17 -1.000000e+00
    outer loop
      vertex -2.158725e+01 -2.894427e+01 5.080003e-01
      vertex -2.241490e+01 -2.970976e+01 5.080003e-01
      vertex -2.248893e+01 -2.955483e+01 5.080003e-01
    endloop
  endfacet
  facet normal -8.273492e-01 5.603641e-01 3.853909e-02
    outer loop
      vertex 3.984471e+01 -5.719876e+00 8.584200e+00
      vertex 3.991636e+01 -5.614141e+00 8.584853e+00
      vertex 3.964502e+01 -5.615848e+00 2.784601e+00
    endloop
  endfacet
  facet normal -8.536165e-01 3.542104e-01 3.819346e-01
    outer loop
      vertex 3.959015e+01 -5.560989e+00 2.611106e+00
      vertex 3.964502e+01 -5.615848e+00 2.784601e+00
      vertex 3.966057e+01 -5.391486e+00 2.611285e+00
    endloop
  endfacet
  facet normal -3.578706e-01 8.518291e-01 3.825127e-01
    outer loop
      vertex 3.942063e+01 -5.632986e+00 2.612834e+00
      vertex 3.964502e+01 -5.615848e+00 2.784601e+00
      vertex 3.959015e+01 -5.560989e+00 2.611106e+00
    endloop
  endfacet
  facet normal -5.041549e-01 7.622297e-01 4.059971e-01
    outer loop
      vertex 3.806537e+01 -4.530437e+01 2.611288e+00
      vertex 3.801570e+01 -4.542838e+01 2.782446e+00
      vertex 3.812039e+01 -4.535862e+01 2.781469e+00
    endloop
  endfacet
  facet normal -3.341947e-01 8.066360e-01 4.874958e-01
    outer loop
      vertex 3.806537e+01 -4.530437e+01 2.611288e+00
      vertex 3.789574e+01 -4.537464e+01 2.611285e+00
      vertex 3.801570e+01 -4.542838e+01 2.782446e+00
    endloop
  endfacet
  facet normal 1.224647e-16 6.123234e-17 -1.000000e+00
    outer loop
      vertex -2.779547e+01 -2.894427e+01 5.080003e-01
      vertex -2.158725e+01 -2.894427e+01 5.080003e-01
      vertex -2.264398e+01 -2.948082e+01 5.080003e-01
    endloop
  endfacet
  facet normal 1.224647e-16 6.123234e-17 -1.000000e+00
    outer loop
      vertex -2.158725e+01 -2.894427e+01 5.080003e-01
      vertex -2.248893e+01 -2.955483e+01 5.080003e-01
      vertex -2.264398e+01 -2.948082e+01 5.080003e-01
    endloop
  endfacet
  facet normal -8.521357e-01 -3.535986e-01 3.857886e-01
    outer loop
      vertex 3.966057e+01 -3.626452e+01 2.611288e+00
      vertex 3.964658e+01 -3.604173e+01 2.784579e+00
      vertex 3.959015e+01 -3.609501e+01 2.611106e+00
    endloop
  endfacet
  facet normal -5.582060e-01 -8.290094e-01 3.390539e-02
    outer loop
      vertex 3.974300e+01 -3.586955e+01 8.581817e+00
      vertex 3.954217e+01 -3.597135e+01 2.786514e+00
      vertex 3.964658e+01 -3.604173e+01 2.784579e+00
    endloop
  endfacet
  facet normal -4.652798e-01 -7.049437e-01 5.353215e-01
    outer loop
      vertex 3.942063e+01 -3.602302e+01 2.612833e+00
      vertex 3.964658e+01 -3.604173e+01 2.784579e+00
      vertex 3.954217e+01 -3.597135e+01 2.786514e+00
    endloop
  endfacet
  facet normal -5.558849e-01 -8.305672e-01 3.391306e-02
    outer loop
      vertex 3.984904e+01 -3.594042e+01 8.584276e+00
      vertex 3.974300e+01 -3.586955e+01 8.581817e+00
      vertex 3.964658e+01 -3.604173e+01 2.784579e+00
    endloop
  endfacet
  facet normal -3.585145e-01 -8.532605e-01 3.787003e-01
    outer loop
      vertex 3.959015e+01 -3.609501e+01 2.611106e+00
      vertex 3.964658e+01 -3.604173e+01 2.784579e+00
      vertex 3.942063e+01 -3.602302e+01 2.612833e+00
    endloop
  endfacet
  facet normal -5.123486e-01 -7.522289e-01 4.143074e-01
    outer loop
      vertex 3.980280e+01 -3.578906e+01 8.801914e+00
      vertex 3.974300e+01 -3.586955e+01 8.581817e+00
      vertex 3.984904e+01 -3.594042e+01 8.584276e+00
    endloop
  endfacet
  facet normal -1.964002e-01 -9.024551e-01 3.834081e-01
    outer loop
      vertex 3.980280e+01 -3.578906e+01 8.801914e+00
      vertex 3.962277e+01 -3.575113e+01 8.798957e+00
      vertex 3.974300e+01 -3.586955e+01 8.581817e+00
    endloop
  endfacet
  facet normal 7.599064e-01 5.085797e-01 4.048320e-01
    outer loop
      vertex -3.806534e+01 -4.530440e+01 2.611288e+00
      vertex -3.818875e+01 -4.525623e+01 2.782423e+00
      vertex -3.811839e+01 -4.536061e+01 2.781470e+00
    endloop
  endfacet
  facet normal 8.065836e-01 3.342128e-01 4.875702e-01
    outer loop
      vertex -3.813564e+01 -4.513474e+01 2.611285e+00
      vertex -3.818875e+01 -4.525623e+01 2.782423e+00
      vertex -3.806534e+01 -4.530440e+01 2.611288e+00
    endloop
  endfacet
  facet normal 3.522129e-01 8.504781e-01 3.906829e-01
    outer loop
      vertex -3.806534e+01 -4.530440e+01 2.611288e+00
      vertex -3.811839e+01 -4.536061e+01 2.781470e+00
      vertex -3.789574e+01 -4.537464e+01 2.611281e+00
    endloop
  endfacet
  facet normal 1.224647e-16 6.123234e-17 -1.000000e+00
    outer loop
      vertex -2.779547e+01 -2.894427e+01 5.080003e-01
      vertex -2.264398e+01 -2.948082e+01 5.080003e-01
      vertex -2.415944e+01 -2.948082e+01 5.080003e-01
    endloop
  endfacet
  facet normal 1.224647e-16 6.123234e-17 -1.000000e+00
    outer loop
      vertex -2.158725e+01 -3.238258e+01 5.080003e-01
      vertex -2.264398e+01 -3.190021e+01 5.080003e-01
      vertex -2.248242e+01 -3.183357e+01 5.080003e-01
    endloop
  endfacet
  facet normal -8.521357e-01 -3.535986e-01 3.857886e-01
    outer loop
      vertex 3.966057e+01 1.835483e+00 2.611288e+00
      vertex 3.964658e+01 2.058271e+00 2.784579e+00
      vertex 3.959015e+01 2.004989e+00 2.611106e+00
    endloop
  endfacet
  facet normal -5.582060e-01 -8.290094e-01 3.390539e-02
    outer loop
      vertex 3.974300e+01 2.230448e+00 8.581817e+00
      vertex 3.954217e+01 2.128655e+00 2.786514e+00
      vertex 3.964658e+01 2.058271e+00 2.784579e+00
    endloop
  endfacet
  facet normal -4.652798e-01 -7.049437e-01 5.353215e-01
    outer loop
      vertex 3.942063e+01 2.076984e+00 2.612833e+00
      vertex 3.964658e+01 2.058271e+00 2.784579e+00
      vertex 3.954217e+01 2.128655e+00 2.786514e+00
    endloop
  endfacet
  facet normal -5.558849e-01 -8.305672e-01 3.391306e-02
    outer loop
      vertex 3.984904e+01 2.159576e+00 8.584276e+00
      vertex 3.974300e+01 2.230448e+00 8.581817e+00
      vertex 3.964658e+01 2.058271e+00 2.784579e+00
    endloop
  endfacet
  facet normal -3.585145e-01 -8.532605e-01 3.787003e-01
    outer loop
      vertex 3.959015e+01 2.004989e+00 2.611106e+00
      vertex 3.964658e+01 2.058271e+00 2.784579e+00
      vertex 3.942063e+01 2.076984e+00 2.612833e+00
    endloop
  endfacet
  facet normal -5.123410e-01 -7.522164e-01 4.143396e-01
    outer loop
      vertex 3.980285e+01 2.310918e+00 8.801915e+00
      vertex 3.974300e+01 2.230448e+00 8.581817e+00
      vertex 3.984904e+01 2.159576e+00 8.584276e+00
    endloop
  endfacet
  facet normal -1.964683e-01 -9.024560e-01 3.833709e-01
    outer loop
      vertex 3.980285e+01 2.310918e+00 8.801915e+00
      vertex 3.962277e+01 2.348866e+00 8.798957e+00
      vertex 3.974300e+01 2.230448e+00 8.581817e+00
    endloop
  endfacet
  facet normal -5.088191e-01 7.495811e-01 4.233572e-01
    outer loop
      vertex 1.860131e+01 4.221321e+00 2.611702e+00
      vertex 1.857191e+01 4.101939e+00 2.787733e+00
      vertex 1.867662e+01 4.172756e+00 2.788206e+00
    endloop
  endfacet
  facet normal -8.306223e-01 2.205606e-01 5.112922e-01
    outer loop
      vertex 1.845690e+01 4.076904e+00 2.611701e+00
      vertex 1.840522e+01 3.879632e+00 2.612834e+00
      vertex 1.857191e+01 4.101939e+00 2.787733e+00
    endloop
  endfacet
  facet normal -6.650203e-01 6.649941e-01 3.398983e-01
    outer loop
      vertex 1.860131e+01 4.221321e+00 2.611702e+00
      vertex 1.845690e+01 4.076904e+00 2.611701e+00
      vertex 1.857191e+01 4.101939e+00 2.787733e+00
    endloop
  endfacet
  facet normal -7.495811e-01 -5.088191e-01 4.233572e-01
    outer loop
      vertex 1.845691e+01 -9.664923e+00 2.611702e+00
      vertex 1.857629e+01 -9.694324e+00 2.787733e+00
      vertex 1.850548e+01 -9.589607e+00 2.788206e+00
    endloop
  endfacet
  facet normal -2.205606e-01 -8.306223e-01 5.112922e-01
    outer loop
      vertex 1.860133e+01 -9.809330e+00 2.611701e+00
      vertex 1.879860e+01 -9.861017e+00 2.612834e+00
      vertex 1.857629e+01 -9.694324e+00 2.787733e+00
    endloop
  endfacet
  facet normal -6.649941e-01 -6.650203e-01 3.398983e-01
    outer loop
      vertex 1.845691e+01 -9.664923e+00 2.611702e+00
      vertex 1.860133e+01 -9.809330e+00 2.611701e+00
      vertex 1.857629e+01 -9.694324e+00 2.787733e+00
    endloop
  endfacet
  facet normal 5.088191e-01 -7.495811e-01 4.233572e-01
    outer loop
      vertex 2.015115e+01 -9.809324e+00 2.611702e+00
      vertex 2.018056e+01 -9.689940e+00 2.787733e+00
      vertex 2.007584e+01 -9.760757e+00 2.788206e+00
    endloop
  endfacet
  facet normal 8.306223e-01 -2.205606e-01 5.112922e-01
    outer loop
      vertex 2.029556e+01 -9.664905e+00 2.611701e+00
      vertex 2.034725e+01 -9.467636e+00 2.612834e+00
      vertex 2.018056e+01 -9.689940e+00 2.787733e+00
    endloop
  endfacet
  facet normal 6.650203e-01 -6.649941e-01 3.398983e-01
    outer loop
      vertex 2.015115e+01 -9.809324e+00 2.611702e+00
      vertex 2.029556e+01 -9.664905e+00 2.611701e+00
      vertex 2.018056e+01 -9.689940e+00 2.787733e+00
    endloop
  endfacet
  facet normal 7.495811e-01 5.088191e-01 4.233572e-01
    outer loop
      vertex -1.845691e+01 4.076919e+00 2.611702e+00
      vertex -1.857629e+01 4.106326e+00 2.787733e+00
      vertex -1.850548e+01 4.001606e+00 2.788206e+00
    endloop
  endfacet
  facet normal 2.205606e-01 8.306223e-01 5.112922e-01
    outer loop
      vertex -1.860133e+01 4.221330e+00 2.611701e+00
      vertex -1.879860e+01 4.273016e+00 2.612834e+00
      vertex -1.857629e+01 4.106326e+00 2.787733e+00
    endloop
  endfacet
  facet normal 6.649941e-01 6.650203e-01 3.398983e-01
    outer loop
      vertex -1.845691e+01 4.076919e+00 2.611702e+00
      vertex -1.860133e+01 4.221330e+00 2.611701e+00
      vertex -1.857629e+01 4.106326e+00 2.787733e+00
    endloop
  endfacet
  facet normal -7.495811e-01 -5.088191e-01 4.233572e-01
    outer loop
      vertex -2.029555e+01 -9.664923e+00 2.611702e+00
      vertex -2.017617e+01 -9.694324e+00 2.787733e+00
      vertex -2.024699e+01 -9.589607e+00 2.788206e+00
    endloop
  endfacet
  facet normal -2.205606e-01 -8.306223e-01 5.112922e-01
    outer loop
      vertex -2.015114e+01 -9.809330e+00 2.611701e+00
      vertex -1.995387e+01 -9.861017e+00 2.612834e+00
      vertex -2.017617e+01 -9.694324e+00 2.787733e+00
    endloop
  endfacet
  facet normal -6.649941e-01 -6.650203e-01 3.398983e-01
    outer loop
      vertex -2.029555e+01 -9.664923e+00 2.611702e+00
      vertex -2.015114e+01 -9.809330e+00 2.611701e+00
      vertex -2.017617e+01 -9.694324e+00 2.787733e+00
    endloop
  endfacet
  facet normal 5.088191e-01 -7.495811e-01 4.233572e-01
    outer loop
      vertex -1.860131e+01 -9.809324e+00 2.611702e+00
      vertex -1.857191e+01 -9.689940e+00 2.787733e+00
      vertex -1.867662e+01 -9.760757e+00 2.788206e+00
    endloop
  endfacet
  facet normal 8.306223e-01 -2.205606e-01 5.112922e-01
    outer loop
      vertex -1.845690e+01 -9.664905e+00 2.611701e+00
      vertex -1.840522e+01 -9.467636e+00 2.612834e+00
      vertex -1.857191e+01 -9.689940e+00 2.787733e+00
    endloop
  endfacet
  facet normal 6.650203e-01 -6.649941e-01 3.398983e-01
    outer loop
      vertex -1.860131e+01 -9.809324e+00 2.611702e+00
      vertex -1.845690e+01 -9.664905e+00 2.611701e+00
      vertex -1.857191e+01 -9.689940e+00 2.787733e+00
    endloop
  endfacet
  facet normal 5.131954e-01 -7.811202e-01 3.556426e-01
    outer loop
      vertex -3.813417e+01 4.151765e+01 2.661555e+00
      vertex -3.805501e+01 4.162470e+01 2.782450e+00
      vertex -3.813796e+01 4.156976e+01 2.781472e+00
    endloop
  endfacet
  facet normal 3.593818e-01 -8.028842e-01 4.756278e-01
    outer loop
      vertex -3.813417e+01 4.151765e+01 2.661555e+00
      vertex -3.795920e+01 4.156619e+01 2.611288e+00
      vertex -3.805501e+01 4.162470e+01 2.782450e+00
    endloop
  endfacet
  facet normal 8.029375e-01 -5.369935e-01 2.587069e-01
    outer loop
      vertex -3.813417e+01 4.151765e+01 2.661555e+00
      vertex -3.813796e+01 4.156976e+01 2.781472e+00
      vertex -3.819347e+01 4.148721e+01 2.782416e+00
    endloop
  endfacet
  facet normal 9.009693e-01 -1.698111e-01 3.992727e-01
    outer loop
      vertex -3.813417e+01 4.151765e+01 2.661555e+00
      vertex -3.819347e+01 4.148721e+01 2.782416e+00
      vertex -3.821305e+01 4.138975e+01 2.785135e+00
    endloop
  endfacet
  facet normal 1.258370e-13 -1.000000e+00 8.856060e-14
    outer loop
      vertex -3.813498e+01 4.138975e+01 2.610653e+00
      vertex -3.821305e+01 4.138975e+01 2.785135e+00
      vertex -3.819105e+01 4.138975e+01 2.690265e+00
    endloop
  endfacet
  facet normal 9.001502e-01 -1.659783e-01 4.027168e-01
    outer loop
      vertex -3.813417e+01 4.151765e+01 2.661555e+00
      vertex -3.821305e+01 4.138975e+01 2.785135e+00
      vertex -3.813498e+01 4.138975e+01 2.610653e+00
    endloop
  endfacet
  facet normal 7.449972e-01 3.333619e-01 5.777966e-01
    outer loop
      vertex -3.858552e+01 4.734836e+01 2.611293e+00
      vertex -3.692226e+01 4.349549e+01 2.689655e+00
      vertex -3.686609e+01 4.350758e+01 2.610254e+00
    endloop
  endfacet
  facet normal 8.164964e-01 -1.578599e-03 5.773483e-01
    outer loop
      vertex -3.691391e+01 4.161325e+01 2.672702e+00
      vertex -3.686609e+01 4.350758e+01 2.610254e+00
      vertex -3.692226e+01 4.349549e+01 2.689655e+00
    endloop
  endfacet
  facet normal 7.695082e-01 1.627922e-03 6.386347e-01
    outer loop
      vertex -3.691391e+01 4.161325e+01 2.672702e+00
      vertex -3.685068e+01 4.154977e+01 2.596676e+00
      vertex -3.686609e+01 4.350758e+01 2.610254e+00
    endloop
  endfacet
  facet normal -2.958790e-03 -7.688349e-01 6.394405e-01
    outer loop
      vertex -3.795920e+01 4.156619e+01 2.611288e+00
      vertex -3.685068e+01 4.154977e+01 2.596676e+00
      vertex -3.691391e+01 4.161325e+01 2.672702e+00
    endloop
  endfacet
  facet normal 8.175903e-01 -2.379373e-03 5.757955e-01
    outer loop
      vertex -3.818330e+01 4.022330e+01 2.674442e+00
      vertex -3.813498e+01 4.138975e+01 2.610653e+00
      vertex -3.819105e+01 4.138975e+01 2.690265e+00
    endloop
  endfacet
  facet normal 5.408385e-01 -2.553145e-03 8.411226e-01
    outer loop
      vertex -3.811985e+01 4.015952e+01 2.597191e+00
      vertex -3.805307e+01 4.138975e+01 2.557980e+00
      vertex -3.813498e+01 4.138975e+01 2.610653e+00
    endloop
  endfacet
  facet normal 5.123371e-01 -3.203529e-01 7.967966e-01
    outer loop
      vertex -3.813417e+01 4.151765e+01 2.661555e+00
      vertex -3.813498e+01 4.138975e+01 2.610653e+00
      vertex -3.805307e+01 4.138975e+01 2.557980e+00
    endloop
  endfacet
  facet normal 7.738115e-01 2.584920e-03 6.334108e-01
    outer loop
      vertex -3.818330e+01 4.022330e+01 2.674442e+00
      vertex -3.811985e+01 4.015952e+01 2.597191e+00
      vertex -3.813498e+01 4.138975e+01 2.610653e+00
    endloop
  endfacet
  facet normal -2.725962e-03 -7.722191e-01 6.353505e-01
    outer loop
      vertex -3.942063e+01 4.017698e+01 2.612834e+00
      vertex -3.811985e+01 4.015952e+01 2.597191e+00
      vertex -3.818330e+01 4.022330e+01 2.674442e+00
    endloop
  endfacet
  facet normal 7.729691e-01 -4.960351e-04 6.344435e-01
    outer loop
      vertex -3.813564e+01 2.591131e+01 2.611288e+00
      vertex -3.811985e+01 3.248448e+01 2.597191e+00
      vertex -3.818330e+01 3.242069e+01 2.674442e+00
    endloop
  endfacet
  facet normal -2.725872e-03 7.722190e-01 6.353506e-01
    outer loop
      vertex -3.942063e+01 3.246702e+01 2.612833e+00
      vertex -3.818330e+01 3.242069e+01 2.674442e+00
      vertex -3.811985e+01 3.248448e+01 2.597191e+00
    endloop
  endfacet
  facet normal 8.191642e-01 4.328986e-04 5.735589e-01
    outer loop
      vertex -3.819124e+01 2.591131e+01 2.690686e+00
      vertex -3.813564e+01 2.591131e+01 2.611288e+00
      vertex -3.818330e+01 3.242069e+01 2.674442e+00
    endloop
  endfacet
  facet normal 5.446211e-01 4.904551e-04 8.386821e-01
    outer loop
      vertex -3.813564e+01 2.591131e+01 2.611288e+00
      vertex -3.805435e+01 2.591131e+01 2.558500e+00
      vertex -3.811985e+01 3.248448e+01 2.597191e+00
    endloop
  endfacet
  facet normal 5.085822e-01 3.577237e-01 7.831845e-01
    outer loop
      vertex -3.796457e+01 2.565022e+01 2.619448e+00
      vertex -3.805435e+01 2.591131e+01 2.558500e+00
      vertex -3.813564e+01 2.591131e+01 2.611288e+00
    endloop
  endfacet
  facet normal 7.653326e-01 3.565278e-01 5.358674e-01
    outer loop
      vertex -3.806368e+01 2.563475e+01 2.692504e+00
      vertex -3.813564e+01 2.591131e+01 2.611288e+00
      vertex -3.819124e+01 2.591131e+01 2.690686e+00
    endloop
  endfacet
  facet normal 5.157664e-01 3.622188e-01 7.763908e-01
    outer loop
      vertex -3.796457e+01 2.565022e+01 2.619448e+00
      vertex -3.813564e+01 2.591131e+01 2.611288e+00
      vertex -3.806368e+01 2.563475e+01 2.692504e+00
    endloop
  endfacet
  facet normal 7.223850e-01 3.371643e-01 6.037219e-01
    outer loop
      vertex -3.813787e+01 2.566306e+01 2.765474e+00
      vertex -3.806368e+01 2.563475e+01 2.692504e+00
      vertex -3.819124e+01 2.591131e+01 2.690686e+00
    endloop
  endfacet
  facet normal 2.819298e-01 7.867808e-01 5.490824e-01
    outer loop
      vertex -3.796457e+01 2.565022e+01 2.619448e+00
      vertex -3.806368e+01 2.563475e+01 2.692504e+00
      vertex -3.799293e+01 2.556294e+01 2.759072e+00
    endloop
  endfacet
  facet normal 5.446212e-01 -5.823646e-15 8.386821e-01
    outer loop
      vertex -3.813564e+01 2.361869e+01 2.611288e+00
      vertex -3.813564e+01 2.230451e+01 2.611288e+00
      vertex -3.805435e+01 2.230451e+01 2.558500e+00
    endloop
  endfacet
  facet normal 5.085822e-01 3.577237e-01 7.831845e-01
    outer loop
      vertex -3.796457e+01 2.204342e+01 2.619448e+00
      vertex -3.805435e+01 2.230451e+01 2.558500e+00
      vertex -3.813564e+01 2.230451e+01 2.611288e+00
    endloop
  endfacet
  facet normal 5.446212e-01 8.372589e-16 8.386821e-01
    outer loop
      vertex -3.805435e+01 2.361869e+01 2.558500e+00
      vertex -3.813564e+01 2.361869e+01 2.611288e+00
      vertex -3.805435e+01 2.230451e+01 2.558500e+00
    endloop
  endfacet
  facet normal 8.191643e-01 -6.718925e-15 5.735590e-01
    outer loop
      vertex -3.819124e+01 2.361869e+01 2.690686e+00
      vertex -3.819124e+01 2.230451e+01 2.690686e+00
      vertex -3.813564e+01 2.230451e+01 2.611288e+00
    endloop
  endfacet
  facet normal 7.653326e-01 3.565278e-01 5.358674e-01
    outer loop
      vertex -3.806368e+01 2.202795e+01 2.692504e+00
      vertex -3.813564e+01 2.230451e+01 2.611288e+00
      vertex -3.819124e+01 2.230451e+01 2.690686e+00
    endloop
  endfacet
  facet normal 8.191643e-01 7.519838e-15 5.735590e-01
    outer loop
      vertex -3.813564e+01 2.361869e+01 2.611288e+00
      vertex -3.819124e+01 2.361869e+01 2.690686e+00
      vertex -3.813564e+01 2.230451e+01 2.611288e+00
    endloop
  endfacet
  facet normal 5.157664e-01 3.622188e-01 7.763908e-01
    outer loop
      vertex -3.796457e+01 2.204342e+01 2.619448e+00
      vertex -3.813564e+01 2.230451e+01 2.611288e+00
      vertex -3.806368e+01 2.202795e+01 2.692504e+00
    endloop
  endfacet
  facet normal 7.223850e-01 3.371643e-01 6.037219e-01
    outer loop
      vertex -3.813787e+01 2.205626e+01 2.765474e+00
      vertex -3.806368e+01 2.202795e+01 2.692504e+00
      vertex -3.819124e+01 2.230451e+01 2.690686e+00
    endloop
  endfacet
  facet normal 7.734444e-01 -3.294096e-01 5.415470e-01
    outer loop
      vertex -3.813787e+01 2.386694e+01 2.765474e+00
      vertex -3.819124e+01 2.361869e+01 2.690686e+00
      vertex -3.813564e+01 2.361869e+01 2.611288e+00
    endloop
  endfacet
  facet normal 5.085822e-01 -3.577237e-01 7.831845e-01
    outer loop
      vertex -3.796457e+01 2.387977e+01 2.619448e+00
      vertex -3.813564e+01 2.361869e+01 2.611288e+00
      vertex -3.805435e+01 2.361869e+01 2.558500e+00
    endloop
  endfacet
  facet normal 7.202520e-01 -3.613335e-01 5.921782e-01
    outer loop
      vertex -3.813787e+01 2.386694e+01 2.765474e+00
      vertex -3.813564e+01 2.361869e+01 2.611288e+00
      vertex -3.806368e+01 2.389525e+01 2.692504e+00
    endloop
  endfacet
  facet normal 5.157664e-01 -3.622188e-01 7.763908e-01
    outer loop
      vertex -3.796457e+01 2.387977e+01 2.619448e+00
      vertex -3.806368e+01 2.389525e+01 2.692504e+00
      vertex -3.813564e+01 2.361869e+01 2.611288e+00
    endloop
  endfacet
  facet normal 2.819298e-01 7.867808e-01 5.490824e-01
    outer loop
      vertex -3.796457e+01 2.204342e+01 2.619448e+00
      vertex -3.806368e+01 2.202795e+01 2.692504e+00
      vertex -3.799293e+01 2.195615e+01 2.759072e+00
    endloop
  endfacet
  facet normal 8.191643e-01 4.464245e-12 5.735590e-01
    outer loop
      vertex -3.813564e+01 2.001189e+01 2.611288e+00
      vertex -3.819124e+01 2.001189e+01 2.690686e+00
      vertex -3.813564e+01 4.514517e+00 2.611288e+00
    endloop
  endfacet
  facet normal 7.734444e-01 -3.294096e-01 5.415470e-01
    outer loop
      vertex -3.813787e+01 2.026014e+01 2.765474e+00
      vertex -3.819124e+01 2.001189e+01 2.690686e+00
      vertex -3.813564e+01 2.001189e+01 2.611288e+00
    endloop
  endfacet
  facet normal 5.085822e-01 -3.577237e-01 7.831845e-01
    outer loop
      vertex -3.796457e+01 2.027298e+01 2.619448e+00
      vertex -3.813564e+01 2.001189e+01 2.611288e+00
      vertex -3.805435e+01 2.001189e+01 2.558500e+00
    endloop
  endfacet
  facet normal 7.202520e-01 -3.613335e-01 5.921782e-01
    outer loop
      vertex -3.813787e+01 2.026014e+01 2.765474e+00
      vertex -3.813564e+01 2.001189e+01 2.611288e+00
      vertex -3.806368e+01 2.028844e+01 2.692504e+00
    endloop
  endfacet
  facet normal 5.157664e-01 -3.622188e-01 7.763908e-01
    outer loop
      vertex -3.796457e+01 2.027298e+01 2.619448e+00
      vertex -3.806368e+01 2.028844e+01 2.692504e+00
      vertex -3.813564e+01 2.001189e+01 2.611288e+00
    endloop
  endfacet
  facet normal -5.901453e-01 -5.901453e-01 5.508692e-01
    outer loop
      vertex -2.037698e+01 2.192720e+00 2.643088e+00
      vertex -2.033208e+01 2.222566e+00 2.723162e+00
      vertex -2.048551e+01 2.301252e+00 2.643088e+00
    endloop
  endfacet
  facet normal -8.081086e-01 -2.342735e-01 5.404410e-01
    outer loop
      vertex -2.037698e+01 2.192720e+00 2.643088e+00
      vertex -2.029963e+01 2.165399e+00 2.746897e+00
      vertex -2.033208e+01 2.222566e+00 2.723162e+00
    endloop
  endfacet
  facet normal 2.674881e-03 7.725611e-01 6.349348e-01
    outer loop
      vertex 3.811978e+01 -5.615637e+00 2.597205e+00
      vertex 3.818321e+01 -5.678538e+00 2.673473e+00
      vertex 3.942063e+01 -5.632986e+00 2.612834e+00
    endloop
  endfacet
  facet normal -7.688819e-01 1.803756e-05 6.393908e-01
    outer loop
      vertex 3.818330e+01 -3.597670e+01 2.674442e+00
      vertex 3.818321e+01 -5.678538e+00 2.673473e+00
      vertex 3.811978e+01 -5.615637e+00 2.597205e+00
    endloop
  endfacet
  facet normal -7.727675e-01 -2.051851e-06 6.346893e-01
    outer loop
      vertex 3.811985e+01 -3.604048e+01 2.597191e+00
      vertex 3.818330e+01 -3.597670e+01 2.674442e+00
      vertex 3.811978e+01 -5.615637e+00 2.597205e+00
    endloop
  endfacet
  facet normal 2.725872e-03 -7.722190e-01 6.353506e-01
    outer loop
      vertex 3.942063e+01 -3.602302e+01 2.612833e+00
      vertex 3.818330e+01 -3.597670e+01 2.674442e+00
      vertex 3.811985e+01 -3.604048e+01 2.597191e+00
    endloop
  endfacet
  facet normal 2.674881e-03 7.725611e-01 6.349348e-01
    outer loop
      vertex 3.811978e+01 -4.371564e+01 2.597205e+00
      vertex 3.818321e+01 -4.377854e+01 2.673473e+00
      vertex 3.942063e+01 -4.373299e+01 2.612834e+00
    endloop
  endfacet
  facet normal -7.698059e-01 -2.267712e-03 6.382740e-01
    outer loop
      vertex 3.813564e+01 -4.513474e+01 2.611283e+00
      vertex 3.818321e+01 -4.377854e+01 2.673473e+00
      vertex 3.811978e+01 -4.371564e+01 2.597205e+00
    endloop
  endfacet
  facet normal 1.224647e-16 6.123234e-17 -1.000000e+00
    outer loop
      vertex -2.581790e+01 -2.647356e+01 5.080003e-01
      vertex -2.352527e+01 -2.647502e+01 5.080003e-01
      vertex -2.352919e+01 -2.659098e+01 5.080003e-01
    endloop
  endfacet
  facet normal 7.760389e-01 -2.826472e-03 6.306787e-01
    outer loop
      vertex 2.054574e+01 -4.391539e+01 2.597716e+00
      vertex 2.048254e+01 -4.397903e+01 2.675202e+00
      vertex 2.052902e+01 -4.513470e+01 2.612830e+00
    endloop
  endfacet
  facet normal 1.438868e-04 7.727085e-01 6.347611e-01
    outer loop
      vertex 1.863380e+01 -4.397869e+01 2.675202e+00
      vertex 2.048254e+01 -4.397903e+01 2.675202e+00
      vertex 2.054574e+01 -4.391539e+01 2.597716e+00
    endloop
  endfacet
  facet normal -3.647035e-05 7.748916e-01 6.320942e-01
    outer loop
      vertex 1.857016e+01 -4.391549e+01 2.597716e+00
      vertex 1.863380e+01 -4.397869e+01 2.675202e+00
      vertex 2.054574e+01 -4.391539e+01 2.597716e+00
    endloop
  endfacet
  facet normal -7.738915e-01 -2.823980e-03 6.333119e-01
    outer loop
      vertex 1.858698e+01 -4.513470e+01 2.612833e+00
      vertex 1.863380e+01 -4.397869e+01 2.675202e+00
      vertex 1.857016e+01 -4.391549e+01 2.597716e+00
    endloop
  endfacet
  facet normal 7.760392e-01 -2.827073e-03 6.306784e-01
    outer loop
      vertex -1.857026e+01 -4.391539e+01 2.597716e+00
      vertex -1.863346e+01 -4.397903e+01 2.675202e+00
      vertex -1.858698e+01 -4.513470e+01 2.612834e+00
    endloop
  endfacet
  facet normal 1.438868e-04 7.727085e-01 6.347611e-01
    outer loop
      vertex -2.048220e+01 -4.397869e+01 2.675202e+00
      vertex -1.863346e+01 -4.397903e+01 2.675202e+00
      vertex -1.857026e+01 -4.391539e+01 2.597716e+00
    endloop
  endfacet
  facet normal -3.647035e-05 7.748916e-01 6.320942e-01
    outer loop
      vertex -2.054584e+01 -4.391549e+01 2.597716e+00
      vertex -2.048220e+01 -4.397869e+01 2.675202e+00
      vertex -1.857026e+01 -4.391539e+01 2.597716e+00
    endloop
  endfacet
  facet normal -7.738915e-01 -2.823980e-03 6.333119e-01
    outer loop
      vertex -2.052902e+01 -4.513470e+01 2.612833e+00
      vertex -2.048220e+01 -4.397869e+01 2.675202e+00
      vertex -2.054584e+01 -4.391549e+01 2.597716e+00
    endloop
  endfacet
  facet normal 7.737025e-01 -2.314270e-03 6.335447e-01
    outer loop
      vertex -3.811985e+01 -4.371552e+01 2.597191e+00
      vertex -3.818330e+01 -4.377931e+01 2.674442e+00
      vertex -3.813564e+01 -4.513474e+01 2.611285e+00
    endloop
  endfacet
  facet normal -2.725872e-03 7.722190e-01 6.353506e-01
    outer loop
      vertex -3.942063e+01 -4.373299e+01 2.612833e+00
      vertex -3.818330e+01 -4.377931e+01 2.674442e+00
      vertex -3.811985e+01 -4.371552e+01 2.597191e+00
    endloop
  endfacet
  facet normal -2.674881e-03 -7.725611e-01 6.349348e-01
    outer loop
      vertex -3.811978e+01 -3.604037e+01 2.597205e+00
      vertex -3.818321e+01 -3.597746e+01 2.673473e+00
      vertex -3.942063e+01 -3.602302e+01 2.612834e+00
    endloop
  endfacet
  facet normal 7.688819e-01 -1.803756e-05 6.393908e-01
    outer loop
      vertex -3.818330e+01 -5.679308e+00 2.674442e+00
      vertex -3.818321e+01 -3.597746e+01 2.673473e+00
      vertex -3.811978e+01 -3.604037e+01 2.597205e+00
    endloop
  endfacet
  facet normal 7.727675e-01 2.051851e-06 6.346893e-01
    outer loop
      vertex -3.811985e+01 -5.615521e+00 2.597191e+00
      vertex -3.818330e+01 -5.679308e+00 2.674442e+00
      vertex -3.811978e+01 -3.604037e+01 2.597205e+00
    endloop
  endfacet
  facet normal -2.725872e-03 7.722190e-01 6.353506e-01
    outer loop
      vertex -3.942063e+01 -5.632986e+00 2.612833e+00
      vertex -3.818330e+01 -5.679308e+00 2.674442e+00
      vertex -3.811985e+01 -5.615521e+00 2.597191e+00
    endloop
  endfacet
  facet normal 1.224647e-16 6.123234e-17 -1.000000e+00
    outer loop
      vertex -2.560540e+01 -3.274386e+01 5.080003e-01
      vertex -2.663856e+01 -3.274393e+01 5.080003e-01
      vertex -2.661201e+01 -3.267896e+01 5.080003e-01
    endloop
  endfacet
  facet normal -8.191643e-01 -2.662546e-05 5.735590e-01
    outer loop
      vertex 3.819124e+01 2.001189e+01 2.690686e+00
      vertex 3.813564e+01 2.001189e+01 2.611288e+00
      vertex 3.813723e+01 4.514517e+00 2.612831e+00
    endloop
  endfacet
  facet normal -5.446212e-01 2.784544e-05 8.386821e-01
    outer loop
      vertex 3.813564e+01 2.001189e+01 2.611288e+00
      vertex 3.805435e+01 2.001189e+01 2.558500e+00
      vertex 3.813723e+01 4.514517e+00 2.612831e+00
    endloop
  endfacet
  facet normal -5.085822e-01 -3.577237e-01 7.831845e-01
    outer loop
      vertex 3.796457e+01 2.027298e+01 2.619448e+00
      vertex 3.805435e+01 2.001189e+01 2.558500e+00
      vertex 3.813564e+01 2.001189e+01 2.611288e+00
    endloop
  endfacet
  facet normal -7.653326e-01 -3.565278e-01 5.358674e-01
    outer loop
      vertex 3.806368e+01 2.028844e+01 2.692504e+00
      vertex 3.813564e+01 2.001189e+01 2.611288e+00
      vertex 3.819124e+01 2.001189e+01 2.690686e+00
    endloop
  endfacet
  facet normal -5.157664e-01 -3.622188e-01 7.763908e-01
    outer loop
      vertex 3.796457e+01 2.027298e+01 2.619448e+00
      vertex 3.813564e+01 2.001189e+01 2.611288e+00
      vertex 3.806368e+01 2.028844e+01 2.692504e+00
    endloop
  endfacet
  facet normal -7.223850e-01 -3.371643e-01 6.037219e-01
    outer loop
      vertex 3.813787e+01 2.026014e+01 2.765474e+00
      vertex 3.806368e+01 2.028844e+01 2.692504e+00
      vertex 3.819124e+01 2.001189e+01 2.690686e+00
    endloop
  endfacet
  facet normal -2.819298e-01 -7.867810e-01 5.490825e-01
    outer loop
      vertex 3.796457e+01 2.027298e+01 2.619448e+00
      vertex 3.806368e+01 2.028844e+01 2.692504e+00
      vertex 3.799293e+01 2.036025e+01 2.759072e+00
    endloop
  endfacet
  facet normal -8.191643e-01 -3.020527e-15 5.735590e-01
    outer loop
      vertex 3.813564e+01 2.361869e+01 2.611288e+00
      vertex 3.813564e+01 2.230451e+01 2.611288e+00
      vertex 3.819124e+01 2.230451e+01 2.690686e+00
    endloop
  endfacet
  facet normal -7.734444e-01 3.294096e-01 5.415470e-01
    outer loop
      vertex 3.813787e+01 2.205626e+01 2.765474e+00
      vertex 3.819124e+01 2.230451e+01 2.690686e+00
      vertex 3.813564e+01 2.230451e+01 2.611288e+00
    endloop
  endfacet
  facet normal -8.191643e-01 2.107033e-14 5.735590e-01
    outer loop
      vertex 3.819124e+01 2.361869e+01 2.690686e+00
      vertex 3.813564e+01 2.361869e+01 2.611288e+00
      vertex 3.819124e+01 2.230451e+01 2.690686e+00
    endloop
  endfacet
  facet normal -5.446212e-01 7.849127e-15 8.386821e-01
    outer loop
      vertex 3.805435e+01 2.361869e+01 2.558500e+00
      vertex 3.805435e+01 2.230451e+01 2.558500e+00
      vertex 3.813564e+01 2.230451e+01 2.611288e+00
    endloop
  endfacet
  facet normal -5.085822e-01 3.577237e-01 7.831845e-01
    outer loop
      vertex 3.796457e+01 2.204342e+01 2.619448e+00
      vertex 3.813564e+01 2.230451e+01 2.611288e+00
      vertex 3.805435e+01 2.230451e+01 2.558500e+00
    endloop
  endfacet
  facet normal -5.446212e-01 6.796239e-15 8.386821e-01
    outer loop
      vertex 3.813564e+01 2.361869e+01 2.611288e+00
      vertex 3.805435e+01 2.361869e+01 2.558500e+00
      vertex 3.813564e+01 2.230451e+01 2.611288e+00
    endloop
  endfacet
  facet normal -7.202520e-01 3.613335e-01 5.921782e-01
    outer loop
      vertex 3.813787e+01 2.205626e+01 2.765474e+00
      vertex 3.813564e+01 2.230451e+01 2.611288e+00
      vertex 3.806368e+01 2.202795e+01 2.692504e+00
    endloop
  endfacet
  facet normal -5.157664e-01 3.622188e-01 7.763908e-01
    outer loop
      vertex 3.796457e+01 2.204342e+01 2.619448e+00
      vertex 3.806368e+01 2.202795e+01 2.692504e+00
      vertex 3.813564e+01 2.230451e+01 2.611288e+00
    endloop
  endfacet
  facet normal -5.085822e-01 -3.577237e-01 7.831845e-01
    outer loop
      vertex 3.796457e+01 2.387977e+01 2.619448e+00
      vertex 3.805435e+01 2.361869e+01 2.558500e+00
      vertex 3.813564e+01 2.361869e+01 2.611288e+00
    endloop
  endfacet
  facet normal -7.653326e-01 -3.565278e-01 5.358674e-01
    outer loop
      vertex 3.806368e+01 2.389525e+01 2.692504e+00
      vertex 3.813564e+01 2.361869e+01 2.611288e+00
      vertex 3.819124e+01 2.361869e+01 2.690686e+00
    endloop
  endfacet
  facet normal -5.157664e-01 -3.622188e-01 7.763908e-01
    outer loop
      vertex 3.796457e+01 2.387977e+01 2.619448e+00
      vertex 3.813564e+01 2.361869e+01 2.611288e+00
      vertex 3.806368e+01 2.389525e+01 2.692504e+00
    endloop
  endfacet
  facet normal -7.223850e-01 -3.371643e-01 6.037219e-01
    outer loop
      vertex 3.813787e+01 2.386694e+01 2.765474e+00
      vertex 3.806368e+01 2.389525e+01 2.692504e+00
      vertex 3.819124e+01 2.361869e+01 2.690686e+00
    endloop
  endfacet
  facet normal -2.819298e-01 -7.867810e-01 5.490825e-01
    outer loop
      vertex 3.796457e+01 2.387977e+01 2.619448e+00
      vertex 3.806368e+01 2.389525e+01 2.692504e+00
      vertex 3.799293e+01 2.396705e+01 2.759072e+00
    endloop
  endfacet
  facet normal 3.487827e-02 3.487827e-02 9.987828e-01
    outer loop
      vertex 3.813796e+01 4.156976e+01 2.781472e+00
      vertex 3.821305e+01 4.138975e+01 2.785135e+00
      vertex 3.819347e+01 4.148721e+01 2.782416e+00
    endloop
  endfacet
  facet normal -9.072444e-01 -3.745301e-01 1.914022e-01
    outer loop
      vertex 3.813417e+01 4.151765e+01 2.661555e+00
      vertex 3.821305e+01 4.138975e+01 2.785135e+00
      vertex 3.813796e+01 4.156976e+01 2.781472e+00
    endloop
  endfacet
  facet normal -9.098684e-01 -3.572758e-01 2.109344e-01
    outer loop
      vertex 3.813417e+01 4.151765e+01 2.661555e+00
      vertex 3.819105e+01 4.138975e+01 2.690265e+00
      vertex 3.821305e+01 4.138975e+01 2.785135e+00
    endloop
  endfacet
  facet normal -5.131954e-01 -7.811202e-01 3.556426e-01
    outer loop
      vertex 3.813417e+01 4.151765e+01 2.661555e+00
      vertex 3.813796e+01 4.156976e+01 2.781472e+00
      vertex 3.805501e+01 4.162470e+01 2.782450e+00
    endloop
  endfacet
  facet normal -7.449040e-01 3.333222e-01 5.779397e-01
    outer loop
      vertex 3.858546e+01 4.734831e+01 2.611258e+00
      vertex 3.686612e+01 4.350768e+01 2.610254e+00
      vertex 3.692226e+01 4.349549e+01 2.689655e+00
    endloop
  endfacet
  facet normal -8.165986e-01 -1.576845e-03 5.772038e-01
    outer loop
      vertex 3.691391e+01 4.161325e+01 2.672702e+00
      vertex 3.692226e+01 4.349549e+01 2.689655e+00
      vertex 3.686612e+01 4.350768e+01 2.610254e+00
    endloop
  endfacet
  facet normal -7.699464e-01 1.607864e-03 6.381065e-01
    outer loop
      vertex 3.685077e+01 4.154968e+01 2.596676e+00
      vertex 3.691391e+01 4.161325e+01 2.672702e+00
      vertex 3.686612e+01 4.350768e+01 2.610254e+00
    endloop
  endfacet
  facet normal 3.008080e-03 -7.684085e-01 6.399527e-01
    outer loop
      vertex 3.795920e+01 4.156619e+01 2.611288e+00
      vertex 3.691391e+01 4.161325e+01 2.672702e+00
      vertex 3.685077e+01 4.154968e+01 2.596676e+00
    endloop
  endfacet
  facet normal -3.585379e-01 -4.395519e-01 8.235562e-01
    outer loop
      vertex 3.813417e+01 4.151765e+01 2.661555e+00
      vertex 3.795920e+01 4.156619e+01 2.611288e+00
      vertex 3.805307e+01 4.138975e+01 2.557980e+00
    endloop
  endfacet
  facet normal -5.408385e-01 -2.553145e-03 8.411226e-01
    outer loop
      vertex 3.811985e+01 4.015952e+01 2.597191e+00
      vertex 3.813498e+01 4.138975e+01 2.610653e+00
      vertex 3.805307e+01 4.138975e+01 2.557980e+00
    endloop
  endfacet
  facet normal -5.123371e-01 -3.203529e-01 7.967966e-01
    outer loop
      vertex 3.813417e+01 4.151765e+01 2.661555e+00
      vertex 3.805307e+01 4.138975e+01 2.557980e+00
      vertex 3.813498e+01 4.138975e+01 2.610653e+00
    endloop
  endfacet
  facet normal -8.175903e-01 -2.379373e-03 5.757955e-01
    outer loop
      vertex 3.818330e+01 4.022330e+01 2.674442e+00
      vertex 3.819105e+01 4.138975e+01 2.690265e+00
      vertex 3.813498e+01 4.138975e+01 2.610653e+00
    endloop
  endfacet
  facet normal -7.960283e-01 -2.281556e-01 5.606103e-01
    outer loop
      vertex 3.813417e+01 4.151765e+01 2.661555e+00
      vertex 3.813498e+01 4.138975e+01 2.610653e+00
      vertex 3.819105e+01 4.138975e+01 2.690265e+00
    endloop
  endfacet
  facet normal -7.738115e-01 2.584920e-03 6.334108e-01
    outer loop
      vertex 3.811985e+01 4.015952e+01 2.597191e+00
      vertex 3.818330e+01 4.022330e+01 2.674442e+00
      vertex 3.813498e+01 4.138975e+01 2.610653e+00
    endloop
  endfacet
  facet normal 2.725872e-03 -7.722190e-01 6.353506e-01
    outer loop
      vertex 3.942063e+01 4.017698e+01 2.612833e+00
      vertex 3.818330e+01 4.022330e+01 2.674442e+00
      vertex 3.811985e+01 4.015952e+01 2.597191e+00
    endloop
  endfacet
  facet normal 2.674881e-03 7.725611e-01 6.349348e-01
    outer loop
      vertex 3.811978e+01 3.248436e+01 2.597205e+00
      vertex 3.818321e+01 3.242146e+01 2.673473e+00
      vertex 3.942063e+01 3.246702e+01 2.612834e+00
    endloop
  endfacet
  facet normal -7.690862e-01 -4.861020e-04 6.391448e-01
    outer loop
      vertex 3.813564e+01 2.591131e+01 2.611288e+00
      vertex 3.818321e+01 3.242146e+01 2.673473e+00
      vertex 3.811978e+01 3.248436e+01 2.597205e+00
    endloop
  endfacet
  facet normal -8.191642e-01 5.062484e-04 5.735589e-01
    outer loop
      vertex 3.813564e+01 2.591131e+01 2.611288e+00
      vertex 3.819124e+01 2.591131e+01 2.690686e+00
      vertex 3.818321e+01 3.242146e+01 2.673473e+00
    endloop
  endfacet
  facet normal -5.446211e-01 4.829685e-04 8.386821e-01
    outer loop
      vertex 3.805435e+01 2.591131e+01 2.558500e+00
      vertex 3.813564e+01 2.591131e+01 2.611288e+00
      vertex 3.811978e+01 3.248436e+01 2.597205e+00
    endloop
  endfacet
  facet normal -7.734444e-01 3.294096e-01 5.415470e-01
    outer loop
      vertex 3.813787e+01 2.566306e+01 2.765474e+00
      vertex 3.819124e+01 2.591131e+01 2.690686e+00
      vertex 3.813564e+01 2.591131e+01 2.611288e+00
    endloop
  endfacet
  facet normal -5.085822e-01 3.577237e-01 7.831845e-01
    outer loop
      vertex 3.796457e+01 2.565022e+01 2.619448e+00
      vertex 3.813564e+01 2.591131e+01 2.611288e+00
      vertex 3.805435e+01 2.591131e+01 2.558500e+00
    endloop
  endfacet
  facet normal -7.202520e-01 3.613335e-01 5.921782e-01
    outer loop
      vertex 3.813787e+01 2.566306e+01 2.765474e+00
      vertex 3.813564e+01 2.591131e+01 2.611288e+00
      vertex 3.806368e+01 2.563475e+01 2.692504e+00
    endloop
  endfacet
  facet normal -5.157664e-01 3.622188e-01 7.763908e-01
    outer loop
      vertex 3.796457e+01 2.565022e+01 2.619448e+00
      vertex 3.806368e+01 2.563475e+01 2.692504e+00
      vertex 3.813564e+01 2.591131e+01 2.611288e+00
    endloop
  endfacet
  facet normal 1.224647e-16 6.123234e-17 -1.000000e+00
    outer loop
      vertex -2.424698e+01 -3.188246e+01 5.080003e-01
      vertex -2.506123e+01 -3.183355e+01 5.080003e-01
      vertex -2.432219e+01 -3.183260e+01 5.080003e-01
    endloop
  endfacet
  facet normal 1.224647e-16 6.123234e-17 -1.000000e+00
    outer loop
      vertex -2.158725e+01 -3.238258e+01 5.080003e-01
      vertex -2.415944e+01 -3.190021e+01 5.080003e-01
      vertex -2.264398e+01 -3.190021e+01 5.080003e-01
    endloop
  endfacet
  facet normal 1.224647e-16 6.123234e-17 -1.000000e+00
    outer loop
      vertex -2.316368e+01 -3.357965e+01 5.080003e-01
      vertex -2.362031e+01 -3.357965e+01 5.080003e-01
      vertex -2.372804e+01 -3.355814e+01 5.080003e-01
    endloop
  endfacet
  facet normal 1.224647e-16 6.123234e-17 -1.000000e+00
    outer loop
      vertex -2.158725e+01 -3.238258e+01 5.080003e-01
      vertex -2.673821e+01 -3.190021e+01 5.080003e-01
      vertex -2.522297e+01 -3.190021e+01 5.080003e-01
    endloop
  endfacet
  facet normal 1.224647e-16 6.123234e-17 -1.000000e+00
    outer loop
      vertex -2.779547e+01 -3.238258e+01 5.080003e-01
      vertex -2.682578e+01 -3.188246e+01 5.080003e-01
      vertex -2.673821e+01 -3.190021e+01 5.080003e-01
    endloop
  endfacet
  facet normal 1.224647e-16 6.123234e-17 -1.000000e+00
    outer loop
      vertex -2.779547e+01 -3.238258e+01 5.080003e-01
      vertex -2.673821e+01 -3.190021e+01 5.080003e-01
      vertex -2.158725e+01 -3.238258e+01 5.080003e-01
    endloop
  endfacet
  facet normal 1.224647e-16 6.123234e-17 -1.000000e+00
    outer loop
      vertex -2.415944e+01 -3.190021e+01 5.080003e-01
      vertex -2.522297e+01 -3.190021e+01 5.080003e-01
      vertex -2.506123e+01 -3.183355e+01 5.080003e-01
    endloop
  endfacet
  facet normal 1.224647e-16 6.123234e-17 -1.000000e+00
    outer loop
      vertex -2.158725e+01 -3.238258e+01 5.080003e-01
      vertex -2.522297e+01 -3.190021e+01 5.080003e-01
      vertex -2.415944e+01 -3.190021e+01 5.080003e-01
    endloop
  endfacet
  facet normal 1.224647e-16 6.123234e-17 -1.000000e+00
    outer loop
      vertex -2.779547e+01 -3.238258e+01 5.080003e-01
      vertex -2.696768e+01 -3.167127e+01 5.080003e-01
      vertex -2.690100e+01 -3.183260e+01 5.080003e-01
    endloop
  endfacet
  facet normal 1.224647e-16 6.123234e-17 -1.000000e+00
    outer loop
      vertex -2.779547e+01 -2.894427e+01 5.080003e-01
      vertex -2.696768e+01 -2.970976e+01 5.080003e-01
      vertex -2.696768e+01 -3.167127e+01 5.080003e-01
    endloop
  endfacet
  facet normal 1.224647e-16 6.123234e-17 -1.000000e+00
    outer loop
      vertex -2.779547e+01 -3.238258e+01 5.080003e-01
      vertex -2.779547e+01 -2.894427e+01 5.080003e-01
      vertex -2.696768e+01 -3.167127e+01 5.080003e-01
    endloop
  endfacet
  facet normal 1.224647e-16 6.123234e-17 -1.000000e+00
    outer loop
      vertex -2.779547e+01 -3.238258e+01 5.080003e-01
      vertex -2.690100e+01 -3.183260e+01 5.080003e-01
      vertex -2.682578e+01 -3.188246e+01 5.080003e-01
    endloop
  endfacet
  facet normal 1.224647e-16 6.123234e-17 -1.000000e+00
    outer loop
      vertex -2.779547e+01 -2.894427e+01 5.080003e-01
      vertex -2.689366e+01 -2.955496e+01 5.080003e-01
      vertex -2.696768e+01 -2.970976e+01 5.080003e-01
    endloop
  endfacet
  facet normal 1.224647e-16 6.123234e-17 -1.000000e+00
    outer loop
      vertex -2.779547e+01 -2.894427e+01 5.080003e-01
      vertex -2.673821e+01 -2.948082e+01 5.080003e-01
      vertex -2.681832e+01 -2.950075e+01 5.080003e-01
    endloop
  endfacet
  facet normal 1.224647e-16 6.123234e-17 -1.000000e+00
    outer loop
      vertex -2.779547e+01 -2.894427e+01 5.080003e-01
      vertex -2.522297e+01 -2.948082e+01 5.080003e-01
      vertex -2.673821e+01 -2.948082e+01 5.080003e-01
    endloop
  endfacet
  facet normal 1.224647e-16 6.123234e-17 -1.000000e+00
    outer loop
      vertex -2.779547e+01 -2.894427e+01 5.080003e-01
      vertex -2.681832e+01 -2.950075e+01 5.080003e-01
      vertex -2.689366e+01 -2.955496e+01 5.080003e-01
    endloop
  endfacet
  facet normal 1.224647e-16 6.123234e-17 -1.000000e+00
    outer loop
      vertex -2.423952e+01 -2.950074e+01 5.080003e-01
      vertex -2.506775e+01 -2.955487e+01 5.080003e-01
      vertex -2.522297e+01 -2.948082e+01 5.080003e-01
    endloop
  endfacet
  facet normal 1.224647e-16 6.123234e-17 -1.000000e+00
    outer loop
      vertex -2.423952e+01 -2.950074e+01 5.080003e-01
      vertex -2.522297e+01 -2.948082e+01 5.080003e-01
      vertex -2.415944e+01 -2.948082e+01 5.080003e-01
    endloop
  endfacet
  facet normal 1.224647e-16 6.123234e-17 -1.000000e+00
    outer loop
      vertex -2.779547e+01 -2.894427e+01 5.080003e-01
      vertex -2.415944e+01 -2.948082e+01 5.080003e-01
      vertex -2.522297e+01 -2.948082e+01 5.080003e-01
    endloop
  endfacet
  facet normal 1.224647e-16 6.123234e-17 -1.000000e+00
    outer loop
      vertex -2.438887e+01 -2.970976e+01 5.080003e-01
      vertex -2.499371e+01 -2.970976e+01 5.080003e-01
      vertex -2.506775e+01 -2.955487e+01 5.080003e-01
    endloop
  endfacet
  facet normal 1.224647e-16 6.123234e-17 -1.000000e+00
    outer loop
      vertex -2.438887e+01 -3.167127e+01 5.080003e-01
      vertex -2.499371e+01 -3.167127e+01 5.080003e-01
      vertex -2.499371e+01 -2.970976e+01 5.080003e-01
    endloop
  endfacet
  facet normal 1.224647e-16 6.123234e-17 -1.000000e+00
    outer loop
      vertex -2.438887e+01 -2.970976e+01 5.080003e-01
      vertex -2.438887e+01 -3.167127e+01 5.080003e-01
      vertex -2.499371e+01 -2.970976e+01 5.080003e-01
    endloop
  endfacet
  facet normal 1.224647e-16 6.123234e-17 -1.000000e+00
    outer loop
      vertex -2.431485e+01 -2.955495e+01 5.080003e-01
      vertex -2.438887e+01 -2.970976e+01 5.080003e-01
      vertex -2.506775e+01 -2.955487e+01 5.080003e-01
    endloop
  endfacet
  facet normal 1.224647e-16 6.123234e-17 -1.000000e+00
    outer loop
      vertex -2.431485e+01 -2.955495e+01 5.080003e-01
      vertex -2.506775e+01 -2.955487e+01 5.080003e-01
      vertex -2.423952e+01 -2.950074e+01 5.080003e-01
    endloop
  endfacet
  facet normal 1.224647e-16 6.123234e-17 -1.000000e+00
    outer loop
      vertex -2.432219e+01 -3.183260e+01 5.080003e-01
      vertex -2.501142e+01 -3.175849e+01 5.080003e-01
      vertex -2.499371e+01 -3.167127e+01 5.080003e-01
    endloop
  endfacet
  facet normal 1.224647e-16 6.123234e-17 -1.000000e+00
    outer loop
      vertex -2.432219e+01 -3.183260e+01 5.080003e-01
      vertex -2.499371e+01 -3.167127e+01 5.080003e-01
      vertex -2.438887e+01 -3.167127e+01 5.080003e-01
    endloop
  endfacet
  facet normal 1.224647e-16 6.123234e-17 -1.000000e+00
    outer loop
      vertex -2.432219e+01 -3.183260e+01 5.080003e-01
      vertex -2.506123e+01 -3.183355e+01 5.080003e-01
      vertex -2.501142e+01 -3.175849e+01 5.080003e-01
    endloop
  endfacet
  facet normal 1.224647e-16 6.123234e-17 -1.000000e+00
    outer loop
      vertex -2.424698e+01 -3.188246e+01 5.080003e-01
      vertex -2.415944e+01 -3.190021e+01 5.080003e-01
      vertex -2.506123e+01 -3.183355e+01 5.080003e-01
    endloop
  endfacet
endsolid Default
